,StnPres,SeaPres,StnPresMax,StnPresMaxTime,StnPresMin,StnPresMinTime,Tx,TxMaxAbs,TxMaxAbsTime,TxMinAbs,TxMinAbsTime,Td,RH,RHMin,RHMinTime,WS,WD,WSGust,WDGust,WGustTime,Precp,PrecpHour,PrecpMax10,PrecpMax10Time,PrecpMax60,PrecpMax60Time,SunShine,GloblRad,EvapA,TxSoil0cm,TxSoil5cm,TxSoil10cm,TxSoil20cm,TxSoil30cm,TxSoil50cm,TxSoil100cm,TxSoil200cm,TxSoil300cm,TxSoil500cm,VaporPressure,AirTemperature.MaximumDailyMean,AirTemperature.MaximumDailyMeanf,AirTemperature.MaximumDailyRange,AirTemperature.MaximumDailyRangeDate,AirTemperature.MaximumDailyRangeDatef,AirTemperature.MaximumDailyRangef,AirTemperature.MaximumGE30Days,AirTemperature.MaximumGE30Daysf,AirTemperature.MaximumGE35Days,AirTemperature.MaximumGE35Daysf,AirTemperature.MaximumTimef,AirTemperature.Maximumf,AirTemperature.MeanDailyMaximum,AirTemperature.MeanDailyMaximumf,AirTemperature.MeanDailyMinimum,AirTemperature.MeanDailyMinimumf,AirTemperature.MeanDailyRange,AirTemperature.MeanDailyRangef,AirTemperature.MeanGE25Days,AirTemperature.MeanGE25Daysf,AirTemperature.MeanLE10Days,AirTemperature.MeanLE10Daysf,AirTemperature.Meanf,AirTemperature.MinimumDailyMean,AirTemperature.MinimumDailyMeanf,AirTemperature.MinimumGE20Days,AirTemperature.MinimumGE20Daysf,AirTemperature.MinimumLE10Days,AirTemperature.MinimumLE10Daysf,AirTemperature.MinimumTimef,AirTemperature.Minimumf,CloudAmount,CloudAmountSat,DewPointTemperature.Meanf,EvaporationClassAPan.Accumulationf,EvaporationClassAPan.DailyMaximum,EvaporationClassAPan.DailyMaximumDate,EvaporationClassAPan.DailyMaximumDatef,EvaporationClassAPan.DailyMaximumf,EvaporationClassAPan.Flag,EvaporationClassAPan.Flagf,GlobalSolarRadiation.Accumulationf,GlobalSolarRadiation.Flag,GlobalSolarRadiation.Flagf,GlobalSolarRadiation.HourlyMaximumTimef,GlobalSolarRadiation.HourlyMaximumf,GloblRadMax,GloblRadMaxTime,PeakGust.Directionf,PeakGust.Flag,PeakGust.Flagf,PeakGust.MaximumTimef,PeakGust.Maximumf,Precipitation.Accumulationf,Precipitation.DailyMaximum,Precipitation.DailyMaximumDate,Precipitation.DailyMaximumDatef,Precipitation.DailyMaximumFlag,Precipitation.DailyMaximumFlagf,Precipitation.DailyMaximumf,Precipitation.Flag,Precipitation.Flagf,Precipitation.GE10Days,Precipitation.GE10Daysf,Precipitation.GE1Days,Precipitation.GE1Daysf,Precipitation.GE30Days,Precipitation.GE30Daysf,Precipitation.HourlyMaximum,Precipitation.HourlyMaximumFlag,Precipitation.HourlyMaximumFlagf,Precipitation.HourlyMaximumTime,Precipitation.HourlyMaximumTimef,Precipitation.HourlyMaximumf,Precipitation.PrecipitationDays,Precipitation.PrecipitationDaysFlag,Precipitation.PrecipitationDaysFlagf,Precipitation.PrecipitationDaysf,Precipitation.SixtyMinutelyMaximumFlag,Precipitation.SixtyMinutelyMaximumFlagf,Precipitation.SixtyMinutelyMaximumTimef,Precipitation.SixtyMinutelyMaximumf,Precipitation.TenMinutelyMaximumTimef,Precipitation.TenMinutelyMaximumf,PrecipitationDuration.Totalf,RelativeHumidity.Maximum,RelativeHumidity.MaximumTime,RelativeHumidity.MaximumTimef,RelativeHumidity.Maximumf,RelativeHumidity.Meanf,RelativeHumidity.MinimumTimef,RelativeHumidity.Minimumf,SeaLevelPressure.Maximum,SeaLevelPressure.MaximumTime,SeaLevelPressure.MaximumTimef,SeaLevelPressure.Maximumf,SeaLevelPressure.Meanf,SeaLevelPressure.Minimum,SeaLevelPressure.MinimumTime,SeaLevelPressure.MinimumTimef,SeaLevelPressure.Minimumf,SoilTemperatureAt0cm.Meanf,SoilTemperatureAt100cm.Meanf,SoilTemperatureAt10cm.Meanf,SoilTemperatureAt20cm.Meanf,SoilTemperatureAt30cm.Meanf,SoilTemperatureAt50cm.Meanf,SoilTemperatureAt5cm.Meanf,StationPressure.MaximumTimef,StationPressure.Maximumf,StationPressure.Meanf,StationPressure.MinimumTimef,StationPressure.Minimumf,SunshineDuration.Flag,SunshineDuration.Flagf,SunshineDuration.MeanDailyRate,SunshineDuration.MeanDailyRatef,SunshineDuration.SunlessDays,SunshineDuration.SunlessDaysf,SunshineDuration.Totalf,TotalCloudAmount.BrokenSkyDays,TotalCloudAmount.BrokenSkyDaysf,TotalCloudAmount.ClearSkyDays,TotalCloudAmount.ClearSkyDaysf,TotalCloudAmount.Meanf,TotalCloudAmount.OvercastSkyDays,TotalCloudAmount.OvercastSkyDaysf,TotalCloudAmount.SatRetrievedBrokenSkyDays,TotalCloudAmount.SatRetrievedBrokenSkyDaysf,TotalCloudAmount.SatRetrievedClearSkyDays,TotalCloudAmount.SatRetrievedClearSkyDaysf,TotalCloudAmount.SatRetrievedMeanf,TotalCloudAmount.SatRetrievedOvercastSkyDays,TotalCloudAmount.SatRetrievedOvercastSkyDaysf,TotalCloudAmount.SatRetrievedScatteredSkyDays,TotalCloudAmount.SatRetrievedScatteredSkyDaysf,TotalCloudAmount.ScatteredSkyDays,TotalCloudAmount.ScatteredSkyDaysf,UVIMax,UVIMaxTime,UVIndex.Flag,UVIndex.Flagf,UVIndex.MaximumTimef,UVIndex.Maximumf,UVIndex.MeanDailyMaximum,UVIndex.MeanDailyMaximumf,WindDirection.Prevailingf,WindDirection.TenMinutelyMaximum,WindDirection.TenMinutelyMaximumf,WindSpeed.Flag,WindSpeed.Flagf,WindSpeed.Meanf,WindSpeed.TenMinutelyMaximum,WindSpeed.TenMinutelyMaximumFlag,WindSpeed.TenMinutelyMaximumFlagf,WindSpeed.TenMinutelyMaximumGE10Days,WindSpeed.TenMinutelyMaximumGE10Daysf,WindSpeed.TenMinutelyMaximumTime,WindSpeed.TenMinutelyMaximumTimef,WindSpeed.TenMinutelyMaximumf
2022-01-01,1018.5,1019.8,1025.9,2022-01-01T09:20:00,1009.0,2022-01-23T13:17:00,17.2,26.4,2022-01-27T13:30:00,11.8,2022-01-12T06:03:00,14.0,82,44,2022-01-14T12:23:00,2.3,70,14.6,100,2022-01-28T13:15:00,116.5,69.0,2.0,2022-01-06T20:19:00,7.0,2022-01-22T18:01:00,40.6,149.74,37.2,,,,,,,,-99.8,-99.8,-99.8,16.2,21.0,,9.9,2022-01-16T00:00:00,,,0,,0,,,,19.9,,15.5,,4.4,,0,,0,,,13.2,,0,,0,,,,8.6,,,,2.4,2022-01-27T00:00:00,,,0,,,0,,,,2.4,2022-01-27T13:00:00,,0,,,,,40.5,2022-01-22T00:00:00,,0,,,0,,2,,10,,2,,7.0,1,,2022-01-22T19:00:00,,,12,0,,,0,,,,,,,98,2022-01-22T07:59:00,,,,,,1027.2,2022-01-01T09:20:00,,,,1010.2,2022-01-23T13:17:00,,,,,,,,,,,,,,,0,,12.2,,14,,,8,,0,,,19,,,,,,,,,,,4,,,,,,,,,,,70,,0,,,6.1,0,,0,,2022-01-04T14:46:00,,
2022-02-01,1018.9,1020.2,1027.3,2022-02-24T08:54:00,1010.3,2022-02-07T14:31:00,16.3,28.5,2022-02-28T14:14:00,10.4,2022-02-20T11:59:00,14.0,87,32,2022-02-28T13:30:00,2.0,70,13.0,50,2022-02-06T14:54:00,294.0,181.0,3.5,2022-02-03T12:23:00,9.5,2022-02-03T12:23:00,26.8,125.44,22.7,,,,,,,,-99.8,-99.8,-99.8,16.1,20.9,,12.3,2022-02-28T00:00:00,,,0,,0,,,,19.0,,14.4,,4.6,,0,,0,,,11.1,,0,,0,,,,9.2,,,,3.7,2022-02-27T00:00:00,,,0,,,0,,,,2.57,2022-02-25T13:00:00,,0,,,,,39.0,2022-02-23T00:00:00,,0,,,0,,9,,15,,5,,9.0,1,,2022-02-03T13:00:00,,,19,0,,,0,,,,,,,99,2022-02-19T03:50:00,,,,,,1028.6,2022-02-24T08:54:00,,,,1011.5,2022-02-07T14:31:00,,,,,,,,,,,,,,,0,,8.4,,15,,,6,,0,,,20,,,,,,,,,,,2,,,,,,,,,,,80,,0,,,6.1,0,,0,,2022-02-06T16:16:00,,
2022-03-01,1013.1,1014.3,1021.7,2022-03-31T23:28:00,1004.7,2022-03-18T03:35:00,20.8,30.8,2022-03-16T12:35:00,11.0,2022-03-08T04:10:00,16.3,77,31,2022-03-11T12:50:00,1.9,70,12.6,100,2022-03-08T13:00:00,211.5,64.3,6.0,2022-03-28T06:07:00,14.5,2022-03-27T00:01:00,104.2,297.19,63.8,,,,,,,,-99.8,-99.8,-99.8,18.8,24.2,,14.9,2022-03-09T00:00:00,,,3,,0,,,,25.4,,16.9,,8.5,,0,,0,,,14.9,,4,,0,,,,7.3,,,,4.2,2022-03-15T00:00:00,,,0,,,0,,,,3.0,2022-03-08T13:00:00,,0,,,,,75.0,2022-03-28T00:00:00,,0,,,0,,6,,9,,2,,14.5,1,,2022-03-27T01:00:00,,,10,0,,,0,,,,,,,99,2022-03-08T04:54:00,,,,,,1023.0,2022-03-31T23:28:00,,,,1005.9,2022-03-18T03:35:00,,,,,,,,,,,,,,,0,,28.3,,8,,,9,,0,,,13,,,,,,,,,,,9,,,,,,,,,,,70,,0,,,6.7,0,,0,,2022-03-08T15:16:00,,
2022-04-01,1013.1,1014.3,1024.8,2022-04-01T21:37:00,1003.2,2022-04-13T15:43:00,22.4,34.6,2022-04-26T12:38:00,13.1,2022-04-03T03:20:00,17.3,75,26,2022-04-05T14:53:00,1.8,70,16.9,80,2022-04-01T16:00:00,98.0,39.7,8.0,2022-04-14T07:51:00,18.5,2022-04-14T07:22:00,108.4,324.12,73.0,,,,,,,,-99.8,-99.8,-99.8,20.3,28.7,,12.9,2022-04-10T00:00:00,,,13,,0,,,,26.5,,19.3,,7.3,,12,,0,,,14.3,,16,,0,,,,8.2,,,,4.8,2022-04-12T00:00:00,,,0,,,0,,,,3.36,2022-04-08T12:00:00,,0,,,,,43.0,2022-04-02T00:00:00,,0,,,0,,3,,7,,1,,13.0,1,,2022-04-14T08:00:00,,,7,0,,,0,,,,,,,98,2022-04-02T18:09:00,,,,,,1026.1,2022-04-01T21:37:00,,,,1004.4,2022-04-13T15:43:00,,,,,,,,,,,,,,,0,,28.5,,8,,,12,,0,,,13,,,,,,,,,,,5,,,,,,,,,,,70,,0,,,6.3,0,,0,,2022-04-16T11:51:00,,
2022-05-01,1009.3,1010.5,1016.8,2022-05-02T21:48:00,1002.2,2022-05-26T16:11:00,23.5,34.5,2022-05-29T12:28:00,15.3,2022-05-02T02:34:00,20.6,85,42,2022-05-10T11:10:00,1.7,70,11.6,70,2022-05-18T10:49:00,486.5,145.5,10.0,2022-05-25T16:53:00,35.5,2022-05-25T16:46:00,52.3,253.07,40.3,,,,,,,,-99.8,-99.8,-99.8,24.4,28.9,,12.0,2022-05-26T00:00:00,,,8,,0,,,,27.0,,21.3,,5.6,,11,,0,,,16.1,,25,,0,,,,9.4,,,,3.2,2022-05-29T00:00:00,,,0,,,0,,,,3.15,2022-05-18T13:00:00,,0,,,,,141.5,2022-05-25T00:00:00,,0,,,0,,11,,17,,6,,27.5,1,,2022-05-25T18:00:00,,,20,0,,,0,,,,,,,99,2022-05-24T23:41:00,,,,,,1018.1,2022-05-02T21:48:00,,,,1003.4,2022-05-26T16:11:00,,,,,,,,,,,,,,,0,,12.7,,12,,,9,,0,,,22,,,,,,,,,,,0,,,,,,,,,,,70,,0,,,6.3,0,,0,,2022-05-18T13:48:00,,
2022-06-01,1006.0,1007.2,1011.3,2022-06-16T09:14:00,998.8,2022-06-06T02:32:00,27.9,36.2,2022-06-05T12:24:00,20.3,2022-06-07T17:35:00,23.2,78,39,2022-06-05T11:55:00,1.4,210,14.8,210,2022-06-13T11:47:00,262.5,65.1,12.5,2022-06-25T14:08:00,36.5,2022-06-25T13:49:00,151.4,410.76,93.6,,,,,,,,-99.8,-99.8,-99.8,28.5,30.5,,12.2,2022-06-13T00:00:00,,,26,,12,,,,33.2,,24.3,,8.9,,27,,0,,,22.3,,30,,0,,,,8.2,,,,5.8,2022-06-05T00:00:00,,,0,,,0,,,,3.22,2022-06-18T14:00:00,,0,,,,,61.5,2022-06-07T00:00:00,,0,,,0,,8,,14,,3,,33.0,1,,2022-06-25T15:00:00,,,15,0,,,0,,,,,,,99,2022-06-09T06:27:00,,,,,,1012.5,2022-06-16T09:14:00,,,,1000.0,2022-06-06T02:32:00,,,,,,,,,,,,,,,0,,37.0,,4,,,18,,0,,,9,,,,,,,,,,,3,,,,,,,,,,,210,,0,,,7.1,0,,0,,2022-06-05T14:57:00,,
2022-07-01,1005.4,1006.6,1011.4,2022-07-21T07:55:00,1000.0,2022-07-30T13:11:00,30.4,39.4,2022-07-24T14:25:00,24.5,2022-07-06T05:17:00,23.9,70,31,2022-07-24T14:38:00,1.5,200,12.0,230,2022-07-16T11:52:00,185.5,20.4,16.5,2022-07-04T14:36:00,55.5,2022-07-04T14:22:00,245.6,533.79,130.3,,,,,,,,-99.8,-99.8,-99.8,29.8,32.6,,12.5,2022-07-24T00:00:00,,,31,,26,,,,36.0,,26.4,,9.6,,31,,0,,,27.4,,31,,0,,,,6.6,,,,7.0,2022-07-01T00:00:00,,,0,,,0,,,,3.21,2022-07-06T13:00:00,,0,,,,,76.5,2022-07-04T00:00:00,,0,,,0,,5,,8,,3,,43.5,1,,2022-07-04T15:00:00,,,11,0,,,0,,,,,,,97,2022-07-04T19:25:00,,,,,,1012.6,2022-07-21T07:55:00,,,,1001.2,2022-07-30T13:11:00,,,,,,,,,,,,,,,0,,58.9,,0,,,20,,0,,,2,,,,,,,,,,,9,,,,,,,,,,,220,,0,,,6.3,0,,0,,2022-07-16T10:12:00,,
2022-08-01,1006.6,1007.8,1011.1,2022-08-25T21:10:00,1001.8,2022-08-23T16:59:00,30.1,38.0,2022-08-22T11:57:00,24.5,2022-08-03T05:18:00,23.7,71,33,2022-08-22T11:29:00,1.4,200,10.9,210,2022-08-08T16:15:00,68.0,13.5,9.0,2022-08-24T16:45:00,20.0,2022-08-24T16:26:00,208.9,472.83,113.3,,,,,,,,-99.8,-99.8,-99.8,29.5,31.6,,11.9,2022-08-22T00:00:00,,,30,,24,,,,35.8,,26.3,,9.4,,31,,0,,,26.9,,31,,0,,,,6.7,,,,5.9,2022-08-09T00:00:00,,,0,,,0,,,,3.0,2022-08-08T13:00:00,,0,,,,,25.5,2022-08-02T00:00:00,,0,,,0,,3,,7,,0,,17.5,1,,2022-08-24T17:00:00,,,9,0,,,0,,,,,,,95,2022-08-02T13:53:00,,,,,,1012.3,2022-08-25T21:10:00,,,,1003.0,2022-08-23T16:59:00,,,,,,,,,,,,,,,0,,52.2,,1,,,21,,0,,,1,,,,,,,,,,,9,,,,,,,,,,,70,,0,,,5.2,0,,0,,2022-08-31T14:05:00,,
2022-09-01,1006.5,1007.7,1015.3,2022-09-08T09:02:00,993.2,2022-09-03T14:33:00,27.2,35.3,2022-09-29T12:36:00,20.1,2022-09-23T05:30:00,21.7,74,32,2022-09-22T14:22:00,2.0,70,14.7,240,2022-09-04T12:25:00,249.5,75.8,8.0,2022-09-03T11:11:00,13.0,2022-09-03T11:10:00,147.3,355.83,82.6,,,,,,,,-99.8,-99.8,-99.8,26.3,29.8,,11.2,2022-09-16T00:00:00,,,24,,3,,,,31.6,,24.1,,7.4,,29,,0,,,24.4,,30,,0,,,,6.3,,,,5.5,2022-09-08T00:00:00,,,0,,,0,,,,3.0,2022-09-08T12:00:00,,0,,,,,42.0,2022-09-12T00:00:00,,0,,,0,,8,,11,,5,,11.0,1,,2022-09-03T12:00:00,,,13,0,,,0,,,,,,,98,2022-09-03T07:26:00,,,,,,1016.5,2022-09-08T09:02:00,,,,994.4,2022-09-03T14:33:00,,,,,,,,,,,,,,,0,,40.5,,3,,,7,,0,,,9,,,,,,,,,,,14,,,,,,,,,,,220,,0,,,7.3,0,,0,,2022-09-04T12:32:00,,
2022-10-01,1014.2,1015.4,1020.9,2022-10-25T08:16:00,1005.4,2022-10-16T04:09:00,24.1,35.7,2022-10-04T13:21:00,18.7,2022-10-18T03:34:00,20.2,80,36,2022-10-02T12:19:00,2.6,70,15.1,80,2022-10-31T07:37:00,393.0,122.9,12.0,2022-10-16T05:41:00,46.5,2022-10-16T13:04:00,59.8,190.04,46.7,,,,,,,,-99.8,-99.8,-99.8,24.0,29.5,,11.7,2022-10-04T00:00:00,,,5,,4,,,,26.9,,22.2,,4.7,,9,,0,,,19.3,,28,,0,,,,8.1,,,,4.0,2022-10-24T00:00:00,,,0,,,0,,,,2.92,2022-10-01T12:00:00,,0,,,,,214.5,2022-10-16T00:00:00,,0,,,0,,7,,15,,3,,45.0,1,,2022-10-16T14:00:00,,,19,0,,,0,,,,,,,98,2022-10-15T22:18:00,,,,,,1022.2,2022-10-25T08:16:00,,,,1006.6,2022-10-16T04:09:00,,,,,,,,,,,,,,,0,,16.7,,14,,,7,,0,,,18,,,,,,,,,,,6,,,,,,,,,,,80,,0,,,7.0,0,,0,,2022-10-05T10:35:00,,
2022-11-01,1014.4,1015.6,1022.8,2022-11-30T09:28:00,1008.9,2022-11-27T14:26:00,23.6,32.3,2022-11-28T12:45:00,17.2,2022-11-30T23:25:00,20.2,82,43,2022-11-15T12:28:00,2.4,70,13.8,80,2022-11-30T11:49:00,147.5,49.6,9.5,2022-11-24T22:02:00,30.0,2022-11-24T21:11:00,76.6,209.34,55.4,,,,,,,,-99.8,-99.8,-99.8,23.8,26.4,,11.6,2022-11-28T00:00:00,,,7,,0,,,,27.0,,21.4,,5.7,,10,,0,,,19.8,,25,,0,,,,7.4,,,,4.8,2022-11-14T00:00:00,,,0,,,0,,,,2.4,2022-11-09T12:00:00,,0,,,,,84.0,2022-11-24T00:00:00,,0,,,0,,4,,5,,2,,22.5,1,,2022-11-24T22:00:00,,,6,0,,,0,,,,,,,99,2022-11-01T04:25:00,,,,,,1024.1,2022-11-30T09:28:00,,,,1010.1,2022-11-27T14:26:00,,,,,,,,,,,,,,,0,,23.5,,6,,,13,,0,,,10,,,,,,,,,,,7,,,,,,,,,,,70,,0,,,6.3,0,,0,,2022-11-06T14:19:00,,
2022-12-01,1019.2,1020.5,1029.8,2022-12-18T08:04:00,1009.6,2022-12-10T14:51:00,16.5,25.0,2022-12-03T13:47:00,7.0,2022-12-24T06:17:00,13.5,84,25,2022-12-22T13:27:00,2.1,70,12.8,80,2022-12-06T10:37:00,116.0,144.4,2.0,2022-12-15T05:21:00,4.5,2022-12-17T10:06:00,39.1,111.0,23.4,,,,,,,,-99.8,-99.8,-99.8,16.1,21.7,,10.7,2022-12-22T00:00:00,,,0,,0,,,,18.8,,14.3,,4.5,,0,,0,,,10.6,,1,,6,,,,8.3,,,,2.5,2022-12-22T00:00:00,,,0,,,0,,,,2.21,2022-12-25T13:00:00,,0,,,,,24.5,2022-12-17T00:00:00,,0,,,0,,4,,16,,0,,4.0,0,,2022-12-13T20:00:00,,,17,0,,,0,,,,,,,99,2022-12-09T07:38:00,,,,,,1031.1,2022-12-18T08:04:00,,,,1010.9,2022-12-10T14:51:00,,,,,,,,,,,,,,,0,,11.9,,20,,,0,,1,,,24,,,,,,,,,,,6,,,,,,,,,,,80,,0,,,6.0,0,,0,,2022-12-25T15:05:00,,
