timestamp,AirTemperature.MaximumTimef,AirTemperature.Maximumf,AirTemperature.Meanf,AirTemperature.MinimumTimef,AirTemperature.Minimumf,GlobalSolarRadiation.Accumulationf,GlobalSolarRadiation.HourlyMaximumTimef,GlobalSolarRadiation.HourlyMaximumf,GloblRad,GloblRadMax,GloblRadMaxTime,PeakGust.Directionf,PeakGust.MaximumTimef,PeakGust.Maximumf,Precipitation.Accumulationf,Precipitation.HourlyMaximum,Precipitation.HourlyMaximumTime,Precipitation.HourlyMaximumTimef,Precipitation.HourlyMaximumf,Precipitation.MeltFlag,Precipitation.MeltFlagf,Precp,RH,RHMin,RHMinTime,RelativeHumidity.Maximum,RelativeHumidity.MaximumTime,RelativeHumidity.MaximumTimef,RelativeHumidity.Maximumf,RelativeHumidity.Meanf,RelativeHumidity.MinimumTimef,RelativeHumidity.Minimumf,SoilTemperatureAt0cm.Maximum,SoilTemperatureAt0cm.MaximumTime,SoilTemperatureAt0cm.MaximumTimef,SoilTemperatureAt0cm.Maximumf,SoilTemperatureAt0cm.Meanf,SoilTemperatureAt0cm.Minimum,SoilTemperatureAt0cm.MinimumTime,SoilTemperatureAt0cm.MinimumTimef,SoilTemperatureAt0cm.Minimumf,SoilTemperatureAt100cm.Maximum,SoilTemperatureAt100cm.MaximumTime,SoilTemperatureAt100cm.MaximumTimef,SoilTemperatureAt100cm.Maximumf,SoilTemperatureAt100cm.Meanf,SoilTemperatureAt100cm.Minimum,SoilTemperatureAt100cm.MinimumTime,SoilTemperatureAt100cm.MinimumTimef,SoilTemperatureAt100cm.Minimumf,SoilTemperatureAt10cm.Maximum,SoilTemperatureAt10cm.MaximumTime,SoilTemperatureAt10cm.MaximumTimef,SoilTemperatureAt10cm.Maximumf,SoilTemperatureAt10cm.Meanf,SoilTemperatureAt10cm.Minimum,SoilTemperatureAt10cm.MinimumTime,SoilTemperatureAt10cm.MinimumTimef,SoilTemperatureAt10cm.Minimumf,SoilTemperatureAt20cm.Maximum,SoilTemperatureAt20cm.MaximumTime,SoilTemperatureAt20cm.MaximumTimef,SoilTemperatureAt20cm.Maximumf,SoilTemperatureAt20cm.Meanf,SoilTemperatureAt20cm.Minimum,SoilTemperatureAt20cm.MinimumTime,SoilTemperatureAt20cm.MinimumTimef,SoilTemperatureAt20cm.Minimumf,SoilTemperatureAt50cm.Maximum,SoilTemperatureAt50cm.MaximumTime,SoilTemperatureAt50cm.MaximumTimef,SoilTemperatureAt50cm.Maximumf,SoilTemperatureAt50cm.Meanf,SoilTemperatureAt50cm.Minimum,SoilTemperatureAt50cm.MinimumTime,SoilTemperatureAt50cm.MinimumTimef,SoilTemperatureAt50cm.Minimumf,SoilTemperatureAt5cm.Maximum,SoilTemperatureAt5cm.MaximumTime,SoilTemperatureAt5cm.MaximumTimef,SoilTemperatureAt5cm.Maximumf,SoilTemperatureAt5cm.Meanf,SoilTemperatureAt5cm.Minimum,SoilTemperatureAt5cm.MinimumTime,SoilTemperatureAt5cm.MinimumTimef,SoilTemperatureAt5cm.Minimumf,StationPressure.MaximumTimef,StationPressure.Maximumf,StationPressure.Meanf,StationPressure.MinimumTimef,StationPressure.Minimumf,StnPres,StnPresMax,StnPresMaxTime,StnPresMin,StnPresMinTime,SunShine,SunshineDuration.Totalf,Tx,TxMaxAbs,TxMaxAbsTime,TxMinAbs,TxMinAbsTime,TxSoil0cm,TxSoil100cm,TxSoil10cm,TxSoil20cm,TxSoil50cm,TxSoil5cm,WD,WDGust,WGustTime,WS,WSGust,WindDirection.Prevailingf,WindSpeed.Meanf
2026-01-22,,,,,,,,,,,,,,,,0.0,2026-01-22T01:00:00,,,0,,0.0,76,66,2026-01-22T12:06:00,83,2026-01-22T06:13:00,,,,,,,,,,,,,,,,,,,,,,,,,,,,,,,,,,,,,,,,,,,,,,,,,,,,,,,,,,,,,,,,,1020.3,1021.8,2026-01-22T09:19:00,1018.2,2026-01-22T15:04:00,,,14.4,17.0,2026-01-22T13:48:00,12.3,2026-01-22T05:28:00,,,,,,,31,34,2026-01-22T01:09:00,9.0,15.0,,
2026-01-23,,,,,,,,,,,,,,,,0.0,2026-01-23T01:00:00,,,0,,0.0,82,70,2026-01-23T10:39:00,89,2026-01-23T23:47:00,,,,,,,,,,,,,,,,,,,,,,,,,,,,,,,,,,,,,,,,,,,,,,,,,,,,,,,,,,,,,,,,,1020.9,1022.8,2026-01-23T09:14:00,1018.6,2026-01-23T15:19:00,,,15.8,17.7,2026-01-23T14:05:00,13.4,2026-01-23T03:24:00,,,,,,,19,14,2026-01-23T14:57:00,8.4,15.3,,
2026-01-24,,,,,,,,,,,,,,,,0.0,2026-01-24T01:00:00,,,0,,0.0,85,75,2026-01-24T10:37:00,91,2026-01-24T22:10:00,,,,,,,,,,,,,,,,,,,,,,,,,,,,,,,,,,,,,,,,,,,,,,,,,,,,,,,,,,,,,,,,,1019.5,1021.4,2026-01-24T09:22:00,1017.7,2026-01-24T14:55:00,,,17.4,19.4,2026-01-24T10:42:00,16.2,2026-01-24T02:29:00,,,,,,,38,17,2026-01-24T16:45:00,7.7,14.4,,
2026-01-25,,,,,,,,,,,,,,,,0.0,2026-01-25T01:00:00,,,0,,0.0,88,83,2026-01-25T12:41:00,91,2026-01-25T00:01:00,,,,,,,,,,,,,,,,,,,,,,,,,,,,,,,,,,,,,,,,,,,,,,,,,,,,,,,,,,,,,,,,,1018.8,1020.5,2026-01-25T08:40:00,1016.8,2026-01-25T14:53:00,,,18.3,20.1,2026-01-25T12:50:00,16.9,2026-01-25T00:01:00,,,,,,,14,11,2026-01-25T14:52:00,7.4,13.1,,
2026-01-26,,,,,,,,,,,,,,,,0.0,2026-01-26T01:00:00,,,0,,0.0,89,83,2026-01-26T15:07:00,92,2026-01-26T04:10:00,,,,,,,,,,,,,,,,,,,,,,,,,,,,,,,,,,,,,,,,,,,,,,,,,,,,,,,,,,,,,,,,,1018.2,1020.2,2026-01-26T08:54:00,1016.6,2026-01-26T15:17:00,,,18.7,20.1,2026-01-26T17:43:00,17.8,2026-01-26T06:09:00,,,,,,,24,32,2026-01-26T10:19:00,5.2,10.2,,
2026-01-27,,,,,,,,,,,,,,,,0.0,2026-01-27T01:00:00,,,0,,0.0,88,82,2026-01-27T11:36:00,94,2026-01-27T03:41:00,,,,,,,,,,,,,,,,,,,,,,,,,,,,,,,,,,,,,,,,,,,,,,,,,,,,,,,,,,,,,,,,,1017.3,1018.9,2026-01-27T09:31:00,1015.6,2026-01-27T14:07:00,,,18.5,20.5,2026-01-27T11:35:00,17.0,2026-01-27T23:55:00,,,,,,,28,13,2026-01-27T16:01:00,7.7,17.1,,
2026-01-28,,,,,,,,,,,,,,,,0.0,2026-01-28T01:00:00,,,0,,0.0,82,74,2026-01-28T10:36:00,87,2026-01-28T00:01:00,,,,,,,,,,,,,,,,,,,,,,,,,,,,,,,,,,,,,,,,,,,,,,,,,,,,,,,,,,,,,,,,,1018.1,1019.8,2026-01-28T08:17:00,1016.0,2026-01-28T14:10:00,,,16.9,18.8,2026-01-28T13:35:00,15.7,2026-01-28T06:06:00,,,,,,,32,20,2026-01-28T16:06:00,11.0,17.7,,
2026-01-29,,,,,,,,,,,,,,,,0.0,2026-01-29T01:00:00,,,0,,0.0,82,72,2026-01-29T10:21:00,89,2026-01-29T23:53:00,,,,,,,,,,,,,,,,,,,,,,,,,,,,,,,,,,,,,,,,,,,,,,,,,,,,,,,,,,,,,,,,,1018.6,1020.7,2026-01-29T09:04:00,1016.5,2026-01-29T14:50:00,,,17.5,19.3,2026-01-29T11:08:00,15.1,2026-01-29T01:38:00,,,,,,,19,11,2026-01-29T13:38:00,7.6,15.3,,
2026-01-30,,,,,,,,,,,,,,,,0.0,2026-01-30T01:00:00,,,0,,0.0,90,79,2026-01-30T11:10:00,93,2026-01-30T06:48:00,,,,,,,,,,,,,,,,,,,,,,,,,,,,,,,,,,,,,,,,,,,,,,,,,,,,,,,,,,,,,,,,,1018.5,1020.5,2026-01-30T08:20:00,1015.8,2026-01-30T15:14:00,,,18.5,21.3,2026-01-30T11:09:00,17.5,2026-01-30T23:58:00,,,,,,,40,10,2026-01-30T13:03:00,6.9,13.2,,
2026-01-31,,,,,,,,,,,,,,,,0.0,2026-01-31T01:00:00,,,0,,0.0,88,82,2026-01-31T09:39:00,93,2026-01-31T00:43:00,,,,,,,,,,,,,,,,,,,,,,,,,,,,,,,,,,,,,,,,,,,,,,,,,,,,,,,,,,,,,,,,,1018.2,1020.0,2026-01-31T09:50:00,1016.2,2026-01-31T14:30:00,,,18.0,19.9,2026-01-31T09:41:00,16.1,2026-01-31T23:10:00,,,,,,,15,18,2026-01-31T16:50:00,9.6,18.6,,
2026-02-01,,,,,,,,,,,,,,,,0.0,2026-02-01T01:00:00,,,0,,0.0,85,77,2026-02-01T10:15:00,90,2026-02-01T22:38:00,,,,,,,,,,,,,,,,,,,,,,,,,,,,,,,,,,,,,,,,,,,,,,,,,,,,,,,,,,,,,,,,,1019.2,1020.9,2026-02-01T09:59:00,1017.3,2026-02-01T04:17:00,,,16.5,17.9,2026-02-01T12:48:00,15.2,2026-02-01T06:39:00,,,,,,,35,36,2026-02-01T02:35:00,9.9,16.7,,
2026-02-02,,,,,,,,,,,,,,,,0.5,2026-02-02T06:00:00,,,0,,0.5,86,79,2026-02-02T15:47:00,95,2026-02-02T06:15:00,,,,,,,,,,,,,,,,,,,,,,,,,,,,,,,,,,,,,,,,,,,,,,,,,,,,,,,,,,,,,,,,,1020.4,1022.1,2026-02-02T09:08:00,1018.3,2026-02-02T15:47:00,,,16.1,18.3,2026-02-02T11:29:00,15.2,2026-02-02T06:19:00,,,,,,,27,16,2026-02-02T13:42:00,11.0,17.4,,
2026-02-03,,,,,,,,,,,,,,,,0.0,2026-02-03T01:00:00,,,0,,0.0,82,72,2026-02-03T10:18:00,87,2026-02-03T20:12:00,,,,,,,,,,,,,,,,,,,,,,,,,,,,,,,,,,,,,,,,,,,,,,,,,,,,,,,,,,,,,,,,,1020.7,1023.0,2026-02-03T08:41:00,1018.6,2026-02-03T15:47:00,,,16.7,18.8,2026-02-03T11:55:00,14.5,2026-02-03T05:10:00,,,,,,,24,8,2026-02-03T14:55:00,8.5,15.0,,
2026-02-04,,,,,,,,,,,,,,,,0.0,2026-02-04T01:00:00,,,0,,0.0,88,78,2026-02-04T10:03:00,92,2026-02-04T18:53:00,,,,,,,,,,,,,,,,,,,,,,,,,,,,,,,,,,,,,,,,,,,,,,,,,,,,,,,,,,,,,,,,,1017.7,1020.1,2026-02-04T00:01:00,1014.8,2026-02-04T15:27:00,,,17.6,19.0,2026-02-04T11:30:00,16.4,2026-02-04T05:13:00,,,,,,,6,11,2026-02-04T15:27:00,5.2,10.2,,
2026-02-05,,,,,,,,,,,,,,,,0.0,2026-02-05T01:00:00,,,0,,0.0,80,66,2026-02-05T19:57:00,93,2026-02-05T03:27:00,,,,,,,,,,,,,,,,,,,,,,,,,,,,,,,,,,,,,,,,,,,,,,,,,,,,,,,,,,,,,,,,,1015.1,1017.1,2026-02-05T09:03:00,1012.5,2026-02-05T15:25:00,,,20.6,23.1,2026-02-05T11:06:00,18.0,2026-02-05T02:50:00,,,,,,,352,57,2026-02-05T06:05:00,3.6,7.6,,
2026-02-06,,,,,,,,,,,,,,,,2.0,2026-02-06T16:00:00,,,0,,2.0,87,70,2026-02-06T00:57:00,95,2026-02-06T17:36:00,,,,,,,,,,,,,,,,,,,,,,,,,,,,,,,,,,,,,,,,,,,,,,,,,,,,,,,,,,,,,,,,,1013.8,1016.0,2026-02-06T09:19:00,1011.4,2026-02-06T14:58:00,,,20.5,23.5,2026-02-06T12:31:00,18.6,2026-02-06T23:29:00,,,,,,,23,27,2026-02-06T19:00:00,4.4,11.9,,
2026-02-07,,,,,,,,,,,,,,,,0.0,2026-02-07T01:00:00,,,0,,0.0,83,77,2026-02-07T12:05:00,94,2026-02-07T00:46:00,,,,,,,,,,,,,,,,,,,,,,,,,,,,,,,,,,,,,,,,,,,,,,,,,,,,,,,,,,,,,,,,,1015.9,1019.4,2026-02-07T23:07:00,1013.7,2026-02-07T14:30:00,,,16.8,18.8,2026-02-07T00:25:00,14.7,2026-02-07T23:41:00,,,,,,,19,22,2026-02-07T14:12:00,13.0,21.9,,
2026-02-08,,,,,,,,,,,,,,,,0.0,2026-02-08T01:00:00,,,0,,0.0,70,62,2026-02-08T14:11:00,80,2026-02-08T00:01:00,,,,,,,,,,,,,,,,,,,,,,,,,,,,,,,,,,,,,,,,,,,,,,,,,,,,,,,,,,,,,,,,,1021.0,1023.2,2026-02-08T21:36:00,1017.8,2026-02-08T04:01:00,,,13.0,14.9,2026-02-08T00:01:00,10.3,2026-02-08T23:47:00,,,,,,,36,38,2026-02-08T05:53:00,13.1,23.4,,
2026-02-09,,,,,,,,,,,,,,,,0.0,2026-02-09T01:00:00,,,0,,0.0,74,59,2026-02-09T09:58:00,91,2026-02-09T22:41:00,,,,,,,,,,,,,,,,,,,,,,,,,,,,,,,,,,,,,,,,,,,,,,,,,,,,,,,,,,,,,,,,,1020.4,1022.4,2026-02-09T08:02:00,1017.9,2026-02-09T14:40:00,,,14.0,17.2,2026-02-09T14:04:00,10.3,2026-02-09T00:01:00,,,,,,,70,17,2026-02-09T17:52:00,5.4,13.5,,
2026-02-10,,,,,,,,,,,,,,,,0.0,2026-02-10T01:00:00,,,0,,0.0,75,51,2026-02-10T13:53:00,91,2026-02-10T04:38:00,,,,,,,,,,,,,,,,,,,,,,,,,,,,,,,,,,,,,,,,,,,,,,,,,,,,,,,,,,,,,,,,,1019.5,1021.5,2026-02-10T08:50:00,1016.8,2026-02-10T15:12:00,,,17.5,21.1,2026-02-10T16:12:00,14.1,2026-02-10T06:37:00,,,,,,,51,7,2026-02-10T14:30:00,5.0,9.0,,
2026-02-11,,,,,,,,,,,,,,,,0.0,2026-02-11T01:00:00,,,0,,0.0,81,55,2026-02-11T10:48:00,88,2026-02-11T16:10:00,,,,,,,,,,,,,,,,,,,,,,,,,,,,,,,,,,,,,,,,,,,,,,,,,,,,,,,,,,,,,,,,,1018.7,1020.6,2026-02-11T09:09:00,1016.9,2026-02-11T15:00:00,,,17.9,21.7,2026-02-11T10:50:00,14.7,2026-02-11T05:21:00,,,,,,,30,17,2026-02-11T16:16:00,7.2,17.9,,
2026-02-12,,,,,,,,,,,,,,,,0.0,2026-02-12T01:00:00,,,0,,0.0,85,75,2026-02-12T10:16:00,91,2026-02-12T23:43:00,,,,,,,,,,,,,,,,,,,,,,,,,,,,,,,,,,,,,,,,,,,,,,,,,,,,,,,,,,,,,,,,,1017.5,1019.8,2026-02-12T09:33:00,1015.7,2026-02-12T15:18:00,,,17.4,19.2,2026-02-12T11:48:00,15.6,2026-02-12T02:23:00,,,,,,,13,11,2026-02-12T12:36:00,7.9,14.5,,
2026-02-13,,,,,,,,,,,,,,,,0.0,2026-02-13T01:00:00,,,0,,0.0,89,80,2026-02-13T12:14:00,97,2026-02-13T07:35:00,,,,,,,,,,,,,,,,,,,,,,,,,,,,,,,,,,,,,,,,,,,,,,,,,,,,,,,,,,,,,,,,,1015.6,1017.5,2026-02-13T08:55:00,1013.5,2026-02-13T15:50:00,,,18.5,20.9,2026-02-13T12:47:00,16.0,2026-02-13T07:31:00,,,,,,,47,23,2026-02-13T17:16:00,4.1,8.8,,
2026-02-14,,,,,,,,,,,,,,,,0.0,2026-02-14T01:00:00,,,0,,0.0,78,57,2026-02-14T11:57:00,91,2026-02-14T03:19:00,,,,,,,,,,,,,,,,,,,,,,,,,,,,,,,,,,,,,,,,,,,,,,,,,,,,,,,,,,,,,,,,,1014.5,1016.0,2026-02-14T08:18:00,1012.7,2026-02-14T15:25:00,,,21.4,24.3,2026-02-14T16:25:00,17.9,2026-02-14T06:03:00,,,,,,,290,289,2026-02-14T14:27:00,2.5,6.2,,
2026-02-15,,,,,,,,,,,,,,,,0.0,2026-02-15T01:00:00,,,0,,0.0,84,69,2026-02-15T08:44:00,90,2026-02-15T01:44:00,,,,,,,,,,,,,,,,,,,,,,,,,,,,,,,,,,,,,,,,,,,,,,,,,,,,,,,,,,,,,,,,,1014.1,1016.0,2026-02-15T08:50:00,1012.3,2026-02-15T15:09:00,,,22.2,24.9,2026-02-15T10:20:00,19.1,2026-02-15T06:45:00,,,,,,,5,17,2026-02-15T17:33:00,3.9,9.2,,
2026-02-16,,,,,,,,,,,,,,,,0.0,2026-02-16T01:00:00,,,0,,0.0,87,78,2026-02-16T11:02:00,94,2026-02-16T06:10:00,,,,,,,,,,,,,,,,,,,,,,,,,,,,,,,,,,,,,,,,,,,,,,,,,,,,,,,,,,,,,,,,,1013.7,1015.5,2026-02-16T08:42:00,1011.4,2026-02-16T14:57:00,,,20.9,23.3,2026-02-16T11:00:00,19.4,2026-02-16T21:37:00,,,,,,,48,19,2026-02-16T17:12:00,8.5,16.4,,
2026-02-17,,,,,,,,,,,,,,,,0.0,2026-02-17T01:00:00,,,0,,0.0,82,76,2026-02-17T12:38:00,88,2026-02-17T01:01:00,,,,,,,,,,,,,,,,,,,,,,,,,,,,,,,,,,,,,,,,,,,,,,,,,,,,,,,,,,,,,,,,,1016.2,1018.6,2026-02-17T23:55:00,1014.2,2026-02-17T16:05:00,,,18.3,20.1,2026-02-17T15:02:00,16.6,2026-02-17T23:54:00,,,,,,,22,31,2026-02-18T00:00:00,10.2,16.4,,
2026-02-18,,,,,,,,,,,,,,,,0.0,2026-02-18T01:00:00,,,0,,0.0,78,69,2026-02-18T12:17:00,85,2026-02-18T00:04:00,,,,,,,,,,,,,,,,,,,,,,,,,,,,,,,,,,,,,,,,,,,,,,,,,,,,,,,,,,,,,,,,,1018.8,1020.6,2026-02-18T21:26:00,1016.7,2026-02-18T14:53:00,,,17.0,19.2,2026-02-18T15:18:00,15.5,2026-02-18T05:02:00,,,,,,,41,15,2026-02-18T11:07:00,10.1,16.3,,
2026-02-19,,,,,,,,,,,,,,,,0.0,2026-02-19T01:00:00,,,0,,0.0,80,71,2026-02-19T10:07:00,87,2026-02-19T13:20:00,,,,,,,,,,,,,,,,,,,,,,,,,,,,,,,,,,,,,,,,,,,,,,,,,,,,,,,,,,,,,,,,,1019.6,1021.4,2026-02-19T08:33:00,1017.5,2026-02-19T14:07:00,,,18.2,20.4,2026-02-19T11:52:00,15.9,2026-02-19T02:34:00,,,,,,,7,5,2026-02-19T16:14:00,6.6,13.3,,
2026-02-20,,,,,,,,,,,,,,,,0.0,2026-02-20T01:00:00,,,0,,0.0,84,72,2026-02-20T13:09:00,90,2026-02-20T05:54:00,,,,,,,,,,,,,,,,,,,,,,,,,,,,,,,,,,,,,,,,,,,,,,,,,,,,,,,,,,,,,,,,,1016.5,1019.8,2026-02-20T00:01:00,1013.8,2026-02-20T15:40:00,,,19.3,21.4,2026-02-20T12:54:00,17.3,2026-02-20T03:32:00,,,,,,,51,10,2026-02-20T14:18:00,5.5,10.3,,
2026-02-21,,,,,,,,,,,,,,,,0.0,2026-02-21T01:00:00,,,0,,0.0,83,73,2026-02-21T12:01:00,89,2026-02-21T02:48:00,,,,,,,,,,,,,,,,,,,,,,,,,,,,,,,,,,,,,,,,,,,,,,,,,,,,,,,,,,,,,,,,,1011.7,1014.6,2026-02-21T00:01:00,1009.1,2026-02-21T15:05:00,,,19.9,22.2,2026-02-21T14:57:00,17.1,2026-02-21T05:45:00,,,,,,,4,10,2026-02-21T15:59:00,3.4,7.3,,
2026-02-22,,,,,,,,,,,,,,,,0.0,2026-02-22T01:00:00,,,0,,0.0,80,69,2026-02-22T13:24:00,90,2026-02-22T03:03:00,,,,,,,,,,,,,,,,,,,,,,,,,,,,,,,,,,,,,,,,,,,,,,,,,,,,,,,,,,,,,,,,,1010.4,1012.4,2026-02-22T09:03:00,1008.1,2026-02-22T15:05:00,,,21.3,23.9,2026-02-22T11:58:00,18.2,2026-02-22T02:57:00,,,,,,,38,15,2026-02-22T15:51:00,5.1,12.7,,
2026-02-23,,,,,,,,,,,,,,,,0.0,2026-02-23T01:00:00,,,0,,0.0,86,75,2026-02-23T09:25:00,90,2026-02-23T03:09:00,,,,,,,,,,,,,,,,,,,,,,,,,,,,,,,,,,,,,,,,,,,,,,,,,,,,,,,,,,,,,,,,,1011.4,1013.1,2026-02-23T10:12:00,1010.1,2026-02-23T04:34:00,,,21.2,23.1,2026-02-23T12:16:00,19.8,2026-02-23T06:51:00,,,,,,,9,17,2026-02-23T15:35:00,6.6,15.0,,
2026-02-24,,,,,,,,,,,,,,,,0.0,2026-02-24T01:00:00,,,0,,0.0,85,76,2026-02-24T09:52:00,91,2026-02-24T00:10:00,,,,,,,,,,,,,,,,,,,,,,,,,,,,,,,,,,,,,,,,,,,,,,,,,,,,,,,,,,,,,,,,,1012.1,1013.2,2026-02-24T09:50:00,1010.9,2026-02-24T03:50:00,,,21.9,23.9,2026-02-24T09:51:00,19.6,2026-02-24T06:29:00,,,,,,,7,45,2026-02-24T03:49:00,5.1,10.3,,
2026-02-25,,,,,,,,,,,,,,,,0.0,2026-02-25T01:00:00,,,0,,0.0,85,79,2026-02-25T17:18:00,90,2026-02-25T07:45:00,,,,,,,,,,,,,,,,,,,,,,,,,,,,,,,,,,,,,,,,,,,,,,,,,,,,,,,,,,,,,,,,,1012.0,1013.4,2026-02-25T22:34:00,1009.9,2026-02-25T14:16:00,,,21.8,23.0,2026-02-25T09:43:00,20.4,2026-02-25T23:32:00,,,,,,,13,12,2026-02-25T14:51:00,8.7,18.0,,
2026-02-26,,,,,,,,,,,,,,,,0.0,2026-02-26T01:00:00,,,0,,0.0,85,79,2026-02-26T08:51:00,90,2026-02-26T17:53:00,,,,,,,,,,,,,,,,,,,,,,,,,,,,,,,,,,,,,,,,,,,,,,,,,,,,,,,,,,,,,,,,,1010.1,1012.8,2026-02-26T00:01:00,1007.1,2026-02-26T15:52:00,,,21.1,22.9,2026-02-26T13:14:00,19.4,2026-02-26T05:02:00,,,,,,,18,26,2026-02-26T19:46:00,5.9,10.9,,
2026-02-27,,,,,,,,,,,,,,,,0.0,2026-02-27T01:00:00,,,0,,0.0,79,54,2026-02-27T10:22:00,91,2026-02-27T04:57:00,,,,,,,,,,,,,,,,,,,,,,,,,,,,,,,,,,,,,,,,,,,,,,,,,,,,,,,,,,,,,,,,,1008.2,1009.8,2026-02-27T08:23:00,1005.6,2026-02-27T14:41:00,,,22.6,25.9,2026-02-27T10:23:00,20.8,2026-02-27T00:01:00,,,,,,,26,27,2026-02-27T19:56:00,7.3,13.4,,
2026-02-28,,,,,,,,,,,,,,,,2.0,2026-02-28T19:00:00,,,0,,6.0,89,83,2026-02-28T15:28:00,96,2026-02-28T22:13:00,,,,,,,,,,,,,,,,,,,,,,,,,,,,,,,,,,,,,,,,,,,,,,,,,,,,,,,,,,,,,,,,,1010.4,1012.6,2026-02-28T10:02:00,1008.6,2026-02-28T03:35:00,,,20.4,22.0,2026-02-28T15:37:00,19.4,2026-02-28T06:05:00,,,,,,,21,40,2026-02-28T05:41:00,5.6,9.9,,
2026-03-01,,,,,,,,,,,,,,,,0.0,2026-03-01T01:00:00,,,0,,0.0,86,75,2026-03-01T17:28:00,96,2026-03-01T00:01:00,,,,,,,,,,,,,,,,,,,,,,,,,,,,,,,,,,,,,,,,,,,,,,,,,,,,,,,,,,,,,,,,,1008.9,1010.9,2026-03-01T00:01:00,1006.5,2026-03-01T17:29:00,,,23.1,26.3,2026-03-01T17:23:00,19.8,2026-03-01T01:33:00,,,,,,,193,207,2026-03-01T17:32:00,4.2,13.8,,
2026-03-02,,,,,,,,,,,,,,,,3.5,2026-03-02T03:00:00,,,0,,4.5,88,78,2026-03-02T09:19:00,96,2026-03-02T04:54:00,,,,,,,,,,,,,,,,,,,,,,,,,,,,,,,,,,,,,,,,,,,,,,,,,,,,,,,,,,,,,,,,,1009.1,1010.7,2026-03-02T22:53:00,1007.6,2026-03-02T15:03:00,,,24.4,26.8,2026-03-02T08:38:00,22.2,2026-03-02T06:39:00,,,,,,,15,31,2026-03-02T21:56:00,3.5,8.6,,
2026-03-03,,,,,,,,,,,,,,,,2.5,2026-03-03T09:00:00,,,0,,9.0,88,79,2026-03-03T18:35:00,96,2026-03-03T09:09:00,,,,,,,,,,,,,,,,,,,,,,,,,,,,,,,,,,,,,,,,,,,,,,,,,,,,,,,,,,,,,,,,,1011.5,1014.4,2026-03-03T23:41:00,1008.8,2026-03-03T03:48:00,,,19.6,23.5,2026-03-03T00:01:00,17.0,2026-03-03T10:54:00,,,,,,,43,31,2026-03-03T08:22:00,8.1,16.3,,
2026-03-04,,,,,,,,,,,,,,,,0.0,2026-03-04T01:00:00,,,0,,0.0,82,76,2026-03-04T13:26:00,88,2026-03-04T09:12:00,,,,,,,,,,,,,,,,,,,,,,,,,,,,,,,,,,,,,,,,,,,,,,,,,,,,,,,,,,,,,,,,,1013.5,1015.6,2026-03-04T09:16:00,1011.6,2026-03-04T16:00:00,,,18.6,20.2,2026-03-04T16:32:00,16.7,2026-03-04T06:44:00,,,,,,,51,40,2026-03-04T08:22:00,6.9,12.1,,
2026-03-05,,,,,,,,,,,,,,,,0.5,2026-03-05T04:00:00,,,0,,0.5,91,87,2026-03-05T00:01:00,94,2026-03-05T08:37:00,,,,,,,,,,,,,,,,,,,,,,,,,,,,,,,,,,,,,,,,,,,,,,,,,,,,,,,,,,,,,,,,,1012.8,1014.1,2026-03-05T10:12:00,1011.4,2026-03-05T14:22:00,,,19.4,20.7,2026-03-05T14:29:00,18.2,2026-03-05T03:09:00,,,,,,,37,13,2026-03-05T23:50:00,6.5,12.2,,
2026-03-06,,,,,,,,,,,,,,,,0.0,2026-03-06T01:00:00,,,0,,0.0,85,78,2026-03-06T13:21:00,95,2026-03-06T00:25:00,,,,,,,,,,,,,,,,,,,,,,,,,,,,,,,,,,,,,,,,,,,,,,,,,,,,,,,,,,,,,,,,,1013.4,1015.8,2026-03-06T22:43:00,1011.0,2026-03-06T14:10:00,,,19.5,21.3,2026-03-06T10:49:00,17.3,2026-03-06T23:10:00,,,,,,,30,22,2026-03-06T17:44:00,11.2,20.0,,
2026-03-07,,,,,,,,,,,,,,,,0.0,2026-03-07T01:00:00,,,0,,0.0,76,65,2026-03-07T10:37:00,82,2026-03-07T00:01:00,,,,,,,,,,,,,,,,,,,,,,,,,,,,,,,,,,,,,,,,,,,,,,,,,,,,,,,,,,,,,,,,,1016.3,1018.4,2026-03-07T23:44:00,1014.4,2026-03-07T15:55:00,,,17.9,20.3,2026-03-07T13:26:00,15.7,2026-03-07T06:26:00,,,,,,,14,16,2026-03-07T13:55:00,10.1,17.3,,
2026-03-08,,,,,,,,,,,,,,,,0.0,2026-03-08T01:00:00,,,0,,0.0,83,76,2026-03-08T10:37:00,89,2026-03-08T12:15:00,,,,,,,,,,,,,,,,,,,,,,,,,,,,,,,,,,,,,,,,,,,,,,,,,,,,,,,,,,,,,,,,,1017.6,1019.5,2026-03-08T08:12:00,1015.0,2026-03-08T16:01:00,,,18.3,20.8,2026-03-08T12:46:00,15.8,2026-03-08T05:13:00,,,,,,,31,11,2026-03-08T11:26:00,9.0,17.3,,
2026-03-09,,,,,,,,,,,,,,,,0.0,2026-03-09T01:00:00,,,0,,0.0,81,76,2026-03-09T18:35:00,87,2026-03-09T06:54:00,,,,,,,,,,,,,,,,,,,,,,,,,,,,,,,,,,,,,,,,,,,,,,,,,,,,,,,,,,,,,,,,,1018.7,1020.3,2026-03-09T22:08:00,1016.9,2026-03-09T14:56:00,,,18.1,20.5,2026-03-09T11:34:00,15.7,2026-03-09T23:59:00,,,,,,,32,30,2026-03-09T15:44:00,10.0,19.5,,
2026-03-10,,,,,,,,,,,,,,,,0.0,2026-03-10T01:00:00,,,0,,0.0,78,74,2026-03-10T05:07:00,82,2026-03-10T11:15:00,,,,,,,,,,,,,,,,,,,,,,,,,,,,,,,,,,,,,,,,,,,,,,,,,,,,,,,,,,,,,,,,,1018.8,1020.6,2026-03-10T09:54:00,1017.2,2026-03-10T16:18:00,,,15.4,16.1,2026-03-10T01:37:00,14.6,2026-03-10T08:05:00,,,,,,,33,28,2026-03-10T01:55:00,8.5,16.6,,
2026-03-11,,,,,,,,,,,,,,,,0.0,2026-03-11T01:00:00,,,0,,0.0,76,67,2026-03-11T10:06:00,82,2026-03-11T00:22:00,,,,,,,,,,,,,,,,,,,,,,,,,,,,,,,,,,,,,,,,,,,,,,,,,,,,,,,,,,,,,,,,,1016.0,1018.9,2026-03-11T00:22:00,1013.4,2026-03-11T14:56:00,,,17.0,19.1,2026-03-11T15:38:00,14.2,2026-03-11T02:57:00,,,,,,,11,11,2026-03-11T13:45:00,9.1,16.3,,
2026-03-12,,,,,,,,,,,,,,,,0.0,2026-03-12T01:00:00,,,0,,0.0,66,29,2026-03-12T23:30:00,82,2026-03-12T01:10:00,,,,,,,,,,,,,,,,,,,,,,,,,,,,,,,,,,,,,,,,,,,,,,,,,,,,,,,,,,,,,,,,,1016.0,1018.4,2026-03-12T22:37:00,1013.9,2026-03-12T15:41:00,,,17.9,20.0,2026-03-12T12:16:00,16.2,2026-03-12T06:09:00,,,,,,,43,32,2026-03-12T18:03:00,11.9,22.0,,
2026-03-13,,,,,,,,,,,,,,,,0.0,2026-03-13T01:00:00,,,0,,0.0,57,31,2026-03-13T00:04:00,72,2026-03-13T22:38:00,,,,,,,,,,,,,,,,,,,,,,,,,,,,,,,,,,,,,,,,,,,,,,,,,,,,,,,,,,,,,,,,,1019.0,1021.1,2026-03-13T22:05:00,1016.9,2026-03-13T03:05:00,,,16.6,19.0,2026-03-13T11:50:00,13.8,2026-03-13T06:32:00,,,,,,,46,38,2026-03-13T04:06:00,10.5,20.4,,
2026-03-14,,,,,,,,,,,,,,,,0.0,2026-03-14T01:00:00,,,0,,0.0,76,67,2026-03-14T07:54:00,86,2026-03-14T18:47:00,,,,,,,,,,,,,,,,,,,,,,,,,,,,,,,,,,,,,,,,,,,,,,,,,,,,,,,,,,,,,,,,,1020.9,1022.9,2026-03-14T09:04:00,1019.2,2026-03-14T16:22:00,,,17.4,19.5,2026-03-14T11:17:00,14.1,2026-03-14T06:01:00,,,,,,,10,11,2026-03-14T12:46:00,5.3,12.6,,
2026-03-15,,,,,,,,,,,,,,,,0.0,2026-03-15T01:00:00,,,0,,0.0,81,74,2026-03-15T23:25:00,88,2026-03-15T03:59:00,,,,,,,,,,,,,,,,,,,,,,,,,,,,,,,,,,,,,,,,,,,,,,,,,,,,,,,,,,,,,,,,,1019.4,1022.2,2026-03-15T09:22:00,1017.2,2026-03-15T16:48:00,,,18.8,20.4,2026-03-15T17:17:00,16.2,2026-03-15T04:36:00,,,,,,,7,12,2026-03-15T14:02:00,5.0,10.4,,
2026-03-16,,,,,,,,,,,,,,,,0.0,2026-03-16T01:00:00,,,0,,0.0,82,74,2026-03-16T02:00:00,90,2026-03-16T19:18:00,,,,,,,,,,,,,,,,,,,,,,,,,,,,,,,,,,,,,,,,,,,,,,,,,,,,,,,,,,,,,,,,,1016.9,1019.2,2026-03-16T00:01:00,1014.4,2026-03-16T16:31:00,,,19.8,21.2,2026-03-16T11:57:00,18.1,2026-03-16T06:01:00,,,,,,,2,19,2026-03-16T18:20:00,4.9,11.2,,
2026-03-17,,,,,,,,,,,,,,,,0.0,2026-03-17T01:00:00,,,0,,0.0,83,70,2026-03-17T20:52:00,95,2026-03-17T06:10:00,,,,,,,,,,,,,,,,,,,,,,,,,,,,,,,,,,,,,,,,,,,,,,,,,,,,,,,,,,,,,,,,,1015.6,1017.6,2026-03-17T09:32:00,1013.1,2026-03-17T15:26:00,,,20.1,21.9,2026-03-17T13:35:00,17.7,2026-03-17T06:26:00,,,,,,,5,7,2026-03-17T15:26:00,4.7,9.9,,
2026-03-18,,,,,,,,,,,,,,,,0.0,2026-03-18T01:00:00,,,0,,0.0,74,45,2026-03-18T10:19:00,92,2026-03-18T06:38:00,,,,,,,,,,,,,,,,,,,,,,,,,,,,,,,,,,,,,,,,,,,,,,,,,,,,,,,,,,,,,,,,,1014.0,1016.3,2026-03-18T09:19:00,1011.6,2026-03-18T15:05:00,,,22.6,25.4,2026-03-18T10:18:00,18.6,2026-03-18T03:14:00,,,,,,,258,255,2026-03-18T14:59:00,2.9,8.7,,
2026-03-19,,,,,,,,,,,,,,,,0.0,2026-03-19T01:00:00,,,0,,0.0,84,70,2026-03-19T08:28:00,89,2026-03-19T05:04:00,,,,,,,,,,,,,,,,,,,,,,,,,,,,,,,,,,,,,,,,,,,,,,,,,,,,,,,,,,,,,,,,,1013.1,1014.8,2026-03-19T09:42:00,1011.0,2026-03-19T15:18:00,,,21.8,25.4,2026-03-19T08:33:00,19.9,2026-03-19T05:38:00,,,,,,,19,29,2026-03-19T14:41:00,6.6,15.1,,
2026-03-20,,,,,,,,,,,,,,,,0.0,2026-03-20T01:00:00,,,0,,0.0,85,77,2026-03-20T10:44:00,89,2026-03-20T00:46:00,,,,,,,,,,,,,,,,,,,,,,,,,,,,,,,,,,,,,,,,,,,,,,,,,,,,,,,,,,,,,,,,,1014.2,1016.1,2026-03-20T23:12:00,1012.4,2026-03-20T03:46:00,,,20.7,22.4,2026-03-20T10:42:00,19.1,2026-03-20T04:11:00,,,,,,,5,17,2026-03-20T15:50:00,8.1,13.4,,
2026-03-21,,,,,,,,,,,,,,,,0.0,2026-03-21T01:00:00,,,0,,0.0,86,82,2026-03-21T10:51:00,92,2026-03-21T04:25:00,,,,,,,,,,,,,,,,,,,,,,,,,,,,,,,,,,,,,,,,,,,,,,,,,,,,,,,,,,,,,,,,,1014.7,1016.5,2026-03-21T09:34:00,1013.0,2026-03-21T15:47:00,,,20.9,22.3,2026-03-21T10:13:00,19.5,2026-03-21T03:40:00,,,,,,,16,19,2026-03-21T15:31:00,9.2,15.6,,
2026-03-22,,,,,,,,,,,,,,,,0.0,2026-03-22T01:00:00,,,0,,0.0,85,77,2026-03-22T10:56:00,90,2026-03-22T05:29:00,,,,,,,,,,,,,,,,,,,,,,,,,,,,,,,,,,,,,,,,,,,,,,,,,,,,,,,,,,,,,,,,,1013.9,1015.6,2026-03-22T09:08:00,1012.4,2026-03-22T15:46:00,,,21.3,23.2,2026-03-22T13:42:00,19.2,2026-03-22T06:33:00,,,,,,,355,4,2026-03-22T14:54:00,5.6,9.9,,
2026-03-23,,,,,,,,,,,,,,,,0.0,2026-03-23T01:00:00,,,0,,0.0,85,77,2026-03-23T10:07:00,91,2026-03-23T03:57:00,,,,,,,,,,,,,,,,,,,,,,,,,,,,,,,,,,,,,,,,,,,,,,,,,,,,,,,,,,,,,,,,,1012.7,1014.3,2026-03-23T00:01:00,1011.0,2026-03-23T14:48:00,,,22.6,24.4,2026-03-23T10:14:00,20.7,2026-03-23T04:16:00,,,,,,,1,18,2026-03-23T16:37:00,4.4,11.7,,
2026-03-24,,,,,,,,,,,,,,,,0.0,2026-03-24T01:00:00,,,0,,0.0,85,79,2026-03-24T12:29:00,91,2026-03-24T05:50:00,,,,,,,,,,,,,,,,,,,,,,,,,,,,,,,,,,,,,,,,,,,,,,,,,,,,,,,,,,,,,,,,,1011.1,1013.1,2026-03-24T09:14:00,1009.1,2026-03-24T17:40:00,,,23.3,24.5,2026-03-24T13:49:00,21.7,2026-03-24T06:26:00,,,,,,,359,16,2026-03-24T16:13:00,4.2,9.0,,
2026-03-25,,,,,,,,,,,,,,,,0.0,2026-03-25T01:00:00,,,0,,0.0,82,71,2026-03-25T20:17:00,88,2026-03-25T01:47:00,,,,,,,,,,,,,,,,,,,,,,,,,,,,,,,,,,,,,,,,,,,,,,,,,,,,,,,,,,,,,,,,,1010.6,1012.1,2026-03-25T09:07:00,1009.3,2026-03-25T15:17:00,,,24.0,25.1,2026-03-25T12:22:00,23.1,2026-03-25T05:33:00,,,,,,,4,2,2026-03-25T16:44:00,5.7,11.9,,
2026-03-26,,,,,,,,,,,,,,,,0.0,2026-03-26T01:00:00,,,0,,0.0,80,73,2026-03-26T08:52:00,87,2026-03-26T03:15:00,,,,,,,,,,,,,,,,,,,,,,,,,,,,,,,,,,,,,,,,,,,,,,,,,,,,,,,,,,,,,,,,,1010.8,1012.3,2026-03-26T09:08:00,1009.1,2026-03-26T14:39:00,,,23.3,24.7,2026-03-26T12:52:00,21.7,2026-03-26T05:59:00,,,,,,,20,32,2026-03-26T17:07:00,4.6,12.6,,
2026-03-27,,,,,,,,,,,,,,,,0.0,2026-03-27T01:00:00,,,0,,0.0,85,79,2026-03-27T10:15:00,89,2026-03-27T06:05:00,,,,,,,,,,,,,,,,,,,,,,,,,,,,,,,,,,,,,,,,,,,,,,,,,,,,,,,,,,,,,,,,,1010.1,1012.0,2026-03-27T09:14:00,1007.7,2026-03-27T16:16:00,,,23.1,24.9,2026-03-27T11:33:00,22.1,2026-03-27T06:13:00,,,,,,,21,360,2026-03-27T12:23:00,6.4,11.0,,
2026-03-28,,,,,,,,,,,,,,,,0.0,2026-03-28T01:00:00,,,0,,0.0,83,77,2026-03-28T10:00:00,87,2026-03-28T00:17:00,,,,,,,,,,,,,,,,,,,,,,,,,,,,,,,,,,,,,,,,,,,,,,,,,,,,,,,,,,,,,,,,,1010.4,1012.7,2026-03-28T09:05:00,1008.3,2026-03-28T15:37:00,,,23.0,24.3,2026-03-28T10:00:00,21.7,2026-03-28T05:47:00,,,,,,,36,2,2026-03-28T13:00:00,6.6,11.3,,
2026-03-29,,,,,,,,,,,,,,,,0.0,2026-03-29T01:00:00,,,0,,0.0,86,74,2026-03-29T14:19:00,91,2026-03-29T04:53:00,,,,,,,,,,,,,,,,,,,,,,,,,,,,,,,,,,,,,,,,,,,,,,,,,,,,,,,,,,,,,,,,,1009.9,1011.9,2026-03-29T23:11:00,1007.0,2026-03-29T16:16:00,,,23.7,25.3,2026-03-29T14:23:00,22.5,2026-03-29T04:37:00,,,,,,,4,356,2026-03-29T14:11:00,5.3,10.2,,
2026-03-30,,,,,,,,,,,,,,,,0.0,2026-03-30T01:00:00,,,0,,0.0,83,73,2026-03-30T13:07:00,91,2026-03-30T02:37:00,,,,,,,,,,,,,,,,,,,,,,,,,,,,,,,,,,,,,,,,,,,,,,,,,,,,,,,,,,,,,,,,,1009.7,1011.8,2026-03-30T00:01:00,1008.2,2026-03-30T04:57:00,,,25.0,27.1,2026-03-30T13:17:00,21.8,2026-03-30T04:04:00,,,,,,,245,236,2026-03-30T12:50:00,3.7,9.4,,
2026-03-31,,,,,,,,,,,,,,,,0.0,2026-03-31T01:00:00,,,0,,0.0,83,76,2026-03-31T15:54:00,94,2026-03-31T03:21:00,,,,,,,,,,,,,,,,,,,,,,,,,,,,,,,,,,,,,,,,,,,,,,,,,,,,,,,,,,,,,,,,,1009.5,1011.3,2026-03-31T08:08:00,1006.9,2026-03-31T15:54:00,,,25.2,26.8,2026-03-31T08:44:00,22.4,2026-03-31T04:41:00,,,,,,,235,240,2026-03-31T13:36:00,3.9,11.0,,
2026-04-01,,,,,,,,,,,,,,,,3.5,2026-04-01T13:00:00,,,0,,8.0,87,77,2026-04-01T09:13:00,95,2026-04-01T15:32:00,,,,,,,,,,,,,,,,,,,,,,,,,,,,,,,,,,,,,,,,,,,,,,,,,,,,,,,,,,,,,,,,,1010.8,1013.2,2026-04-01T23:55:00,1008.8,2026-04-01T06:17:00,,,23.8,26.1,2026-04-01T09:22:00,21.4,2026-04-01T23:25:00,,,,,,,46,16,2026-04-01T11:37:00,3.7,10.7,,
2026-04-02,,,,,,,,,,,,,,,,0.0,2026-04-02T01:00:00,,,0,,0.0,75,61,2026-04-02T11:30:00,88,2026-04-02T23:41:00,,,,,,,,,,,,,,,,,,,,,,,,,,,,,,,,,,,,,,,,,,,,,,,,,,,,,,,,,,,,,,,,,1012.3,1014.3,2026-04-02T08:52:00,1010.1,2026-04-02T15:26:00,,,23.2,25.7,2026-04-02T12:08:00,21.2,2026-04-02T06:42:00,,,,,,,36,23,2026-04-02T23:34:00,4.2,10.5,,
2026-04-03,,,,,,,,,,,,,,,,0.0,2026-04-03T01:00:00,,,0,,0.0,79,59,2026-04-03T12:38:00,91,2026-04-03T03:16:00,,,,,,,,,,,,,,,,,,,,,,,,,,,,,,,,,,,,,,,,,,,,,,,,,,,,,,,,,,,,,,,,,1008.0,1012.2,2026-04-03T00:06:00,1003.7,2026-04-03T15:54:00,,,25.3,28.6,2026-04-03T12:26:00,21.4,2026-04-03T03:07:00,,,,,,,206,215,2026-04-03T15:44:00,6.7,17.8,,
2026-04-04,,,,,,,,,,,,,,,,13.0,2026-04-04T18:00:00,,,0,,39.0,89,79,2026-04-04T05:13:00,95,2026-04-04T16:55:00,,,,,,,,,,,,,,,,,,,,,,,,,,,,,,,,,,,,,,,,,,,,,,,,,,,,,,,,,,,,,,,,,1006.7,1008.6,2026-04-04T19:28:00,1005.2,2026-04-04T04:43:00,,,23.4,26.2,2026-04-04T00:20:00,20.0,2026-04-04T18:51:00,,,,,,,198,257,2026-04-04T11:06:00,5.4,19.2,,
2026-04-05,,,,,,,,,,,,,,,,0.5,2026-04-05T23:00:00,,,0,,0.5,81,67,2026-04-05T12:32:00,90,2026-04-05T22:39:00,,,,,,,,,,,,,,,,,,,,,,,,,,,,,,,,,,,,,,,,,,,,,,,,,,,,,,,,,,,,,,,,,1008.0,1009.7,2026-04-05T10:07:00,1006.4,2026-04-05T14:32:00,,,25.1,27.9,2026-04-05T13:14:00,21.8,2026-04-05T00:16:00,,,,,,,200,220,2026-04-05T15:08:00,4.7,11.0,,
2026-04-06,,,,,,,,,,,,,,,,3.0,2026-04-06T06:00:00,,,0,,6.0,85,78,2026-04-06T14:06:00,94,2026-04-06T05:28:00,,,,,,,,,,,,,,,,,,,,,,,,,,,,,,,,,,,,,,,,,,,,,,,,,,,,,,,,,,,,,,,,,1008.2,1009.8,2026-04-06T10:11:00,1006.7,2026-04-06T16:33:00,,,25.7,27.4,2026-04-06T13:44:00,23.7,2026-04-06T07:11:00,,,,,,,203,207,2026-04-06T15:47:00,5.0,11.1,,
2026-04-07,,,,,,,,,,,,,,,,1.5,2026-04-07T17:00:00,,,0,,1.5,86,73,2026-04-07T10:26:00,95,2026-04-07T16:51:00,,,,,,,,,,,,,,,,,,,,,,,,,,,,,,,,,,,,,,,,,,,,,,,,,,,,,,,,,,,,,,,,,1009.4,1011.4,2026-04-07T21:20:00,1007.6,2026-04-07T03:13:00,,,24.7,27.8,2026-04-07T09:30:00,22.1,2026-04-07T23:31:00,,,,,,,37,22,2026-04-07T16:38:00,4.2,16.3,,
2026-04-08,,,,,,,,,,,,,,,,1.0,2026-04-08T07:00:00,,,0,,1.0,89,80,2026-04-08T14:40:00,93,2026-04-08T05:08:00,,,,,,,,,,,,,,,,,,,,,,,,,,,,,,,,,,,,,,,,,,,,,,,,,,,,,,,,,,,,,,,,,1011.6,1013.5,2026-04-08T09:22:00,1010.0,2026-04-08T15:50:00,,,23.1,25.6,2026-04-08T14:34:00,21.4,2026-04-08T05:35:00,,,,,,,47,35,2026-04-08T01:11:00,4.3,8.6,,
2026-04-09,,,,,,,,,,,,,,,,0.0,2026-04-09T01:00:00,,,0,,0.0,88,80,2026-04-09T16:12:00,96,2026-04-09T04:29:00,,,,,,,,,,,,,,,,,,,,,,,,,,,,,,,,,,,,,,,,,,,,,,,,,,,,,,,,,,,,,,,,,1010.2,1012.5,2026-04-09T08:50:00,1007.7,2026-04-09T17:35:00,,,25.3,27.5,2026-04-09T14:23:00,22.8,2026-04-09T03:48:00,,,,,,,228,217,2026-04-09T16:11:00,4.4,10.3,,
2026-04-10,,,,,,,,,,,,,,,,0.0,2026-04-10T01:00:00,,,0,,0.0,80,67,2026-04-10T11:52:00,93,2026-04-10T04:57:00,,,,,,,,,,,,,,,,,,,,,,,,,,,,,,,,,,,,,,,,,,,,,,,,,,,,,,,,,,,,,,,,,1009.8,1011.5,2026-04-10T08:46:00,1008.3,2026-04-10T17:14:00,,,26.1,27.5,2026-04-10T14:31:00,23.9,2026-04-10T06:24:00,,,,,,,261,268,2026-04-10T12:46:00,3.3,8.1,,
2026-04-11,,,,,,,,,,,,,,,,0.0,2026-04-11T01:00:00,,,0,,0.0,82,73,2026-04-11T00:01:00,90,2026-04-11T05:06:00,,,,,,,,,,,,,,,,,,,,,,,,,,,,,,,,,,,,,,,,,,,,,,,,,,,,,,,,,,,,,,,,,1009.1,1010.6,2026-04-11T09:22:00,1007.2,2026-04-11T16:31:00,,,25.8,27.6,2026-04-11T12:11:00,23.2,2026-04-11T05:32:00,,,,,,,223,242,2026-04-11T15:31:00,4.5,11.4,,
2026-04-12,,,,,,,,,,,,,,,,0.0,2026-04-12T01:00:00,,,0,,0.0,79,66,2026-04-12T14:41:00,93,2026-04-12T05:03:00,,,,,,,,,,,,,,,,,,,,,,,,,,,,,,,,,,,,,,,,,,,,,,,,,,,,,,,,,,,,,,,,,1009.5,1011.1,2026-04-12T09:19:00,1007.7,2026-04-12T14:48:00,,,26.2,28.1,2026-04-12T12:13:00,23.4,2026-04-12T05:26:00,,,,,,,226,239,2026-04-12T13:30:00,3.9,9.9,,
2026-04-13,,,,,,,,,,,,,,,,0.0,2026-04-13T01:00:00,,,0,,0.0,81,69,2026-04-13T10:45:00,91,2026-04-13T05:59:00,,,,,,,,,,,,,,,,,,,,,,,,,,,,,,,,,,,,,,,,,,,,,,,,,,,,,,,,,,,,,,,,,1010.7,1012.6,2026-04-13T09:31:00,1008.9,2026-04-13T16:13:00,,,26.2,27.7,2026-04-13T09:32:00,23.1,2026-04-13T05:49:00,,,,,,,252,251,2026-04-13T15:52:00,3.9,7.9,,
2026-04-14,,,,,,,,,,,,,,,,0.0,2026-04-14T01:00:00,,,0,,0.0,81,72,2026-04-14T10:41:00,90,2026-04-14T02:50:00,,,,,,,,,,,,,,,,,,,,,,,,,,,,,,,,,,,,,,,,,,,,,,,,,,,,,,,,,,,,,,,,,1010.2,1012.2,2026-04-14T08:46:00,1008.0,2026-04-14T15:46:00,,,26.0,27.5,2026-04-14T10:00:00,23.4,2026-04-14T05:44:00,,,,,,,263,262,2026-04-14T14:38:00,3.8,9.1,,
2026-04-15,,,,,,,,,,,,,,,,0.0,2026-04-15T01:00:00,,,0,,0.0,85,78,2026-04-15T13:28:00,92,2026-04-15T04:51:00,,,,,,,,,,,,,,,,,,,,,,,,,,,,,,,,,,,,,,,,,,,,,,,,,,,,,,,,,,,,,,,,,1008.9,1010.6,2026-04-15T23:04:00,1007.0,2026-04-15T16:02:00,,,26.0,27.3,2026-04-15T14:36:00,24.3,2026-04-15T05:48:00,,,,,,,252,303,2026-04-15T16:02:00,3.7,8.8,,
2026-04-16,,,,,,,,,,,,,,,,0.0,2026-04-16T01:00:00,,,0,,0.0,87,83,2026-04-16T09:15:00,93,2026-04-16T04:57:00,,,,,,,,,,,,,,,,,,,,,,,,,,,,,,,,,,,,,,,,,,,,,,,,,,,,,,,,,,,,,,,,,1009.6,1011.2,2026-04-16T22:01:00,1008.0,2026-04-16T03:56:00,,,25.4,26.5,2026-04-16T12:36:00,24.4,2026-04-16T23:59:00,,,,,,,6,31,2026-04-16T04:42:00,4.0,7.5,,
2026-04-17,,,,,,,,,,,,,,,,0.0,2026-04-17T01:00:00,,,0,,0.0,83,74,2026-04-17T13:06:00,93,2026-04-17T05:44:00,,,,,,,,,,,,,,,,,,,,,,,,,,,,,,,,,,,,,,,,,,,,,,,,,,,,,,,,,,,,,,,,,1009.6,1011.1,2026-04-17T09:54:00,1007.8,2026-04-17T16:51:00,,,25.3,26.6,2026-04-17T11:59:00,23.1,2026-04-17T05:33:00,,,,,,,356,294,2026-04-17T14:30:00,3.9,8.7,,
2026-04-18,,,,,,,,,,,,,,,,0.0,2026-04-18T01:00:00,,,0,,0.0,83,73,2026-04-18T09:00:00,90,2026-04-18T06:17:00,,,,,,,,,,,,,,,,,,,,,,,,,,,,,,,,,,,,,,,,,,,,,,,,,,,,,,,,,,,,,,,,,1009.2,1010.6,2026-04-18T00:01:00,1008.0,2026-04-18T15:18:00,,,25.4,27.4,2026-04-18T09:08:00,23.4,2026-04-18T06:15:00,,,,,,,320,23,2026-04-18T22:46:00,3.6,9.2,,
2026-04-19,,,,,,,,,,,,,,,,0.0,2026-04-19T01:00:00,,,0,,0.0,81,67,2026-04-19T09:46:00,90,2026-04-19T01:16:00,,,,,,,,,,,,,,,,,,,,,,,,,,,,,,,,,,,,,,,,,,,,,,,,,,,,,,,,,,,,,,,,,1009.4,1011.1,2026-04-19T22:43:00,1007.8,2026-04-19T15:52:00,,,25.2,26.8,2026-04-19T09:54:00,24.0,2026-04-19T06:16:00,,,,,,,5,3,2026-04-19T14:17:00,5.4,11.3,,
2026-04-20,,,,,,,,,,,,,,,,0.0,2026-04-20T01:00:00,,,0,,0.0,83,74,2026-04-20T17:17:00,90,2026-04-20T06:23:00,,,,,,,,,,,,,,,,,,,,,,,,,,,,,,,,,,,,,,,,,,,,,,,,,,,,,,,,,,,,,,,,,1010.9,1012.6,2026-04-20T22:14:00,1009.2,2026-04-20T16:50:00,,,25.6,26.8,2026-04-20T17:19:00,23.6,2026-04-20T01:49:00,,,,,,,347,353,2026-04-20T14:57:00,2.7,7.9,,
2026-04-21,,,,,,,,,,,,,,,,0.0,2026-04-21T01:00:00,,,0,,0.0,78,69,2026-04-21T01:19:00,88,2026-04-21T02:24:00,,,,,,,,,,,,,,,,,,,,,,,,,,,,,,,,,,,,,,,,,,,,,,,,,,,,,,,,,,,,,,,,,1010.3,1012.2,2026-04-21T08:25:00,1008.5,2026-04-21T15:46:00,,,26.1,28.0,2026-04-21T09:58:00,24.9,2026-04-21T02:30:00,,,,,,,25,336,2026-04-21T12:13:00,3.5,8.0,,
2026-04-22,,,,,,,,,,,,,,,,0.0,2026-04-22T01:00:00,,,0,,0.0,78,59,2026-04-22T09:37:00,88,2026-04-22T22:43:00,,,,,,,,,,,,,,,,,,,,,,,,,,,,,,,,,,,,,,,,,,,,,,,,,,,,,,,,,,,,,,,,,1007.5,1010.0,2026-04-22T00:01:00,1005.3,2026-04-22T15:23:00,,,27.2,29.8,2026-04-22T10:04:00,24.3,2026-04-22T05:59:00,,,,,,,215,211,2026-04-22T12:47:00,5.3,16.4,,
2026-04-23,,,,,,,,,,,,,,,,0.0,2026-04-23T01:00:00,,,0,,0.0,79,69,2026-04-23T10:48:00,91,2026-04-23T01:12:00,,,,,,,,,,,,,,,,,,,,,,,,,,,,,,,,,,,,,,,,,,,,,,,,,,,,,,,,,,,,,,,,,1007.4,1009.6,2026-04-23T22:08:00,1006.0,2026-04-23T14:55:00,,,27.1,28.4,2026-04-23T11:32:00,25.2,2026-04-23T06:12:00,,,,,,,245,245,2026-04-23T12:52:00,3.5,8.4,,
2026-04-24,,,,,,,,,,,,,,,,0.5,2026-04-24T10:00:00,,,0,,1.5,86,73,2026-04-24T01:13:00,94,2026-04-24T20:37:00,,,,,,,,,,,,,,,,,,,,,,,,,,,,,,,,,,,,,,,,,,,,,,,,,,,,,,,,,,,,,,,,,1010.3,1014.1,2026-04-24T21:58:00,1007.6,2026-04-24T02:44:00,,,24.6,27.0,2026-04-24T00:01:00,21.9,2026-04-24T21:40:00,,,,,,,47,37,2026-04-24T20:14:00,3.9,10.1,,
2026-04-25,,,,,,,,,,,,,,,,0.5,2026-04-25T11:00:00,,,0,,0.5,85,76,2026-04-25T13:39:00,96,2026-04-25T02:31:00,,,,,,,,,,,,,,,,,,,,,,,,,,,,,,,,,,,,,,,,,,,,,,,,,,,,,,,,,,,,,,,,,1012.6,1014.3,2026-04-25T09:21:00,1010.8,2026-04-25T02:20:00,,,22.6,23.7,2026-04-25T03:39:00,21.3,2026-04-25T05:30:00,,,,,,,45,38,2026-04-25T06:22:00,3.9,10.3,,
2026-04-26,,,,,,,,,,,,,,,,0.0,2026-04-26T01:00:00,,,0,,0.0,77,66,2026-04-26T18:00:00,87,2026-04-26T05:00:00,,,,,,,,,,,,,,,,,,,,,,,,,,,,,,,,,,,,,,,,,,,,,,,,,,,,,,,,,,,,,,,,,1011.2,1013.1,2026-04-26T09:00:00,1009.2,2026-04-26T15:34:00,,,23.8,25.5,2026-04-26T16:48:00,22.1,2026-04-26T03:28:00,,,,,,,6,8,2026-04-26T12:35:00,5.9,11.1,,
2026-04-27,,,,,,,,,,,,,,,,0.0,2026-04-27T01:00:00,,,0,,0.0,76,68,2026-04-27T15:38:00,89,2026-04-27T05:05:00,,,,,,,,,,,,,,,,,,,,,,,,,,,,,,,,,,,,,,,,,,,,,,,,,,,,,,,,,,,,,,,,,1011.3,1013.4,2026-04-27T09:32:00,1009.4,2026-04-27T16:30:00,,,24.6,26.4,2026-04-27T14:58:00,21.5,2026-04-27T04:41:00,,,,,,,5,28,2026-04-27T19:14:00,3.7,8.6,,
2026-04-28,,,,,,,,,,,,,,,,0.0,2026-04-28T01:00:00,,,0,,0.0,66,49,2026-04-28T14:59:00,85,2026-04-28T03:58:00,,,,,,,,,,,,,,,,,,,,,,,,,,,,,,,,,,,,,,,,,,,,,,,,,,,,,,,,,,,,,,,,,1009.9,1011.5,2026-04-28T00:01:00,1007.8,2026-04-28T16:39:00,,,25.8,27.9,2026-04-28T15:42:00,22.4,2026-04-28T05:50:00,,,,,,,5,2,2026-04-28T12:44:00,3.6,7.9,,
2026-04-29,,,,,,,,,,,,,,,,0.0,2026-04-29T01:00:00,,,0,,0.0,77,60,2026-04-29T00:01:00,91,2026-04-29T23:29:00,,,,,,,,,,,,,,,,,,,,,,,,,,,,,,,,,,,,,,,,,,,,,,,,,,,,,,,,,,,,,,,,,1009.2,1011.9,2026-04-29T22:13:00,1007.5,2026-04-29T03:53:00,,,27.0,29.8,2026-04-29T11:28:00,23.4,2026-04-29T04:07:00,,,,,,,234,211,2026-04-29T12:11:00,4.4,15.5,,
2026-04-30,,,,,,,,,,,,,,,,2.0,2026-04-30T04:00:00,,,0,,4.5,86,77,2026-04-30T19:02:00,94,2026-04-30T03:03:00,,,,,,,,,,,,,,,,,,,,,,,,,,,,,,,,,,,,,,,,,,,,,,,,,,,,,,,,,,,,,,,,,1011.3,1013.2,2026-04-30T22:31:00,1009.3,2026-04-30T02:56:00,,,22.6,26.8,2026-04-30T00:10:00,21.0,2026-04-30T23:50:00,,,,,,,41,28,2026-04-30T19:39:00,7.1,14.9,,
2026-05-01,,,,,,,,,,,,,,,,0.0,2026-05-01T01:00:00,,,0,,0.0,81,75,2026-05-01T05:36:00,86,2026-05-01T23:36:00,,,,,,,,,,,,,,,,,,,,,,,,,,,,,,,,,,,,,,,,,,,,,,,,,,,,,,,,,,,,,,,,,1012.0,1013.9,2026-05-01T09:21:00,1010.2,2026-05-01T16:28:00,,,22.9,24.3,2026-05-01T22:25:00,20.9,2026-05-01T00:09:00,,,,,,,39,32,2026-05-01T04:06:00,7.6,13.3,,
2026-05-02,,,,,,,,,,,,,,,,0.0,2026-05-02T01:00:00,,,0,,0.0,81,69,2026-05-02T13:33:00,88,2026-05-02T05:33:00,,,,,,,,,,,,,,,,,,,,,,,,,,,,,,,,,,,,,,,,,,,,,,,,,,,,,,,,,,,,,,,,,1010.3,1012.2,2026-05-02T00:01:00,1008.1,2026-05-02T16:17:00,,,25.2,26.9,2026-05-02T16:30:00,23.4,2026-05-02T05:05:00,,,,,,,347,346,2026-05-02T12:37:00,2.8,6.8,,
2026-05-03,,,,,,,,,,,,,,,,0.0,2026-05-03T01:00:00,,,0,,0.0,86,77,2026-05-03T08:28:00,92,2026-05-03T18:33:00,,,,,,,,,,,,,,,,,,,,,,,,,,,,,,,,,,,,,,,,,,,,,,,,,,,,,,,,,,,,,,,,,1008.8,1010.5,2026-05-03T22:37:00,1007.0,2026-05-03T16:00:00,,,27.0,28.7,2026-05-03T10:37:00,25.2,2026-05-03T01:11:00,,,,,,,294,211,2026-05-03T09:32:00,3.8,8.0,,
2026-05-04,,,,,,,,,,,,,,,,0.0,2026-05-04T01:00:00,,,0,,0.0,77,63,2026-05-04T13:57:00,91,2026-05-04T00:01:00,,,,,,,,,,,,,,,,,,,,,,,,,,,,,,,,,,,,,,,,,,,,,,,,,,,,,,,,,,,,,,,,,1011.4,1013.2,2026-05-04T22:15:00,1009.9,2026-05-04T02:26:00,,,24.9,26.3,2026-05-04T00:01:00,22.9,2026-05-04T21:42:00,,,,,,,21,12,2026-05-04T10:16:00,8.7,15.1,,
2026-05-05,,,,,,,,,,,,,,,,0.0,2026-05-05T01:00:00,,,0,,0.0,87,82,2026-05-05T13:37:00,91,2026-05-05T18:03:00,,,,,,,,,,,,,,,,,,,,,,,,,,,,,,,,,,,,,,,,,,,,,,,,,,,,,,,,,,,,,,,,,1011.7,1013.6,2026-05-05T09:51:00,1010.1,2026-05-05T16:09:00,,,22.7,24.0,2026-05-05T13:33:00,21.7,2026-05-05T19:58:00,,,,,,,40,33,2026-05-05T16:11:00,5.1,10.9,,
2026-05-06,,,,,,,,,,,,,,,,0.0,2026-05-06T01:00:00,,,0,,0.0,86,78,2026-05-06T09:07:00,93,2026-05-06T05:22:00,,,,,,,,,,,,,,,,,,,,,,,,,,,,,,,,,,,,,,,,,,,,,,,,,,,,,,,,,,,,,,,,,1010.4,1011.8,2026-05-06T08:45:00,1008.8,2026-05-06T16:22:00,,,24.2,25.5,2026-05-06T09:04:00,22.0,2026-05-06T05:13:00,,,,,,,10,16,2026-05-06T15:18:00,6.5,12.7,,
2026-05-07,,,,,,,,,,,,,,,,0.0,2026-05-07T01:00:00,,,0,,0.0,85,78,2026-05-07T13:34:00,93,2026-05-07T05:25:00,,,,,,,,,,,,,,,,,,,,,,,,,,,,,,,,,,,,,,,,,,,,,,,,,,,,,,,,,,,,,,,,,1010.0,1011.8,2026-05-07T08:33:00,1008.1,2026-05-07T15:39:00,,,25.7,27.2,2026-05-07T13:14:00,24.1,2026-05-07T05:18:00,,,,,,,47,354,2026-05-07T16:07:00,3.4,8.2,,
2026-05-08,,,,,,,,,,,,,,,,0.0,2026-05-08T01:00:00,,,0,,0.0,84,74,2026-05-08T09:15:00,90,2026-05-08T05:09:00,,,,,,,,,,,,,,,,,,,,,,,,,,,,,,,,,,,,,,,,,,,,,,,,,,,,,,,,,,,,,,,,,1010.5,1012.3,2026-05-08T22:39:00,1008.6,2026-05-08T15:44:00,,,25.7,27.2,2026-05-08T08:10:00,23.4,2026-05-08T23:38:00,,,,,,,31,17,2026-05-08T17:50:00,6.7,16.9,,
2026-05-09,,,,,,,,,,,,,,,,0.0,2026-05-09T01:00:00,,,0,,0.0,82,76,2026-05-09T10:24:00,88,2026-05-09T00:20:00,,,,,,,,,,,,,,,,,,,,,,,,,,,,,,,,,,,,,,,,,,,,,,,,,,,,,,,,,,,,,,,,,1011.5,1013.2,2026-05-09T09:16:00,1010.2,2026-05-09T14:49:00,,,23.7,25.3,2026-05-09T10:23:00,22.4,2026-05-09T04:02:00,,,,,,,40,18,2026-05-09T14:17:00,8.9,16.9,,
2026-05-10,,,,,,,,,,,,,,,,0.0,2026-05-10T01:00:00,,,0,,0.0,86,83,2026-05-10T09:24:00,90,2026-05-10T10:09:00,,,,,,,,,,,,,,,,,,,,,,,,,,,,,,,,,,,,,,,,,,,,,,,,,,,,,,,,,,,,,,,,,1011.0,1012.4,2026-05-10T09:00:00,1009.5,2026-05-10T16:10:00,,,24.3,25.2,2026-05-10T09:32:00,23.1,2026-05-10T02:31:00,,,,,,,8,12,2026-05-10T14:26:00,7.4,13.5,,
2026-05-11,,,,,,,,,,,,,,,,0.0,2026-05-11T01:00:00,,,0,,0.0,86,81,2026-05-11T08:56:00,92,2026-05-11T02:58:00,,,,,,,,,,,,,,,,,,,,,,,,,,,,,,,,,,,,,,,,,,,,,,,,,,,,,,,,,,,,,,,,,1009.2,1011.3,2026-05-11T07:47:00,1007.5,2026-05-11T23:57:00,,,25.0,26.3,2026-05-11T09:28:00,23.8,2026-05-11T03:05:00,,,,,,,43,7,2026-05-11T16:08:00,5.3,10.1,,
2026-05-12,,,,,,,,,,,,,,,,0.0,2026-05-12T01:00:00,,,0,,0.0,81,72,2026-05-12T15:03:00,89,2026-05-12T00:39:00,,,,,,,,,,,,,,,,,,,,,,,,,,,,,,,,,,,,,,,,,,,,,,,,,,,,,,,,,,,,,,,,,1006.6,1008.6,2026-05-12T08:57:00,1004.6,2026-05-12T16:25:00,,,25.8,27.1,2026-05-12T15:57:00,24.6,2026-05-12T00:59:00,,,,,,,8,345,2026-05-12T12:04:00,5.2,9.6,,
2026-05-13,,,,,,,,,,,,,,,,0.0,2026-05-13T01:00:00,,,0,,0.0,82,71,2026-05-13T09:43:00,89,2026-05-13T05:48:00,,,,,,,,,,,,,,,,,,,,,,,,,,,,,,,,,,,,,,,,,,,,,,,,,,,,,,,,,,,,,,,,,1005.8,1007.7,2026-05-13T10:31:00,1004.3,2026-05-13T16:56:00,,,26.4,28.3,2026-05-13T09:32:00,24.8,2026-05-13T04:58:00,,,,,,,287,13,2026-05-13T18:21:00,2.6,6.8,,
2026-05-14,,,,,,,,,,,,,,,,3.5,2026-05-14T18:00:00,,,0,,5.0,87,72,2026-05-14T10:32:00,95,2026-05-14T15:54:00,,,,,,,,,,,,,,,,,,,,,,,,,,,,,,,,,,,,,,,,,,,,,,,,,,,,,,,,,,,,,,,,,1006.2,1008.1,2026-05-14T22:16:00,1004.5,2026-05-14T01:07:00,,,25.9,29.3,2026-05-14T10:27:00,23.9,2026-05-14T17:41:00,,,,,,,22,19,2026-05-14T15:46:00,2.8,13.7,,
2026-05-15,,,,,,,,,,,,,,,,0.0,2026-05-15T01:00:00,,,0,,0.0,85,73,2026-05-15T10:01:00,93,2026-05-15T00:01:00,,,,,,,,,,,,,,,,,,,,,,,,,,,,,,,,,,,,,,,,,,,,,,,,,,,,,,,,,,,,,,,,,1007.3,1008.9,2026-05-15T10:04:00,1005.5,2026-05-15T16:25:00,,,26.2,28.2,2026-05-15T12:03:00,24.3,2026-05-15T00:43:00,,,,,,,8,9,2026-05-15T14:18:00,5.4,12.2,,
2026-05-16,,,,,,,,,,,,,,,,0.0,2026-05-16T01:00:00,,,0,,0.0,81,68,2026-05-16T10:11:00,89,2026-05-16T06:30:00,,,,,,,,,,,,,,,,,,,,,,,,,,,,,,,,,,,,,,,,,,,,,,,,,,,,,,,,,,,,,,,,,1008.8,1010.5,2026-05-16T22:24:00,1007.4,2026-05-16T01:50:00,,,27.1,29.1,2026-05-16T08:06:00,26.0,2026-05-16T04:26:00,,,,,,,13,270,2026-05-16T12:56:00,3.1,7.6,,
2026-05-17,,,,,,,,,,,,,,,,0.0,2026-05-17T01:00:00,,,0,,0.0,79,67,2026-05-17T08:34:00,84,2026-05-17T12:43:00,,,,,,,,,,,,,,,,,,,,,,,,,,,,,,,,,,,,,,,,,,,,,,,,,,,,,,,,,,,,,,,,,1009.1,1010.1,2026-05-17T00:01:00,1007.9,2026-05-17T15:44:00,,,26.8,28.5,2026-05-17T08:56:00,25.0,2026-05-17T05:25:00,,,,,,,237,260,2026-05-17T12:41:00,3.6,8.9,,
2026-05-18,,,,,,,,,,,,,,,,0.0,2026-05-18T01:00:00,,,0,,0.0,81,76,2026-05-18T08:18:00,86,2026-05-18T19:27:00,,,,,,,,,,,,,,,,,,,,,,,,,,,,,,,,,,,,,,,,,,,,,,,,,,,,,,,,,,,,,,,,,1008.9,1010.6,2026-05-18T10:32:00,1007.4,2026-05-18T16:14:00,,,26.3,27.4,2026-05-18T08:18:00,25.8,2026-05-18T04:27:00,,,,,,,250,277,2026-05-18T14:57:00,3.9,8.0,,
2026-05-19,,,,,,,,,,,,,,,,0.0,2026-05-19T01:00:00,,,0,,0.0,81,72,2026-05-19T15:50:00,89,2026-05-19T08:09:00,,,,,,,,,,,,,,,,,,,,,,,,,,,,,,,,,,,,,,,,,,,,,,,,,,,,,,,,,,,,,,,,,1008.4,1009.6,2026-05-19T09:00:00,1007.3,2026-05-19T16:04:00,,,26.3,27.6,2026-05-19T16:02:00,25.4,2026-05-19T08:16:00,,,,,,,299,251,2026-05-19T07:37:00,3.4,7.0,,
2026-05-20,,,,,,,,,,,,,,,,0.0,2026-05-20T01:00:00,,,0,,0.0,80,72,2026-05-20T08:44:00,85,2026-05-20T02:09:00,,,,,,,,,,,,,,,,,,,,,,,,,,,,,,,,,,,,,,,,,,,,,,,,,,,,,,,,,,,,,,,,,1008.0,1009.6,2026-05-20T22:36:00,1006.7,2026-05-20T15:50:00,,,27.2,28.6,2026-05-20T08:38:00,24.8,2026-05-20T05:34:00,,,,,,,250,249,2026-05-20T13:12:00,4.2,11.0,,
2026-05-21,,,,,,,,,,,,,,,,0.0,2026-05-21T01:00:00,,,0,,0.0,84,77,2026-05-21T10:54:00,90,2026-05-21T22:55:00,,,,,,,,,,,,,,,,,,,,,,,,,,,,,,,,,,,,,,,,,,,,,,,,,,,,,,,,,,,,,,,,,1009.9,1011.3,2026-05-21T08:27:00,1008.7,2026-05-21T02:35:00,,,27.8,28.9,2026-05-21T08:07:00,26.4,2026-05-21T05:30:00,,,,,,,253,261,2026-05-21T11:51:00,3.1,6.8,,
2026-05-22,,,,,,,,,,,,,,,,0.0,2026-05-22T01:00:00,,,0,,0.0,85,71,2026-05-22T10:24:00,92,2026-05-22T02:59:00,,,,,,,,,,,,,,,,,,,,,,,,,,,,,,,,,,,,,,,,,,,,,,,,,,,,,,,,,,,,,,,,,1009.5,1010.9,2026-05-22T07:01:00,1008.1,2026-05-22T15:51:00,,,28.0,30.1,2026-05-22T08:43:00,26.9,2026-05-22T04:09:00,,,,,,,268,269,2026-05-22T14:22:00,2.9,8.2,,
2026-05-23,,,,,,,,,,,,,,,,0.0,2026-05-23T01:00:00,,,0,,0.0,83,65,2026-05-23T16:30:00,92,2026-05-23T02:58:00,,,,,,,,,,,,,,,,,,,,,,,,,,,,,,,,,,,,,,,,,,,,,,,,,,,,,,,,,,,,,,,,,1009.2,1010.7,2026-05-23T08:49:00,1007.7,2026-05-23T16:28:00,,,28.0,29.4,2026-05-23T13:35:00,26.8,2026-05-23T05:27:00,,,,,,,274,277,2026-05-23T15:25:00,3.0,5.7,,
2026-05-24,,,,,,,,,,,,,,,,0.0,2026-05-24T01:00:00,,,0,,0.0,85,76,2026-05-24T12:03:00,91,2026-05-24T02:22:00,,,,,,,,,,,,,,,,,,,,,,,,,,,,,,,,,,,,,,,,,,,,,,,,,,,,,,,,,,,,,,,,,1008.9,1011.2,2026-05-24T08:55:00,1007.4,2026-05-24T02:35:00,,,28.5,30.2,2026-05-24T08:21:00,27.6,2026-05-24T02:31:00,,,,,,,254,269,2026-05-24T15:52:00,3.2,7.6,,
2026-05-25,,,,,,,,,,,,,,,,0.0,2026-05-25T01:00:00,,,0,,0.0,84,77,2026-05-25T09:04:00,90,2026-05-25T03:55:00,,,,,,,,,,,,,,,,,,,,,,,,,,,,,,,,,,,,,,,,,,,,,,,,,,,,,,,,,,,,,,,,,1007.5,1010.1,2026-05-25T09:29:00,1005.8,2026-05-25T16:36:00,,,28.9,30.2,2026-05-25T08:05:00,27.8,2026-05-25T06:36:00,,,,,,,271,274,2026-05-25T14:51:00,4.0,8.2,,
2026-05-26,,,,,,,,,,,,,,,,0.0,2026-05-26T01:00:00,,,0,,0.0,82,73,2026-05-26T11:20:00,90,2026-05-26T01:44:00,,,,,,,,,,,,,,,,,,,,,,,,,,,,,,,,,,,,,,,,,,,,,,,,,,,,,,,,,,,,,,,,,1006.6,1008.6,2026-05-26T09:13:00,1004.7,2026-05-26T15:17:00,,,29.0,29.8,2026-05-26T11:14:00,28.1,2026-05-26T05:06:00,,,,,,,256,260,2026-05-26T15:23:00,4.4,9.9,,
2026-05-27,,,,,,,,,,,,,,,,0.0,2026-05-27T01:00:00,,,0,,0.0,84,80,2026-05-27T14:21:00,88,2026-05-27T03:26:00,,,,,,,,,,,,,,,,,,,,,,,,,,,,,,,,,,,,,,,,,,,,,,,,,,,,,,,,,,,,,,,,,1007.3,1008.9,2026-05-27T09:06:00,1005.4,2026-05-27T17:24:00,,,28.9,29.7,2026-05-27T14:18:00,28.2,2026-05-27T04:49:00,,,,,,,247,247,2026-05-27T17:19:00,4.2,8.9,,
2026-05-28,,,,,,,,,,,,,,,,0.0,2026-05-28T01:00:00,,,0,,0.0,85,74,2026-05-28T11:39:00,91,2026-05-28T05:28:00,,,,,,,,,,,,,,,,,,,,,,,,,,,,,,,,,,,,,,,,,,,,,,,,,,,,,,,,,,,,,,,,,1007.6,1009.7,2026-05-28T10:22:00,1005.3,2026-05-28T16:29:00,,,28.8,30.3,2026-05-28T11:27:00,27.4,2026-05-28T05:05:00,,,,,,,241,255,2026-05-28T14:15:00,3.9,10.3,,
2026-05-29,,,,,,,,,,,,,,,,0.0,2026-05-29T01:00:00,,,0,,0.0,85,73,2026-05-29T19:08:00,91,2026-05-29T02:39:00,,,,,,,,,,,,,,,,,,,,,,,,,,,,,,,,,,,,,,,,,,,,,,,,,,,,,,,,,,,,,,,,,1007.1,1008.9,2026-05-29T22:03:00,1004.2,2026-05-29T15:46:00,,,28.7,29.9,2026-05-29T09:15:00,27.9,2026-05-29T03:00:00,,,,,,,2,13,2026-05-29T16:13:00,4.4,11.8,,
2026-05-30,,,,,,,,,,,,,,,,0.0,2026-05-30T01:00:00,,,0,,0.0,79,71,2026-05-30T15:14:00,85,2026-05-30T03:54:00,,,,,,,,,,,,,,,,,,,,,,,,,,,,,,,,,,,,,,,,,,,,,,,,,,,,,,,,,,,,,,,,,1006.4,1007.8,2026-05-30T00:06:00,1003.9,2026-05-30T16:49:00,,,28.1,29.8,2026-05-30T15:30:00,26.9,2026-05-30T23:18:00,,,,,,,343,4,2026-05-30T17:01:00,5.5,13.4,,
2026-05-31,,,,,,,,,,,,,,,,0.0,2026-05-31T01:00:00,,,0,,0.0,75,66,2026-05-31T09:10:00,82,2026-05-31T05:28:00,,,,,,,,,,,,,,,,,,,,,,,,,,,,,,,,,,,,,,,,,,,,,,,,,,,,,,,,,,,,,,,,,1005.7,1007.0,2026-05-31T09:46:00,1003.8,2026-05-31T16:55:00,,,26.9,28.5,2026-05-31T10:08:00,25.3,2026-05-31T07:01:00,,,,,,,12,12,2026-05-31T12:29:00,8.4,16.9,,
2026-06-01,,,,,,,,,,,,,,,,0.0,2026-06-01T01:00:00,,,0,,0.0,81,72,2026-06-01T09:51:00,90,2026-06-01T22:36:00,,,,,,,,,,,,,,,,,,,,,,,,,,,,,,,,,,,,,,,,,,,,,,,,,,,,,,,,,,,,,,,,,1005.6,1007.1,2026-06-01T08:34:00,1003.8,2026-06-01T16:21:00,,,26.5,27.9,2026-06-01T10:54:00,24.6,2026-06-01T05:34:00,,,,,,,5,1,2026-06-01T12:57:00,6.7,13.9,,
2026-06-02,,,,,,,,,,,,,,,,0.0,2026-06-02T01:00:00,,,0,,0.0,77,47,2026-06-02T15:23:00,89,2026-06-02T00:01:00,,,,,,,,,,,,,,,,,,,,,,,,,,,,,,,,,,,,,,,,,,,,,,,,,,,,,,,,,,,,,,,,,1005.4,1006.5,2026-06-02T08:59:00,1003.8,2026-06-02T16:57:00,,,27.6,29.8,2026-06-02T17:24:00,25.8,2026-06-02T03:10:00,,,,,,,290,271,2026-06-02T13:15:00,3.7,8.4,,
2026-06-03,,,,,,,,,,,,,,,,0.0,2026-06-03T01:00:00,,,0,,0.0,79,71,2026-06-03T08:53:00,87,2026-06-03T02:21:00,,,,,,,,,,,,,,,,,,,,,,,,,,,,,,,,,,,,,,,,,,,,,,,,,,,,,,,,,,,,,,,,,1004.1,1005.7,2026-06-03T06:30:00,1001.8,2026-06-03T16:39:00,,,28.6,29.9,2026-06-03T09:06:00,26.3,2026-06-03T02:51:00,,,,,,,243,190,2026-06-03T20:36:00,4.8,10.4,,
2026-06-04,,,,,,,,,,,,,,,,13.0,2026-06-04T20:00:00,,,0,,38.0,88,76,2026-06-04T00:08:00,96,2026-06-04T19:55:00,,,,,,,,,,,,,,,,,,,,,,,,,,,,,,,,,,,,,,,,,,,,,,,,,,,,,,,,,,,,,,,,,1002.6,1003.8,2026-06-04T19:01:00,1001.3,2026-06-04T23:45:00,,,27.4,29.4,2026-06-04T11:47:00,24.9,2026-06-04T20:07:00,,,,,,,192,231,2026-06-04T13:26:00,5.4,12.6,,
2026-06-05,,,,,,,,,,,,,,,,2.0,2026-06-05T08:00:00,,,0,,7.5,90,83,2026-06-05T11:34:00,97,2026-06-05T05:25:00,,,,,,,,,,,,,,,,,,,,,,,,,,,,,,,,,,,,,,,,,,,,,,,,,,,,,,,,,,,,,,,,,1002.4,1004.6,2026-06-05T22:26:00,1000.9,2026-06-05T04:24:00,,,27.0,28.5,2026-06-05T11:43:00,25.0,2026-06-05T06:19:00,,,,,,,8,4,2026-06-05T15:02:00,4.5,9.7,,
