sta_id,daily,hourly,monthly
B2U990,2025-01-21 02:04:42,2025-01-21 04:03:32,2025-01-21 05:10:52
C2E520,2025-01-21 02:05:35,2025-01-21 04:04:22,2025-01-20 05:10:56
C2E540,2025-01-21 02:05:39,2025-01-21 04:04:27,2025-01-21 05:11:35
C2E880,2025-01-21 02:05:43,2025-01-21 04:04:32,2025-01-19 05:10:34
C2F000,2025-01-21 02:05:46,2025-01-21 04:04:37,2025-01-18 05:10:47
C2F860,2025-01-21 02:06:10,2025-01-21 04:05:01,2025-01-21 05:11:55
C2F930,2025-01-21 02:06:13,2025-01-21 04:05:06,2025-01-20 05:11:18
C2F9A0,2025-01-21 02:06:17,2025-01-21 04:05:11,2025-01-21 05:11:55
C2FA00,2025-01-21 02:06:21,2025-01-21 04:05:16,2025-01-21 05:11:55
C2G640,2025-01-21 02:06:24,2025-01-21 04:05:20,2025-01-21 05:11:55
C2G840,2025-01-21 02:06:48,2025-01-21 04:05:45,2025-01-21 05:12:17
C2G870,2025-01-21 02:06:52,2025-01-21 04:05:49,2025-01-21 05:12:17
C2H950,2025-01-21 02:06:56,2025-01-21 04:05:54,2025-01-19 05:11:17
C2I090,2025-01-21 02:07:01,2025-01-21 04:05:58,2025-01-21 05:12:17
C2K240,2025-01-21 02:07:04,2025-01-21 04:06:04,2025-01-20 05:11:39
C2M410,2025-01-21 02:07:28,2025-01-21 04:06:30,2025-01-21 05:12:39
C2O810,2025-01-21 02:07:35,2025-01-21 04:06:36,2025-01-21 05:12:39
C2O930,2025-01-21 02:07:40,2025-01-21 04:06:41,2025-01-21 05:12:39
C2O950,2025-01-21 02:08:04,2025-01-21 04:07:05,2025-01-21 05:13:00
C2V250,2025-01-21 02:08:08,2025-01-21 04:07:10,2025-01-18 05:12:13
C2V260,2025-01-21 02:08:13,2025-01-21 04:07:14,2025-01-19 05:11:59
C2W230,2025-01-21 02:08:18,2025-01-21 04:07:18,2025-01-20 05:12:22
CAG100,2025-01-21 02:08:23,2025-01-21 04:07:24,2025-01-19 05:11:59
CAH030,2025-01-21 02:08:46,2025-01-21 04:07:48,2025-01-21 05:13:22
CAJ050,2025-01-21 02:08:50,2025-01-21 04:07:52,2025-01-21 05:13:22
CAL110,2025-01-21 02:08:54,2025-01-21 04:07:56,2025-01-21 05:13:22
CAN130,2025-01-21 02:08:58,2025-01-21 04:08:04,2025-01-16 05:13:59
CAN140,2025-01-21 02:09:02,2025-01-21 04:08:09,2025-01-21 05:13:22
CAQ030,2025-01-21 02:09:26,2025-01-21 04:08:35,2025-01-21 05:13:43
E2H360,2025-01-21 02:09:30,2025-01-21 04:08:43,2025-01-21 05:13:43
E2HA20,2025-01-21 02:09:35,2025-01-21 04:08:48,2025-01-20 05:13:05
E2K600,2025-01-21 02:09:40,2025-01-21 04:08:56,2025-01-19 05:12:43
E2P980,2025-01-21 02:09:45,2025-01-21 04:09:03,2025-01-20 05:13:05
E2P990,2025-01-21 02:10:07,,
E2S960,2025-01-21 02:10:12,2025-01-21 04:09:30,2025-01-21 05:14:05
E2S980,2025-01-21 02:10:16,2025-01-21 04:09:34,2025-01-21 05:14:05
G2AI50,2025-01-21 02:10:20,2025-01-21 04:09:37,2025-01-21 05:14:05
G2F820,2025-01-21 02:10:24,2025-01-21 04:09:43,2025-01-20 05:13:27
G2L020,2025-01-21 02:10:49,2025-01-21 04:10:11,2025-01-21 05:14:26
G2M350,2025-01-21 02:10:55,2025-01-21 04:10:18,2025-01-15 05:16:09
G2P820,2025-01-21 02:10:59,2025-01-21 04:10:25,2025-01-21 05:14:26
K2E360,2025-01-21 02:11:05,2025-01-21 04:10:30,2025-01-20 05:13:48
K2E710,2025-01-21 02:11:10,2025-01-21 04:10:34,2025-01-19 05:13:26
K2F750,2025-01-21 02:11:34,2025-01-21 04:11:02,2025-01-21 05:14:48
12J990,2025-01-21 02:00:11,2025-01-21 03:58:06,2025-01-16 05:09:19
12Q970,2025-01-21 02:00:17,2025-01-21 03:58:10,2025-01-21 05:08:43
12Q980,2025-01-21 02:00:21,2025-01-21 03:58:15,2025-01-20 05:08:04
42HA10,2025-01-21 02:00:25,2025-01-21 03:58:20,2025-01-21 05:08:43
72AI40,2025-01-21 02:00:49,2025-01-21 03:58:45,2025-01-21 05:09:04
72C440,2025-01-21 02:00:54,2025-01-21 03:58:50,2025-01-20 05:08:26
72D080,2025-01-21 02:00:59,2025-01-21 03:58:56,2025-01-19 05:08:02
72D680,2025-01-21 02:01:04,2025-01-21 03:59:04,2025-01-21 05:09:04
72G600,2025-01-21 02:01:08,2025-01-21 03:59:10,2025-01-19 05:08:02
72HA00,2025-01-21 02:01:34,2025-01-21 03:59:38,2025-01-19 05:08:03
72K220,2025-01-21 02:01:38,2025-01-21 03:59:43,2025-01-21 05:09:26
72M360,2025-01-21 02:01:43,2025-01-21 03:59:49,2025-01-17 05:06:45
72M700,2025-01-21 02:01:47,2025-01-21 03:59:58,2025-01-18 05:08:38
72N100,2025-01-21 02:01:51,2025-01-21 04:00:02,2025-01-21 05:09:26
72N240,2025-01-21 02:02:15,2025-01-21 04:00:29,2025-01-20 05:08:48
72Q010,2025-01-21 02:02:20,2025-01-21 04:00:36,2025-01-20 05:09:09
72S200,2025-01-21 02:02:25,2025-01-21 04:00:43,2025-01-21 05:09:47
72S590,2025-01-21 02:02:29,2025-01-21 04:00:49,2025-01-21 05:09:47
72T250,2025-01-21 02:02:33,2025-01-21 04:00:55,2025-01-20 05:09:09
72U480,2025-01-21 02:03:00,2025-01-21 04:01:22,2025-01-20 05:09:09
72V140,2025-01-21 02:03:05,2025-01-21 04:01:30,2025-01-17 05:07:28
82A750,2025-01-21 02:03:08,2025-01-21 04:01:34,2025-01-21 05:10:09
82C160,2025-01-21 02:03:14,2025-01-21 04:01:39,2025-01-18 05:09:21
82H320,2025-01-21 02:03:17,2025-01-21 04:01:43,2025-01-20 05:09:31
82H840,2025-01-21 02:03:42,2025-01-21 04:02:09,2025-01-20 05:09:31
82S580,2025-01-21 02:03:46,2025-01-21 04:02:15,2025-01-18 05:09:43
A2C560,2025-01-21 02:03:51,2025-01-21 04:02:23,2025-01-19 05:09:29
A2K360,2025-01-21 02:03:54,2025-01-21 04:02:29,2025-01-21 05:10:30
A2K630,2025-01-21 02:03:58,2025-01-21 04:02:35,2025-01-20 05:09:52
A2N290,2025-01-21 02:04:22,2025-01-21 04:03:02,2025-01-16 05:11:07
B2E890,2025-01-21 02:04:29,2025-01-21 04:03:09,2025-01-21 05:10:52
B2N890,2025-01-21 02:04:33,2025-01-21 04:03:16,2025-01-19 05:09:51
B2Q810,2025-01-21 02:04:37,2025-01-21 04:03:24,2025-01-20 05:10:14
U2H480,2025-01-21 02:11:38,2025-01-21 04:11:09,2025-01-20 05:14:10
U2HA30,2025-01-21 02:11:42,2025-01-21 04:11:14,2025-01-21 05:14:48
U2HA40,2025-01-21 02:11:46,2025-01-21 04:11:19,2025-01-17 05:12:08
U2HA50,2025-01-21 02:11:49,2025-01-21 04:11:24,2025-01-19 05:13:48
V2C250,2025-01-21 02:12:12,2025-01-21 04:11:47,2025-01-20 05:14:10
V2C260,2025-01-21 02:12:15,2025-01-21 04:11:50,2025-01-21 05:15:09
V2K610,2025-01-21 02:12:19,2025-01-21 04:11:54,2025-01-20 05:14:31
V2K620,2025-01-21 02:12:22,2025-01-21 04:11:59,2025-01-21 05:15:09
C0A520,2025-01-21 02:12:29,2025-01-21 04:12:00,2025-01-21 05:15:10
C0A530,2025-01-21 02:12:54,2025-01-21 04:12:21,2025-01-19 05:14:09
C0A550,2025-01-21 02:13:00,2025-01-21 04:12:23,2025-01-21 05:15:31
C0A570,2025-01-21 02:13:06,2025-01-21 04:12:24,2025-01-13 05:18:49
C0A640,2025-01-21 02:13:12,2025-01-21 04:12:25,2025-01-21 05:15:31
C0A770,2025-01-21 02:13:18,2025-01-21 04:12:27,2025-01-21 05:15:31
C0A860,2025-01-21 02:13:43,2025-01-21 04:12:48,2025-01-21 05:15:54
C0A870,2025-01-21 02:13:49,2025-01-21 04:12:49,2025-01-20 05:15:13
C0A890,2025-01-21 02:13:55,2025-01-21 04:12:51,2025-01-21 05:15:53
C0A931,2025-01-21 02:14:01,2025-01-21 04:12:52,2025-01-21 05:15:53
C0A940,2025-01-21 02:14:06,2025-01-21 04:12:54,2025-01-21 05:15:53
C0A950,2025-01-21 02:14:32,2025-01-21 04:13:15,2025-01-21 05:16:17
C0A970,2025-01-21 02:14:38,2025-01-21 04:13:16,2025-01-21 05:16:16
C0A980,2025-01-21 02:14:44,2025-01-21 04:13:17,2025-01-20 05:15:34
C0A9C0,2025-01-21 02:14:49,2025-01-21 04:13:19,2025-01-21 05:16:16
C0A9F0,2025-01-21 02:14:54,2025-01-21 04:13:20,2025-01-21 05:16:16
C0AC40,2025-01-21 02:15:20,2025-01-21 04:13:41,2025-01-18 05:15:25
C0AC60,2025-01-21 02:15:25,2025-01-21 04:13:43,2025-01-21 05:16:38
C0AC70,2025-01-21 02:15:31,2025-01-21 04:13:44,2025-01-18 05:15:46
C0AC80,2025-01-21 02:15:36,2025-01-21 04:13:45,2025-01-21 05:16:38
C0ACA0,2025-01-21 02:15:43,2025-01-21 04:13:46,2025-01-19 05:15:33
C0AD10,2025-01-21 02:16:08,2025-01-21 04:14:08,2025-01-21 05:17:00
C0AD30,2025-01-21 02:16:14,2025-01-21 04:14:09,2025-01-21 05:17:00
C0AD40,2025-01-21 02:16:19,2025-01-21 04:14:10,2025-01-21 05:17:00
C0AD50,2025-01-21 02:16:25,2025-01-21 04:14:11,2025-01-21 05:16:59
C0AG80,2025-01-21 02:16:31,2025-01-21 04:14:13,2025-01-21 05:17:00
C0AH00,2025-01-21 02:16:57,2025-01-21 04:14:34,2025-01-20 05:16:15
C0AH10,2025-01-21 02:17:03,2025-01-21 04:14:35,2025-01-17 05:14:34
C0AH30,2025-01-21 02:17:08,2025-01-21 04:14:36,2025-01-21 05:17:21
C0AH40,2025-01-21 02:17:13,2025-01-21 04:14:38,2025-01-21 05:17:21
C0AH50,2025-01-21 02:17:19,2025-01-21 04:14:39,2025-01-21 05:17:22
C0AH70,2025-01-21 02:17:44,2025-01-21 04:15:00,2025-01-20 05:16:36
C0AH80,2025-01-21 02:17:50,2025-01-21 04:15:01,2025-01-20 05:16:57
C0AH90,2025-01-21 02:17:55,2025-01-21 04:15:03,2025-01-21 05:17:45
C0AI00,2025-01-21 02:18:01,2025-01-21 04:15:04,2025-01-21 05:17:45
C0AI10,2025-01-21 02:18:06,2025-01-21 04:15:05,2025-01-21 05:17:44
C0AI20,2025-01-21 02:18:32,2025-01-21 04:15:27,2025-01-21 05:18:06
C0AI30,2025-01-21 02:18:37,2025-01-21 04:15:28,2025-01-21 05:18:06
C0AI40,2025-01-21 02:18:43,2025-01-21 04:15:29,2025-01-21 05:18:06
C0AJ20,2025-01-21 02:18:49,2025-01-21 04:15:30,2025-01-21 05:18:06
C0AJ30,2025-01-21 02:18:54,2025-01-21 04:15:32,2025-01-21 05:18:06
C0AJ40,2025-01-21 02:19:20,2025-01-21 04:15:53,2025-01-21 05:18:27
C0AJ50,2025-01-21 02:19:26,2025-01-21 04:15:54,2025-01-19 05:17:18
C0C590,2025-01-21 02:21:18,2025-01-21 04:16:51,2025-01-21 05:19:10
C0C670,2025-01-21 02:22:06,2025-01-21 04:17:18,2025-01-21 05:19:33
C0C700,2025-01-21 02:22:37,2025-01-21 04:17:40,2025-01-10 05:20:26
C0D430,2025-01-21 02:23:37,2025-01-21 04:18:09,2025-01-21 05:20:16
C0C750,2025-01-21 02:23:26,2025-01-21 04:18:07,2025-01-21 05:20:17
C0D650,2025-01-21 02:24:59,2025-01-21 04:18:59,2025-01-19 05:19:23
C0D700,2025-01-21 02:25:49,2025-01-21 04:19:25,2025-01-21 05:21:23
C0E610,2025-01-21 02:26:37,2025-01-21 04:19:51,2025-01-21 05:21:45
C0E740,2025-01-21 02:26:49,2025-01-21 04:19:54,2025-01-21 05:21:45
C0E830,2025-01-21 02:27:43,2025-01-21 04:20:22,2025-01-21 05:22:07
C0E920,2025-01-21 02:28:25,2025-01-21 04:20:48,2025-01-21 05:22:28
C0F0C0,2025-01-21 02:29:08,2025-01-21 04:21:13,2025-01-18 05:21:43
C0F9L0,2025-01-21 02:30:08,2025-01-21 04:21:43,2025-01-21 05:23:13
C0F9R0,2025-01-21 02:31:02,2025-01-21 04:22:10,2025-01-20 05:22:31
C0F9Y0,2025-01-21 02:32:15,2025-01-21 04:22:57,2025-01-21 05:24:21
C0FA30,2025-01-21 02:32:38,2025-01-21 04:23:03,2025-01-16 05:24:30
C0FA40,2025-01-21 02:33:04,2025-01-21 04:23:24,2025-01-21 05:24:44
C0FA20,2025-01-21 02:32:32,2025-01-21 04:23:02,2025-01-21 05:24:20
C0FA50,2025-01-21 02:33:09,2025-01-21 04:23:25,2025-01-21 05:24:42
C0G620,2025-01-21 02:33:16,2025-01-21 04:23:27,2025-01-21 05:24:43
C0G660,2025-01-21 02:33:28,2025-01-21 04:23:29,2025-01-21 05:24:44
C0G770,2025-01-21 02:34:10,2025-01-21 04:23:55,2025-01-14 05:23:45
C0G820,2025-01-21 02:34:54,2025-01-21 04:24:20,2025-01-21 05:25:29
C0G910,2025-01-21 02:35:51,2025-01-21 04:24:48,2025-01-21 05:25:50
C0H890,2025-01-21 02:36:44,2025-01-21 04:25:15,2025-01-21 05:26:13
C0H990,2025-01-21 02:37:15,2025-01-21 04:25:37,2025-01-16 05:26:35
C0I110,2025-01-21 02:38:03,2025-01-21 04:26:04,2025-01-21 05:26:57
C0I370,2025-01-21 02:38:14,2025-01-21 04:26:07,2025-01-21 05:26:57
C0I460,2025-01-21 02:39:02,2025-01-21 04:26:33,2025-01-19 05:25:39
C0I420,2025-01-21 02:38:56,2025-01-21 04:26:32,2025-01-14 05:25:51
C0I530,2025-01-21 02:39:44,2025-01-21 04:26:58,2025-01-21 05:27:42
C0K390,2025-01-21 02:40:38,2025-01-21 04:27:26,2025-01-21 05:28:04
C0K430,2025-01-21 02:41:19,2025-01-21 04:27:51,2025-01-21 05:28:25
C0K470,2025-01-21 02:42:01,2025-01-21 04:28:15,2025-01-19 05:27:03
C0K560,2025-01-21 02:42:55,2025-01-21 04:28:43,2025-01-21 05:29:08
C0K580,2025-01-21 02:43:02,2025-01-21 04:28:44,2025-01-21 05:29:09
C0M520,2025-01-21 02:43:39,2025-01-21 04:29:08,2025-01-21 05:29:29
C0M680,2025-01-21 02:44:34,2025-01-21 04:29:36,2025-01-20 05:28:26
C0M690,2025-01-21 02:44:39,2025-01-21 04:29:37,2025-01-17 05:26:25
C0M700,2025-01-21 02:44:45,2025-01-21 04:29:38,2025-01-16 05:29:44
C0M710,2025-01-21 02:45:10,2025-01-21 04:30:00,2025-01-19 05:28:06
C0M740,2025-01-21 02:45:28,2025-01-21 04:30:04,2025-01-17 05:26:46
C0M770,2025-01-21 02:46:04,2025-01-21 04:30:27,2025-01-16 05:30:26
C0M790,2025-01-21 02:46:15,2025-01-21 04:30:30,2025-01-19 05:28:48
C0M850,2025-01-21 02:46:57,2025-01-21 04:30:55,2025-01-10 05:30:54
C0N030,2025-01-21 02:47:45,2025-01-21 04:31:21,2025-01-21 05:31:15
C0O960,2025-01-21 02:48:43,2025-01-21 04:31:50,2025-01-21 05:31:36
C0O990,2025-01-21 02:49:20,2025-01-21 04:32:14,2025-01-18 05:30:26
C0R170,2025-01-20 02:50:27,2025-01-20 04:32:18,2025-01-15 05:33:19
C0R220,2025-01-21 02:50:22,2025-01-21 04:32:43,2025-01-20 05:30:53
C0R280,2025-01-21 02:51:04,2025-01-21 04:33:08,2025-01-13 05:35:15
C0R341,2025-01-21 02:51:36,2025-01-21 04:33:30,2025-01-21 05:33:01
C0R560,2025-01-21 02:52:45,2025-01-21 04:34:01,2025-01-21 05:33:23
C0R600,2025-01-21 02:53:27,2025-01-21 04:34:26,2025-01-21 05:33:45
C0R570,2025-01-21 02:53:10,2025-01-21 04:34:23,2025-01-18 05:32:10
C0R650,2025-01-21 02:54:03,2025-01-21 04:34:50,2025-01-21 05:34:08
C0R660,2025-01-21 02:54:09,2025-01-21 04:34:51,2025-01-21 05:34:08
C0R690,2025-01-21 02:54:46,2025-01-21 04:35:15,2025-01-20 05:32:58
C0R780,2025-01-21 02:55:55,2025-01-21 04:35:46,2025-01-12 05:40:54
C0R770,2025-01-21 02:55:50,2025-01-21 04:35:44,2025-01-21 05:34:51
C0R820,2025-01-21 02:56:37,2025-01-21 04:36:11,2025-01-21 05:35:13
C0R870,2025-01-21 02:57:24,2025-01-21 04:36:37,2025-01-21 05:35:35
C0R910,2025-01-21 02:58:06,2025-01-21 04:37:02,2025-01-21 05:35:57
C0S660,2025-01-21 02:58:48,2025-01-21 04:37:27,2025-01-21 05:36:19
C0S740,2025-01-21 02:59:38,2025-01-21 04:37:54,2025-01-21 05:36:41
C0S890,2025-01-21 03:00:48,2025-01-21 04:38:24,2025-01-19 05:35:04
C0S910,2025-01-21 03:01:20,2025-01-21 04:38:46,2025-01-21 05:37:24
C0S970,2025-01-21 03:02:13,2025-01-21 04:39:13,2025-01-19 05:35:46
C0SA20,2025-01-21 03:03:02,2025-01-21 04:39:40,2025-01-21 05:38:06
C0SA80,2025-01-21 03:03:44,2025-01-21 04:40:05,2025-01-21 05:38:28
C0T820,2025-01-21 03:04:00,2025-01-21 04:40:09,2025-01-19 05:36:28
C0T900,2025-01-21 03:04:32,2025-01-21 04:40:31,2025-01-21 05:38:50
C0T9F0,2025-01-21 03:05:25,2025-01-21 04:40:59,2025-01-21 05:39:12
C0U520,2025-01-21 03:06:18,2025-01-21 04:41:27,2025-01-21 05:39:34
C0U720,2025-01-21 03:07:00,2025-01-21 04:41:53,2025-01-21 05:39:56
C0U860,2025-01-21 03:07:49,2025-01-21 04:42:19,2025-01-12 05:46:08
C0U910,2025-01-21 03:08:36,2025-01-21 04:42:45,2025-01-21 05:40:40
C0U960,2025-01-21 03:09:13,2025-01-21 04:43:09,2025-01-18 05:39:08
C0U970,2025-01-21 03:09:19,2025-01-21 04:43:10,2025-01-21 05:41:01
C0UA20,2025-01-21 03:10:09,2025-01-21 04:43:37,2025-01-20 05:39:36
C0UA70,2025-01-21 03:10:56,2025-01-21 04:44:03,2025-01-15 05:42:24
C0V210,2025-01-21 03:11:51,2025-01-21 04:44:31,2025-01-21 05:42:05
C0V350,2025-01-21 03:12:02,2025-01-21 04:44:33,2025-01-20 05:40:17
C0V360,2025-01-21 03:12:28,2025-01-21 04:44:54,2025-01-21 05:42:26
C0V630,2025-01-21 03:13:39,2025-01-21 04:45:26,2025-01-20 05:40:59
C0V640,2025-01-21 03:14:05,2025-01-21 04:45:48,2025-01-21 05:43:08
C0V730,2025-01-21 03:15:13,2025-01-21 04:46:18,2025-01-21 05:43:29
C0V800,2025-01-21 03:16:09,2025-01-21 04:46:45,2025-01-14 05:41:55
C0V840,2025-01-21 03:16:47,2025-01-21 04:47:09,2025-01-21 05:44:13
C0V860,2025-01-21 03:16:59,2025-01-21 04:47:12,2025-01-19 05:42:02
C0V870,2025-01-21 03:17:26,2025-01-21 04:47:33,2025-01-21 05:44:34
C0V880,2025-01-21 03:17:32,2025-01-21 04:47:34,2025-01-21 05:44:34
C0W120,2025-01-21 03:18:21,2025-01-21 04:47:59,2025-01-21 05:44:56
C0W130,2025-01-21 03:18:29,2025-01-21 04:48:01,2025-01-15 05:45:33
C0X050,2025-01-21 03:19:39,2025-01-21 04:48:31,2025-01-21 05:45:17
C0X100,2025-01-21 03:20:20,2025-01-21 04:48:55,2025-01-20 05:43:46
C0X120,2025-01-21 03:20:32,2025-01-21 04:48:57,2025-01-19 05:43:26
C0X150,2025-01-21 03:21:10,2025-01-21 04:49:21,2025-01-21 05:45:59
C0X160,2025-01-21 03:21:17,2025-01-21 04:49:22,2025-01-21 05:46:00
C0X170,2025-01-21 03:21:23,2025-01-21 04:49:23,2025-01-21 05:46:00
C0X190,2025-01-21 03:21:55,2025-01-21 04:49:46,2025-01-21 05:46:21
C0X230,2025-01-21 03:22:40,2025-01-21 04:50:10,2025-01-21 05:46:44
C0X290,2025-01-21 03:23:33,2025-01-21 04:50:37,2025-01-21 05:47:05
C0Z080,2025-01-21 03:24:39,2025-01-21 04:51:06,2025-01-21 05:47:26
C0Z190,2025-01-21 03:25:37,2025-01-21 04:51:34,2025-01-21 05:47:47
C0Z210,2025-01-21 03:26:08,2025-01-21 04:51:56,2025-01-21 05:48:08
C0Z300,2025-01-21 03:27:11,2025-01-21 04:52:26,2025-01-21 05:48:30
C1A9N0,2025-01-21 03:28:13,2025-01-21 04:52:54,2025-01-21 05:48:51
C1A750,2025-01-21 03:28:02,2025-01-21 04:52:52,2025-01-21 05:48:51
C1AI60,2025-01-21 03:28:50,2025-01-21 04:53:18,2025-01-19 05:46:58
C1D410,2025-01-21 03:29:33,2025-01-21 04:53:43,2025-01-21 05:49:34
C1E601,2025-01-21 03:30:43,2025-01-21 04:54:12,2025-01-21 05:49:55
C1E461,2025-01-21 03:30:23,2025-01-21 04:54:09,2025-01-21 05:49:55
C1E480,2025-01-21 03:30:31,2025-01-21 04:54:10,2025-01-21 05:49:55
C1E701,2025-01-21 03:31:31,2025-01-21 04:54:37,2025-01-21 05:50:17
C1E721,2025-01-21 03:32:04,2025-01-21 04:54:59,2025-01-21 05:50:38
C0X080,2025-01-21 03:20:12,2025-01-21 04:48:53,2025-01-21 05:45:38
C0X130,2025-01-21 03:20:58,2025-01-21 04:49:18,2025-01-21 05:46:00
C0X220,2025-01-21 03:22:14,2025-01-21 04:49:49,2025-01-21 05:46:21
C0X280,2025-01-21 03:23:06,2025-01-21 04:50:15,2025-01-21 05:46:43
C0Z020,2025-01-21 03:23:53,2025-01-21 04:50:40,2025-01-21 05:47:05
C0Z061,2025-01-21 03:24:27,2025-01-21 04:51:03,2025-01-21 05:47:25
C0Z170,2025-01-21 03:25:25,2025-01-21 04:51:31,2025-01-21 05:47:46
C0Z250,2025-01-21 03:26:27,2025-01-21 04:52:00,2025-01-21 05:48:08
C0Z290,2025-01-21 03:27:05,2025-01-21 04:52:23,2025-01-21 05:48:30
C1A760,2025-01-21 03:28:07,2025-01-21 04:52:53,2025-01-21 05:48:51
C0Z330,2025-01-21 03:27:50,2025-01-21 04:52:50,2025-01-21 05:48:51
C1AI50,2025-01-21 03:28:45,2025-01-21 04:53:17,2025-01-18 05:47:09
C1C510,2025-01-21 03:28:56,2025-01-21 04:53:19,2025-01-21 05:49:13
C1D630,2025-01-21 03:29:45,2025-01-21 04:53:45,2025-01-18 05:47:30
C1E451,2025-01-21 03:30:17,2025-01-21 04:54:07,2025-01-21 05:49:55
C1E681,2025-01-21 03:31:16,2025-01-21 04:54:34,2025-01-21 05:50:17
C1E770,2025-01-21 03:32:10,2025-01-21 04:55:00,2025-01-21 05:50:38
C1F941,2025-01-21 03:33:05,2025-01-21 04:55:28,2025-01-18 05:48:54
C1F9J1,2025-01-21 03:34:06,2025-01-21 04:55:56,2025-01-21 05:51:20
C1F9G1,2025-01-21 03:34:01,2025-01-21 04:55:55,2025-01-21 05:51:20
C1F9W0,2025-01-21 03:34:33,2025-01-21 04:56:17,2025-01-20 05:49:41
C1G691,2025-01-21 03:34:38,2025-01-21 04:56:18,2025-01-21 05:51:42
C1H941,2025-01-21 03:35:43,2025-01-21 04:56:46,2025-01-21 05:52:03
C1I020,2025-01-21 03:36:22,2025-01-21 04:57:10,2025-01-21 05:52:24
C1I140,2025-01-21 03:37:23,2025-01-21 04:57:38,2025-01-21 05:52:46
C1I230,2025-01-21 03:38:10,2025-01-21 04:58:04,2025-01-18 05:50:59
C1I250,2025-01-21 03:38:43,2025-01-21 04:58:27,2025-01-21 05:53:28
C1I430,2025-01-21 03:39:56,2025-01-21 04:58:57,2025-01-21 05:53:50
C1I340,2025-01-21 03:39:44,2025-01-21 04:58:55,2025-01-19 05:51:31
C1I470,2025-01-21 03:40:34,2025-01-21 04:59:21,2025-01-19 05:51:52
C1I510,2025-01-21 03:40:44,2025-01-21 04:59:23,2025-01-18 05:52:02
C1I550,2025-01-21 03:41:11,2025-01-21 04:59:45,2025-01-18 05:52:22
C1M600,2025-01-21 03:42:01,2025-01-21 05:00:11,2025-01-21 05:54:53
C1O870,2025-01-21 03:42:57,2025-01-21 05:00:39,2025-01-21 05:55:14
C1R110,2025-01-21 03:43:43,2025-01-21 05:01:04,2025-01-21 05:55:36
C1R630,2025-01-21 03:44:35,2025-01-21 05:01:30,2025-01-19 05:53:36
C1SA50,2025-01-21 03:45:40,2025-01-21 05:02:00,2025-01-20 05:54:13
C1S880,2025-01-21 03:45:35,2025-01-21 05:01:59,2025-01-21 05:56:19
C1T810,2025-01-21 03:46:17,2025-01-21 05:02:24,2025-01-18 05:54:28
C1T940,2025-01-21 03:46:35,2025-01-21 05:02:27,2025-01-21 05:56:40
C1TA00,2025-01-21 03:47:25,2025-01-21 05:02:53,2025-01-21 05:57:03
C1U670,2025-01-21 03:47:56,2025-01-21 05:03:15,2025-01-21 05:57:24
C1V160,2025-01-21 03:48:43,2025-01-21 05:03:42,2025-01-21 05:57:47
C1V231,2025-01-21 03:49:31,2025-01-21 05:04:08,2025-01-21 05:58:08
C1V300,2025-01-21 03:49:36,2025-01-21 05:04:10,2025-01-21 05:58:08
C1V580,2025-01-21 03:50:19,2025-01-21 05:04:34,2025-01-18 05:56:12
C1X040,2025-01-21 03:51:07,2025-01-21 05:05:00,2025-01-21 05:58:52
C1Z130,2025-01-21 03:51:55,2025-01-21 05:05:26,2025-01-21 05:59:13
466881,2025-01-21 03:52:35,2025-01-21 05:05:51,2025-01-21 05:59:34
467080,2025-01-21 03:53:56,2025-01-21 05:06:25,2025-01-21 05:59:55
467280,2025-01-21 03:54:34,2025-01-21 05:06:50,2025-01-18 05:57:57
467480,2025-01-21 03:55:42,2025-01-21 05:07:22,2025-01-21 06:00:38
467540,2025-01-21 03:56:22,2025-01-21 05:07:46,2025-01-21 06:01:00
467590,2025-01-21 03:57:01,2025-01-21 05:08:11,2025-01-18 05:59:00
467990,2025-01-21 03:57:59,2025-01-21 05:08:40,2025-01-21 06:01:42
C0AJ60,2025-01-21 02:19:32,2025-01-21 04:15:55,2025-01-21 05:18:27
C0AJ70,2025-01-21 02:19:38,2025-01-21 04:15:57,2025-01-21 05:18:28
C0AJ80,2025-01-21 02:19:43,2025-01-21 04:15:58,2025-01-21 05:18:28
C0AJ90,2025-01-21 02:20:09,2025-01-21 04:16:19,2025-01-21 05:18:49
C0B010,2025-01-21 02:20:14,2025-01-21 04:16:21,2025-01-21 05:18:49
C0B020,2025-01-21 02:20:19,2025-01-21 04:16:22,2025-01-21 05:18:50
C0B040,2025-01-21 02:20:25,2025-01-21 04:16:23,2025-01-21 05:18:49
C0B050,2025-01-21 02:20:30,2025-01-21 04:16:25,2025-01-21 05:18:49
C0B060,2025-01-21 02:20:56,2025-01-21 04:16:46,2025-01-21 05:19:10
C0C460,2025-01-21 02:21:01,2025-01-21 04:16:47,2025-01-21 05:19:11
C0C480,2025-01-21 02:21:07,2025-01-21 04:16:48,2025-01-20 05:18:21
C0C490,2025-01-21 02:21:13,2025-01-21 04:16:50,2025-01-21 05:19:10
C0C620,2025-01-21 02:21:44,2025-01-21 04:17:12,2025-01-20 05:18:21
C0C630,2025-01-21 02:21:50,2025-01-21 04:17:14,2025-01-19 05:18:20
C0C650,2025-01-21 02:21:55,2025-01-21 04:17:15,2025-01-20 05:18:42
C0C660,2025-01-21 02:22:01,2025-01-21 04:17:16,2025-01-21 05:19:32
C0C680,2025-01-21 02:22:31,2025-01-21 04:17:39,2025-01-21 05:19:55
C0C710,2025-01-21 02:22:42,2025-01-21 04:17:42,2025-01-21 05:19:54
C0C720,2025-01-21 02:22:48,2025-01-21 04:17:43,2025-01-21 05:19:54
C0C730,2025-01-21 02:22:54,2025-01-21 04:17:44,2025-01-19 05:18:41
C0C740,2025-01-21 02:23:20,2025-01-21 04:18:06,2025-01-21 05:20:17
C0D360,2025-01-21 02:23:32,2025-01-21 04:18:08,2025-01-21 05:20:16
C0D480,2025-01-21 02:23:43,2025-01-21 04:18:11,2025-01-19 05:19:02
C0D540,2025-01-21 02:24:09,2025-01-21 04:18:32,2025-01-21 05:20:38
C0D550,2025-01-21 02:24:15,2025-01-21 04:18:34,2025-01-21 05:20:39
C0D560,2025-01-21 02:24:21,2025-01-21 04:18:35,2025-01-21 05:20:39
C0D580,2025-01-21 02:24:27,2025-01-21 04:18:36,2025-01-21 05:20:38
C0D590,2025-01-21 02:24:32,2025-01-21 04:18:37,2025-01-21 05:20:39
C0D660,2025-01-21 02:25:05,2025-01-21 04:19:00,2025-01-20 05:20:06
C0D670,2025-01-21 02:25:11,2025-01-21 04:19:01,2025-01-21 05:21:00
C0D680,2025-01-21 02:25:17,2025-01-21 04:19:02,
C0D690,2025-01-21 02:25:23,2025-01-21 04:19:04,
C0E420,2025-01-21 02:25:54,2025-01-21 04:19:26,2025-01-21 05:21:22
C0E430,2025-01-21 02:26:00,2025-01-21 04:19:27,2025-01-20 05:20:26
C0E550,2025-01-21 02:26:06,2025-01-21 04:19:29,2025-01-19 05:20:05
C0E590,2025-01-21 02:26:12,2025-01-21 04:19:30,2025-01-21 05:21:22
C0E730,2025-01-21 02:26:43,2025-01-21 04:19:53,2025-01-21 05:21:45
C0E750,2025-01-21 02:26:54,2025-01-21 04:19:55,2025-01-21 05:21:45
C0E780,2025-01-21 02:27:00,2025-01-21 04:19:56,2025-01-21 05:21:45
C0E791,2025-01-21 02:27:25,2025-01-21 04:20:17,2025-01-20 05:20:47
C0E810,2025-01-21 02:27:31,2025-01-21 04:20:19,2025-01-19 05:20:47
C0E820,2025-01-21 02:27:38,2025-01-21 04:20:20,2025-01-21 05:22:07
C0E850,2025-01-21 02:27:48,2025-01-21 04:20:24,
C0E870,2025-01-21 02:28:14,2025-01-21 04:20:45,2025-01-20 05:21:08
C0E910,2025-01-21 02:28:20,2025-01-21 04:20:46,2025-01-21 05:22:28
C0E930,2025-01-21 02:28:31,2025-01-21 04:20:49,2025-01-21 05:22:29
C0F0A0,2025-01-21 02:28:36,2025-01-21 04:20:50,2025-01-19 05:21:08
C0F0B0,2025-01-21 02:29:02,2025-01-21 04:21:11,2025-01-21 05:22:52
C0F0D0,2025-01-21 02:29:13,2025-01-21 04:21:15,2025-01-21 05:22:51
C0F0E0,2025-01-21 02:29:19,2025-01-21 04:21:16,2025-01-21 05:22:51
C0F850,2025-01-21 02:29:25,2025-01-21 04:21:17,2025-01-21 05:22:51
C0F970,2025-01-21 02:29:50,2025-01-21 04:21:39,2025-01-21 05:23:14
C0F9I0,2025-01-21 02:29:56,2025-01-21 04:21:40,2025-01-21 05:23:13
C0F9K0,2025-01-21 02:30:01,2025-01-21 04:21:41,2025-01-21 05:23:13
C0F9M0,2025-01-21 02:30:13,2025-01-21 04:21:44,2025-01-21 05:23:13
C0F9N0,2025-01-21 02:30:39,2025-01-21 04:22:05,2025-01-21 05:23:37
C0F9O0,2025-01-21 02:30:45,2025-01-21 04:22:06,2025-01-21 05:23:37
C0F9P0,2025-01-21 02:30:50,2025-01-21 04:22:08,2025-01-21 05:23:37
C0F9Q0,2025-01-21 02:30:56,2025-01-21 04:22:09,
C0F9S0,2025-01-21 02:31:28,2025-01-21 04:22:31,2025-01-21 05:23:59
C0F9T0,2025-01-21 02:31:33,2025-01-21 04:22:33,2025-01-21 05:23:59
C0F9U0,2025-01-21 02:31:39,2025-01-21 04:22:34,2025-01-20 05:22:52
C0F9V0,2025-01-21 02:31:45,2025-01-21 04:22:35,
C0F9X0,2025-01-21 02:31:50,2025-01-21 04:22:36,2025-01-21 05:23:58
C0F9Z0,2025-01-21 02:32:21,2025-01-21 04:22:59,2025-01-21 05:24:21
C0FA10,2025-01-21 02:32:27,2025-01-21 04:23:00,2025-01-21 05:24:21
C0G650,2025-01-21 02:33:22,2025-01-21 04:23:28,2025-01-21 05:24:43
C0G720,2025-01-21 02:33:54,2025-01-21 04:23:51,2025-01-19 05:23:14
C0G730,2025-01-21 02:33:59,2025-01-21 04:23:52,2025-01-21 05:25:06
C0G740,2025-01-21 02:34:05,2025-01-21 04:23:54,2025-01-21 05:25:07
C0G780,2025-01-21 02:34:16,2025-01-21 04:23:57,2025-01-21 05:25:06
C0G800,2025-01-21 02:34:42,2025-01-21 04:24:18,2025-01-21 05:25:28
C0G810,2025-01-21 02:34:48,2025-01-21 04:24:19,
C0G830,2025-01-21 02:34:59,2025-01-21 04:24:22,
C0G860,2025-01-21 02:35:08,2025-01-21 04:24:23,
C0G880,2025-01-21 02:35:33,2025-01-21 04:24:44,2025-01-20 05:24:16
C0G890,2025-01-21 02:35:40,2025-01-21 04:24:45,2025-01-21 05:25:51
C0G900,2025-01-21 02:35:45,2025-01-21 04:24:46,2025-01-21 05:25:51
C0G920,2025-01-21 02:35:56,2025-01-21 04:24:49,2025-01-21 05:25:50
C0G940,2025-01-21 02:36:22,2025-01-21 04:25:10,2025-01-21 05:26:13
C0G950,2025-01-21 02:36:27,2025-01-21 04:25:11,2025-01-21 05:26:14
C0G960,2025-01-21 02:36:33,2025-01-21 04:25:13,2025-01-21 05:26:14
C0G970,2025-01-21 02:36:38,2025-01-21 04:25:14,2025-01-21 05:26:14
C0H960,2025-01-21 02:37:09,2025-01-21 04:25:36,2025-01-20 05:24:57
C0H9A0,2025-01-21 02:37:21,2025-01-21 04:25:39,
C0H9C0,2025-01-21 02:37:26,2025-01-21 04:25:40,2025-01-20 05:25:18
C0I010,2025-01-21 02:37:32,2025-01-21 04:25:42,2025-01-21 05:26:35
C0I080,2025-01-21 02:37:58,2025-01-21 04:26:03,2025-01-21 05:26:57
C0I360,2025-01-21 02:38:09,2025-01-21 04:26:05,2025-01-21 05:26:57
C0I380,2025-01-21 02:38:20,2025-01-21 04:26:08,
C0I390,2025-01-21 02:38:45,2025-01-21 04:26:29,2025-01-21 05:27:19
C0I410,2025-01-21 02:38:51,2025-01-21 04:26:30,2025-01-21 05:27:19
C0I480,2025-01-21 02:39:08,2025-01-21 04:26:34,2025-01-20 05:26:00
C0I490,2025-01-21 02:39:33,2025-01-21 04:26:55,2025-01-21 05:27:41
C0I520,2025-01-21 02:39:39,2025-01-21 04:26:57,2025-01-21 05:27:42
C0I540,2025-01-21 02:39:49,2025-01-21 04:26:59,2025-01-21 05:27:42
C0K250,2025-01-21 02:39:55,2025-01-21 04:27:01,2025-01-21 05:27:41
C0K280,2025-01-21 02:40:21,2025-01-21 04:27:22,2025-01-20 05:26:21
C0K291,2025-01-21 02:40:27,2025-01-21 04:27:23,2025-01-21 05:28:03
C0K330,2025-01-21 02:40:32,2025-01-21 04:27:24,2025-01-21 05:28:03
C0K400,2025-01-21 02:40:43,2025-01-21 04:27:27,2025-01-21 05:28:03
C0K410,2025-01-21 02:41:09,2025-01-21 04:27:48,2025-01-21 05:28:25
C0K420,2025-01-21 02:41:14,2025-01-21 04:27:49,
C0K440,2025-01-21 02:41:25,2025-01-21 04:27:52,2025-01-21 05:28:25
C0K450,2025-01-21 02:41:30,2025-01-21 04:27:53,2025-01-21 05:28:25
C0K460,2025-01-21 02:41:56,2025-01-21 04:28:14,2025-01-21 05:28:47
C0K480,2025-01-21 02:42:07,2025-01-21 04:28:17,2025-01-21 05:28:47
C0K500,2025-01-21 02:42:12,2025-01-21 04:28:18,2025-01-21 05:28:47
C0K510,2025-01-21 02:42:18,2025-01-21 04:28:19,
C0K530,2025-01-21 02:42:44,2025-01-21 04:28:40,2025-01-21 05:29:08
C0K550,2025-01-21 02:42:49,2025-01-21 04:28:41,2025-01-21 05:29:08
C0K590,2025-01-21 02:43:08,2025-01-21 04:28:45,2025-01-21 05:29:09
C0K600,2025-01-21 02:43:33,2025-01-21 04:29:06,2025-01-20 05:27:45
C0M530,2025-01-21 02:43:45,2025-01-21 04:29:09,
C0M640,2025-01-21 02:43:50,2025-01-21 04:29:10,
C0M650,2025-01-21 02:43:56,2025-01-21 04:29:12,2025-01-21 05:29:30
C0M660,2025-01-21 02:44:22,2025-01-21 04:29:33,2025-01-20 05:28:05
C0M670,2025-01-21 02:44:27,2025-01-21 04:29:34,2025-01-21 05:29:51
C0M720,2025-01-21 02:45:16,2025-01-21 04:30:01,
C0M730,2025-01-21 02:45:22,2025-01-21 04:30:02,2025-01-21 05:30:12
C0M750,2025-01-21 02:45:33,2025-01-21 04:30:05,2025-01-20 05:28:47
C0M760,2025-01-21 02:45:59,2025-01-21 04:30:26,
C0M780,2025-01-21 02:46:10,2025-01-21 04:30:29,2025-01-21 05:30:33
C0M800,2025-01-21 02:46:21,2025-01-21 04:30:31,2025-01-20 05:29:08
C0M810,2025-01-21 02:46:46,2025-01-21 04:30:53,
C0M820,2025-01-21 02:46:52,2025-01-21 04:30:54,2025-01-21 05:30:54
C0M860,2025-01-21 02:47:03,2025-01-21 04:30:56,2025-01-21 05:30:54
C0M880,2025-01-21 02:47:08,2025-01-21 04:30:57,
C0N010,2025-01-21 02:47:34,2025-01-21 04:31:19,
C0N020,2025-01-21 02:47:40,2025-01-21 04:31:20,2025-01-19 05:29:30
C0N040,2025-01-21 02:47:51,2025-01-21 04:31:22,2025-01-20 05:29:50
C0N050,2025-01-21 02:47:56,2025-01-21 04:31:24,
C0O830,2025-01-21 02:48:21,2025-01-21 04:31:45,
C0O840,2025-01-21 02:48:27,2025-01-21 04:31:46,
C0O860,2025-01-21 02:48:32,2025-01-21 04:31:47,2025-01-19 05:29:50
C0O900,2025-01-21 02:48:38,2025-01-21 04:31:48,
C0O970,2025-01-21 02:49:09,2025-01-21 04:32:11,
C0O980,2025-01-21 02:49:14,2025-01-21 04:32:12,
C0R100,2025-01-21 02:49:27,2025-01-21 04:32:15,2025-01-21 05:31:56
C0R130,2025-01-21 02:49:33,2025-01-21 04:32:16,2025-01-20 05:30:32
C0R140,2025-01-21 02:49:59,2025-01-21 04:32:38,2025-01-21 05:32:17
C0R150,2025-01-21 02:50:05,2025-01-21 04:32:39,
C0R160,2025-01-21 02:50:11,2025-01-21 04:32:40,2025-01-19 05:30:32
C0R190,2025-01-21 02:50:16,2025-01-21 04:32:41,
C0R240,2025-01-21 02:50:48,2025-01-21 04:33:04,2025-01-19 05:30:53
C0R260,2025-01-21 02:50:53,2025-01-21 04:33:05,
C0R270,2025-01-21 02:50:59,2025-01-21 04:33:06,2025-01-20 05:31:14
C0R320,2025-01-21 02:51:10,2025-01-21 04:33:09,2025-01-21 05:32:38
C0R350,2025-01-21 02:51:41,2025-01-21 04:33:32,2025-01-21 05:33:01
C0R440,2025-01-21 02:51:47,2025-01-21 04:33:33,2025-01-21 05:33:01
C0R470,2025-01-21 02:51:52,2025-01-21 04:33:34,2025-01-21 05:33:01
C0R480,2025-01-21 02:51:57,2025-01-21 04:33:35,2025-01-21 05:33:01
C0R490,2025-01-21 02:52:23,2025-01-21 04:33:57,2025-01-21 05:33:23
C0R520,2025-01-21 02:52:28,2025-01-21 04:33:58,2025-01-19 05:31:35
C0R540,2025-01-21 02:52:34,2025-01-21 04:33:59,2025-01-21 05:33:22
C0R550,2025-01-21 02:52:39,2025-01-21 04:34:00,2025-01-21 05:33:22
C0R580,2025-01-21 02:53:16,2025-01-21 04:34:24,2025-01-21 05:33:45
C0R590,2025-01-21 02:53:21,2025-01-21 04:34:25,2025-01-21 05:33:46
C0R620,2025-01-21 02:53:32,2025-01-21 04:34:28,
C0R640,2025-01-21 02:53:57,2025-01-21 04:34:49,
C0R670,2025-01-21 02:54:14,2025-01-21 04:34:52,2025-01-21 05:34:07
C0R680,2025-01-21 02:54:20,2025-01-21 04:34:54,2025-01-21 05:34:08
C0R700,2025-01-21 02:54:52,2025-01-21 04:35:17,2025-01-21 05:34:29
C0R710,2025-01-21 02:54:57,2025-01-21 04:35:18,2025-01-21 05:34:28
C0R720,2025-01-21 02:55:03,2025-01-21 04:35:19,2025-01-21 05:34:29
C0R730,2025-01-21 02:55:08,2025-01-21 04:35:20,2025-01-21 05:34:29
C0R750,2025-01-21 02:55:39,2025-01-21 04:35:42,
C0R760,2025-01-21 02:55:45,2025-01-21 04:35:43,2025-01-21 05:34:51
C0R790,2025-01-21 02:56:21,2025-01-21 04:36:07,2025-01-20 05:33:40
C0R800,2025-01-21 02:56:26,2025-01-21 04:36:08,2025-01-21 05:35:14
C0R810,2025-01-21 02:56:31,2025-01-21 04:36:09,2025-01-21 05:35:14
C0R830,2025-01-21 02:56:42,2025-01-21 04:36:12,2025-01-21 05:35:14
C0R840,2025-01-21 02:57:08,2025-01-21 04:36:33,2025-01-21 05:35:35
C0R850,2025-01-21 02:57:14,2025-01-21 04:36:35,2025-01-21 05:35:35
C0R860,2025-01-21 02:57:19,2025-01-21 04:36:36,2025-01-21 05:35:35
C0R880,2025-01-21 02:57:30,2025-01-21 04:36:38,2025-01-21 05:35:35
C0R890,2025-01-21 02:57:56,2025-01-21 04:36:59,
C0R900,2025-01-21 02:58:01,2025-01-21 04:37:01,2025-01-21 05:35:57
C0R920,2025-01-21 02:58:12,2025-01-21 04:37:03,
C0R930,2025-01-21 02:58:17,2025-01-21 04:37:04,2025-01-21 05:35:57
C0R940,2025-01-21 02:58:43,2025-01-21 04:37:26,2025-01-21 05:36:19
C0S690,2025-01-21 02:58:55,2025-01-21 04:37:28,2025-01-21 05:36:19
C0S700,2025-01-21 02:59:01,2025-01-21 04:37:30,2025-01-21 05:36:19
C0S710,2025-01-21 02:59:06,2025-01-21 04:37:31,2025-01-21 05:36:19
C0S730,2025-01-21 02:59:32,2025-01-21 04:37:53,2025-01-21 05:36:40
C0S750,2025-01-21 02:59:44,2025-01-21 04:37:55,2025-01-21 05:36:41
C0S760,2025-01-21 02:59:50,2025-01-21 04:37:56,
C0S770,2025-01-21 02:59:56,2025-01-21 04:37:57,2025-01-21 05:36:41
C0S790,2025-01-21 03:00:22,2025-01-21 04:38:19,2025-01-21 05:37:01
C0S810,2025-01-21 03:00:29,2025-01-21 04:38:20,2025-01-21 05:37:02
C0S830,2025-01-21 03:00:35,2025-01-21 04:38:21,2025-01-21 05:37:02
C0S840,2025-01-21 03:00:42,2025-01-21 04:38:22,2025-01-20 05:35:25
C0S900,2025-01-21 03:01:14,2025-01-21 04:38:45,2025-01-21 05:37:23
C0S920,2025-01-21 03:01:26,2025-01-21 04:38:47,2025-01-21 05:37:23
C0S930,2025-01-21 03:01:31,2025-01-21 04:38:48,2025-01-21 05:37:24
C0S940,2025-01-21 03:01:37,2025-01-21 04:38:50,
C0S950,2025-01-21 03:02:02,2025-01-21 04:39:11,2025-01-21 05:37:45
C0S960,2025-01-21 03:02:08,2025-01-21 04:39:12,
C0S980,2025-01-21 03:02:19,2025-01-21 04:39:15,2025-01-21 05:37:46
C0S990,2025-01-21 03:02:25,2025-01-21 04:39:16,2025-01-21 05:37:45
C0SA00,2025-01-21 03:02:50,2025-01-21 04:39:37,2025-01-21 05:38:06
C0SA10,2025-01-21 03:02:56,2025-01-21 04:39:38,2025-01-21 05:38:06
C0SA30,2025-01-21 03:03:07,2025-01-21 04:39:41,
C0SA40,2025-01-21 03:03:13,2025-01-21 04:39:42,2025-01-21 05:38:06
C0SA60,2025-01-21 03:03:38,2025-01-21 04:40:04,2025-01-21 05:38:28
C0SA90,2025-01-21 03:03:49,2025-01-21 04:40:06,
C0T790,2025-01-21 03:03:55,2025-01-21 04:40:07,2025-01-20 05:36:48
C0T870,2025-01-21 03:04:26,2025-01-21 04:40:30,2025-01-21 05:38:50
C0T960,2025-01-21 03:04:37,2025-01-21 04:40:32,2025-01-21 05:38:49
C0T9A0,2025-01-21 03:04:43,2025-01-21 04:40:34,2025-01-21 05:38:50
C0T9B0,2025-01-21 03:04:48,2025-01-21 04:40:35,2025-01-21 05:38:50
C0T9D0,2025-01-21 03:05:13,2025-01-21 04:40:56,2025-01-21 05:39:12
C0T9E0,2025-01-21 03:05:19,2025-01-21 04:40:57,
C0T9G0,2025-01-21 03:05:30,2025-01-21 04:41:00,2025-01-21 05:39:12
C0T9H0,2025-01-21 03:05:36,2025-01-21 04:41:01,2025-01-21 05:39:12
C0T9I0,2025-01-21 03:06:01,2025-01-21 04:41:22,2025-01-20 05:37:51
C0T9M0,2025-01-21 03:06:07,2025-01-21 04:41:25,2025-01-21 05:39:33
C0T9N0,2025-01-21 03:06:12,2025-01-21 04:41:26,2025-01-21 05:39:34
C0U600,2025-01-21 03:06:23,2025-01-21 04:41:28,
C0U650,2025-01-21 03:06:49,2025-01-21 04:41:50,2025-01-21 05:39:56
C0U710,2025-01-21 03:06:55,2025-01-21 04:41:51,2025-01-21 05:39:56
C0U750,2025-01-21 03:07:06,2025-01-21 04:41:54,2025-01-21 05:39:57
C0U760,2025-01-21 03:07:12,2025-01-21 04:41:55,2025-01-20 05:38:12
C0U770,2025-01-21 03:07:38,2025-01-21 04:42:16,2025-01-21 05:40:19
C0U780,2025-01-21 03:07:43,2025-01-21 04:42:18,2025-01-21 05:40:18
C0U870,2025-01-21 03:07:54,2025-01-21 04:42:20,
C0U880,2025-01-21 03:07:59,2025-01-21 04:42:21,2025-01-21 05:40:17
C0U890,2025-01-21 03:08:25,2025-01-21 04:42:43,2025-01-21 05:40:40
C0U900,2025-01-21 03:08:30,2025-01-21 04:42:44,2025-01-21 05:40:40
C0U940,2025-01-21 03:08:41,2025-01-21 04:42:46,2025-01-21 05:40:40
C0U950,2025-01-21 03:08:47,2025-01-21 04:42:48,2025-01-21 05:40:40
C0U980,2025-01-21 03:09:25,2025-01-21 04:43:11,
C0U990,2025-01-21 03:09:31,2025-01-21 04:43:13,2025-01-20 05:39:15
C0UA00,2025-01-21 03:09:37,2025-01-21 04:43:14,2025-01-21 05:41:02
C0UA10,2025-01-21 03:10:03,2025-01-21 04:43:35,2025-01-21 05:41:22
C0UA30,2025-01-21 03:10:14,2025-01-21 04:43:38,2025-01-21 05:41:22
C0UA40,2025-01-21 03:10:20,2025-01-21 04:43:39,2025-01-21 05:41:22
C0UA50,2025-01-21 03:10:25,2025-01-21 04:43:40,
C0UA60,2025-01-21 03:10:50,2025-01-21 04:44:02,2025-01-21 05:41:43
C0UA80,2025-01-21 03:11:01,2025-01-21 04:44:04,2025-01-20 05:39:56
C0UA90,2025-01-21 03:11:08,2025-01-21 04:44:05,2025-01-21 05:41:43
C0UB00,2025-01-21 03:11:13,2025-01-21 04:44:07,2025-01-20 05:39:57
C0UB10,2025-01-21 03:11:39,2025-01-21 04:44:28,2025-01-21 05:42:04
C0UB20,2025-01-21 03:11:45,2025-01-21 04:44:30,2025-01-20 05:40:17
C0V310,2025-01-21 03:11:56,2025-01-21 04:44:32,
C0V370,2025-01-21 03:12:34,2025-01-21 04:44:56,2025-01-21 05:42:26
C0V400,2025-01-21 03:12:39,2025-01-21 04:44:57,2025-01-21 05:42:26
C0V440,2025-01-21 03:12:45,2025-01-21 04:44:58,2025-01-21 05:42:26
C0V450,2025-01-21 03:12:50,2025-01-21 04:45:00,2025-01-21 05:42:26
C0V490,2025-01-21 03:13:16,2025-01-21 04:45:21,2025-01-21 05:42:47
C0V530,2025-01-21 03:13:22,2025-01-21 04:45:23,2025-01-19 05:40:39
C0V610,2025-01-21 03:13:29,2025-01-21 04:45:24,2025-01-21 05:42:47
C0V620,2025-01-21 03:13:34,2025-01-21 04:45:25,2025-01-21 05:42:47
C0V650,2025-01-21 03:14:11,2025-01-21 04:45:49,2025-01-21 05:43:08
C0V660,2025-01-21 03:14:17,2025-01-21 04:45:50,2025-01-21 05:43:09
C0V680,2025-01-21 03:14:23,2025-01-21 04:45:51,
C0V690,2025-01-21 03:14:30,2025-01-21 04:45:53,2025-01-21 05:43:09
C0V700,2025-01-21 03:14:56,2025-01-21 04:46:14,2025-01-21 05:43:30
C0V710,2025-01-21 03:15:01,2025-01-21 04:46:15,
C0V720,2025-01-21 03:15:07,2025-01-21 04:46:16,
C0V740,2025-01-21 03:15:20,2025-01-21 04:46:19,2025-01-21 05:43:29
C0V750,2025-01-21 03:15:46,2025-01-21 04:46:40,2025-01-21 05:43:51
C0V760,2025-01-21 03:15:52,2025-01-21 04:46:41,2025-01-21 05:43:51
C0V770,2025-01-21 03:15:58,2025-01-21 04:46:43,2025-01-21 05:43:51
C0V790,2025-01-21 03:16:03,2025-01-21 04:46:44,2025-01-21 05:43:52
C0V810,2025-01-21 03:16:35,2025-01-21 04:47:07,2025-01-21 05:44:13
C0V820,2025-01-21 03:16:41,2025-01-21 04:47:08,
C0V850,2025-01-21 03:16:53,2025-01-21 04:47:10,2025-01-20 05:42:23
C0V890,2025-01-21 03:17:39,2025-01-21 04:47:35,2025-01-21 05:44:34
C0V900,2025-01-21 03:17:45,2025-01-21 04:47:36,2025-01-21 05:44:34
C0W110,2025-01-21 03:17:53,2025-01-21 04:47:38,2025-01-21 05:44:34
C0W140,2025-01-21 03:18:34,2025-01-21 04:48:02,2025-01-21 05:44:56
C0W150,2025-01-21 03:18:41,2025-01-21 04:48:03,
C0W160,2025-01-21 03:18:47,2025-01-21 04:48:04,2025-01-20 05:43:04
C0W180,2025-01-21 03:19:13,2025-01-21 04:48:26,2025-01-21 05:45:17
C0W190,2025-01-21 03:19:21,2025-01-21 04:48:27,2025-01-21 05:45:17
C0W200,2025-01-21 03:19:26,2025-01-21 04:48:28,2025-01-19 05:43:05
C0W220,2025-01-21 03:19:33,2025-01-21 04:48:29,2025-01-21 05:45:17
C0X060,2025-01-21 03:20:07,2025-01-21 04:48:52,2025-01-21 05:45:38
C0X110,2025-01-21 03:20:26,2025-01-21 04:48:56,
C0X140,2025-01-21 03:21:04,2025-01-21 04:49:19,2025-01-21 05:46:00
C0X180,2025-01-21 03:21:49,2025-01-21 04:49:44,2025-01-21 05:46:22
C0X200,2025-01-21 03:22:02,2025-01-21 04:49:47,2025-01-21 05:46:22
C0X210,2025-01-21 03:22:08,2025-01-21 04:49:48,2025-01-21 05:46:21
C0X240,2025-01-21 03:22:47,2025-01-21 04:50:12,
C0X250,2025-01-21 03:22:54,2025-01-21 04:50:13,2025-01-21 05:46:43
C0X260,2025-01-21 03:23:00,2025-01-21 04:50:14,2025-01-21 05:46:43
C0X300,2025-01-21 03:23:41,2025-01-21 04:50:38,2025-01-19 05:44:53
C0X320,2025-01-21 03:23:47,2025-01-21 04:50:39,
C0Z050,2025-01-21 03:24:00,2025-01-21 04:50:42,
C0Z070,2025-01-21 03:24:32,2025-01-21 04:51:05,2025-01-21 05:47:26
C0Z100,2025-01-21 03:24:46,2025-01-21 04:51:07,2025-01-19 05:45:14
C0Z150,2025-01-21 03:24:54,2025-01-21 04:51:08,2025-01-21 05:47:25
C0Z160,2025-01-21 03:25:19,2025-01-21 04:51:30,2025-01-21 05:47:46
C0Z180,2025-01-21 03:25:31,2025-01-21 04:51:32,2025-01-19 05:45:35
C0Z200,2025-01-21 03:25:43,2025-01-21 04:51:35,2025-01-20 05:45:51
C0Z220,2025-01-21 03:26:15,2025-01-21 04:51:57,2025-01-21 05:48:08
C0Z230,2025-01-21 03:26:21,2025-01-21 04:51:58,2025-01-21 05:48:08
C0Z270,2025-01-21 03:26:32,2025-01-21 04:52:01,2025-01-21 05:48:08
C0Z280,2025-01-21 03:26:58,2025-01-21 04:52:22,2025-01-21 05:48:29
C0Z310,2025-01-21 03:27:17,2025-01-21 04:52:27,2025-01-19 05:46:17
C0Z320,2025-01-21 03:27:24,2025-01-21 04:52:28,
C1A630,2025-01-21 03:27:56,2025-01-21 04:52:51,2025-01-21 05:48:51
C1AC50,2025-01-21 03:28:39,2025-01-21 04:53:16,2025-01-21 05:49:12
C1D380,2025-01-21 03:29:02,2025-01-21 04:53:20,2025-01-21 05:49:13
C1D400,2025-01-21 03:29:27,2025-01-21 04:53:41,2025-01-21 05:49:34
C1D420,2025-01-21 03:29:40,2025-01-21 04:53:44,2025-01-21 05:49:34
C1D640,2025-01-21 03:29:51,2025-01-21 04:53:46,2025-01-21 05:49:34
C1E511,2025-01-21 03:30:37,2025-01-21 04:54:11,2025-01-21 05:49:55
C1E670,2025-01-21 03:31:09,2025-01-21 04:54:33,2025-01-21 05:50:17
C1E691,2025-01-21 03:31:24,2025-01-21 04:54:36,2025-01-21 05:50:17
C1E711,2025-01-21 03:31:37,2025-01-21 04:54:38,
C1E890,2025-01-21 03:32:15,2025-01-21 04:55:02,2025-01-21 05:50:38
C1E900,2025-01-21 03:32:21,2025-01-21 04:55:03,
C1F871,2025-01-21 03:32:27,2025-01-21 04:55:04,2025-01-21 05:50:38
C1F891,2025-01-21 03:32:53,2025-01-21 04:55:25,2025-01-21 05:50:59
C1F911,2025-01-21 03:32:58,2025-01-21 04:55:27,
C1F9B1,2025-01-21 03:33:11,2025-01-21 04:55:29,2025-01-21 05:50:59
C1F9C1,2025-01-21 03:33:17,2025-01-21 04:55:30,2025-01-21 05:50:59
C1F9D1,2025-01-21 03:33:43,2025-01-21 04:55:51,2025-01-21 05:51:20
C1F9E1,2025-01-21 03:33:48,2025-01-21 04:55:52,2025-01-21 05:51:20
C1F9F1,2025-01-21 03:33:55,2025-01-21 04:55:54,2025-01-21 05:51:20
C1G9D0,2025-01-21 03:34:47,2025-01-21 04:56:19,2025-01-21 05:51:41
C1H000,2025-01-21 03:34:53,2025-01-21 04:56:20,
C1H840,2025-01-21 03:34:59,2025-01-21 04:56:22,2025-01-21 05:51:42
C1H860,2025-01-21 03:35:27,2025-01-21 04:56:43,2025-01-21 05:52:03
C1H900,2025-01-21 03:35:33,2025-01-21 04:56:44,2025-01-21 05:52:04
C1H920,2025-01-21 03:35:38,2025-01-21 04:56:45,2025-01-21 05:52:03
C1H971,2025-01-21 03:35:50,2025-01-21 04:56:48,2025-01-21 05:52:03
C1H9B1,2025-01-21 03:36:16,2025-01-21 04:57:09,2025-01-21 05:52:24
C1I030,2025-01-21 03:36:28,2025-01-21 04:57:11,2025-01-21 05:52:24
C1I050,2025-01-21 03:36:35,2025-01-21 04:57:12,2025-01-21 05:52:24
C1I070,2025-01-21 03:36:41,2025-01-21 04:57:13,2025-01-21 05:52:24
C1I101,2025-01-21 03:37:06,2025-01-21 04:57:35,2025-01-21 05:52:46
C1I121,2025-01-21 03:37:12,2025-01-21 04:57:36,2025-01-20 05:50:44
C1I131,2025-01-21 03:37:17,2025-01-21 04:57:37,2025-01-21 05:52:46
C1I150,2025-01-21 03:37:28,2025-01-21 04:57:39,
C1I201,2025-01-21 03:37:54,2025-01-21 04:58:01,2025-01-21 05:53:07
C1I211,2025-01-21 03:37:59,2025-01-21 04:58:02,2025-01-21 05:53:07
C1I220,2025-01-21 03:38:05,2025-01-21 04:58:03,2025-01-21 05:53:07
C1I240,2025-01-21 03:38:17,2025-01-21 04:58:05,2025-01-21 05:53:07
C1I260,2025-01-21 03:38:49,2025-01-21 04:58:28,2025-01-21 05:53:28
C1I280,2025-01-21 03:38:55,2025-01-21 04:58:29,2025-01-20 05:51:25
C1I290,2025-01-21 03:39:01,2025-01-21 04:58:30,2025-01-21 05:53:29
C1I310,2025-01-21 03:39:06,2025-01-21 04:58:31,
C1I320,2025-01-21 03:39:32,2025-01-21 04:58:52,
C1I330,2025-01-21 03:39:37,2025-01-21 04:58:54,2025-01-21 05:53:49
C1I400,2025-01-21 03:39:50,2025-01-21 04:58:56,2025-01-21 05:53:49
C1I440,2025-01-21 03:40:22,2025-01-21 04:59:19,
C1I450,2025-01-21 03:40:28,2025-01-21 04:59:20,2025-01-21 05:54:11
C1I500,2025-01-21 03:40:39,2025-01-21 04:59:22,2025-01-20 05:52:07
C1K540,2025-01-21 03:41:16,2025-01-21 04:59:46,2025-01-21 05:54:32
C1M390,2025-01-21 03:41:22,2025-01-21 04:59:48,2025-01-21 05:54:32
C1M400,2025-01-21 03:41:27,2025-01-21 04:59:49,2025-01-21 05:54:32
C1M480,2025-01-21 03:41:34,2025-01-21 04:59:50,2025-01-20 05:52:28
C1M610,2025-01-21 03:42:06,2025-01-21 05:00:13,2025-01-21 05:54:53
C1M640,2025-01-21 03:42:12,2025-01-21 05:00:14,2025-01-21 05:54:53
C1M870,2025-01-21 03:42:18,2025-01-21 05:00:15,2025-01-21 05:54:53
C1N001,2025-01-21 03:42:24,2025-01-21 05:00:16,2025-01-21 05:54:53
C1O850,2025-01-21 03:42:51,2025-01-21 05:00:37,2025-01-21 05:55:15
C1O880,2025-01-21 03:43:03,2025-01-21 05:00:41,2025-01-21 05:55:14
C1O921,2025-01-21 03:43:09,2025-01-21 05:00:42,2025-01-21 05:55:15
C1O940,2025-01-21 03:43:17,2025-01-21 05:00:43,2025-01-21 05:55:14
C1R120,2025-01-21 03:43:50,2025-01-21 05:01:05,2025-01-21 05:55:36
C1R250,2025-01-21 03:43:56,2025-01-21 05:01:07,2025-01-21 05:55:36
C1R290,2025-01-21 03:44:03,2025-01-21 05:01:08,2025-01-21 05:55:36
C1R610,2025-01-21 03:44:09,2025-01-21 05:01:09,2025-01-21 05:55:36
C1S670,2025-01-21 03:44:40,2025-01-21 05:01:32,2025-01-21 05:55:57
C1S800,2025-01-21 03:44:48,2025-01-21 05:01:33,
C1S820,2025-01-21 03:44:53,2025-01-21 05:01:34,2025-01-20 05:53:52
C1S850,2025-01-21 03:44:59,2025-01-21 05:01:35,2025-01-21 05:55:58
C1S860,2025-01-21 03:45:24,2025-01-21 05:01:56,2025-01-21 05:56:19
C1S870,2025-01-21 03:45:30,2025-01-21 05:01:58,2025-01-21 05:56:19
C1SA70,2025-01-21 03:45:46,2025-01-21 05:02:01,2025-01-21 05:56:19
C1T800,2025-01-21 03:46:11,2025-01-21 05:02:22,2025-01-21 05:56:41
C1T830,2025-01-21 03:46:23,2025-01-21 05:02:25,2025-01-20 05:54:34
C1T920,2025-01-21 03:46:29,2025-01-21 05:02:26,2025-01-21 05:56:41
C1T950,2025-01-21 03:47:01,2025-01-21 05:02:48,
C1T970,2025-01-21 03:47:07,2025-01-21 05:02:50,2025-01-21 05:57:03
C1T980,2025-01-21 03:47:13,2025-01-21 05:02:51,2025-01-21 05:57:02
C1T990,2025-01-21 03:47:19,2025-01-21 05:02:52,2025-01-21 05:57:03
C1U501,2025-01-21 03:47:51,2025-01-21 05:03:14,2025-01-21 05:57:25
C1U840,2025-01-21 03:48:02,2025-01-21 05:03:17,2025-01-21 05:57:24
C1U850,2025-01-21 03:48:07,2025-01-21 05:03:18,2025-01-21 05:57:24
C1U920,2025-01-21 03:48:12,2025-01-21 05:03:19,2025-01-21 05:57:25
C1U930,2025-01-21 03:48:38,2025-01-21 05:03:41,2025-01-21 05:57:47
C1V170,2025-01-21 03:48:49,2025-01-21 05:03:43,2025-01-21 05:57:47
C1V190,2025-01-21 03:48:55,2025-01-21 05:03:45,2025-01-21 05:57:46
C1V200,2025-01-21 03:49:00,2025-01-21 05:03:46,2025-01-21 05:57:47
C1V220,2025-01-21 03:49:26,2025-01-21 05:04:07,
C1V340,2025-01-21 03:49:41,2025-01-21 05:04:11,
C1V390,2025-01-21 03:49:48,2025-01-21 05:04:12,2025-01-21 05:58:08
C1V570,2025-01-21 03:50:13,2025-01-21 05:04:33,2025-01-21 05:58:30
C1V590,2025-01-21 03:50:25,2025-01-21 05:04:35,2025-01-21 05:58:30
C1V600,2025-01-21 03:50:30,2025-01-21 05:04:37,2025-01-21 05:58:29
C1V780,2025-01-21 03:50:36,2025-01-21 05:04:38,2025-01-21 05:58:30
C1V830,2025-01-21 03:51:01,2025-01-21 05:04:59,2025-01-21 05:58:51
C1Z030,2025-01-21 03:51:12,2025-01-21 05:05:02,2025-01-21 05:58:52
C1Z040,2025-01-21 03:51:18,2025-01-21 05:05:03,2025-01-21 05:58:51
C1Z110,2025-01-21 03:51:23,2025-01-21 05:05:04,2025-01-19 05:56:23
C1Z120,2025-01-21 03:51:49,2025-01-21 05:05:25,2025-01-21 05:59:12
C1Z140,2025-01-21 03:52:00,2025-01-21 05:05:28,
C1Z240,2025-01-21 03:52:06,2025-01-21 05:05:29,2025-01-21 05:59:13
466900,2025-01-21 03:52:42,2025-01-21 05:05:53,2025-01-21 05:59:34
25-01-19 05:04:56,,,
466910,2025-01-21 03:52:49,2025-01-21 05:05:54,2025-01-21 05:59:34
467290,2025-01-21 03:54:40,2025-01-21 05:06:51,2025-01-21 06:00:17
467350,2025-01-21 03:55:13,2025-01-21 05:07:14,2025-01-21 06:00:38
467530,2025-01-21 03:56:14,2025-01-21 05:07:45,2025-01-21 06:01:00
467620,2025-01-21 03:57:14,2025-01-21 05:08:14,2025-01-21 06:01:21
466920,2025-01-21 03:52:55,2025-01-21 05:05:56,2025-01-21 05:59:34
466930,2025-01-21 03:53:02,2025-01-21 05:05:57,2025-01-21 05:59:34
466940,2025-01-21 03:53:30,2025-01-21 05:06:19,2025-01-21 05:59:55
466950,2025-01-21 03:53:36,2025-01-21 05:06:20,2025-01-21 05:59:55
466990,2025-01-21 03:53:42,2025-01-21 05:06:22,2025-01-21 05:59:55
467050,2025-01-21 03:53:48,2025-01-21 05:06:23,2025-01-21 05:59:55
467110,2025-01-21 03:54:22,2025-01-21 05:06:47,2025-01-21 06:00:16
467270,2025-01-21 03:54:29,2025-01-21 05:06:48,2025-01-21 06:00:16
467300,2025-01-21 03:54:47,2025-01-21 05:06:53,
467410,2025-01-21 03:55:21,2025-01-21 05:07:17,2025-01-20 05:58:23
467420,2025-01-21 03:55:27,2025-01-21 05:07:19,
467441,2025-01-21 03:55:35,2025-01-21 05:07:20,2025-01-21 06:00:38
467490,2025-01-21 03:56:08,2025-01-21 05:07:43,2025-01-21 06:00:59
467550,2025-01-21 03:56:28,2025-01-21 05:07:48,2025-01-21 06:00:59
467571,2025-01-21 03:56:35,2025-01-21 05:07:50,2025-01-21 06:00:59
467610,2025-01-21 03:57:08,2025-01-21 05:08:13,2025-01-21 06:01:21
467650,2025-01-21 03:57:21,2025-01-21 05:08:16,
467660,2025-01-21 03:57:28,2025-01-21 05:08:17,
25-01-20 05:07:38,,,
C0R741,,2025-01-21 04:35:41,2025-01-21 05:34:51
025-01-21 05:34:51,,,
