,StnPres,SeaPres,StnPresMax,StnPresMaxTime,StnPresMin,StnPresMinTime,Tx,TxMaxAbs,TxMaxAbsTime,TxMinAbs,TxMinAbsTime,Td,RH,RHMin,RHMinTime,WS,WD,WSGust,WDGust,WGustTime,Precp,PrecpMax10,PrecpMax10Time,PrecpHrMax,PrecpHrMaxTime,SunShine,GloblRad,EvapA,TxSoil0cm,TxSoil5cm,TxSoil10cm,TxSoil20cm,TxSoil50cm,TxSoil100cm,AirTemperature.DailyRangef,AirTemperature.MaximumTimef,AirTemperature.Maximumf,AirTemperature.Meanf,AirTemperature.MinimumTimef,AirTemperature.Minimumf,CloudAmount,CloudAmountSat,DewPointTemperature.Maximum,DewPointTemperature.MaximumTime,DewPointTemperature.MaximumTimef,DewPointTemperature.Maximumf,DewPointTemperature.Meanf,DewPointTemperature.Minimum,DewPointTemperature.MinimumTime,DewPointTemperature.MinimumTimef,DewPointTemperature.Minimumf,EvaporationClassAPan.Accumulationf,GlobalSolarRadiation.Accumulationf,GlobalSolarRadiation.HourlyMaximumTimef,GlobalSolarRadiation.HourlyMaximumf,GloblRadMax,GloblRadMaxTime,PeakGust.Directionf,PeakGust.MaximumTimef,PeakGust.Maximumf,Precipitation.Accumulationf,Precipitation.HourlyMaximum,Precipitation.HourlyMaximumTime,Precipitation.HourlyMaximumTimef,Precipitation.HourlyMaximumf,Precipitation.SixtyMinutelyMaximumTimef,Precipitation.SixtyMinutelyMaximumf,Precipitation.TenMinutelyMaximumTimef,Precipitation.TenMinutelyMaximumf,PrecipitationDuration.Totalf,PrecpHour,PrecpMax60,PrecpMax60Time,RelativeHumidity.Maximum,RelativeHumidity.MaximumTime,RelativeHumidity.MaximumTimef,RelativeHumidity.Maximumf,RelativeHumidity.Meanf,RelativeHumidity.MinimumTimef,RelativeHumidity.Minimumf,SeaLevelPressure.Maximum,SeaLevelPressure.MaximumTime,SeaLevelPressure.MaximumTimef,SeaLevelPressure.Maximumf,SeaLevelPressure.Meanf,SeaLevelPressure.Minimum,SeaLevelPressure.MinimumTime,SeaLevelPressure.MinimumTimef,SeaLevelPressure.Minimumf,SoilTemperatureAt0cm.Meanf,SoilTemperatureAt100cm.Meanf,SoilTemperatureAt10cm.Meanf,SoilTemperatureAt20cm.Meanf,SoilTemperatureAt30cm.Meanf,SoilTemperatureAt50cm.Meanf,SoilTemperatureAt5cm.Meanf,StationPressure.MaximumTimef,StationPressure.Maximumf,StationPressure.Meanf,StationPressure.MinimumTimef,StationPressure.Minimumf,SunShineRate,SunshineDuration.Ratef,SunshineDuration.Totalf,TotalCloudAmount.Meanf,TotalCloudAmount.SatRetrievedMeanf,TxRange,TxSoil30cm,UVIMax,UVIMaxTime,UVIndex.MaximumTimef,UVIndex.Maximumf,VisbMean,Visibility.Meanf,WindDirection.CountForCode00,WindDirection.CountForCode00f,WindDirection.CountForCode01,WindDirection.CountForCode01f,WindDirection.CountForCode02,WindDirection.CountForCode02f,WindDirection.CountForCode03,WindDirection.CountForCode03f,WindDirection.CountForCode04,WindDirection.CountForCode04f,WindDirection.CountForCode05,WindDirection.CountForCode05f,WindDirection.CountForCode06,WindDirection.CountForCode06f,WindDirection.CountForCode07,WindDirection.CountForCode07f,WindDirection.CountForCode08,WindDirection.CountForCode08f,WindDirection.CountForCode09,WindDirection.CountForCode09f,WindDirection.CountForCode10,WindDirection.CountForCode10f,WindDirection.CountForCode11,WindDirection.CountForCode11f,WindDirection.CountForCode12,WindDirection.CountForCode12f,WindDirection.CountForCode13,WindDirection.CountForCode13f,WindDirection.CountForCode14,WindDirection.CountForCode14f,WindDirection.CountForCode15,WindDirection.CountForCode15f,WindDirection.CountForCode16,WindDirection.CountForCode16f,WindDirection.CountForCode17,WindDirection.CountForCode17f,WindDirection.CountForCode18,WindDirection.CountForCode18f,WindDirection.CountForCode19,WindDirection.CountForCode19f,WindDirection.CountForCode20,WindDirection.CountForCode20f,WindDirection.CountForCode21,WindDirection.CountForCode21f,WindDirection.CountForCode22,WindDirection.CountForCode22f,WindDirection.CountForCode23,WindDirection.CountForCode23f,WindDirection.CountForCode24,WindDirection.CountForCode24f,WindDirection.CountForCode25,WindDirection.CountForCode25f,WindDirection.CountForCode26,WindDirection.CountForCode26f,WindDirection.CountForCode27,WindDirection.CountForCode27f,WindDirection.CountForCode28,WindDirection.CountForCode28f,WindDirection.CountForCode29,WindDirection.CountForCode29f,WindDirection.CountForCode30,WindDirection.CountForCode30f,WindDirection.CountForCode31,WindDirection.CountForCode31f,WindDirection.CountForCode32,WindDirection.CountForCode32f,WindDirection.CountForCode33,WindDirection.CountForCode33f,WindDirection.CountForCode34,WindDirection.CountForCode34f,WindDirection.CountForCode35,WindDirection.CountForCode35f,WindDirection.CountForCode36,WindDirection.CountForCode36f,WindDirection.CountForCode99,WindDirection.CountForCode99f,WindDirection.Prevailingf,WindDirection.TenMinutelyMaximum,WindDirection.TenMinutelyMaximumf,WindSpeed.Meanf,WindSpeed.TenMinutelyMaximum,WindSpeed.TenMinutelyMaximumTime,WindSpeed.TenMinutelyMaximumTimef,WindSpeed.TenMinutelyMaximumf,WindSpeed.TotalForCode00,WindSpeed.TotalForCode00f,WindSpeed.TotalForCode01,WindSpeed.TotalForCode01f,WindSpeed.TotalForCode02,WindSpeed.TotalForCode02f,WindSpeed.TotalForCode03,WindSpeed.TotalForCode03f,WindSpeed.TotalForCode04,WindSpeed.TotalForCode04f,WindSpeed.TotalForCode05,WindSpeed.TotalForCode05f,WindSpeed.TotalForCode06,WindSpeed.TotalForCode06f,WindSpeed.TotalForCode07,WindSpeed.TotalForCode07f,WindSpeed.TotalForCode08,WindSpeed.TotalForCode08f,WindSpeed.TotalForCode09,WindSpeed.TotalForCode09f,WindSpeed.TotalForCode10,WindSpeed.TotalForCode10f,WindSpeed.TotalForCode11,WindSpeed.TotalForCode11f,WindSpeed.TotalForCode12,WindSpeed.TotalForCode12f,WindSpeed.TotalForCode13,WindSpeed.TotalForCode13f,WindSpeed.TotalForCode14,WindSpeed.TotalForCode14f,WindSpeed.TotalForCode15,WindSpeed.TotalForCode15f,WindSpeed.TotalForCode16,WindSpeed.TotalForCode16f,WindSpeed.TotalForCode17,WindSpeed.TotalForCode17f,WindSpeed.TotalForCode18,WindSpeed.TotalForCode18f,WindSpeed.TotalForCode19,WindSpeed.TotalForCode19f,WindSpeed.TotalForCode20,WindSpeed.TotalForCode20f,WindSpeed.TotalForCode21,WindSpeed.TotalForCode21f,WindSpeed.TotalForCode22,WindSpeed.TotalForCode22f,WindSpeed.TotalForCode23,WindSpeed.TotalForCode23f,WindSpeed.TotalForCode24,WindSpeed.TotalForCode24f,WindSpeed.TotalForCode25,WindSpeed.TotalForCode25f,WindSpeed.TotalForCode26,WindSpeed.TotalForCode26f,WindSpeed.TotalForCode27,WindSpeed.TotalForCode27f,WindSpeed.TotalForCode28,WindSpeed.TotalForCode28f,WindSpeed.TotalForCode29,WindSpeed.TotalForCode29f,WindSpeed.TotalForCode30,WindSpeed.TotalForCode30f,WindSpeed.TotalForCode31,WindSpeed.TotalForCode31f,WindSpeed.TotalForCode32,WindSpeed.TotalForCode32f,WindSpeed.TotalForCode33,WindSpeed.TotalForCode33f,WindSpeed.TotalForCode34,WindSpeed.TotalForCode34f,WindSpeed.TotalForCode35,WindSpeed.TotalForCode35f,WindSpeed.TotalForCode36,WindSpeed.TotalForCode36f,WindSpeed.TotalForCode99,WindSpeed.TotalForCode99f
2026-01-01,797.8,,799.1,2026-01-01 10:03:00,796.4,2026-01-01 03:10:00,8.9,12.9,2026-01-01 14:47:00,7.0,2026-01-01 23:23:00,6.5,86,67.0,2026-01-01 13:42:00,2.8,220.0,11.4,220.0,2026-01-01 12:56:00,0.0,0.0,,0.0,,,12.82,,11.7,11.3,10.7,10.3,10.3,10.6,,,,,,,,,,,,,,,,,,,,,,,,,,,,,,,,,,,,,,,,,,,,,,,,,,,,,,,,,,,,,,,,,,,,,,,,,,,,,,,,,,,,,,,,,,,,,,,,,,,,,,,,,,,,,,,,,,,,,,,,,,,,,,,,,,,,,,,,,,,,,,,,,,,,,,,,,,,,,,,,,,,,,,,,,,,,,,,,,,,,,,,,,,,,,,,,,,,,,,,,,,,,,,,,,,,,,,,,,,,,,,,,,,,,,,,,,,,,,,,,
2026-01-02,799.8,,801.5,2026-01-02 22:27:00,798.4,2026-01-02 03:52:00,5.6,9.2,2026-01-02 16:06:00,2.1,2026-01-02 22:49:00,4.8,96,75.0,2026-01-02 16:14:00,3.2,220.0,9.4,220.0,2026-01-02 03:58:00,0.0,0.5,2026-01-02 08:27:00,0.5,2026-01-02 07:37:00,,6.47,,11.7,10.9,9.8,8.8,7.1,6.5,,,,,,,,,,,,,,,,,,,,,,,,,,,,,,,,,,,,,,,,,,,,,,,,,,,,,,,,,,,,,,,,,,,,,,,,,,,,,,,,,,,,,,,,,,,,,,,,,,,,,,,,,,,,,,,,,,,,,,,,,,,,,,,,,,,,,,,,,,,,,,,,,,,,,,,,,,,,,,,,,,,,,,,,,,,,,,,,,,,,,,,,,,,,,,,,,,,,,,,,,,,,,,,,,,,,,,,,,,,,,,,,,,,,,,,,,,,,,,,,
2026-01-03,801.2,,802.8,2026-01-03 09:50:00,799.8,2026-01-03 15:05:00,5.4,9.7,2026-01-03 12:20:00,1.9,2026-01-03 00:13:00,-4.0,53,31.0,2026-01-03 10:30:00,2.6,220.0,11.4,210.0,2026-01-03 14:41:00,0.0,0.0,,0.0,,,18.2,,11.5,9.8,8.5,7.4,6.4,6.5,,,,,,,,,,,,,,,,,,,,,,,,,,,,,,,,,,,,,,,,,,,,,,,,,,,,,,,,,,,,,,,,,,,,,,,,,,,,,,,,,,,,,,,,,,,,,,,,,,,,,,,,,,,,,,,,,,,,,,,,,,,,,,,,,,,,,,,,,,,,,,,,,,,,,,,,,,,,,,,,,,,,,,,,,,,,,,,,,,,,,,,,,,,,,,,,,,,,,,,,,,,,,,,,,,,,,,,,,,,,,,,,,,,,,,,,,,,,,,,,
2026-01-04,801.1,,802.8,2026-01-04 09:35:00,800.2,2026-01-04 14:39:00,7.5,14.1,2026-01-04 10:29:00,2.8,2026-01-04 00:04:00,-4.8,47,,,1.8,220.0,10.3,210.0,2026-01-04 14:05:00,0.0,0.0,,0.0,,,17.94,,11.1,9.5,8.5,7.9,7.8,8.0,,,,,,,,,,,,,,,,,,,,,,,,,,,,,,,,,,,,,,,,,,,,,,,,,,,,,,,,,,,,,,,,,,,,,,,,,,,,,,,,,,,,,,,,,,,,,,,,,,,,,,,,,,,,,,,,,,,,,,,,,,,,,,,,,,,,,,,,,,,,,,,,,,,,,,,,,,,,,,,,,,,,,,,,,,,,,,,,,,,,,,,,,,,,,,,,,,,,,,,,,,,,,,,,,,,,,,,,,,,,,,,,,,,,,,,,,,,,,,,,
2026-01-05,800.4,,801.6,2026-01-05 09:09:00,798.9,2026-01-05 14:35:00,7.1,11.4,2026-01-05 13:20:00,3.9,2026-01-05 04:32:00,-1.1,58,30.0,2026-01-05 09:25:00,2.4,220.0,11.3,210.0,2026-01-05 14:58:00,0.0,0.0,,0.0,,,17.81,,10.8,9.6,8.7,8.0,7.9,8.0,,,,,,,,,,,,,,,,,,,,,,,,,,,,,,,,,,,,,,,,,,,,,,,,,,,,,,,,,,,,,,,,,,,,,,,,,,,,,,,,,,,,,,,,,,,,,,,,,,,,,,,,,,,,,,,,,,,,,,,,,,,,,,,,,,,,,,,,,,,,,,,,,,,,,,,,,,,,,,,,,,,,,,,,,,,,,,,,,,,,,,,,,,,,,,,,,,,,,,,,,,,,,,,,,,,,,,,,,,,,,,,,,,,,,,,,,,,,,,,,
2026-01-06,800.0,,801.1,2026-01-06 08:34:00,798.9,2026-01-06 14:05:00,5.4,10.1,2026-01-06 12:33:00,3.0,2026-01-06 20:57:00,1.9,79,56.0,2026-01-06 10:32:00,3.1,210.0,13.0,220.0,2026-01-06 11:42:00,0.0,0.0,,0.0,,,11.43,,10.7,9.6,8.6,7.8,6.3,5.8,,,,,,,,,,,,,,,,,,,,,,,,,,,,,,,,,,,,,,,,,,,,,,,,,,,,,,,,,,,,,,,,,,,,,,,,,,,,,,,,,,,,,,,,,,,,,,,,,,,,,,,,,,,,,,,,,,,,,,,,,,,,,,,,,,,,,,,,,,,,,,,,,,,,,,,,,,,,,,,,,,,,,,,,,,,,,,,,,,,,,,,,,,,,,,,,,,,,,,,,,,,,,,,,,,,,,,,,,,,,,,,,,,,,,,,,,,,,,,,,
2026-01-07,800.1,,801.2,2026-01-07 21:50:00,798.9,2026-01-07 03:35:00,5.9,11.7,2026-01-07 10:14:00,3.0,2026-01-07 03:57:00,1.9,77,44.0,2026-01-07 10:15:00,2.3,220.0,10.8,230.0,2026-01-07 16:01:00,0.0,0.0,,0.0,,,8.63,,10.7,9.1,8.0,7.2,6.3,6.1,,,,,,,,,,,,,,,,,,,,,,,,,,,,,,,,,,,,,,,,,,,,,,,,,,,,,,,,,,,,,,,,,,,,,,,,,,,,,,,,,,,,,,,,,,,,,,,,,,,,,,,,,,,,,,,,,,,,,,,,,,,,,,,,,,,,,,,,,,,,,,,,,,,,,,,,,,,,,,,,,,,,,,,,,,,,,,,,,,,,,,,,,,,,,,,,,,,,,,,,,,,,,,,,,,,,,,,,,,,,,,,,,,,,,,,,,,,,,,,,
2026-01-08,800.9,,802.5,2026-01-08 09:59:00,799.7,2026-01-08 14:25:00,5.3,8.3,2026-01-08 15:29:00,4.0,2026-01-08 21:18:00,-0.9,66,41.0,2026-01-08 16:30:00,3.4,210.0,11.1,220.0,2026-01-08 15:59:00,0.0,0.0,,0.0,,,6.88,,10.3,8.6,7.4,6.4,5.3,5.4,,,,,,,,,,,,,,,,,,,,,,,,,,,,,,,,,,,,,,,,,,,,,,,,,,,,,,,,,,,,,,,,,,,,,,,,,,,,,,,,,,,,,,,,,,,,,,,,,,,,,,,,,,,,,,,,,,,,,,,,,,,,,,,,,,,,,,,,,,,,,,,,,,,,,,,,,,,,,,,,,,,,,,,,,,,,,,,,,,,,,,,,,,,,,,,,,,,,,,,,,,,,,,,,,,,,,,,,,,,,,,,,,,,,,,,,,,,,,,,,
2026-01-09,800.4,,801.5,2026-01-09 09:14:00,799.1,2026-01-09 13:40:00,5.7,7.4,2026-01-09 21:54:00,3.4,2026-01-09 05:01:00,-2.4,56,37.0,2026-01-09 18:09:00,3.2,220.0,12.0,220.0,2026-01-09 12:03:00,0.0,0.0,,0.0,,,6.17,,10.0,8.1,6.8,6.0,5.4,5.7,,,,,,,,,,,,,,,,,,,,,,,,,,,,,,,,,,,,,,,,,,,,,,,,,,,,,,,,,,,,,,,,,,,,,,,,,,,,,,,,,,,,,,,,,,,,,,,,,,,,,,,,,,,,,,,,,,,,,,,,,,,,,,,,,,,,,,,,,,,,,,,,,,,,,,,,,,,,,,,,,,,,,,,,,,,,,,,,,,,,,,,,,,,,,,,,,,,,,,,,,,,,,,,,,,,,,,,,,,,,,,,,,,,,,,,,,,,,,,,,
2026-01-10,800.6,,802.1,2026-01-10 23:17:00,798.4,2026-01-10 14:46:00,7.3,12.7,2026-01-10 09:53:00,5.9,2026-01-10 04:58:00,0.3,62,48.0,2026-01-10 09:56:00,2.3,210.0,9.4,210.0,2026-01-10 12:27:00,0.0,0.0,,0.0,,,6.22,,9.7,8.2,7.4,7.0,7.0,7.5,,,,,,,,,,,,,,,,,,,,,,,,,,,,,,,,,,,,,,,,,,,,,,,,,,,,,,,,,,,,,,,,,,,,,,,,,,,,,,,,,,,,,,,,,,,,,,,,,,,,,,,,,,,,,,,,,,,,,,,,,,,,,,,,,,,,,,,,,,,,,,,,,,,,,,,,,,,,,,,,,,,,,,,,,,,,,,,,,,,,,,,,,,,,,,,,,,,,,,,,,,,,,,,,,,,,,,,,,,,,,,,,,,,,,,,,,,,,,,,,
2026-01-11,801.5,,802.5,2026-01-11 08:44:00,800.1,2026-01-11 14:57:00,8.1,13.6,2026-01-11 13:48:00,5.4,2026-01-11 19:38:00,1.0,62,41.0,2026-01-11 07:34:00,1.9,220.0,9.6,210.0,2026-01-11 14:26:00,0.0,0.0,,0.0,,,12.63,,9.6,8.7,8.4,8.3,8.8,9.2,,,,,,,,,,,,,,,,,,,,,,,,,,,,,,,,,,,,,,,,,,,,,,,,,,,,,,,,,,,,,,,,,,,,,,,,,,,,,,,,,,,,,,,,,,,,,,,,,,,,,,,,,,,,,,,,,,,,,,,,,,,,,,,,,,,,,,,,,,,,,,,,,,,,,,,,,,,,,,,,,,,,,,,,,,,,,,,,,,,,,,,,,,,,,,,,,,,,,,,,,,,,,,,,,,,,,,,,,,,,,,,,,,,,,,,,,,,,,,,,
2026-01-12,801.2,,802.8,2026-01-12 09:21:00,799.8,2026-01-12 15:25:00,6.8,9.0,2026-01-12 11:11:00,5.2,2026-01-12 23:20:00,2.9,78,60.0,2026-01-12 08:33:00,2.4,220.0,9.1,230.0,2026-01-12 18:43:00,0.0,0.0,,0.0,,,4.98,,9.8,9.2,8.5,8.0,7.3,7.3,,,,,,,,,,,,,,,,,,,,,,,,,,,,,,,,,,,,,,,,,,,,,,,,,,,,,,,,,,,,,,,,,,,,,,,,,,,,,,,,,,,,,,,,,,,,,,,,,,,,,,,,,,,,,,,,,,,,,,,,,,,,,,,,,,,,,,,,,,,,,,,,,,,,,,,,,,,,,,,,,,,,,,,,,,,,,,,,,,,,,,,,,,,,,,,,,,,,,,,,,,,,,,,,,,,,,,,,,,,,,,,,,,,,,,,,,,,,,,,,
2026-01-13,800.1,,801.2,2026-01-13 09:14:00,798.5,2026-01-13 14:33:00,7.8,12.8,2026-01-13 13:51:00,5.1,2026-01-13 04:42:00,2.9,73,47.0,2026-01-13 10:47:00,2.2,220.0,12.4,220.0,2026-01-13 14:36:00,0.0,0.0,,0.0,,,15.58,,9.8,9.1,8.6,8.3,8.3,8.9,,,,,,,,,,,,,,,,,,,,,,,,,,,,,,,,,,,,,,,,,,,,,,,,,,,,,,,,,,,,,,,,,,,,,,,,,,,,,,,,,,,,,,,,,,,,,,,,,,,,,,,,,,,,,,,,,,,,,,,,,,,,,,,,,,,,,,,,,,,,,,,,,,,,,,,,,,,,,,,,,,,,,,,,,,,,,,,,,,,,,,,,,,,,,,,,,,,,,,,,,,,,,,,,,,,,,,,,,,,,,,,,,,,,,,,,,,,,,,,,
2026-01-14,800.0,,801.3,2026-01-14 09:48:00,798.5,2026-01-14 14:38:00,8.9,15.7,2026-01-14 10:10:00,5.2,2026-01-14 22:24:00,-3.3,57,,,2.5,220.0,12.0,210.0,2026-01-14 15:17:00,0.0,0.0,,0.0,,,18.84,,9.9,9.1,8.5,8.0,8.4,8.8,,,,,,,,,,,,,,,,,,,,,,,,,,,,,,,,,,,,,,,,,,,,,,,,,,,,,,,,,,,,,,,,,,,,,,,,,,,,,,,,,,,,,,,,,,,,,,,,,,,,,,,,,,,,,,,,,,,,,,,,,,,,,,,,,,,,,,,,,,,,,,,,,,,,,,,,,,,,,,,,,,,,,,,,,,,,,,,,,,,,,,,,,,,,,,,,,,,,,,,,,,,,,,,,,,,,,,,,,,,,,,,,,,,,,,,,,,,,,,,,
2026-01-15,799.4,,801.1,2026-01-15 09:15:00,797.7,2026-01-15 14:51:00,9.2,14.0,2026-01-15 14:27:00,5.5,2026-01-15 00:12:00,3.7,69,49.0,2026-01-15 13:34:00,2.3,210.0,7.5,210.0,2026-01-15 15:49:00,0.0,0.0,,0.0,,,9.38,,9.9,9.5,9.1,9.0,9.4,9.7,,,,,,,,,,,,,,,,,,,,,,,,,,,,,,,,,,,,,,,,,,,,,,,,,,,,,,,,,,,,,,,,,,,,,,,,,,,,,,,,,,,,,,,,,,,,,,,,,,,,,,,,,,,,,,,,,,,,,,,,,,,,,,,,,,,,,,,,,,,,,,,,,,,,,,,,,,,,,,,,,,,,,,,,,,,,,,,,,,,,,,,,,,,,,,,,,,,,,,,,,,,,,,,,,,,,,,,,,,,,,,,,,,,,,,,,,,,,,,,,
2026-01-16,797.8,,798.8,2026-01-16 09:56:00,796.6,2026-01-16 15:09:00,10.5,16.5,2026-01-16 13:53:00,8.0,2026-01-16 02:13:00,7.2,81,55.0,2026-01-16 10:22:00,1.8,220.0,7.5,200.0,2026-01-16 13:00:00,0.0,0.0,,0.0,,,9.8,,10.1,10.2,10.2,10.4,11.1,11.5,,,,,,,,,,,,,,,,,,,,,,,,,,,,,,,,,,,,,,,,,,,,,,,,,,,,,,,,,,,,,,,,,,,,,,,,,,,,,,,,,,,,,,,,,,,,,,,,,,,,,,,,,,,,,,,,,,,,,,,,,,,,,,,,,,,,,,,,,,,,,,,,,,,,,,,,,,,,,,,,,,,,,,,,,,,,,,,,,,,,,,,,,,,,,,,,,,,,,,,,,,,,,,,,,,,,,,,,,,,,,,,,,,,,,,,,,,,,,,,,
2026-01-17,797.0,,798.1,2026-01-17 09:37:00,795.4,2026-01-17 14:47:00,10.8,15.1,2026-01-17 13:47:00,8.6,2026-01-17 03:08:00,8.4,87,61.0,2026-01-17 10:01:00,2.5,210.0,10.8,200.0,2026-01-17 12:54:00,0.5,0.5,2026-01-17 02:21:00,0.5,2026-01-17 01:31:00,,13.4,,10.5,11.0,11.1,11.1,11.5,11.9,,,,,,,,,,,,,,,,,,,,,,,,,,,,,,,,,,,,,,,,,,,,,,,,,,,,,,,,,,,,,,,,,,,,,,,,,,,,,,,,,,,,,,,,,,,,,,,,,,,,,,,,,,,,,,,,,,,,,,,,,,,,,,,,,,,,,,,,,,,,,,,,,,,,,,,,,,,,,,,,,,,,,,,,,,,,,,,,,,,,,,,,,,,,,,,,,,,,,,,,,,,,,,,,,,,,,,,,,,,,,,,,,,,,,,,,,,,,,,,,
2026-01-18,796.8,,797.9,2026-01-18 09:21:00,795.3,2026-01-18 13:32:00,10.4,14.6,2026-01-18 13:18:00,8.4,2026-01-18 03:43:00,7.4,82,64.0,2026-01-18 11:11:00,2.3,220.0,12.5,210.0,2026-01-18 13:56:00,0.0,0.0,,0.0,,,12.27,,10.8,11.3,11.1,11.0,11.0,11.1,,,,,,,,,,,,,,,,,,,,,,,,,,,,,,,,,,,,,,,,,,,,,,,,,,,,,,,,,,,,,,,,,,,,,,,,,,,,,,,,,,,,,,,,,,,,,,,,,,,,,,,,,,,,,,,,,,,,,,,,,,,,,,,,,,,,,,,,,,,,,,,,,,,,,,,,,,,,,,,,,,,,,,,,,,,,,,,,,,,,,,,,,,,,,,,,,,,,,,,,,,,,,,,,,,,,,,,,,,,,,,,,,,,,,,,,,,,,,,,,
2026-01-19,797.0,,798.2,2026-01-19 09:51:00,795.3,2026-01-19 14:10:00,10.2,15.2,2026-01-19 09:05:00,7.0,2026-01-19 23:27:00,0.9,56,23.0,2026-01-19 09:51:00,2.6,220.0,12.3,200.0,2026-01-19 12:41:00,0.0,0.0,,0.0,,,18.73,,11.0,11.1,10.5,10.0,10.2,10.5,,,,,,,,,,,,,,,,,,,,,,,,,,,,,,,,,,,,,,,,,,,,,,,,,,,,,,,,,,,,,,,,,,,,,,,,,,,,,,,,,,,,,,,,,,,,,,,,,,,,,,,,,,,,,,,,,,,,,,,,,,,,,,,,,,,,,,,,,,,,,,,,,,,,,,,,,,,,,,,,,,,,,,,,,,,,,,,,,,,,,,,,,,,,,,,,,,,,,,,,,,,,,,,,,,,,,,,,,,,,,,,,,,,,,,,,,,,,,,,,
2026-01-20,797.8,,799.1,2026-01-20 09:53:00,796.3,2026-01-20 13:48:00,8.1,13.4,2026-01-20 12:40:00,4.6,2026-01-20 05:08:00,1.3,64,30.0,2026-01-20 11:48:00,2.8,210.0,12.8,190.0,2026-01-20 14:54:00,0.0,0.0,,0.0,,,18.98,,11.0,10.7,10.1,9.6,9.4,9.2,,,,,,,,,,,,,,,,,,,,,,,,,,,,,,,,,,,,,,,,,,,,,,,,,,,,,,,,,,,,,,,,,,,,,,,,,,,,,,,,,,,,,,,,,,,,,,,,,,,,,,,,,,,,,,,,,,,,,,,,,,,,,,,,,,,,,,,,,,,,,,,,,,,,,,,,,,,,,,,,,,,,,,,,,,,,,,,,,,,,,,,,,,,,,,,,,,,,,,,,,,,,,,,,,,,,,,,,,,,,,,,,,,,,,,,,,,,,,,,,
2026-01-21,799.2,,800.5,2026-01-21 09:03:00,798.2,2026-01-21 14:51:00,6.5,10.6,2026-01-21 12:09:00,4.5,2026-01-21 02:33:00,3.7,83,65.0,2026-01-21 00:01:00,2.9,210.0,11.9,210.0,2026-01-21 13:11:00,0.0,0.0,,0.0,,,13.19,,11.0,10.4,9.6,9.0,8.3,8.0,,,,,,,,,,,,,,,,,,,,,,,,,,,,,,,,,,,,,,,,,,,,,,,,,,,,,,,,,,,,,,,,,,,,,,,,,,,,,,,,,,,,,,,,,,,,,,,,,,,,,,,,,,,,,,,,,,,,,,,,,,,,,,,,,,,,,,,,,,,,,,,,,,,,,,,,,,,,,,,,,,,,,,,,,,,,,,,,,,,,,,,,,,,,,,,,,,,,,,,,,,,,,,,,,,,,,,,,,,,,,,,,,,,,,,,,,,,,,,,,
2026-01-22,800.4,-9999.5,801.6,2026-01-22T21:06:00,799.2,2026-01-22T14:57:00,5.0,7.7,2026-01-22T09:58:00,4.2,2026-01-22T02:09:00,4.6,98,82.0,2026-01-22T09:59:00,2.6,220,7.0,210.0,2026-01-22T12:16:00,0.0,0.0,,0.0,2026-01-22T01:00:00,-99.5,3.74,,6.6,7.9,8.8,9.9,10.9,11.8,,,,,,,,10.0,6.0,2026-01-22T11:58:00,,,,4.0,2026-01-22T06:47:00,,,,,,,1.04,2026-01-22T10:00:00,,,,,0.0,2026-01-22T01:00:00,,,,,,,,-99.5,0.0,,100.0,2026-01-22T00:01:00,,,,,,-9999.5,,,,,-9999.5,,,,,,,,,,,,,,,,-999.5,,,,,,-99.5,-99.95,,,,,,0,,0,,0,,0,,0,,0,,0,,0,,0,,0,,0,,0,,0,,0,,0,,0,,0,,0,,0,,0,,6,,7,,9,,2,,0,,0,,0,,0,,0,,0,,0,,0,,0,,0,,0,,0,,0,,0,,,210.0,,,5.4,2026-01-22T12:22:00,,,0,,0.0,,0.0,,0.0,,0.0,,0.0,,0.0,,0.0,,0.0,,0.0,,0.0,,0.0,,0.0,,0.0,,0.0,,0.0,,0.0,,0.0,,0.0,,0.0,,15.2,,22.0,,21.8,,3.5,,0.0,,0.0,,0.0,,0.0,,0.0,,0.0,,0.0,,0.0,,0.0,,0.0,,0.0,,0.0,,0.0,,0,
2026-01-23,801.8,-9999.5,,,,,6.8,,,,,3.5,81,,,2.7,220,,,,0.0,,,0.0,2026-01-23T01:00:00,-99.5,19.36,,9.3,9.0,9.2,9.7,10.6,11.8,,,,,,,,7.7,,,,,,,,,,,,,,3.73,2026-01-23T01:00:00,,,,,0.0,2026-01-23T01:00:00,,,,,,,,-99.5,,,,,,,,,,-9999.5,,,,,-9999.5,,,,,,,,,,,,,,,,,,,,,,-99.5,-99.95,,,,,,0,,0,,0,,1,,4,,0,,3,,0,,0,,0,,0,,0,,0,,0,,0,,0,,0,,0,,1,,0,,1,,5,,6,,0,,0,,0,,0,,0,,0,,0,,0,,0,,0,,0,,0,,0,,0,,0,,,,,,,,,,0,,0.0,,0.0,,0.6,,3.1,,0.0,,3.3,,0.0,,0.0,,0.0,,0.0,,0.0,,0.0,,0.0,,0.0,,0.0,,0.0,,0.0,,1.0,,0.0,,4.7,,26.5,,19.5,,0.0,,0.0,,0.0,,0.0,,0.0,,0.0,,0.0,,0.0,,0.0,,0.0,,0.0,,0.0,,0.0,,0.0,,0,
2026-01-24,802.3,-9999.5,804.0,2026-01-24T08:59:00,800.9,2026-01-24T14:53:00,8.2,13.0,2026-01-24T13:18:00,5.0,2026-01-24T02:06:00,1.9,66,44.0,2026-01-24T13:52:00,2.7,220,11.1,220.0,2026-01-24T15:52:00,0.0,0.0,,0.0,2026-01-24T01:00:00,-99.5,15.71,,9.8,9.7,10.0,10.4,10.6,11.7,,,,,,,,4.5,4.6,2026-01-24T17:24:00,,,,-1.7,2026-01-24T00:03:00,,,,,,,2.59,2026-01-24T14:00:00,,,,,0.0,2026-01-24T01:00:00,,,,,,,,-99.5,0.0,,90.0,2026-01-24T19:17:00,,,,,,-9999.5,,,,,-9999.5,,,,,,,,,,,,,,,,-999.5,,,,,,-99.5,-99.95,,,,,,0,,0,,0,,0,,2,,3,,0,,2,,0,,2,,0,,0,,0,,0,,0,,0,,1,,0,,0,,0,,1,,3,,4,,4,,0,,0,,0,,0,,0,,0,,0,,0,,0,,1,,1,,0,,0,,0,,,220.0,,,7.5,2026-01-24T15:24:00,,,0,,0.0,,0.0,,0.0,,3.5,,5.9,,0.0,,4.3,,0.0,,2.5,,0.0,,0.0,,0.0,,0.0,,0.0,,0.0,,1.0,,0.0,,0.0,,0.0,,2.0,,5.6,,19.7,,18.3,,0.0,,0.0,,0.0,,0.0,,0.0,,0.0,,0.0,,0.0,,0.0,,1.3,,0.3,,0.0,,0.0,,0,
2026-01-25,802.5,-9999.5,803.7,2026-01-25T08:39:00,801.1,2026-01-25T14:11:00,9.3,15.8,2026-01-25T11:56:00,6.1,2026-01-25T01:01:00,4.7,75,46.0,2026-01-25T11:57:00,2.0,200,10.1,220.0,2026-01-25T14:40:00,0.0,0.0,,0.0,2026-01-25T01:00:00,-99.5,12.91,,10.4,10.0,10.2,10.6,10.7,11.7,,,,,,,,8.2,8.1,2026-01-25T17:04:00,,,,0.8,2026-01-25T07:21:00,,,,,,,3.13,2026-01-25T12:00:00,,,,,0.0,2026-01-25T01:00:00,,,,,,,,-99.5,0.0,,98.0,2026-01-25T19:44:00,,,,,,-9999.5,,,,,-9999.5,,,,,,,,,,,,,,,,-999.5,,,,,,-99.5,-99.95,,,,,,0,,0,,0,,1,,1,,3,,1,,1,,3,,1,,0,,1,,0,,0,,0,,0,,0,,0,,0,,1,,3,,2,,2,,3,,1,,0,,0,,0,,0,,0,,0,,0,,0,,0,,0,,0,,0,,0,,,210.0,,,7.7,2026-01-25T14:27:00,,,0,,0.0,,0.0,,1.3,,1.3,,5.2,,0.9,,1.1,,2.8,,0.4,,0.0,,0.4,,0.0,,0.0,,0.0,,0.0,,0.0,,0.0,,0.0,,0.5,,9.2,,9.9,,7.0,,7.3,,0.9,,0.0,,0.0,,0.0,,0.0,,0.0,,0.0,,0.0,,0.0,,0.0,,0.0,,0.0,,0.0,,0,
2026-01-26,802.3,-9999.5,803.5,2026-01-26T09:18:00,800.7,2026-01-26T15:03:00,9.6,13.3,2026-01-26T12:18:00,7.3,2026-01-26T21:48:00,5.3,76,46.0,2026-01-26T09:50:00,2.1,220,8.1,220.0,2026-01-26T15:12:00,0.0,0.0,,0.0,2026-01-26T01:00:00,-99.5,10.69,,10.8,10.6,10.7,11.0,10.9,11.7,,,,,,,,,7.5,2026-01-26T14:46:00,,,,0.9,2026-01-26T09:50:00,,,,,,,1.62,2026-01-26T12:00:00,,,,,0.0,2026-01-26T01:00:00,,,,,,,,-99.5,0.0,,98.0,2026-01-26T21:37:00,,,,,,-9999.5,,,,,-9999.5,,,,,,,,,,,,,,,,-999.5,,,,,,-99.5,-99.95,,,,,,0,,0,,0,,1,,0,,3,,0,,3,,0,,1,,0,,0,,0,,0,,0,,0,,1,,0,,0,,0,,1,,5,,5,,1,,0,,0,,1,,0,,1,,0,,0,,0,,0,,0,,0,,0,,0,,0,,,220.0,,,6.0,2026-01-26T15:17:00,,,0,,0.0,,0.0,,1.3,,0.0,,4.5,,0.0,,4.5,,0.0,,0.5,,0.0,,0.0,,0.0,,0.0,,0.0,,0.0,,0.9,,0.0,,0.0,,0.0,,2.9,,7.6,,21.0,,4.9,,0.0,,0.0,,1.5,,0.0,,1.0,,0.0,,0.0,,0.0,,0.0,,0.0,,0.0,,0.0,,0.0,,0,
2026-01-27,801.5,-9999.5,802.7,2026-01-27T09:35:00,800.2,2026-01-27T14:13:00,9.5,14.0,2026-01-27T12:00:00,6.8,2026-01-27T23:20:00,5.4,78,44.0,2026-01-27T09:42:00,2.8,210,11.4,210.0,2026-01-27T14:22:00,0.0,0.0,,0.0,2026-01-27T01:00:00,-99.5,10.56,,10.5,10.5,10.7,11.1,11.1,11.7,,,,,,,,,8.5,2026-01-27T16:38:00,,,,1.2,2026-01-27T09:42:00,,,,,,,2.0,2026-01-27T12:00:00,,,,,0.0,2026-01-27T01:00:00,,,,,,,,-99.5,0.0,,100.0,2026-01-27T18:18:00,,,,,,-9999.5,,,,,-9999.5,,,,,,,,,,,,,,,,-999.5,,,,,,-99.5,-99.95,,,,,,0,,0,,0,,1,,1,,0,,1,,0,,0,,0,,0,,0,,0,,1,,0,,0,,2,,1,,0,,0,,2,,7,,6,,2,,0,,0,,0,,0,,0,,0,,0,,0,,0,,0,,0,,0,,0,,0,,,220.0,,,8.1,2026-01-27T14:41:00,,,0,,0.0,,0.0,,1.8,,1.3,,0.0,,1.3,,0.0,,0.0,,0.0,,0.0,,0.0,,0.0,,0.5,,0.0,,0.0,,1.4,,0.6,,0.0,,0.0,,4.6,,28.0,,23.7,,4.8,,0.0,,0.0,,0.0,,0.0,,0.0,,0.0,,0.0,,0.0,,0.0,,0.0,,0.0,,0.0,,0.0,,0,
2026-01-28,801.4,-9999.5,802.9,2026-01-28T09:03:00,799.7,2026-01-28T14:53:00,8.6,13.7,2026-01-28T13:58:00,6.0,2026-01-28T06:05:00,5.1,80,49.0,2026-01-28T13:58:00,2.6,210,11.0,230.0,2026-01-28T15:18:00,3.0,2.0,2026-01-28T01:57:00,2.0,2026-01-28T03:00:00,-99.5,16.3,,10.3,10.3,10.7,11.1,11.2,11.7,,,,,,,,,6.9,2026-01-28T00:18:00,,,,2.3,2026-01-28T20:33:00,,,,,,,2.9,2026-01-28T14:00:00,,,,,2.0,2026-01-28T03:00:00,,,,,,,,-99.5,2.5,2026-01-28T01:32:00,100.0,2026-01-28T00:18:00,,,,,,-9999.5,,,,,-9999.5,,,,,,,,,,,,,,,,-999.5,,,,,,-99.5,-99.95,,,,,,0,,1,,0,,0,,0,,0,,0,,1,,0,,1,,0,,0,,0,,0,,0,,1,,0,,1,,0,,4,,1,,7,,7,,0,,0,,0,,0,,0,,0,,0,,0,,0,,0,,0,,0,,0,,0,,0,,,220.0,,,7.8,2026-01-28T16:03:00,,,0,,0.6,,0.0,,0.0,,0.0,,0.0,,0.0,,0.9,,0.0,,0.4,,0.0,,0.0,,0.0,,0.0,,0.0,,0.6,,0.0,,0.6,,0.0,,4.9,,2.7,,26.6,,26.2,,0.0,,0.0,,0.0,,0.0,,0.0,,0.0,,0.0,,0.0,,0.0,,0.0,,0.0,,0.0,,0.0,,0.0,,0,
2026-01-29,802.4,-9999.5,803.8,2026-01-29T08:59:00,801.2,2026-01-29T14:41:00,10.0,14.1,2026-01-29T13:08:00,5.3,2026-01-29T02:03:00,3.0,63,48.0,2026-01-29T11:52:00,2.4,210,9.9,220.0,2026-01-29T14:18:00,0.0,0.0,,0.0,2026-01-29T01:00:00,-99.5,16.8,,11.5,10.8,11.0,11.2,11.2,11.8,,,,,,,,,5.2,2026-01-29T15:37:00,,,,0.8,2026-01-29T03:01:00,,,,,,,3.23,2026-01-29T13:00:00,,,,,0.0,2026-01-29T01:00:00,,,,,,,,-99.5,0.0,,90.0,2026-01-29T00:28:00,,,,,,-9999.5,,,,,-9999.5,,,,,,,,,,,,,,,,-999.5,,,,,,-99.5,-99.95,,,,,,0,,0,,0,,0,,1,,1,,1,,0,,0,,0,,1,,1,,0,,0,,0,,0,,0,,0,,0,,1,,3,,4,,3,,3,,1,,0,,0,,2,,0,,0,,0,,0,,0,,0,,0,,0,,0,,0,,,220.0,,,6.3,2026-01-29T14:19:00,,,0,,0.0,,0.0,,0.0,,2.6,,1.2,,1.5,,0.0,,0.0,,0.0,,1.3,,0.9,,0.0,,0.0,,0.0,,0.0,,0.0,,0.0,,0.0,,1.5,,6.7,,11.6,,14.2,,8.3,,0.6,,0.0,,0.0,,2.7,,0.0,,0.0,,0.0,,0.0,,0.0,,0.0,,0.0,,0.0,,0.0,,0,
2026-01-30,803.1,-9999.5,804.6,2026-01-30T09:19:00,801.8,2026-01-30T15:32:00,8.8,14.0,2026-01-30T15:47:00,7.4,2026-01-30T01:08:00,7.7,93,66.0,2026-01-30T00:17:00,1.8,230,8.6,210.0,2026-01-30T10:22:00,7.0,0.5,2026-01-30T04:38:00,1.5,2026-01-30T08:00:00,-99.5,6.32,,9.8,10.5,10.8,11.3,11.3,11.8,,,,,,,,,10.9,2026-01-30T15:47:00,,,,3.1,2026-01-30T00:37:00,,,,,,,1.27,2026-01-30T16:00:00,,,,,1.5,2026-01-30T08:00:00,,,,,,,,-99.5,2.0,2026-01-30T07:17:00,100.0,2026-01-30T06:54:00,,,,,,-9999.5,,,,,-9999.5,,,,,,,,,,,,,,,,-999.5,,,,,,-99.5,-99.95,,,,,,0,,0,,0,,0,,3,,0,,2,,2,,0,,1,,0,,0,,0,,0,,0,,0,,0,,0,,0,,1,,1,,2,,4,,5,,1,,0,,1,,0,,0,,0,,0,,0,,0,,0,,0,,1,,0,,0,,,210.0,,,6.0,2026-01-30T10:25:00,,,0,,0.0,,0.0,,0.0,,2.2,,0.0,,4.6,,2.6,,0.0,,0.6,,0.0,,0.0,,0.0,,0.0,,0.0,,0.0,,0.0,,0.0,,0.0,,0.6,,1.1,,6.2,,9.3,,12.8,,0.6,,0.0,,0.5,,0.0,,0.0,,0.0,,0.0,,0.0,,0.0,,0.0,,0.0,,1.0,,0.0,,0,
2026-01-31,802.6,-9999.5,804.0,2026-01-31T08:51:00,801.2,2026-01-31T15:32:00,10.0,14.4,2026-01-31T10:28:00,8.1,2026-01-31T20:53:00,7.0,83,58.0,2026-01-31T11:06:00,2.2,220,9.4,190.0,2026-01-31T12:50:00,0.0,0.0,,0.0,2026-01-31T01:00:00,-99.5,11.57,,10.7,10.8,11.0,11.3,11.4,11.8,,,,,,,,,9.9,2026-01-31T16:07:00,,,,4.8,2026-01-31T03:56:00,,,,,,,1.99,2026-01-31T12:00:00,,,,,0.0,2026-01-31T01:00:00,,,,,,,,-99.5,0.0,,100.0,2026-01-31T18:48:00,,,,,,-9999.5,,,,,-9999.5,,,,,,,,,,,,,,,,-999.5,,,,,,-99.5,-99.95,,,,,,0,,0,,0,,0,,0,,2,,1,,1,,2,,1,,0,,1,,0,,0,,0,,0,,1,,1,,0,,0,,0,,2,,9,,2,,1,,0,,0,,0,,0,,0,,0,,0,,0,,0,,0,,0,,0,,0,,,220.0,,,6.7,2026-01-31T16:28:00,,,0,,0.0,,0.0,,0.0,,0.0,,1.7,,1.3,,2.2,,1.5,,1.5,,0.0,,0.5,,0.0,,0.0,,0.0,,0.0,,0.6,,0.6,,0.0,,0.0,,0.0,,7.0,,25.8,,8.5,,1.3,,0.0,,0.0,,0.0,,0.0,,0.0,,0.0,,0.0,,0.0,,0.0,,0.0,,0.0,,0.0,,0,
2026-02-01,802.6,-9999.5,803.7,2026-02-01T09:11:00,801.1,2026-02-01T14:38:00,8.7,11.1,2026-02-01T13:15:00,7.6,2026-02-01T22:52:00,8.0,96,87.0,2026-02-01T10:00:00,3.0,210,12.6,210.0,2026-02-01T15:07:00,13.5,2.0,2026-02-01T15:57:00,4.0,2026-02-01T20:00:00,-99.5,4.32,,9.3,10.0,10.5,11.1,11.4,11.9,,,,,,,,,9.4,2026-02-01T13:14:00,,,,7.1,2026-02-01T01:03:00,,,,,,,0.85,2026-02-01T10:00:00,,,,,4.0,2026-02-01T20:00:00,,,,,,,,-99.5,4.0,2026-02-01T18:59:00,100.0,2026-02-01T14:00:00,,,,,,-9999.5,,,,,-9999.5,,,,,,,,,,,,,,,,-999.5,,,,,,-99.5,-99.95,,,,,,0,,0,,0,,0,,1,,0,,2,,0,,1,,0,,0,,0,,0,,0,,0,,0,,0,,0,,0,,2,,4,,8,,3,,0,,2,,0,,0,,0,,0,,0,,0,,0,,0,,0,,0,,0,,0,,0,,,220.0,,,9.4,2026-02-01T15:11:00,,,0,,0.0,,0.0,,0.0,,0.5,,0.0,,2.8,,0.0,,0.6,,0.0,,0.0,,0.0,,0.0,,0.0,,0.0,,0.0,,0.0,,0.0,,0.0,,4.3,,16.1,,30.1,,15.4,,0.0,,2.6,,0.0,,0.0,,0.0,,0.0,,0.0,,0.0,,0.0,,0.0,,0.0,,0.0,,0.0,,0.0,,0,
2026-02-02,803.6,-9999.5,805.0,2026-02-02T09:14:00,802.5,2026-02-02T02:54:00,8.3,12.3,2026-02-02T15:32:00,5.8,2026-02-02T07:57:00,6.8,91,70.0,2026-02-02T17:12:00,1.9,210,7.8,190.0,2026-02-02T06:14:00,7.0,1.0,2026-02-02T04:01:00,1.5,2026-02-02T05:00:00,-99.5,11.99,,9.4,9.8,10.1,10.7,11.3,11.9,,,,,,,,,9.9,2026-02-02T14:12:00,,,,4.2,2026-02-02T23:17:00,,,,,,,4.31,2026-02-02T01:00:00,,,,,1.5,2026-02-02T05:00:00,,,,,,,,-99.5,2.0,2026-02-02T03:11:00,100.0,2026-02-02T00:01:00,,,,,,-9999.5,,,,,-9999.5,,,,,,,,,,,,,,,,-999.5,,,,,,-99.5,-99.95,,,,,,0,,0,,0,,0,,0,,3,,3,,1,,1,,0,,0,,0,,0,,0,,0,,0,,0,,1,,0,,0,,2,,5,,5,,0,,0,,1,,0,,0,,0,,0,,0,,0,,0,,0,,0,,0,,0,,0,,,210.0,,,6.0,2026-02-02T05:23:00,,,0,,0.0,,0.0,,0.0,,0.0,,3.6,,3.5,,2.0,,0.6,,0.0,,0.0,,0.0,,0.0,,0.0,,0.0,,0.0,,0.0,,0.5,,0.0,,0.0,,3.9,,15.8,,14.1,,0.0,,0.0,,1.0,,0.0,,0.0,,0.0,,0.0,,0.0,,0.0,,0.0,,0.0,,0.0,,0.0,,0.0,,0,
2026-02-03,803.9,-9999.5,805.3,2026-02-03T09:12:00,802.7,2026-02-03T14:53:00,8.8,12.4,2026-02-03T13:33:00,6.8,2026-02-03T03:41:00,5.5,81,66.0,2026-02-03T11:36:00,2.3,210,10.6,210.0,2026-02-03T10:57:00,0.0,0.0,,0.0,2026-02-03T01:00:00,-99.5,10.41,,9.4,9.8,10.2,10.8,11.2,11.9,,,,,,,,,8.0,2026-02-03T14:24:00,,,,3.8,2026-02-03T07:09:00,,,,,,,1.81,2026-02-03T11:00:00,,,,,0.0,2026-02-03T01:00:00,,,,,,,,-99.5,0.0,,94.0,2026-02-03T19:22:00,,,,,,-9999.5,,,,,-9999.5,,,,,,,,,,,,,,,,-999.5,,,,,,-99.5,-99.95,,,,,,0,,1,,1,,1,,2,,2,,0,,1,,0,,0,,1,,0,,0,,0,,0,,1,,0,,0,,0,,0,,3,,3,,2,,2,,0,,0,,0,,0,,0,,0,,0,,1,,0,,0,,0,,0,,1,,0,,,220.0,,,7.2,2026-02-03T11:03:00,,,0,,1.0,,1.3,,0.6,,2.2,,1.6,,0.0,,1.5,,0.0,,0.0,,0.6,,0.0,,0.0,,0.0,,0.0,,0.8,,0.0,,0.0,,0.0,,0.0,,4.8,,19.5,,12.5,,2.7,,0.0,,0.0,,0.0,,0.0,,0.0,,0.0,,0.0,,1.1,,0.0,,0.0,,0.0,,0.0,,0.6,,0,
2026-02-04,802.3,-9999.5,803.8,2026-02-04T08:57:00,800.6,2026-02-04T15:30:00,10.3,14.8,2026-02-04T15:04:00,7.3,2026-02-04T02:57:00,5.1,71,54.0,2026-02-04T14:07:00,2.4,210,9.8,220.0,2026-02-04T14:17:00,0.0,0.0,,0.0,2026-02-04T01:00:00,-99.5,19.29,,11.7,11.1,11.1,11.1,11.1,11.9,,,,,,,,,7.7,2026-02-04T17:13:00,,,,2.8,2026-02-04T05:35:00,,,,,,,3.2,2026-02-04T13:00:00,,,,,0.0,2026-02-04T01:00:00,,,,,,,,-99.5,0.0,,92.0,2026-02-04T18:46:00,,,,,,-9999.5,,,,,-9999.5,,,,,,,,,,,,,,,,-999.5,,,,,,-99.5,-99.95,,,,,,0,,0,,0,,2,,2,,3,,2,,0,,1,,0,,0,,0,,1,,0,,0,,0,,0,,0,,0,,1,,0,,5,,2,,2,,1,,0,,0,,0,,0,,0,,0,,0,,1,,0,,1,,0,,0,,0,,,230.0,,,5.9,2026-02-04T14:19:00,,,0,,0.0,,0.0,,2.6,,3.4,,5.6,,3.4,,0.0,,3.0,,0.0,,0.0,,0.0,,0.5,,0.0,,0.0,,0.0,,0.0,,0.0,,0.0,,0.5,,0.0,,16.5,,9.7,,9.5,,1.2,,0.0,,0.0,,0.0,,0.0,,0.0,,0.0,,0.0,,1.1,,0.0,,1.3,,0.0,,0.0,,0,
2026-02-05,801.2,-9999.5,802.7,2026-02-05T09:06:00,799.6,2026-02-05T15:06:00,11.6,16.6,2026-02-05T09:53:00,8.5,2026-02-05T02:53:00,7.9,79,53.0,2026-02-05T09:53:00,2.3,70,10.5,210.0,2026-02-05T12:41:00,0.0,0.0,,0.0,2026-02-05T01:00:00,-99.5,19.21,,13.0,12.3,12.2,12.0,11.3,11.9,,,,,,,,,10.9,2026-02-05T16:09:00,,,,1.9,2026-02-05T22:59:00,,,,,,,3.2,2026-02-05T13:00:00,,,,,0.0,2026-02-05T01:00:00,,,,,,,,-99.5,0.0,,100.0,2026-02-05T20:34:00,,,,,,-9999.5,,,,,-9999.5,,,,,,,,,,,,,,,,-999.5,,,,,,-99.5,-99.95,,,,,,0,,0,,0,,0,,3,,1,,0,,5,,0,,0,,0,,0,,0,,0,,0,,0,,0,,0,,1,,1,,1,,4,,4,,1,,1,,0,,0,,0,,0,,0,,0,,0,,0,,0,,0,,0,,0,,0,,,220.0,,,7.0,2026-02-05T13:37:00,,,0,,0.0,,0.0,,0.0,,2.5,,2.2,,0.0,,6.1,,0.0,,0.0,,0.0,,0.0,,0.0,,0.0,,0.0,,0.0,,0.0,,0.0,,1.0,,1.3,,4.0,,14.1,,18.8,,4.5,,1.5,,0.0,,0.0,,0.0,,0.0,,0.0,,0.0,,0.0,,0.0,,0.0,,0.0,,0.0,,0.0,,0,
2026-02-06,800.3,-9999.5,801.8,2026-02-06T08:53:00,798.4,2026-02-06T15:23:00,11.1,16.8,2026-02-06T10:38:00,7.4,2026-02-06T06:33:00,8.7,87,56.0,2026-02-06T10:40:00,2.2,210,8.4,210.0,2026-02-06T13:10:00,0.0,0.0,,0.0,2026-02-06T01:00:00,-99.5,15.53,,12.0,12.1,12.2,12.3,11.6,11.9,,,,,,,,,10.9,2026-02-06T14:58:00,,,,5.4,2026-02-06T06:58:00,,,,,,,3.06,2026-02-06T13:00:00,,,,,0.0,2026-02-06T01:00:00,,,,,,,,-99.5,0.0,,100.0,2026-02-06T18:56:00,,,,,,-9999.5,,,,,-9999.5,,,,,,,,,,,,,,,,-999.5,,,,,,-99.5,-99.95,,,,,,0,,0,,0,,0,,1,,3,,0,,1,,3,,0,,0,,1,,0,,1,,0,,0,,0,,0,,0,,0,,3,,4,,3,,3,,1,,0,,0,,0,,0,,0,,0,,0,,0,,0,,0,,0,,0,,0,,,210.0,,,5.9,2026-02-06T13:11:00,,,0,,0.0,,0.0,,0.0,,0.8,,5.4,,0.0,,1.7,,1.9,,0.0,,0.0,,1.8,,0.0,,0.4,,0.0,,0.0,,0.0,,0.0,,0.0,,0.0,,6.7,,11.7,,10.3,,10.6,,0.6,,0.0,,0.0,,0.0,,0.0,,0.0,,0.0,,0.0,,0.0,,0.0,,0.0,,0.0,,0.0,,0,
2026-02-07,800.1,-9999.5,801.3,2026-02-07T21:27:00,798.2,2026-02-07T14:18:00,10.2,15.2,2026-02-07T13:12:00,7.3,2026-02-07T22:59:00,8.4,90,64.0,2026-02-07T12:00:00,3.9,210,12.1,210.0,2026-02-07T15:00:00,0.5,0.5,2026-02-07T06:01:00,0.5,2026-02-07T07:00:00,-99.5,20.84,,12.7,12.4,12.5,12.6,11.9,11.9,,,,,,,,,11.3,2026-02-07T08:59:00,,,,6.7,2026-02-07T21:53:00,,,,,,,3.31,2026-02-07T13:00:00,,,,,0.5,2026-02-07T07:00:00,,,,,,,,-99.5,0.5,2026-02-07T05:11:00,100.0,2026-02-07T00:01:00,,,,,,-9999.5,,,,,-9999.5,,,,,,,,,,,,,,,,-999.5,,,,,,-99.5,-99.95,,,,,,0,,0,,0,,1,,1,,0,,1,,2,,0,,0,,0,,0,,0,,0,,1,,0,,0,,0,,0,,0,,1,,8,,7,,0,,0,,1,,0,,0,,0,,0,,0,,0,,1,,0,,0,,0,,0,,0,,,220.0,,,7.9,2026-02-07T15:03:00,,,0,,0.0,,0.0,,1.2,,1.1,,0.0,,1.7,,0.9,,0.0,,0.0,,0.0,,0.0,,0.0,,0.0,,0.6,,0.0,,0.0,,0.0,,0.0,,0.0,,5.9,,42.8,,38.4,,0.0,,0.0,,0.6,,0.0,,0.0,,0.0,,0.0,,0.0,,0.0,,0.4,,0.0,,0.0,,0.0,,0.0,,0,
2026-02-08,801.3,-9999.5,802.5,2026-02-08T09:26:00,799.6,2026-02-08T03:48:00,6.0,10.4,2026-02-08T10:40:00,4.4,2026-02-08T19:30:00,5.4,96,65.0,2026-02-08T11:11:00,3.8,210,12.9,210.0,2026-02-08T03:01:00,0.0,0.0,,0.0,2026-02-08T01:00:00,-99.5,6.84,,7.5,9.4,10.5,11.7,12.0,12.0,,,,,,,,,7.4,2026-02-08T01:23:00,,,,3.0,2026-02-08T11:43:00,,,,,,,2.13,2026-02-08T11:00:00,,,,,0.0,2026-02-08T01:00:00,,,,,,,,-99.5,0.0,,100.0,2026-02-08T00:01:00,,,,,,-9999.5,,,,,-9999.5,,,,,,,,,,,,,,,,-999.5,,,,,,-99.5,-99.95,,,,,,0,,1,,0,,1,,0,,2,,0,,1,,0,,0,,0,,0,,0,,0,,0,,1,,0,,0,,0,,1,,1,,9,,7,,0,,0,,0,,0,,0,,0,,0,,0,,0,,0,,0,,0,,0,,0,,0,,,220.0,,,8.8,2026-02-08T03:04:00,,,0,,0.3,,0.0,,1.3,,0.0,,2.3,,0.0,,1.0,,0.0,,0.0,,0.0,,0.0,,0.0,,0.0,,0.0,,0.3,,0.0,,0.0,,0.0,,1.8,,2.1,,40.2,,42.8,,0.0,,0.0,,0.0,,0.0,,0.0,,0.0,,0.0,,0.0,,0.0,,0.0,,0.0,,0.0,,0.0,,0.0,,0,
2026-02-09,800.4,-9999.5,801.5,2026-02-09T00:01:00,798.8,2026-02-09T14:50:00,6.8,13.1,2026-02-09T10:36:00,3.5,2026-02-09T07:13:00,3.5,81,38.0,2026-02-09T10:39:00,2.1,220,14.0,210.0,2026-02-09T12:21:00,0.0,0.0,,0.0,2026-02-09T03:00:00,-99.5,20.48,,9.5,9.6,10.0,10.7,11.6,12.0,,,,,,,,,6.3,2026-02-09T09:49:00,,,,-1.6,2026-02-09T11:09:00,,,,,,,3.12,2026-02-09T12:00:00,,,,,0.0,2026-02-09T03:00:00,,,,,,,,-99.5,0.0,,100.0,2026-02-09T19:27:00,,,,,,-9999.5,,,,,-9999.5,,,,,,,,,,,,,,,,-999.5,,,,,,-99.5,-99.95,,,,,,0,,0,,0,,0,,1,,1,,3,,1,,1,,0,,0,,0,,0,,0,,1,,0,,1,,1,,0,,0,,2,,2,,5,,2,,1,,0,,0,,0,,0,,0,,0,,0,,0,,0,,0,,0,,0,,0,,,210.0,,,11.1,2026-02-09T12:31:00,,,0,,0.0,,0.0,,0.0,,0.4,,1.2,,2.0,,1.3,,0.6,,0.0,,0.0,,0.0,,0.0,,0.0,,0.6,,0.0,,0.6,,0.4,,0.0,,0.0,,1.6,,7.5,,23.0,,7.1,,0.6,,0.0,,0.0,,0.0,,0.0,,0.0,,0.0,,0.0,,0.0,,0.0,,0.0,,0.0,,0.0,,0,
2026-02-10,801.7,-9999.5,802.8,2026-02-10T08:51:00,800.5,2026-02-10T14:11:00,9.0,15.2,2026-02-10T13:12:00,3.3,2026-02-10T01:10:00,4.1,74,47.0,2026-02-10T11:44:00,1.9,220,7.7,230.0,2026-02-10T14:34:00,0.0,0.0,,0.0,2026-02-10T01:00:00,-99.5,21.37,,11.5,11.1,11.1,11.2,11.4,12.1,,,,,,,,,7.9,2026-02-10T16:12:00,,,,1.4,2026-02-10T19:41:00,,,,,,,3.22,2026-02-10T13:00:00,,,,,0.0,2026-02-10T01:00:00,,,,,,,,-99.5,0.0,,100.0,2026-02-10T00:01:00,,,,,,-9999.5,,,,,-9999.5,,,,,,,,,,,,,,,,-999.5,,,,,,-99.5,-99.95,,,,,,0,,0,,1,,0,,2,,1,,3,,0,,1,,0,,0,,1,,0,,0,,0,,0,,0,,1,,1,,2,,0,,3,,5,,3,,0,,0,,0,,0,,0,,0,,0,,0,,0,,0,,0,,0,,0,,0,,,220.0,,,4.7,2026-02-10T13:23:00,,,0,,0.0,,0.6,,0.0,,3.4,,2.0,,3.2,,0.0,,1.2,,0.0,,0.0,,0.5,,0.0,,0.0,,0.0,,0.0,,0.0,,0.9,,0.5,,3.0,,0.0,,6.1,,13.9,,10.8,,0.0,,0.0,,0.0,,0.0,,0.0,,0.0,,0.0,,0.0,,0.0,,0.0,,0.0,,0.0,,0.0,,0,
2026-02-11,802.6,-9999.5,803.8,2026-02-11T09:23:00,801.3,2026-02-11T14:28:00,9.1,13.6,2026-02-11T11:55:00,5.8,2026-02-11T04:13:00,5.5,80,54.0,2026-02-11T10:20:00,2.8,210,11.6,220.0,2026-02-11T13:56:00,0.0,0.0,,0.0,2026-02-11T01:00:00,-99.5,19.74,,11.6,11.3,11.5,11.7,11.5,12.0,,,,,,,,,7.8,2026-02-11T17:49:00,,,,3.3,2026-02-11T07:25:00,,,,,,,3.32,2026-02-11T13:00:00,,,,,0.0,2026-02-11T01:00:00,,,,,,,,-99.5,0.0,,99.0,2026-02-11T00:01:00,,,,,,-9999.5,,,,,-9999.5,,,,,,,,,,,,,,,,-999.5,,,,,,-99.5,-99.95,,,,,,0,,0,,0,,0,,2,,1,,0,,1,,0,,0,,0,,1,,0,,0,,0,,0,,0,,0,,0,,1,,2,,6,,4,,1,,1,,0,,0,,0,,0,,0,,0,,0,,0,,1,,1,,0,,1,,0,,,210.0,,,7.7,2026-02-11T12:43:00,,,0,,0.0,,0.0,,0.0,,2.4,,1.0,,0.0,,1.5,,0.0,,0.0,,0.0,,0.6,,0.0,,0.0,,0.0,,0.0,,0.0,,0.0,,0.0,,1.5,,4.0,,34.3,,12.1,,6.0,,1.1,,0.0,,0.0,,0.0,,0.0,,0.0,,0.0,,0.0,,0.0,,1.2,,1.1,,0.0,,1.5,,0,
2026-02-12,801.9,-9999.5,803.4,2026-02-12T09:37:00,800.7,2026-02-12T15:20:00,8.7,13.1,2026-02-12T15:34:00,6.2,2026-02-12T02:31:00,4.5,76,58.0,2026-02-12T12:34:00,2.8,220,10.4,230.0,2026-02-12T15:55:00,0.0,0.0,,0.0,2026-02-12T01:00:00,-99.5,10.6,,9.6,10.3,10.9,11.6,11.6,12.0,,,,,,,,,7.0,2026-02-12T18:42:00,,,,1.6,2026-02-12T23:57:00,,,,,,,1.56,2026-02-12T12:00:00,,,,,0.0,2026-02-12T01:00:00,,,,,,,,-99.5,0.0,,95.0,2026-02-12T18:42:00,,,,,,-9999.5,,,,,-9999.5,,,,,,,,,,,,,,,,-999.5,,,,,,-99.5,-99.95,,,,,,0,,0,,0,,0,,3,,3,,1,,0,,0,,0,,2,,0,,0,,0,,0,,0,,0,,0,,0,,0,,1,,6,,7,,0,,0,,0,,1,,0,,0,,0,,0,,0,,0,,0,,0,,0,,0,,0,,,220.0,,,7.9,2026-02-12T16:03:00,,,0,,0.0,,0.0,,0.0,,3.3,,3.2,,2.2,,0.0,,0.0,,0.0,,0.9,,0.0,,0.0,,0.0,,0.0,,0.0,,0.0,,0.0,,0.0,,0.0,,0.5,,26.0,,29.5,,0.0,,0.0,,0.0,,0.9,,0.0,,0.0,,0.0,,0.0,,0.0,,0.0,,0.0,,0.0,,0.0,,0.0,,0,
2026-02-13,801.1,-9999.5,802.2,2026-02-13T09:45:00,799.6,2026-02-13T15:15:00,10.7,15.1,2026-02-13T14:19:00,7.2,2026-02-13T03:44:00,2.7,59,41.0,2026-02-13T12:52:00,3.2,210,11.5,210.0,2026-02-13T14:37:00,0.0,0.0,,0.0,2026-02-13T01:00:00,-99.5,21.99,,11.3,10.8,11.0,11.3,11.5,11.9,,,,,,,,,7.5,2026-02-13T18:30:00,,,,-1.5,2026-02-13T06:49:00,,,,,,,3.22,2026-02-13T13:00:00,,,,,0.0,2026-02-13T01:00:00,,,,,,,,-99.5,0.0,,91.0,2026-02-13T18:43:00,,,,,,-9999.5,,,,,-9999.5,,,,,,,,,,,,,,,,-999.5,,,,,,-99.5,-99.95,,,,,,0,,0,,1,,0,,1,,2,,4,,1,,2,,0,,0,,1,,0,,0,,0,,0,,0,,0,,0,,0,,2,,4,,3,,3,,0,,0,,0,,0,,0,,0,,0,,0,,0,,0,,0,,0,,0,,0,,,210.0,,,7.8,2026-02-13T14:06:00,,,0,,0.0,,1.2,,0.0,,1.8,,2.8,,7.8,,0.6,,4.5,,0.0,,0.0,,0.8,,0.0,,0.0,,0.0,,0.0,,0.0,,0.0,,0.0,,0.0,,2.6,,22.2,,19.4,,14.1,,0.0,,0.0,,0.0,,0.0,,0.0,,0.0,,0.0,,0.0,,0.0,,0.0,,0.0,,0.0,,0.0,,0,
2026-02-14,800.8,-9999.5,802.3,2026-02-14T08:52:00,799.5,2026-02-14T15:08:00,11.3,16.1,2026-02-14T12:54:00,8.5,2026-02-14T20:30:00,5.7,70,43.0,2026-02-14T12:12:00,3.0,220,13.1,210.0,2026-02-14T13:27:00,0.0,0.0,,0.0,2026-02-14T01:00:00,-99.5,18.54,,12.3,12.0,12.1,12.0,11.6,12.0,,,,,,,,,9.2,2026-02-14T17:18:00,,,,2.5,2026-02-14T01:36:00,,,,,,,3.26,2026-02-14T13:00:00,,,,,0.0,2026-02-14T01:00:00,,,,,,,,-99.5,0.0,,99.0,2026-02-14T20:01:00,,,,,,-9999.5,,,,,-9999.5,,,,,,,,,,,,,,,,-999.5,,,,,,-99.5,-99.95,,,,,,0,,0,,1,,1,,3,,3,,2,,0,,1,,0,,0,,0,,1,,0,,1,,0,,0,,0,,0,,0,,0,,1,,6,,1,,1,,0,,0,,0,,0,,0,,0,,0,,0,,0,,0,,0,,0,,0,,,220.0,,,7.9,2026-02-14T13:29:00,,,0,,0.0,,1.2,,1.6,,3.7,,3.2,,3.3,,0.0,,1.1,,0.0,,0.0,,0.0,,0.4,,0.0,,0.8,,0.0,,0.0,,0.0,,0.0,,0.0,,0.0,,6.3,,39.9,,4.0,,0.6,,0.0,,0.0,,0.0,,0.0,,0.0,,0.0,,0.0,,0.0,,0.0,,0.0,,0.0,,0.0,,0,
2026-02-15,801.2,-9999.5,802.4,2026-02-15T09:06:00,800.0,2026-02-15T15:00:00,11.8,17.2,2026-02-15T14:42:00,8.4,2026-02-15T06:50:00,6.4,72,35.0,2026-02-15T13:02:00,2.6,220,11.6,210.0,2026-02-15T13:42:00,0.0,0.0,,0.0,2026-02-15T01:00:00,-99.5,22.63,,13.1,12.4,12.4,12.5,11.8,12.0,,,,,,,,,10.7,2026-02-15T18:49:00,,,,0.6,2026-02-15T13:02:00,,,,,,,3.34,2026-02-15T13:00:00,,,,,0.0,2026-02-15T01:00:00,,,,,,,,-99.5,0.0,,100.0,2026-02-15T20:34:00,,,,,,-9999.5,,,,,-9999.5,,,,,,,,,,,,,,,,-999.5,,,,,,-99.5,-99.95,,,,,,0,,0,,0,,0,,2,,1,,1,,0,,0,,0,,1,,0,,1,,0,,0,,0,,0,,0,,0,,0,,2,,3,,9,,0,,2,,1,,0,,0,,0,,0,,0,,0,,0,,0,,0,,0,,0,,0,,,220.0,,,7.5,2026-02-15T14:26:00,,,0,,0.0,,0.0,,0.0,,1.8,,2.0,,1.1,,0.0,,0.0,,0.0,,0.5,,0.0,,0.5,,0.0,,0.0,,0.0,,0.0,,0.0,,0.0,,0.0,,2.6,,16.4,,35.4,,0.0,,1.5,,0.6,,0.0,,0.0,,0.0,,0.0,,0.0,,0.0,,0.0,,0.0,,0.0,,0.0,,0.0,,0,
2026-02-16,800.6,-9999.5,801.9,2026-02-16T09:16:00,799.1,2026-02-16T15:41:00,11.9,16.6,2026-02-16T13:51:00,8.0,2026-02-16T03:54:00,4.6,63,31.0,2026-02-16T09:10:00,2.5,230,11.3,220.0,2026-02-16T14:03:00,0.0,0.0,,0.0,2026-02-16T01:00:00,-99.5,22.76,,12.9,12.4,12.6,12.8,12.1,12.0,,,,,,,,,9.2,2026-02-16T17:05:00,,,,-1.9,2026-02-16T06:41:00,,,,,,,3.33,2026-02-16T13:00:00,,,,,0.0,2026-02-16T01:00:00,,,,,,,,-99.5,0.0,,88.0,2026-02-16T02:23:00,,,,,,-9999.5,,,,,-9999.5,,,,,,,,,,,,,,,,-999.5,,,,,,-99.5,-99.95,,,,,,0,,1,,1,,0,,2,,2,,0,,1,,1,,1,,0,,0,,0,,0,,0,,0,,0,,0,,0,,1,,0,,4,,3,,5,,0,,0,,0,,0,,0,,0,,0,,0,,0,,0,,0,,1,,1,,0,,,210.0,,,7.9,2026-02-16T13:32:00,,,0,,1.1,,0.6,,0.0,,2.4,,1.7,,0.0,,0.6,,1.0,,0.4,,0.0,,0.0,,0.0,,0.0,,0.0,,0.0,,0.0,,0.0,,0.0,,4.3,,0.0,,12.6,,19.0,,15.3,,0.0,,0.0,,0.0,,0.0,,0.0,,0.0,,0.0,,0.0,,0.0,,0.0,,0.0,,0.5,,0.4,,0,
2026-02-17,801.1,-9999.5,802.3,2026-02-17T21:35:00,800.1,2026-02-17T04:08:00,10.1,13.8,2026-02-17T12:37:00,8.9,2026-02-17T23:12:00,6.5,80,54.0,2026-02-17T00:01:00,3.0,220,10.9,220.0,2026-02-17T12:47:00,0.0,0.0,,0.0,2026-02-17T01:00:00,-99.5,5.49,,10.2,10.9,11.5,12.3,12.3,12.1,,,,,,,,,9.1,2026-02-17T09:35:00,,,,0.9,2026-02-17T03:31:00,,,,,,,1.64,2026-02-17T13:00:00,,,,,0.0,2026-02-17T01:00:00,,,,,,,,-99.5,0.0,,99.0,2026-02-17T23:13:00,,,,,,-9999.5,,,,,-9999.5,,,,,,,,,,,,,,,,-999.5,,,,,,-99.5,-99.95,,,,,,0,,0,,1,,0,,0,,0,,1,,0,,1,,0,,0,,0,,0,,0,,0,,0,,0,,0,,0,,1,,1,,7,,9,,0,,1,,0,,0,,0,,0,,0,,0,,0,,0,,0,,0,,0,,0,,0,,,210.0,,,7.9,2026-02-17T12:53:00,,,0,,0.0,,0.6,,0.0,,0.0,,0.0,,0.8,,0.0,,0.6,,0.0,,0.0,,0.0,,0.0,,0.0,,0.0,,0.0,,0.0,,0.0,,0.0,,3.2,,1.7,,30.0,,31.0,,0.0,,0.4,,0.0,,0.0,,0.0,,0.0,,0.0,,0.0,,0.0,,0.0,,0.0,,0.0,,0.0,,0.0,,0,
2026-02-18,802.1,-9999.5,803.2,2026-02-18T09:31:00,801.1,2026-02-18T02:56:00,9.6,14.3,2026-02-18T14:11:00,7.4,2026-02-18T23:48:00,8.1,92,59.0,2026-02-18T15:10:00,3.7,210,12.3,210.0,2026-02-18T12:33:00,0.5,0.5,2026-02-18T05:37:00,0.5,2026-02-18T06:00:00,-99.5,16.65,,11.5,11.5,11.7,12.0,12.1,12.2,,,,,,,,,10.2,2026-02-18T10:38:00,,,,6.2,2026-02-18T15:10:00,,,,,,,3.15,2026-02-18T14:00:00,,,,,0.5,2026-02-18T06:00:00,,,,,,,,-99.5,0.5,2026-02-18T04:47:00,100.0,2026-02-18T02:19:00,,,,,,-9999.5,,,,,-9999.5,,,,,,,,,,,,,,,,-999.5,,,,,,-99.5,-99.95,,,,,,0,,0,,0,,0,,0,,0,,1,,0,,0,,0,,0,,0,,0,,0,,0,,0,,0,,0,,0,,1,,3,,8,,7,,3,,0,,1,,0,,0,,0,,0,,0,,0,,0,,0,,0,,0,,0,,0,,,210.0,,,8.1,2026-02-18T13:03:00,,,0,,0.0,,0.0,,0.0,,0.0,,0.0,,1.3,,0.0,,0.0,,0.0,,0.0,,0.0,,0.0,,0.0,,0.0,,0.0,,0.0,,0.0,,0.0,,0.9,,9.2,,34.9,,27.0,,13.9,,0.0,,1.2,,0.0,,0.0,,0.0,,0.0,,0.0,,0.0,,0.0,,0.0,,0.0,,0.0,,0.0,,0,
2026-02-19,802.5,-9999.5,804.0,2026-02-19T09:11:00,801.1,2026-02-19T14:39:00,8.1,13.4,2026-02-19T12:00:00,5.3,2026-02-19T23:32:00,5.5,85,55.0,2026-02-19T12:24:00,3.3,210,13.3,210.0,2026-02-19T16:28:00,0.0,0.0,,0.0,2026-02-19T01:00:00,-99.5,16.75,,10.3,10.8,11.3,12.0,12.1,12.2,,,,,,,,,7.6,2026-02-19T17:31:00,,,,3.0,2026-02-19T13:00:00,,,,,,,3.51,2026-02-19T12:00:00,,,,,0.0,2026-02-19T01:00:00,,,,,,,,-99.5,0.0,,100.0,2026-02-19T18:13:00,,,,,,-9999.5,,,,,-9999.5,,,,,,,,,,,,,,,,-999.5,,,,,,-99.5,-99.95,,,,,,0,,1,,1,,1,,1,,0,,1,,1,,0,,1,,0,,0,,0,,0,,0,,0,,0,,0,,0,,1,,0,,10,,2,,0,,1,,1,,0,,0,,0,,0,,0,,0,,0,,0,,0,,0,,0,,0,,,210.0,,,9.6,2026-02-19T16:32:00,,,0,,0.4,,1.2,,1.2,,1.8,,0.0,,1.7,,0.3,,0.0,,0.8,,0.0,,0.0,,0.0,,0.0,,0.0,,0.0,,0.0,,0.0,,0.0,,2.2,,0.0,,50.6,,11.3,,0.0,,0.5,,0.9,,0.0,,0.0,,0.0,,0.0,,0.0,,0.0,,0.0,,0.0,,0.0,,0.0,,0.0,,0,
2026-02-20,800.6,-9999.5,802.7,2026-02-20T00:05:00,799.0,2026-02-20T15:43:00,7.2,11.1,2026-02-20T15:32:00,4.9,2026-02-20T02:16:00,6.3,95,77.0,2026-02-20T14:45:00,2.2,220,8.4,220.0,2026-02-20T06:22:00,2.5,0.5,2026-02-20T06:07:00,1.5,2026-02-20T07:00:00,-99.5,7.61,,8.7,9.9,10.6,11.5,12.0,12.2,,,,,,,,,9.6,2026-02-20T13:29:00,,,,3.6,2026-02-20T23:43:00,,,,,,,1.61,2026-02-20T14:00:00,,,,,1.5,2026-02-20T07:00:00,,,,,,,,-99.5,1.5,2026-02-20T05:44:00,100.0,2026-02-20T00:01:00,,,,,,-9999.5,,,,,-9999.5,,,,,,,,,,,,,,,,-999.5,,,,,,-99.5,-99.95,,,,,,0,,0,,0,,0,,1,,2,,0,,0,,0,,1,,0,,0,,0,,0,,0,,1,,0,,0,,0,,1,,1,,5,,8,,3,,0,,0,,0,,0,,0,,0,,0,,0,,0,,0,,0,,0,,0,,0,,,220.0,,,6.3,2026-02-20T06:26:00,,,0,,0.0,,0.0,,0.0,,0.6,,2.7,,0.0,,0.0,,0.0,,0.6,,0.0,,0.0,,0.0,,0.0,,0.0,,0.6,,0.0,,0.0,,0.0,,0.4,,2.7,,11.1,,28.6,,6.0,,0.0,,0.0,,0.0,,0.0,,0.0,,0.0,,0.0,,0.0,,0.0,,0.0,,0.0,,0.0,,0.0,,0,
2026-02-21,797.4,-9999.5,799.3,2026-02-21T00:01:00,795.6,2026-02-21T15:06:00,9.6,14.3,2026-02-21T13:11:00,5.2,2026-02-21T06:07:00,4.7,75,32.0,2026-02-21T08:20:00,2.7,220,11.6,210.0,2026-02-21T14:54:00,0.0,0.0,,0.0,2026-02-21T01:00:00,-99.5,23.51,,11.0,10.7,11.0,11.3,11.8,12.2,,,,,,,,,8.6,2026-02-21T17:15:00,,,,-4.4,2026-02-21T08:20:00,,,,,,,3.35,2026-02-21T13:00:00,,,,,0.0,2026-02-21T01:00:00,,,,,,,,-99.5,0.0,,100.0,2026-02-21T19:52:00,,,,,,-9999.5,,,,,-9999.5,,,,,,,,,,,,,,,,-999.5,,,,,,-99.5,-99.95,,,,,,0,,0,,0,,0,,1,,5,,1,,3,,0,,0,,0,,0,,0,,0,,0,,0,,0,,0,,0,,0,,1,,3,,6,,2,,0,,1,,0,,0,,0,,0,,0,,0,,0,,0,,0,,0,,0,,0,,,220.0,,,7.9,2026-02-21T13:50:00,,,0,,0.0,,0.0,,0.0,,1.2,,6.9,,0.6,,2.0,,0.0,,0.0,,0.0,,0.0,,0.0,,0.0,,0.0,,0.0,,0.0,,0.0,,0.0,,0.0,,6.2,,11.0,,27.9,,8.2,,0.0,,0.5,,0.0,,0.0,,0.0,,0.0,,0.0,,0.0,,0.0,,0.0,,0.0,,0.0,,0.0,,0,
2026-02-22,797.8,-9999.5,799.4,2026-02-22T09:45:00,796.1,2026-02-22T15:08:00,11.9,17.0,2026-02-22T13:42:00,7.7,2026-02-22T00:25:00,1.8,57,-9995.0,,2.7,220,11.4,230.0,2026-02-22T14:21:00,0.0,0.0,,0.0,2026-02-22T01:00:00,-99.5,23.08,,12.1,11.4,11.5,11.8,11.7,12.2,,,,,,,,,9.8,2026-02-22T17:44:00,,,,-10.9,2026-02-22T10:59:00,,,,,,,3.36,2026-02-22T13:00:00,,,,,0.0,2026-02-22T01:00:00,,,,,,,,-99.5,0.0,,97.0,2026-02-22T18:40:00,,,,,,-9999.5,,,,,-9999.5,,,,,,,,,,,,,,,,-999.5,,,,,,-99.5,-99.95,,,,,,0,,0,,3,,0,,1,,4,,1,,0,,0,,0,,0,,0,,0,,0,,0,,0,,0,,1,,0,,0,,0,,2,,5,,4,,0,,1,,0,,0,,1,,0,,0,,0,,1,,0,,0,,0,,0,,0,,,230.0,,,7.9,2026-02-22T14:44:00,,,0,,0.0,,3.6,,0.0,,0.6,,6.3,,1.7,,0.0,,0.0,,0.0,,0.0,,0.0,,0.0,,0.0,,0.0,,0.0,,0.0,,0.9,,0.0,,0.0,,0.0,,7.9,,25.9,,17.3,,0.0,,0.3,,0.0,,0.0,,0.4,,0.0,,0.0,,0.0,,0.6,,0.0,,0.0,,0.0,,0.0,,0,
2026-02-23,798.9,-9999.5,800.2,2026-02-23T22:13:00,797.7,2026-02-23T04:07:00,12.5,18.5,2026-02-23T10:00:00,8.3,2026-02-23T06:31:00,7.3,73,41.0,2026-02-23T09:50:00,2.9,220,15.5,210.0,2026-02-23T12:25:00,0.0,0.0,,0.0,2026-02-23T01:00:00,-99.5,22.76,,13.3,12.5,12.5,12.5,11.9,12.2,,,,,,,,,10.4,2026-02-23T18:41:00,,,,2.7,2026-02-23T23:49:00,,,,,,,3.38,2026-02-23T12:00:00,,,,,0.0,2026-02-23T01:00:00,,,,,,,,-99.5,0.0,,99.0,2026-02-23T19:53:00,,,,,,-9999.5,,,,,-9999.5,,,,,,,,,,,,,,,,-999.5,,,,,,-99.5,-99.95,,,,,,0,,1,,0,,2,,1,,2,,3,,2,,0,,0,,0,,0,,0,,0,,0,,0,,0,,0,,0,,0,,0,,2,,5,,2,,0,,2,,0,,0,,0,,0,,0,,0,,0,,0,,0,,1,,0,,0,,,210.0,,,10.9,2026-02-23T12:26:00,,,0,,1.3,,0.0,,3.2,,1.6,,2.3,,4.4,,1.4,,0.0,,0.0,,0.0,,0.0,,0.0,,0.0,,0.0,,0.0,,0.0,,0.0,,0.0,,0.0,,0.0,,7.6,,34.8,,10.9,,0.0,,0.9,,0.0,,0.0,,0.0,,0.0,,0.0,,0.0,,0.0,,0.0,,0.0,,0.6,,0.0,,0,
2026-02-24,799.7,-9999.5,801.3,2026-02-24T21:32:00,798.3,2026-02-24T03:53:00,13.0,17.3,2026-02-24T09:49:00,11.0,2026-02-24T19:17:00,7.7,72,48.0,2026-02-24T09:50:00,2.0,230,8.4,210.0,2026-02-24T14:20:00,0.0,0.0,,0.0,2026-02-24T01:00:00,-99.5,10.02,,12.9,12.6,12.7,12.9,12.2,12.2,,,,,,,,,10.9,2026-02-24T18:49:00,,,,2.1,2026-02-24T00:19:00,,,,,,,1.85,2026-02-24T11:00:00,,,,,0.0,2026-02-24T01:00:00,,,,,,,,-99.5,0.0,,95.0,2026-02-24T19:20:00,,,,,,-9999.5,,,,,-9999.5,,,,,,,,,,,,,,,,-999.5,,,,,,-99.5,-99.95,,,,,,0,,0,,0,,1,,1,,2,,3,,2,,1,,0,,0,,0,,1,,0,,0,,0,,1,,1,,0,,1,,1,,2,,3,,3,,0,,0,,0,,0,,0,,0,,0,,0,,0,,0,,1,,0,,0,,0,,,210.0,,,6.0,2026-02-24T14:24:00,,,0,,0.0,,0.0,,1.3,,1.2,,2.8,,5.9,,3.2,,0.9,,0.0,,0.0,,0.0,,0.6,,0.0,,0.0,,0.0,,0.9,,1.1,,0.0,,1.0,,0.6,,7.1,,8.0,,12.1,,0.0,,0.0,,0.0,,0.0,,0.0,,0.0,,0.0,,0.0,,0.0,,0.0,,0.6,,0.0,,0.0,,0,
2026-02-25,799.9,-9999.5,800.8,2026-02-25T09:15:00,798.3,2026-02-25T13:50:00,13.5,18.2,2026-02-25T09:54:00,9.6,2026-02-25T04:53:00,9.8,80,50.0,2026-02-25T10:23:00,2.7,220,12.3,210.0,2026-02-25T16:01:00,0.0,0.0,,0.0,2026-02-25T01:00:00,-99.5,19.13,,15.3,14.0,13.7,13.3,12.4,12.3,,,,,,,,,12.2,2026-02-25T16:33:00,,,,7.3,2026-02-25T06:41:00,,,,,,,3.09,2026-02-25T12:00:00,,,,,0.0,2026-02-25T01:00:00,,,,,,,,-99.5,0.0,,99.0,2026-02-25T18:14:00,,,,,,-9999.5,,,,,-9999.5,,,,,,,,,,,,,,,,-999.5,,,,,,-99.5,-99.95,,,,,,0,,0,,0,,0,,1,,0,,1,,0,,0,,0,,0,,0,,2,,0,,1,,0,,1,,0,,0,,2,,2,,3,,5,,2,,0,,0,,0,,1,,0,,0,,0,,0,,0,,0,,0,,0,,0,,0,,,210.0,,,9.4,2026-02-25T16:14:00,,,0,,0.0,,0.0,,0.0,,0.8,,0.0,,2.1,,0.0,,0.0,,0.0,,0.0,,0.0,,1.3,,0.0,,0.8,,0.0,,0.8,,0.0,,0.0,,2.4,,2.6,,12.5,,22.9,,13.0,,0.0,,0.0,,0.0,,0.9,,0.0,,0.0,,0.0,,0.0,,0.0,,0.0,,0.0,,0.0,,0.0,,0,
2026-02-26,798.0,-9999.5,800.4,2026-02-26T00:01:00,796.0,2026-02-26T15:58:00,13.1,18.5,2026-02-26T09:23:00,10.0,2026-02-26T05:10:00,9.5,82,39.0,2026-02-26T09:59:00,3.1,220,10.4,220.0,2026-02-26T14:16:00,0.0,0.0,,0.0,2026-02-26T01:00:00,-99.5,18.36,,14.4,13.9,13.9,13.9,12.8,12.3,,,,,,,,,12.1,2026-02-26T17:26:00,,,,3.1,2026-02-26T09:59:00,,,,,,,2.93,2026-02-26T13:00:00,,,,,0.0,2026-02-26T01:00:00,,,,,,,,-99.5,0.0,,100.0,2026-02-26T19:42:00,,,,,,-9999.5,,,,,-9999.5,,,,,,,,,,,,,,,,-999.5,,,,,,-99.5,-99.95,,,,,,0,,0,,0,,1,,1,,1,,1,,1,,0,,0,,0,,0,,0,,0,,0,,0,,1,,1,,0,,0,,2,,4,,7,,1,,0,,1,,0,,0,,0,,0,,0,,0,,0,,0,,0,,0,,0,,0,,,220.0,,,6.9,2026-02-26T11:02:00,,,0,,0.0,,0.0,,1.3,,1.7,,1.2,,0.6,,0.6,,0.0,,0.0,,0.0,,0.0,,0.0,,0.0,,0.0,,0.0,,0.5,,1.1,,0.0,,0.0,,4.7,,20.8,,33.9,,6.0,,0.0,,1.0,,0.0,,0.0,,0.0,,0.0,,0.0,,0.0,,0.0,,0.0,,0.0,,0.0,,0.0,,0,
2026-02-27,797.0,-9999.5,798.5,2026-02-27T08:58:00,795.2,2026-02-27T15:45:00,11.4,13.0,2026-02-27T16:25:00,10.2,2026-02-27T12:38:00,10.0,93,68.0,2026-02-27T21:00:00,2.6,50,13.8,210.0,2026-02-27T03:41:00,4.0,1.0,2026-02-27T12:16:00,2.0,2026-02-27T13:00:00,-99.5,4.25,,12.0,12.7,13.1,13.6,13.1,12.5,,,,,,,,,11.8,2026-02-27T15:43:00,,,,6.8,2026-02-27T21:00:00,,,,,,,0.87,2026-02-27T15:00:00,,,,,2.0,2026-02-27T13:00:00,,,,,,,,-99.5,2.5,2026-02-27T11:26:00,100.0,2026-02-27T00:01:00,,,,,,-9999.5,,,,,-9999.5,,,,,,,,,,,,,,,,-999.5,,,,,,-99.5,-99.95,,,,,,0,,0,,0,,0,,1,,5,,3,,0,,1,,0,,1,,0,,0,,0,,0,,0,,0,,0,,0,,1,,3,,3,,2,,2,,0,,1,,0,,0,,0,,0,,0,,1,,0,,0,,0,,0,,0,,0,,,220.0,,,9.6,2026-02-27T03:41:00,,,0,,0.0,,0.0,,0.0,,2.7,,7.8,,3.1,,0.0,,1.8,,0.0,,1.1,,0.0,,0.0,,0.0,,0.0,,0.0,,0.0,,0.0,,0.0,,1.7,,7.5,,13.9,,16.2,,3.1,,0.0,,1.7,,0.0,,0.0,,0.0,,0.0,,0.0,,1.8,,0.0,,0.0,,0.0,,0.0,,0.0,,0,
2026-02-28,797.9,-9999.5,799.7,2026-02-28T10:00:00,796.6,2026-02-28T16:57:00,11.4,17.0,2026-02-28T14:05:00,9.6,2026-02-28T07:47:00,9.5,89,66.0,2026-02-28T14:06:00,2.0,220,7.3,210.0,2026-02-28T00:33:00,12.5,1.0,2026-02-28T07:33:00,3.0,2026-02-28T21:00:00,-99.5,13.9,,12.1,12.6,12.8,13.2,13.0,12.6,,,,,,,,,12.1,2026-02-28T14:02:00,,,,7.6,2026-02-28T04:12:00,,,,,,,4.24,2026-02-28T01:00:00,,,,,3.0,2026-02-28T21:00:00,,,,,,,,-99.5,3.0,2026-02-28T19:55:00,100.0,2026-02-28T07:55:00,,,,,,-9999.5,,,,,-9999.5,,,,,,,,,,,,,,,,-999.5,,,,,,-99.5,-99.95,,,,,,0,,0,,0,,1,,2,,3,,1,,0,,1,,0,,0,,0,,0,,0,,0,,0,,0,,1,,0,,2,,1,,2,,6,,1,,1,,0,,1,,0,,0,,0,,0,,0,,0,,0,,0,,0,,0,,0,,,210.0,,,5.5,2026-02-28T15:38:00,,,0,,0.0,,0.0,,1.3,,4.9,,6.9,,0.9,,0.0,,2.0,,0.0,,0.0,,0.0,,0.0,,0.0,,0.0,,0.0,,0.0,,0.6,,0.0,,3.5,,2.5,,6.3,,15.1,,2.0,,1.3,,0.0,,1.5,,0.0,,0.0,,0.0,,0.0,,0.0,,0.0,,0.0,,0.0,,0.0,,0.0,,0,
2026-03-01,797.7,-9999.5,798.7,2026-03-01T09:36:00,796.6,2026-03-01T03:59:00,13.0,15.6,2026-03-01T13:54:00,10.1,2026-03-01T00:39:00,11.7,92,83.0,2026-03-01T17:57:00,2.6,220,11.1,190.0,2026-03-01T14:57:00,3.0,1.0,2026-03-01T00:21:00,1.0,2026-03-01T01:00:00,-99.5,5.07,,12.9,12.9,12.9,13.2,13.0,12.7,,,,,,,,,13.6,2026-03-01T14:22:00,,,,9.9,2026-03-01T00:05:00,,,,,,,0.92,2026-03-01T14:00:00,,,,,1.0,2026-03-01T01:00:00,,,,,,,,-99.5,1.5,2026-03-01T00:01:00,100.0,2026-03-01T00:38:00,,,,,,-9999.5,,,,,-9999.5,,,,,,,,,,,,,,,,-999.5,,,,,,-99.5,-99.95,,,,,,0,,0,,0,,1,,2,,0,,1,,0,,0,,0,,0,,0,,0,,0,,0,,0,,0,,0,,0,,0,,1,,2,,8,,5,,2,,0,,1,,0,,0,,0,,0,,1,,0,,0,,0,,0,,0,,0,,,220.0,,,7.5,2026-03-01T22:58:00,,,0,,0.0,,0.0,,1.3,,5.1,,0.0,,1.8,,0.0,,0.0,,0.0,,0.0,,0.0,,0.0,,0.0,,0.0,,0.0,,0.0,,0.0,,0.0,,0.0,,1.7,,3.7,,25.8,,17.5,,3.5,,0.0,,0.9,,0.0,,0.0,,0.0,,0.0,,0.6,,0.0,,0.0,,0.0,,0.0,,0.0,,0,
2026-03-02,798.8,-9999.5,,,,,13.3,,,,,12.2,93,,,3.1,210,,,,3.0,,,2.5,2026-03-02T02:00:00,-99.5,7.67,,13.1,13.1,13.2,13.4,13.0,12.7,,,,,,,,,,,,,,,,,,,,,,2.24,2026-03-02T10:00:00,,,,,2.5,2026-03-02T02:00:00,,,,,,,,-99.5,,,,,,,,,,-9999.5,,,,,-9999.5,,,,,,,,,,,,,,,,,,,,,,-99.5,-99.95,,,,,,0,,0,,0,,0,,0,,0,,0,,0,,0,,0,,0,,0,,0,,0,,1,,0,,0,,0,,0,,3,,3,,9,,5,,0,,1,,0,,0,,0,,0,,0,,0,,0,,0,,1,,0,,0,,0,,0,,,,,,,,,,0,,0.0,,0.0,,0.0,,0.0,,0.0,,0.0,,0.0,,0.0,,0.0,,0.0,,0.0,,0.0,,0.0,,0.6,,0.0,,0.0,,0.0,,0.0,,5.4,,9.1,,32.1,,21.3,,0.0,,1.3,,0.0,,0.0,,0.0,,0.0,,0.0,,0.0,,0.0,,0.0,,0.4,,0.0,,0.0,,0.0,,0,
2026-03-03,798.7,-9999.5,800.2,2026-03-03T21:22:00,797.5,2026-03-03T14:48:00,11.7,13.5,2026-03-03T01:14:00,10.2,2026-03-03T23:39:00,11.0,96,74.0,2026-03-03T04:46:00,3.0,220,12.5,220.0,2026-03-03T17:57:00,37.5,4.0,2026-03-03T09:06:00,10.5,2026-03-03T10:00:00,-99.5,2.54,,11.6,12.1,12.4,12.9,13.0,12.8,,,,,,,,,12.6,2026-03-03T13:36:00,,,,8.6,2026-03-03T04:46:00,,,,,,,0.49,2026-03-03T12:00:00,,,,,10.5,2026-03-03T10:00:00,,,,,,,,-99.5,12.5,2026-03-03T08:22:00,100.0,2026-03-03T07:30:00,,,,,,-9999.5,,,,,-9999.5,,,,,,,,,,,,,,,,-999.5,,,,,,-99.5,-99.95,,,,,,0,,0,,0,,1,,0,,2,,2,,0,,1,,0,,0,,0,,0,,0,,0,,0,,1,,0,,0,,0,,2,,5,,5,,1,,0,,2,,1,,0,,0,,0,,0,,0,,0,,0,,0,,0,,0,,0,,,220.0,,,8.9,2026-03-03T18:01:00,,,0,,0.0,,0.0,,0.8,,0.0,,3.5,,3.0,,0.0,,1.1,,0.0,,0.0,,0.0,,0.0,,0.0,,0.0,,0.0,,0.3,,0.0,,0.0,,0.0,,5.1,,19.4,,31.8,,3.1,,0.0,,1.1,,0.6,,0.0,,0.0,,0.0,,0.0,,0.0,,0.0,,0.0,,0.0,,0.0,,0.0,,0,
2026-03-04,799.1,-9999.5,800.2,2026-03-04T09:10:00,797.9,2026-03-04T15:08:00,10.3,13.1,2026-03-04T13:05:00,9.5,2026-03-04T15:54:00,10.1,99,84.0,2026-03-04T12:27:00,2.4,210,11.1,220.0,2026-03-04T14:53:00,4.5,1.5,2026-03-04T23:41:00,3.0,2026-03-04T23:59:00,-99.5,9.21,,11.4,11.9,12.2,12.7,12.8,12.8,,,,,,,,,11.8,2026-03-04T09:31:00,,,,9.4,2026-03-04T15:54:00,,,,,,,2.53,2026-03-04T01:00:00,,,,,3.0,2026-03-04T23:59:00,,,,,,,,-99.5,3.0,2026-03-04T22:59:00,100.0,2026-03-04T00:01:00,,,,,,-9999.5,,,,,-9999.5,,,,,,,,,,,,,,,,-999.5,,,,,,-99.5,-99.95,,,,,,0,,0,,0,,0,,1,,1,,1,,1,,0,,0,,0,,0,,0,,0,,0,,0,,1,,0,,1,,1,,0,,5,,5,,2,,3,,0,,0,,1,,0,,0,,1,,0,,0,,0,,0,,0,,0,,0,,,200.0,,,8.1,2026-03-04T14:40:00,,,0,,0.0,,0.0,,0.0,,0.6,,1.0,,0.5,,0.8,,0.0,,0.0,,0.0,,0.0,,0.0,,0.0,,0.0,,0.0,,0.6,,0.0,,0.4,,0.3,,0.0,,27.7,,16.6,,4.8,,3.1,,0.0,,0.0,,1.2,,0.0,,0.0,,0.9,,0.0,,0.0,,0.0,,0.0,,0.0,,0.0,,0,
2026-03-05,798.8,-9999.5,799.7,2026-03-05T20:40:00,797.8,2026-03-05T03:44:00,9.8,12.7,2026-03-05T10:06:00,8.0,2026-03-05T04:17:00,8.2,91,73.0,2026-03-05T10:08:00,1.5,210,6.4,60.0,2026-03-05T18:22:00,26.5,3.0,2026-03-05T00:18:00,9.0,2026-03-05T01:00:00,-99.5,7.64,,10.5,11.3,11.7,12.3,12.6,12.8,,,,,,,,,11.1,2026-03-05T14:40:00,,,,6.0,2026-03-05T23:37:00,,,,,,,1.68,2026-03-05T10:00:00,,,,,9.0,2026-03-05T01:00:00,,,,,,,,-99.5,9.0,2026-03-05T00:01:00,100.0,2026-03-05T00:01:00,,,,,,-9999.5,,,,,-9999.5,,,,,,,,,,,,,,,,-999.5,,,,,,-99.5,-99.95,,,,,,0,,0,,0,,0,,2,,2,,0,,2,,3,,2,,0,,0,,0,,0,,0,,0,,0,,0,,1,,0,,2,,6,,1,,2,,1,,0,,0,,0,,0,,0,,0,,0,,0,,0,,0,,0,,0,,0,,,70.0,,,4.0,2026-03-05T18:26:00,,,0,,0.0,,0.0,,0.0,,3.5,,2.0,,0.0,,5.5,,5.0,,1.9,,0.0,,0.0,,0.0,,0.0,,0.0,,0.0,,0.0,,0.0,,0.8,,0.0,,2.7,,7.7,,2.1,,4.3,,1.3,,0.0,,0.0,,0.0,,0.0,,0.0,,0.0,,0.0,,0.0,,0.0,,0.0,,0.0,,0.0,,0,
2026-03-06,799.4,-9999.5,801.2,2026-03-06T22:22:00,797.7,2026-03-06T14:40:00,11.8,16.6,2026-03-06T10:32:00,8.1,2026-03-06T05:28:00,7.6,77,49.0,2026-03-06T14:11:00,2.2,210,11.5,220.0,2026-03-06T15:35:00,0.0,0.0,,0.0,2026-03-06T01:00:00,-99.5,24.6,,11.6,11.7,11.9,12.2,12.5,12.8,,,,,,,,,10.7,2026-03-06T17:26:00,,,,5.0,2026-03-06T04:45:00,,,,,,,3.53,2026-03-06T13:00:00,,,,,0.0,2026-03-06T01:00:00,,,,,,,,-99.5,0.0,,99.0,2026-03-06T21:25:00,,,,,,-9999.5,,,,,-9999.5,,,,,,,,,,,,,,,,-999.5,,,,,,-99.5,-99.95,,,,,,0,,0,,1,,1,,1,,0,,1,,1,,0,,0,,1,,0,,0,,0,,0,,0,,0,,0,,1,,2,,1,,5,,4,,4,,0,,0,,0,,0,,0,,0,,1,,0,,0,,0,,0,,0,,0,,0,,,220.0,,,7.9,2026-03-06T15:42:00,,,0,,0.0,,0.6,,0.8,,0.6,,0.0,,1.3,,1.3,,0.0,,0.0,,1.2,,0.0,,0.0,,0.0,,0.0,,0.0,,0.0,,0.0,,0.5,,1.0,,1.3,,18.6,,16.3,,9.8,,0.0,,0.0,,0.0,,0.0,,0.0,,0.0,,0.3,,0.0,,0.0,,0.0,,0.0,,0.0,,0.0,,0,
2026-03-07,801.4,-9999.5,803.0,2026-03-07T09:45:00,799.8,2026-03-07T03:22:00,11.6,15.9,2026-03-07T14:51:00,8.3,2026-03-07T03:20:00,6.7,74,47.0,2026-03-07T14:45:00,2.9,220,11.6,220.0,2026-03-07T12:54:00,0.0,0.0,,0.0,2026-03-07T01:00:00,-99.5,24.41,,11.9,11.9,12.3,12.6,12.5,12.7,,,,,,,,,9.2,2026-03-07T18:18:00,,,,3.0,2026-03-07T05:21:00,,,,,,,3.61,2026-03-07T12:00:00,,,,,0.0,2026-03-07T01:00:00,,,,,,,,-99.5,0.0,,98.0,2026-03-07T19:39:00,,,,,,-9999.5,,,,,-9999.5,,,,,,,,,,,,,,,,-999.5,,,,,,-99.5,-99.95,,,,,,0,,0,,0,,1,,3,,1,,2,,0,,0,,0,,0,,0,,0,,0,,0,,0,,0,,0,,0,,0,,3,,4,,7,,0,,0,,1,,0,,0,,0,,0,,0,,1,,0,,0,,0,,0,,0,,0,,,220.0,,,8.0,2026-03-07T13:03:00,,,0,,0.0,,0.0,,1.6,,3.6,,0.9,,2.3,,0.0,,0.0,,0.0,,0.0,,0.0,,0.0,,0.0,,0.0,,0.0,,0.0,,0.0,,0.0,,0.0,,5.0,,15.6,,38.8,,0.0,,0.0,,0.4,,0.0,,0.0,,0.0,,0.0,,0.0,,0.3,,0.0,,0.0,,0.0,,0.0,,0.0,,0,
2026-03-08,802.2,-9999.5,803.4,2026-03-08T09:11:00,801.1,2026-03-08T14:39:00,11.4,15.4,2026-03-08T12:32:00,7.4,2026-03-08T02:30:00,5.0,66,47.0,2026-03-08T10:57:00,2.9,220,12.4,210.0,2026-03-08T13:29:00,0.0,0.0,,0.0,2026-03-08T01:00:00,-99.5,24.74,,11.5,11.7,12.1,12.6,12.5,12.7,,,,,,,,,8.4,2026-03-08T12:50:00,,,,2.1,2026-03-08T23:53:00,,,,,,,3.54,2026-03-08T14:00:00,,,,,0.0,2026-03-08T01:00:00,,,,,,,,-99.5,0.0,,89.0,2026-03-08T02:00:00,,,,,,-9999.5,,,,,-9999.5,,,,,,,,,,,,,,,,-999.5,,,,,,-99.5,-99.95,,,,,,0,,0,,0,,2,,2,,1,,0,,1,,0,,0,,0,,1,,0,,0,,0,,0,,0,,0,,0,,0,,0,,5,,5,,2,,3,,0,,0,,0,,0,,0,,0,,0,,0,,0,,0,,0,,0,,0,,,210.0,,,8.6,2026-03-08T13:44:00,,,0,,0.0,,0.0,,1.0,,3.9,,2.2,,0.0,,1.0,,0.0,,0.0,,0.0,,0.4,,0.0,,0.0,,0.0,,0.0,,0.0,,0.0,,0.0,,0.0,,0.0,,18.6,,28.3,,4.0,,4.4,,0.0,,0.0,,0.0,,0.0,,0.0,,0.0,,0.0,,0.0,,0.0,,0.0,,0.0,,0.0,,0,
2026-03-09,802.5,-9999.5,803.6,2026-03-09T08:21:00,801.3,2026-03-09T14:30:00,9.8,16.4,2026-03-09T09:49:00,6.7,2026-03-09T22:31:00,5.2,75,42.0,2026-03-09T09:49:00,2.4,220,9.9,210.0,2026-03-09T12:19:00,1.0,0.5,2026-03-09T22:11:00,0.5,2026-03-09T23:00:00,-99.5,14.64,,10.1,10.8,11.4,12.2,12.5,12.6,,,,,,,,,8.5,2026-03-09T15:38:00,,,,0.9,2026-03-09T05:15:00,,,,,,,2.88,2026-03-09T12:00:00,,,,,0.5,2026-03-09T23:00:00,,,,,,,,-99.5,0.5,2026-03-09T21:21:00,99.0,2026-03-09T21:05:00,,,,,,-9999.5,,,,,-9999.5,,,,,,,,,,,,,,,,-999.5,,,,,,-99.5,-99.95,,,,,,0,,0,,0,,0,,1,,2,,2,,1,,0,,1,,1,,0,,0,,0,,0,,0,,0,,0,,0,,1,,2,,3,,5,,4,,0,,0,,0,,0,,0,,0,,0,,0,,0,,0,,0,,0,,0,,0,,,210.0,,,7.8,2026-03-09T12:15:00,,,0,,0.0,,0.0,,0.0,,1.6,,1.8,,3.0,,0.8,,0.0,,0.6,,1.3,,0.0,,0.0,,0.0,,0.0,,0.0,,0.0,,0.0,,0.0,,0.6,,9.0,,17.9,,13.9,,6.3,,0.0,,0.0,,0.0,,0.0,,0.0,,0.0,,0.0,,0.0,,0.0,,0.0,,0.0,,0.0,,0.0,,0,
2026-03-10,800.9,-9999.5,802.5,2026-03-10T00:01:00,799.5,2026-03-10T15:14:00,6.6,8.1,2026-03-10T03:19:00,5.3,2026-03-10T18:59:00,6.1,97,79.0,2026-03-10T00:32:00,3.3,210,13.6,220.0,2026-03-10T10:57:00,29.5,2.0,2026-03-10T07:22:00,7.0,2026-03-10T08:00:00,-99.5,1.01,,7.4,8.9,9.9,11.2,12.3,12.6,,,,,,,,,7.2,2026-03-10T10:18:00,,,,3.4,2026-03-10T00:32:00,,,,,,,0.19,2026-03-10T11:00:00,,,,,7.0,2026-03-10T08:00:00,,,,,,,,-99.5,8.0,2026-03-10T07:09:00,100.0,2026-03-10T07:36:00,,,,,,-9999.5,,,,,-9999.5,,,,,,,,,,,,,,,,-999.5,,,,,,-99.5,-99.95,,,,,,0,,0,,0,,1,,0,,1,,1,,0,,0,,0,,0,,0,,0,,0,,0,,0,,0,,1,,0,,0,,4,,8,,2,,1,,2,,0,,1,,1,,0,,0,,0,,0,,0,,1,,0,,0,,0,,0,,,220.0,,,8.5,2026-03-10T10:54:00,,,0,,0.0,,0.0,,0.6,,0.0,,0.6,,2.5,,0.0,,0.0,,0.0,,0.0,,0.0,,0.0,,0.0,,0.0,,0.0,,0.0,,0.8,,0.0,,0.0,,15.7,,37.5,,10.3,,3.7,,5.0,,0.0,,0.6,,1.2,,0.0,,0.0,,0.0,,0.0,,0.0,,1.8,,0.0,,0.0,,0.0,,0,
2026-03-11,799.9,-9999.5,800.9,2026-03-11T00:01:00,798.5,2026-03-11T14:32:00,8.5,12.7,2026-03-11T14:49:00,5.6,2026-03-11T02:55:00,6.2,87,61.0,2026-03-11T13:28:00,2.8,220,11.1,220.0,2026-03-11T13:46:00,0.0,0.0,,0.0,2026-03-11T01:00:00,-99.5,24.83,,9.9,10.1,10.3,10.8,11.8,12.6,,,,,,,,,8.2,2026-03-11T10:00:00,,,,2.5,2026-03-11T22:37:00,,,,,,,3.51,2026-03-11T14:00:00,,,,,0.0,2026-03-11T01:00:00,,,,,,,,-99.5,0.0,,100.0,2026-03-11T00:01:00,,,,,,-9999.5,,,,,-9999.5,,,,,,,,,,,,,,,,-999.5,,,,,,-99.5,-99.95,,,,,,0,,0,,1,,1,,2,,2,,1,,0,,0,,0,,0,,0,,0,,0,,0,,0,,1,,0,,0,,0,,2,,4,,8,,1,,1,,0,,0,,0,,0,,0,,0,,0,,0,,0,,0,,0,,0,,0,,,210.0,,,7.9,2026-03-11T14:22:00,,,0,,0.0,,1.1,,0.5,,2.4,,2.2,,1.2,,0.0,,0.0,,0.0,,0.0,,0.0,,0.0,,0.0,,0.0,,0.0,,0.9,,0.0,,0.0,,0.0,,4.2,,12.8,,39.2,,1.0,,1.2,,0.0,,0.0,,0.0,,0.0,,0.0,,0.0,,0.0,,0.0,,0.0,,0.0,,0.0,,0.0,,0,
2026-03-12,800.0,-9999.5,801.3,2026-03-12T10:06:00,798.8,2026-03-12T14:56:00,8.1,12.5,2026-03-12T13:44:00,4.7,2026-03-12T20:37:00,2.6,70,42.0,2026-03-12T15:50:00,3.3,210,13.9,220.0,2026-03-12T14:57:00,0.0,0.0,,0.0,2026-03-12T01:00:00,-99.5,26.47,,8.9,9.6,10.3,11.0,11.6,12.4,,,,,,,,,5.6,2026-03-12T10:53:00,,,,-2.3,2026-03-12T22:31:00,,,,,,,3.86,2026-03-12T13:00:00,,,,,0.0,2026-03-12T01:00:00,,,,,,,,-99.5,0.0,,93.0,2026-03-12T04:50:00,,,,,,-9999.5,,,,,-9999.5,,,,,,,,,,,,,,,,-999.5,,,,,,-99.5,-99.95,,,,,,0,,0,,0,,1,,1,,2,,2,,0,,1,,0,,0,,0,,0,,0,,0,,1,,0,,0,,0,,1,,0,,8,,3,,2,,0,,0,,1,,0,,0,,1,,0,,0,,0,,0,,0,,0,,0,,0,,,220.0,,,10.1,2026-03-12T15:12:00,,,0,,0.0,,0.0,,2.0,,1.3,,2.8,,1.4,,0.0,,0.6,,0.0,,0.0,,0.0,,0.0,,0.0,,0.0,,0.3,,0.0,,0.0,,0.0,,3.1,,0.0,,47.5,,14.7,,2.8,,0.0,,0.0,,1.1,,0.0,,0.0,,0.6,,0.0,,0.0,,0.0,,0.0,,0.0,,0.0,,0.0,,0,
2026-03-13,801.1,-9999.5,803.1,2026-03-13T21:40:00,799.2,2026-03-13T03:20:00,9.2,16.1,2026-03-13T10:41:00,3.7,2026-03-13T04:43:00,-7.0,48,-9995.0,,2.3,230,10.5,210.0,2026-03-13T14:07:00,0.0,0.0,,0.0,2026-03-13T01:00:00,-99.5,26.88,,8.7,9.3,10.0,10.7,11.5,12.4,,,,,,,,,5.4,2026-03-13T16:36:00,,,,-99.5,2026-03-13T23:47:00,,,,,,,3.72,2026-03-13T12:00:00,,,,,0.0,2026-03-13T01:00:00,,,,,,,,-99.5,0.0,,80.0,2026-03-13T18:41:00,,,,,,-9999.5,,,,,-9999.5,,,,,,,,,,,,,,,,-999.5,,,,,,-99.5,-99.95,,,,,,0,,1,,2,,2,,1,,1,,3,,0,,0,,0,,0,,0,,1,,1,,0,,1,,0,,0,,0,,1,,0,,2,,2,,3,,2,,1,,0,,0,,0,,0,,0,,0,,0,,0,,0,,0,,0,,0,,,220.0,,,7.3,2026-03-13T14:15:00,,,0,,0.3,,3.0,,2.8,,0.9,,1.2,,9.9,,0.0,,0.0,,0.0,,0.0,,0.0,,1.8,,0.6,,0.0,,1.2,,0.0,,0.0,,0.0,,2.2,,0.0,,4.6,,6.8,,13.6,,6.3,,0.9,,0.0,,0.0,,0.0,,0.0,,0.0,,0.0,,0.0,,0.0,,0.0,,0.0,,0.0,,0,
2026-03-14,802.9,-9999.5,804.1,2026-03-14T09:48:00,801.7,2026-03-14T02:39:00,10.8,15.6,2026-03-14T09:53:00,7.5,2026-03-14T03:50:00,-6.8,52,-9995.0,,2.2,220,11.1,210.0,2026-03-14T13:48:00,0.0,0.0,,0.0,2026-03-14T01:00:00,-99.5,25.48,,9.6,9.6,10.1,10.7,11.4,12.2,,,,,,,,,6.5,2026-03-14T17:20:00,,,,-99.5,2026-03-14T00:58:00,,,,,,,3.68,2026-03-14T12:00:00,,,,,0.0,2026-03-14T01:00:00,,,,,,,,-99.5,0.0,,82.0,2026-03-14T18:32:00,,,,,,-9999.5,,,,,-9999.5,,,,,,,,,,,,,,,,-999.5,,,,,,-99.5,-99.95,,,,,,0,,1,,1,,0,,1,,2,,0,,2,,0,,0,,0,,0,,0,,0,,0,,0,,0,,0,,1,,0,,1,,2,,6,,2,,1,,1,,1,,0,,0,,0,,0,,0,,0,,0,,0,,0,,0,,0,,,220.0,,,7.2,2026-03-14T13:29:00,,,0,,0.6,,1.0,,0.0,,1.1,,4.2,,0.0,,1.8,,0.0,,0.0,,0.0,,0.0,,0.0,,0.0,,0.0,,0.0,,0.0,,0.0,,1.0,,0.0,,1.0,,2.5,,26.4,,8.1,,1.6,,0.3,,0.5,,0.0,,0.0,,0.0,,0.0,,0.0,,0.0,,0.0,,0.0,,0.0,,0.0,,0,
2026-03-15,802.3,-9999.5,803.9,2026-03-15T08:55:00,801.2,2026-03-15T18:10:00,10.1,16.3,2026-03-15T09:27:00,6.0,2026-03-15T23:51:00,1.8,60,-9995.0,,2.3,220,11.0,220.0,2026-03-15T15:20:00,0.0,0.0,,0.0,2026-03-15T01:00:00,-99.5,23.37,,10.4,10.7,11.0,11.2,11.4,12.2,,,,,,,,,8.3,2026-03-15T17:21:00,,,,-13.1,2026-03-15T08:34:00,,,,,,,3.63,2026-03-15T12:00:00,,,,,0.0,2026-03-15T01:00:00,,,,,,,,-99.5,0.0,,100.0,2026-03-15T20:49:00,,,,,,-9999.5,,,,,-9999.5,,,,,,,,,,,,,,,,-999.5,,,,,,-99.5,-99.95,,,,,,0,,0,,0,,0,,1,,3,,5,,0,,1,,1,,0,,0,,0,,0,,0,,0,,0,,0,,0,,0,,1,,0,,5,,3,,1,,0,,0,,0,,0,,0,,0,,0,,0,,1,,0,,0,,1,,0,,,210.0,,,7.2,2026-03-15T13:24:00,,,0,,0.0,,0.0,,0.0,,1.3,,5.0,,6.4,,0.0,,0.5,,0.6,,0.0,,0.0,,0.0,,0.0,,0.0,,0.0,,0.0,,0.0,,0.0,,0.0,,1.0,,0.0,,24.0,,12.1,,0.8,,0.0,,0.0,,0.0,,0.0,,0.0,,0.0,,0.0,,0.0,,0.6,,0.0,,0.0,,0.4,,0,
2026-03-16,800.9,-9999.5,802.2,2026-03-16T00:39:00,799.4,2026-03-16T15:11:00,8.8,13.0,2026-03-16T13:15:00,4.3,2026-03-16T04:03:00,5.4,82,44.0,2026-03-16T05:31:00,2.6,220,12.0,210.0,2026-03-16T14:10:00,0.0,0.0,,0.0,2026-03-16T01:00:00,-99.5,26.3,,10.8,11.2,11.5,11.8,11.6,12.2,,,,,,,,,7.9,2026-03-16T19:18:00,,,,-3.2,2026-03-16T05:31:00,,,,,,,3.64,2026-03-16T13:00:00,,,,,0.0,2026-03-16T01:00:00,,,,,,,,-99.5,0.0,,100.0,2026-03-16T00:34:00,,,,,,-9999.5,,,,,-9999.5,,,,,,,,,,,,,,,,-999.5,,,,,,-99.5,-99.95,,,,,,0,,0,,0,,0,,1,,1,,2,,0,,0,,1,,0,,0,,0,,1,,0,,0,,0,,0,,1,,0,,2,,2,,7,,3,,1,,0,,0,,1,,1,,0,,0,,0,,0,,0,,0,,0,,0,,0,,,220.0,,,8.1,2026-03-16T14:01:00,,,0,,0.0,,0.0,,0.0,,0.6,,0.6,,1.5,,0.0,,0.0,,0.9,,0.0,,0.0,,0.0,,0.5,,0.0,,0.0,,0.0,,0.0,,0.6,,0.0,,2.8,,5.2,,37.5,,9.2,,2.1,,0.0,,0.0,,0.8,,1.1,,0.0,,0.0,,0.0,,0.0,,0.0,,0.0,,0.0,,0.0,,0,
2026-03-17,800.4,-9999.5,801.8,2026-03-17T22:59:00,799.1,2026-03-17T16:01:00,9.1,14.5,2026-03-17T13:51:00,4.5,2026-03-17T05:25:00,5.6,81,46.0,2026-03-17T07:26:00,2.6,230,11.6,220.0,2026-03-17T15:08:00,0.0,0.0,,0.0,2026-03-17T01:00:00,-99.5,26.21,,10.8,11.3,11.8,12.1,11.9,12.2,,,,,,,,,7.8,2026-03-17T16:41:00,,,,-3.2,2026-03-17T07:26:00,,,,,,,3.62,2026-03-17T13:00:00,,,,,0.0,2026-03-17T01:00:00,,,,,,,,-99.5,0.0,,99.0,2026-03-17T03:14:00,,,,,,-9999.5,,,,,-9999.5,,,,,,,,,,,,,,,,-999.5,,,,,,-99.5,-99.95,,,,,,0,,0,,0,,0,,1,,1,,0,,0,,2,,0,,1,,0,,0,,0,,0,,0,,0,,0,,0,,0,,2,,3,,5,,5,,0,,0,,0,,0,,0,,0,,0,,0,,1,,0,,0,,0,,0,,0,,,220.0,,,7.7,2026-03-17T14:32:00,,,0,,0.0,,0.0,,0.0,,0.6,,1.0,,0.0,,0.0,,2.4,,0.0,,1.3,,0.0,,0.0,,0.0,,0.0,,0.0,,0.0,,0.0,,0.0,,0.0,,3.7,,8.2,,21.3,,22.4,,0.0,,0.0,,0.0,,0.0,,0.0,,0.0,,0.0,,0.0,,0.8,,0.0,,0.0,,0.0,,0.0,,0,
2026-03-18,800.4,-9999.5,801.5,2026-03-18T00:01:00,799.1,2026-03-18T16:06:00,12.0,16.6,2026-03-18T15:15:00,6.5,2026-03-18T04:58:00,2.5,59,-9995.0,,2.8,210,10.8,200.0,2026-03-18T13:44:00,0.0,0.0,,0.0,2026-03-18T01:00:00,-99.5,26.61,,12.2,11.8,12.1,12.3,12.1,12.2,,,,,,,,,9.8,2026-03-18T18:51:00,,,,-9.1,2026-03-18T06:47:00,,,,,,,3.66,2026-03-18T13:00:00,,,,,0.0,2026-03-18T01:00:00,,,,,,,,-99.5,0.0,,99.0,2026-03-18T18:51:00,,,,,,-9999.5,,,,,-9999.5,,,,,,,,,,,,,,,,-999.5,,,,,,-99.5,-99.95,,,,,,0,,0,,0,,0,,2,,3,,3,,0,,0,,0,,0,,0,,0,,0,,0,,0,,0,,1,,0,,1,,0,,5,,3,,4,,1,,0,,0,,0,,0,,0,,1,,0,,0,,0,,0,,0,,0,,0,,,210.0,,,7.3,2026-03-18T16:55:00,,,0,,0.0,,0.0,,0.0,,1.9,,4.8,,3.5,,0.0,,0.0,,0.0,,0.0,,0.0,,0.0,,0.0,,0.0,,0.0,,0.0,,1.1,,0.0,,1.3,,0.0,,23.2,,12.6,,17.3,,1.6,,0.0,,0.0,,0.0,,0.0,,0.0,,0.6,,0.0,,0.0,,0.0,,0.0,,0.0,,0.0,,0,
2026-03-19,799.9,-9999.5,,,,,12.8,,,,,6.4,68,,,2.5,220,,,,0.0,,,0.0,2026-03-19T01:00:00,-99.5,24.5,,13.5,13.0,13.0,13.0,12.3,12.3,,,,,,,,,,,,,,,,,,,,,,3.51,2026-03-19T13:00:00,,,,,0.0,2026-03-19T01:00:00,,,,,,,,-99.5,,,,,,,,,,-9999.5,,,,,-9999.5,,,,,,,,,,,,,,,,,,,,,,-99.5,-99.95,,,,,,0,,0,,0,,1,,1,,0,,1,,0,,1,,1,,0,,0,,0,,0,,0,,0,,0,,0,,0,,1,,1,,1,,5,,3,,2,,2,,1,,0,,1,,0,,0,,0,,0,,0,,0,,0,,0,,0,,,,,,,,,,0,,0.0,,0.0,,1.3,,0.6,,0.0,,0.9,,0.0,,0.9,,0.8,,0.0,,0.0,,0.0,,0.0,,0.0,,0.0,,0.0,,0.0,,0.0,,1.3,,1.6,,0.6,,27.8,,13.1,,3.3,,0.9,,0.5,,0.0,,0.4,,0.0,,0.0,,0.0,,0.0,,0.0,,0.0,,0.0,,0.0,,0,
2026-03-20,800.5,-9999.5,802.1,2026-03-20T22:22:00,799.1,2026-03-20T04:00:00,12.4,17.8,2026-03-20T13:01:00,8.5,2026-03-20T23:08:00,7.6,76,39.0,2026-03-20T13:29:00,3.1,220,13.3,220.0,2026-03-20T14:22:00,0.0,0.0,,0.0,2026-03-20T01:00:00,-99.5,26.28,,13.5,13.4,13.6,13.7,12.8,12.4,,,,,,,,,10.8,2026-03-20T17:28:00,,,,3.3,2026-03-20T10:13:00,,,,,,,3.74,2026-03-20T13:00:00,,,,,0.0,2026-03-20T01:00:00,,,,,,,,-99.5,0.0,,99.0,2026-03-20T21:55:00,,,,,,-9999.5,,,,,-9999.5,,,,,,,,,,,,,,,,-999.5,,,,,,-99.5,-99.95,,,,,,0,,0,,0,,0,,4,,0,,1,,2,,0,,1,,0,,0,,0,,0,,0,,0,,0,,0,,1,,2,,0,,2,,6,,3,,1,,1,,0,,0,,0,,0,,0,,0,,0,,0,,0,,0,,0,,0,,,220.0,,,10.3,2026-03-20T14:48:00,,,0,,0.0,,0.0,,0.0,,5.4,,0.0,,1.2,,2.6,,0.0,,0.6,,0.0,,0.0,,0.0,,0.0,,0.0,,0.0,,0.0,,0.0,,0.6,,3.9,,0.0,,9.7,,38.7,,8.4,,1.2,,1.6,,0.0,,0.0,,0.0,,0.0,,0.0,,0.0,,0.0,,0.0,,0.0,,0.0,,0.0,,0,
2026-03-21,801.2,-9999.5,802.5,2026-03-21T09:35:00,800.3,2026-03-21T15:07:00,11.9,16.2,2026-03-21T11:14:00,8.5,2026-03-21T01:31:00,7.8,78,43.0,2026-03-21T09:48:00,2.2,210,10.0,220.0,2026-03-21T14:05:00,0.0,0.0,,0.0,2026-03-21T01:00:00,-99.5,15.9,,12.8,12.9,13.3,13.6,13.1,12.6,,,,,,,,,11.1,2026-03-21T16:29:00,,,,2.4,2026-03-21T07:20:00,,,,,,,2.63,2026-03-21T11:00:00,,,,,0.0,2026-03-21T01:00:00,,,,,,,,-99.5,0.0,,99.0,2026-03-21T20:24:00,,,,,,-9999.5,,,,,-9999.5,,,,,,,,,,,,,,,,-999.5,,,,,,-99.5,-99.95,,,,,,0,,1,,0,,0,,1,,1,,2,,0,,0,,1,,1,,0,,1,,0,,0,,0,,0,,0,,0,,0,,3,,5,,3,,3,,1,,0,,0,,0,,0,,0,,0,,0,,0,,0,,0,,0,,0,,0,,,220.0,,,7.4,2026-03-21T15:00:00,,,0,,0.3,,0.0,,0.0,,1.0,,2.2,,3.0,,0.0,,0.0,,0.6,,0.5,,0.0,,0.4,,0.0,,0.0,,0.0,,0.0,,0.0,,0.0,,0.0,,2.7,,19.4,,16.1,,6.7,,0.8,,0.0,,0.0,,0.0,,0.0,,0.0,,0.0,,0.0,,0.0,,0.0,,0.0,,0.0,,0.0,,0,
2026-03-22,800.9,-9999.5,801.9,2026-03-22T21:46:00,799.8,2026-03-22T14:41:00,12.9,18.1,2026-03-22T12:10:00,7.9,2026-03-22T04:22:00,8.8,78,48.0,2026-03-22T12:12:00,3.0,220,12.9,220.0,2026-03-22T13:15:00,0.0,0.0,,0.0,2026-03-22T01:00:00,-99.5,25.55,,13.6,13.5,13.6,13.7,13.2,12.7,,,,,,,,,11.3,2026-03-22T17:28:00,,,,6.2,2026-03-22T05:19:00,,,,,,,3.64,2026-03-22T13:00:00,,,,,0.0,2026-03-22T01:00:00,,,,,,,,-99.5,0.0,,100.0,2026-03-22T02:49:00,,,,,,-9999.5,,,,,-9999.5,,,,,,,,,,,,,,,,-999.5,,,,,,-99.5,-99.95,,,,,,0,,0,,0,,1,,0,,2,,0,,1,,0,,0,,0,,0,,0,,0,,0,,0,,0,,0,,0,,1,,2,,5,,5,,2,,0,,1,,0,,0,,1,,0,,0,,0,,0,,0,,0,,0,,1,,0,,,220.0,,,9.1,2026-03-22T13:03:00,,,0,,0.0,,0.0,,1.6,,0.0,,3.3,,0.0,,0.5,,0.0,,0.0,,0.0,,0.0,,0.0,,0.0,,0.0,,0.0,,0.0,,0.0,,0.0,,0.4,,1.4,,24.9,,30.7,,4.4,,0.0,,1.3,,0.0,,0.0,,1.2,,0.0,,0.0,,0.0,,0.0,,0.0,,0.0,,0.0,,0.8,,0,
2026-03-23,800.4,-9999.5,801.7,2026-03-23T00:01:00,799.1,2026-03-23T15:09:00,14.0,18.2,2026-03-23T08:42:00,10.4,2026-03-23T03:19:00,8.5,72,40.0,2026-03-23T08:56:00,2.9,220,11.3,210.0,2026-03-23T12:33:00,0.0,0.0,,0.0,2026-03-23T01:00:00,-99.5,25.46,,14.5,14.1,14.2,14.2,13.4,12.9,,,,,,,,,12.5,2026-03-23T16:56:00,,,,2.9,2026-03-23T06:44:00,,,,,,,3.52,2026-03-23T13:00:00,,,,,0.0,2026-03-23T01:00:00,,,,,,,,-99.5,0.0,,100.0,2026-03-23T18:28:00,,,,,,-9999.5,,,,,-9999.5,,,,,,,,,,,,,,,,-999.5,,,,,,-99.5,-99.95,,,,,,0,,0,,1,,0,,3,,3,,0,,0,,0,,0,,1,,0,,0,,0,,0,,0,,0,,1,,0,,0,,2,,4,,7,,0,,0,,1,,0,,0,,0,,0,,1,,0,,0,,0,,0,,0,,0,,0,,,220.0,,,8.0,2026-03-23T13:44:00,,,0,,0.0,,0.6,,0.0,,3.1,,4.5,,0.0,,0.0,,0.0,,0.0,,1.0,,0.0,,0.0,,0.0,,0.0,,0.0,,0.0,,0.5,,0.0,,0.0,,5.8,,14.7,,38.6,,0.0,,0.0,,1.0,,0.0,,0.0,,0.0,,0.0,,0.4,,0.0,,0.0,,0.0,,0.0,,0.0,,0.0,,0,
2026-03-24,799.4,-9999.5,800.6,2026-03-24T00:01:00,797.9,2026-03-24T16:16:00,15.2,20.3,2026-03-24T13:20:00,10.4,2026-03-24T02:42:00,8.2,65,41.0,2026-03-24T09:59:00,2.5,220,11.0,220.0,2026-03-24T14:30:00,0.0,0.0,,0.0,2026-03-24T01:00:00,-99.5,26.01,,15.9,15.1,15.0,14.8,13.7,13.0,,,,,,,,,12.9,2026-03-24T15:12:00,,,,3.7,2026-03-24T05:11:00,,,,,,,3.61,2026-03-24T13:00:00,,,,,0.0,2026-03-24T01:00:00,,,,,,,,-99.5,0.0,,99.0,2026-03-24T19:37:00,,,,,,-9999.5,,,,,-9999.5,,,,,,,,,,,,,,,,-999.5,,,,,,-99.5,-99.95,,,,,,0,,0,,0,,0,,0,,2,,2,,0,,0,,0,,0,,0,,0,,0,,0,,0,,0,,0,,0,,1,,1,,4,,6,,6,,0,,0,,1,,1,,0,,0,,0,,0,,0,,0,,0,,0,,0,,0,,,210.0,,,7.7,2026-03-24T14:32:00,,,0,,0.0,,0.0,,0.0,,0.0,,3.2,,1.6,,0.0,,0.0,,0.0,,0.0,,0.0,,0.0,,0.0,,0.0,,0.0,,0.0,,0.0,,0.0,,1.5,,1.8,,9.7,,21.5,,17.9,,0.0,,0.0,,0.6,,1.0,,0.0,,0.0,,0.0,,0.0,,0.0,,0.0,,0.0,,0.0,,0.0,,0,
2026-03-25,799.7,-9999.5,800.7,2026-03-25T21:13:00,798.6,2026-03-25T14:14:00,14.8,18.9,2026-03-25T12:23:00,11.8,2026-03-25T03:58:00,8.7,68,48.0,2026-03-25T11:11:00,3.2,210,12.9,230.0,2026-03-25T14:28:00,0.0,0.0,,0.0,2026-03-25T01:00:00,-99.5,23.12,,15.7,15.1,15.3,15.4,14.1,13.1,,,,,,,,,12.1,2026-03-25T17:22:00,,,,4.6,2026-03-25T05:03:00,,,,,,,3.45,2026-03-25T11:00:00,,,,,0.0,2026-03-25T01:00:00,,,,,,,,-99.5,0.0,,97.0,2026-03-25T19:07:00,,,,,,-9999.5,,,,,-9999.5,,,,,,,,,,,,,,,,-999.5,,,,,,-99.5,-99.95,,,,,,0,,0,,0,,0,,0,,2,,1,,0,,0,,0,,0,,0,,0,,0,,1,,0,,0,,0,,1,,1,,1,,7,,4,,1,,0,,0,,0,,0,,0,,0,,0,,0,,0,,1,,0,,1,,0,,0,,,220.0,,,9.3,2026-03-25T14:43:00,,,0,,0.0,,0.0,,0.0,,0.0,,3.1,,1.0,,0.0,,0.0,,0.0,,0.0,,0.0,,0.0,,0.0,,0.6,,0.0,,0.0,,0.0,,0.4,,1.3,,0.5,,42.9,,17.8,,0.9,,0.0,,0.0,,0.0,,0.0,,0.0,,0.0,,0.0,,0.0,,0.0,,0.6,,0.0,,0.8,,0.0,,0,
2026-03-26,799.0,-9999.5,799.9,2026-03-26T00:01:00,797.4,2026-03-26T15:15:00,13.1,17.9,2026-03-26T08:15:00,10.3,2026-03-26T06:07:00,10.5,86,57.0,2026-03-26T08:17:00,4.3,210,13.1,220.0,2026-03-26T15:16:00,0.5,0.5,2026-03-26T22:23:00,0.5,2026-03-26T23:00:00,-99.5,16.39,,13.6,14.0,14.5,15.1,14.4,13.3,,,,,,,,,12.3,2026-03-26T16:13:00,,,,8.2,2026-03-26T00:02:00,,,,,,,3.22,2026-03-26T12:00:00,,,,,0.5,2026-03-26T23:00:00,,,,,,,,-99.5,0.5,2026-03-26T21:33:00,100.0,2026-03-26T18:14:00,,,,,,-9999.5,,,,,-9999.5,,,,,,,,,,,,,,,,-999.5,,,,,,-99.5,-99.95,,,,,,0,,0,,0,,1,,0,,0,,1,,0,,1,,0,,0,,0,,0,,0,,0,,0,,0,,0,,0,,1,,2,,13,,4,,1,,0,,0,,0,,0,,0,,0,,0,,0,,0,,0,,0,,0,,0,,0,,,210.0,,,8.9,2026-03-26T15:20:00,,,0,,0.0,,0.0,,1.5,,0.0,,0.0,,0.4,,0.0,,0.8,,0.0,,0.0,,0.0,,0.0,,0.0,,0.0,,0.0,,0.0,,0.0,,0.0,,1.0,,5.4,,64.8,,27.6,,2.6,,0.0,,0.0,,0.0,,0.0,,0.0,,0.0,,0.0,,0.0,,0.0,,0.0,,0.0,,0.0,,0.0,,0,
2026-03-27,798.5,-9999.5,799.9,2026-03-27T09:46:00,797.1,2026-03-27T16:42:00,11.7,13.8,2026-03-27T11:27:00,10.8,2026-03-27T07:16:00,10.9,96,74.0,2026-03-27T23:55:00,3.6,210,11.9,220.0,2026-03-27T00:17:00,5.5,3.0,2026-03-27T12:52:00,3.5,2026-03-27T13:00:00,-99.5,6.48,,12.0,13.0,13.6,14.3,14.4,13.4,,,,,,,,,12.8,2026-03-27T14:59:00,,,,7.7,2026-03-27T23:55:00,,,,,,,1.36,2026-03-27T11:00:00,,,,,3.5,2026-03-27T13:00:00,,,,,,,,-99.5,5.0,2026-03-27T12:08:00,100.0,2026-03-27T00:01:00,,,,,,-9999.5,,,,,-9999.5,,,,,,,,,,,,,,,,-999.5,,,,,,-99.5,-99.95,,,,,,0,,0,,0,,0,,0,,1,,1,,0,,0,,0,,1,,0,,0,,0,,0,,0,,0,,0,,0,,1,,3,,10,,6,,0,,0,,0,,0,,0,,0,,0,,0,,0,,0,,0,,0,,0,,0,,0,,,220.0,,,9.4,2026-03-27T00:22:00,,,0,,0.0,,0.0,,0.0,,0.0,,1.6,,1.5,,0.0,,0.0,,0.0,,0.6,,0.0,,0.0,,0.0,,0.0,,0.0,,0.0,,0.0,,0.0,,0.4,,9.8,,45.1,,26.6,,0.0,,0.0,,0.0,,0.0,,0.0,,0.0,,0.0,,0.0,,0.0,,0.0,,0.0,,0.0,,0.0,,0.0,,0,
2026-03-28,798.6,-9999.5,799.9,2026-03-28T09:31:00,797.5,2026-03-28T15:33:00,12.2,14.7,2026-03-28T15:12:00,10.6,2026-03-28T06:37:00,10.8,92,72.0,2026-03-28T01:03:00,1.2,200,6.3,210.0,2026-03-28T01:35:00,0.5,0.5,2026-03-28T11:22:00,0.5,2026-03-28T12:00:00,-99.5,4.88,,12.4,12.8,13.2,13.8,14.1,13.5,,,,,,,,,13.3,2026-03-28T15:18:00,,,,7.5,2026-03-28T00:35:00,,,,,,,0.92,2026-03-28T16:00:00,,,,,0.5,2026-03-28T12:00:00,,,,,,,,-99.5,0.5,2026-03-28T10:32:00,100.0,2026-03-28T17:30:00,,,,,,-9999.5,,,,,-9999.5,,,,,,,,,,,,,,,,-999.5,,,,,,-99.5,-99.95,,,,,,0,,0,,0,,0,,0,,3,,1,,3,,0,,0,,0,,0,,0,,0,,0,,0,,0,,1,,1,,1,,4,,3,,3,,2,,0,,1,,0,,0,,0,,0,,0,,0,,0,,0,,0,,0,,0,,0,,,230.0,,,3.9,2026-03-28T01:41:00,,,0,,0.0,,0.0,,0.0,,0.0,,1.8,,1.2,,1.4,,0.0,,0.0,,0.0,,0.0,,0.0,,0.0,,0.0,,0.0,,0.0,,0.4,,0.8,,1.6,,5.2,,4.6,,5.8,,3.9,,0.0,,1.2,,0.0,,0.0,,0.0,,0.0,,0.0,,0.0,,0.0,,0.0,,0.0,,0.0,,0.0,,0,
2026-03-29,798.6,-9999.5,799.9,2026-03-29T22:15:00,797.5,2026-03-29T15:28:00,12.6,15.9,2026-03-29T16:24:00,11.0,2026-03-29T07:36:00,10.9,91,65.0,2026-03-29T21:29:00,2.3,220,9.3,230.0,2026-03-29T11:10:00,3.5,1.0,2026-03-29T10:25:00,2.0,2026-03-29T11:00:00,-99.5,12.71,,12.7,13.1,13.4,13.7,13.8,13.5,,,,,,,,,14.2,2026-03-29T14:51:00,,,,6.9,2026-03-29T23:29:00,,,,,,,4.87,2026-03-29T01:00:00,,,,,2.0,2026-03-29T11:00:00,,,,,,,,-99.5,2.0,2026-03-29T09:51:00,100.0,2026-03-29T00:01:00,,,,,,-9999.5,,,,,-9999.5,,,,,,,,,,,,,,,,-999.5,,,,,,-99.5,-99.95,,,,,,0,,1,,0,,2,,2,,1,,1,,0,,0,,0,,0,,0,,0,,0,,0,,0,,0,,0,,0,,1,,1,,3,,5,,3,,3,,0,,0,,0,,0,,0,,0,,0,,1,,0,,0,,0,,0,,0,,,220.0,,,7.4,2026-03-29T11:17:00,,,0,,0.6,,0.0,,1.7,,3.5,,2.0,,1.1,,0.0,,0.0,,0.0,,0.0,,0.0,,0.0,,0.0,,0.0,,0.0,,0.0,,0.0,,0.0,,0.6,,4.0,,9.0,,19.6,,8.3,,3.3,,0.0,,0.0,,0.0,,0.0,,0.0,,0.0,,0.0,,0.8,,0.0,,0.0,,0.0,,0.0,,0,
2026-03-30,799.7,-9999.5,801.0,2026-03-30T21:38:00,798.4,2026-03-30T04:18:00,14.9,19.6,2026-03-30T12:48:00,11.1,2026-03-30T19:53:00,9.5,72,52.0,2026-03-30T08:11:00,3.8,220,17.1,230.0,2026-03-30T17:22:00,0.5,0.5,2026-03-30T16:21:00,0.5,2026-03-30T17:00:00,-99.5,21.09,,13.6,13.4,13.6,13.8,13.7,13.5,,,,,,,,,13.9,2026-03-30T16:02:00,,,,4.3,2026-03-30T23:59:00,,,,,,,3.29,2026-03-30T13:00:00,,,,,0.5,2026-03-30T17:00:00,,,,,,,,-99.5,0.5,2026-03-30T15:31:00,100.0,2026-03-30T16:46:00,,,,,,-9999.5,,,,,-9999.5,,,,,,,,,,,,,,,,-999.5,,,,,,-99.5,-99.95,,,,,,0,,0,,0,,0,,1,,1,,1,,0,,1,,1,,0,,1,,0,,0,,1,,0,,0,,0,,0,,0,,1,,3,,8,,1,,1,,1,,0,,1,,1,,0,,0,,0,,0,,0,,0,,0,,0,,0,,,220.0,,,11.8,2026-03-30T17:22:00,,,0,,0.0,,0.0,,0.0,,1.2,,1.3,,1.2,,0.0,,1.8,,1.8,,0.0,,0.8,,0.0,,0.0,,0.6,,0.0,,0.0,,0.0,,0.0,,0.0,,0.6,,23.1,,54.1,,0.9,,0.5,,0.6,,0.0,,1.8,,1.5,,0.0,,0.0,,0.0,,0.0,,0.0,,0.0,,0.0,,0.0,,0,
2026-03-31,799.5,-9999.5,800.9,2026-03-31T00:01:00,797.5,2026-03-31T16:29:00,15.1,19.4,2026-03-31T12:00:00,10.9,2026-03-31T23:58:00,6.0,57,32.0,2026-03-31T11:24:00,4.7,220,17.8,210.0,2026-03-31T14:23:00,0.0,0.0,,0.0,2026-03-31T01:00:00,-99.5,18.55,,13.4,12.7,13.1,13.8,13.7,13.5,,,,,,,,,11.7,2026-03-31T17:32:00,,,,1.7,2026-03-31T11:24:00,,,,,,,3.51,2026-03-31T12:00:00,,,,,0.0,2026-03-31T01:00:00,,,,,,,,-99.5,0.0,,94.0,2026-03-31T23:58:00,,,,,,-9999.5,,,,,-9999.5,,,,,,,,,,,,,,,,-999.5,,,,,,-99.5,-99.95,,,,,,0,,0,,0,,0,,0,,0,,0,,1,,0,,0,,0,,0,,0,,0,,0,,0,,0,,0,,0,,1,,1,,6,,11,,2,,0,,0,,0,,0,,0,,0,,0,,0,,0,,0,,0,,0,,0,,0,,,220.0,,,13.3,2026-03-31T14:29:00,,,0,,0.0,,0.0,,0.0,,0.0,,0.0,,0.0,,1.7,,0.0,,0.0,,0.0,,0.0,,0.0,,0.0,,0.0,,0.0,,0.0,,0.0,,0.0,,0.6,,2.4,,28.7,,65.2,,4.9,,0.0,,0.0,,0.0,,0.0,,0.0,,0.0,,0.0,,0.0,,0.0,,0.0,,0.0,,0.0,,0.0,,0,
2026-04-01,799.8,-9999.5,801.1,2026-04-01T23:23:00,798.6,2026-04-01T02:55:00,11.7,13.3,2026-04-01T15:38:00,10.2,2026-04-01T00:59:00,9.2,85,68.0,2026-04-01T02:15:00,2.3,220,13.5,220.0,2026-04-01T05:24:00,9.5,2.5,2026-04-01T10:10:00,3.5,2026-04-01T10:00:00,-99.5,5.27,,11.2,11.8,12.4,13.2,13.6,13.4,,,,,,,,,12.2,2026-04-01T13:02:00,,,,5.4,2026-04-01T02:15:00,,,,,,,0.98,2026-04-01T14:00:00,,,,,3.5,2026-04-01T10:00:00,,,,,,,,-99.5,7.0,2026-04-01T09:26:00,98.0,2026-04-01T10:25:00,,,,,,-9999.5,,,,,-9999.5,,,,,,,,,,,,,,,,-999.5,,,,,,-99.5,-99.95,,,,,,0,,0,,0,,0,,1,,1,,0,,0,,1,,3,,0,,1,,0,,1,,0,,0,,0,,0,,0,,0,,4,,2,,6,,0,,2,,0,,0,,1,,0,,0,,0,,0,,0,,0,,0,,1,,0,,0,,,210.0,,,9.5,2026-04-01T00:01:00,,,0,,0.0,,0.0,,0.0,,1.5,,1.7,,0.0,,0.0,,0.9,,3.0,,0.0,,0.9,,0.0,,0.8,,0.0,,0.0,,0.0,,0.0,,0.0,,0.0,,9.0,,7.1,,24.0,,0.0,,4.5,,0.0,,0.0,,0.8,,0.0,,0.0,,0.0,,0.0,,0.0,,0.0,,0.0,,0.8,,0.0,,0,
2026-04-02,800.4,-9999.5,802.2,2026-04-02T09:33:00,798.9,2026-04-02T15:40:00,13.9,18.3,2026-04-02T13:17:00,10.4,2026-04-02T01:33:00,5.4,62,20.0,2026-04-02T06:10:00,2.9,220,10.9,220.0,2026-04-02T13:02:00,0.0,0.0,,0.0,2026-04-02T01:00:00,-99.5,26.32,,12.8,12.5,12.7,13.0,13.4,13.4,,,,,,,,,12.6,2026-04-02T17:35:00,,,,-10.0,2026-04-02T06:10:00,,,,,,,3.77,2026-04-02T13:00:00,,,,,0.0,2026-04-02T01:00:00,,,,,,,,-99.5,0.0,,100.0,2026-04-02T19:39:00,,,,,,-9999.5,,,,,-9999.5,,,,,,,,,,,,,,,,-999.5,,,,,,-99.5,-99.95,,,,,,0,,0,,1,,1,,2,,2,,1,,0,,0,,0,,0,,0,,0,,0,,0,,0,,0,,0,,1,,1,,2,,5,,5,,2,,0,,0,,1,,0,,0,,0,,0,,0,,0,,0,,0,,0,,0,,0,,,210.0,,,7.4,2026-04-02T12:27:00,,,0,,0.0,,1.0,,1.0,,3.7,,5.0,,1.3,,0.0,,0.0,,0.0,,0.0,,0.0,,0.0,,0.0,,0.0,,0.0,,0.0,,0.0,,0.6,,1.7,,6.1,,19.0,,23.4,,6.3,,0.0,,0.0,,0.8,,0.0,,0.0,,0.0,,0.0,,0.0,,0.0,,0.0,,0.0,,0.0,,0.0,,0,
2026-04-03,797.6,-9999.5,799.5,2026-04-03T00:01:00,795.5,2026-04-03T15:35:00,13.0,17.9,2026-04-03T13:01:00,11.7,2026-04-03T23:57:00,12.4,96,77.0,2026-04-03T13:59:00,3.7,220,13.0,220.0,2026-04-03T23:53:00,5.0,1.0,2026-04-03T03:11:00,2.0,2026-04-03T04:00:00,-99.5,7.36,,13.5,13.6,13.7,13.8,13.4,13.4,,,,,,,,,15.5,2026-04-03T12:57:00,,,,10.1,2026-04-03T23:02:00,,,,,,,2.28,2026-04-03T14:00:00,,,,,2.0,2026-04-03T04:00:00,,,,,,,,-99.5,2.5,2026-04-03T03:11:00,100.0,2026-04-03T00:01:00,,,,,,-9999.5,,,,,-9999.5,,,,,,,,,,,,,,,,-999.5,,,,,,-99.5,-99.95,,,,,,0,,0,,0,,0,,0,,0,,2,,0,,0,,0,,0,,0,,0,,0,,0,,0,,0,,0,,0,,1,,1,,4,,9,,6,,0,,0,,1,,0,,0,,0,,0,,0,,0,,0,,0,,0,,0,,0,,,220.0,,,8.0,2026-04-03T18:12:00,,,0,,0.0,,0.0,,0.0,,0.0,,0.0,,3.1,,0.0,,0.0,,0.0,,0.0,,0.0,,0.0,,0.0,,0.0,,0.0,,0.0,,0.0,,0.0,,5.8,,4.0,,13.1,,44.9,,16.7,,0.0,,0.0,,0.6,,0.0,,0.0,,0.0,,0.0,,0.0,,0.0,,0.0,,0.0,,0.0,,0.0,,0,
2026-04-04,795.8,-9999.5,797.7,2026-04-04T21:30:00,794.4,2026-04-04T04:07:00,10.9,12.4,2026-04-04T17:26:00,9.8,2026-04-04T21:28:00,10.6,98,90.0,2026-04-04T01:13:00,4.5,220,17.8,210.0,2026-04-04T01:07:00,61.0,6.0,2026-04-04T10:00:00,16.5,2026-04-04T11:00:00,-99.5,1.18,,10.9,11.4,11.9,12.8,13.3,13.3,,,,,,,,,11.9,2026-04-04T16:25:00,,,,9.4,2026-04-04T03:28:00,,,,,,,0.27,2026-04-04T15:00:00,,,,,16.5,2026-04-04T11:00:00,,,,,,,,-99.5,17.0,2026-04-04T10:01:00,100.0,2026-04-04T00:57:00,,,,,,-9999.5,,,,,-9999.5,,,,,,,,,,,,,,,,-999.5,,,,,,-99.5,-99.95,,,,,,0,,0,,0,,0,,0,,1,,1,,0,,0,,0,,0,,0,,1,,0,,0,,0,,0,,0,,0,,3,,2,,4,,10,,1,,1,,0,,0,,0,,0,,0,,0,,0,,0,,0,,0,,0,,0,,0,,,210.0,,,11.1,2026-04-04T04:56:00,,,0,,0.0,,0.0,,0.0,,0.0,,1.8,,4.5,,0.0,,0.0,,0.0,,0.0,,0.0,,1.5,,0.0,,0.0,,0.0,,0.0,,0.0,,0.0,,10.0,,9.1,,12.1,,64.0,,2.6,,1.2,,0.0,,0.0,,0.0,,0.0,,0.0,,0.0,,0.0,,0.0,,0.0,,0.0,,0.0,,0.0,,0,
2026-04-05,797.9,-9999.5,799.4,2026-04-05T21:51:00,796.7,2026-04-05T14:43:00,13.2,18.2,2026-04-05T14:44:00,10.0,2026-04-05T00:01:00,12.1,94,68.0,2026-04-05T14:15:00,2.3,220,9.0,220.0,2026-04-05T16:39:00,1.0,0.5,2026-04-05T01:06:00,0.5,2026-04-05T02:00:00,-99.5,17.5,,14.3,13.8,13.4,13.2,13.1,13.4,,,,,,,,,14.9,2026-04-05T15:55:00,,,,9.8,2026-04-05T00:06:00,,,,,,,3.49,2026-04-05T14:00:00,,,,,0.5,2026-04-05T02:00:00,,,,,,,,-99.5,0.5,2026-04-05T00:16:00,100.0,2026-04-05T00:01:00,,,,,,-9999.5,,,,,-9999.5,,,,,,,,,,,,,,,,-999.5,,,,,,-99.5,-99.95,,,,,,0,,0,,0,,0,,1,,2,,1,,1,,0,,0,,0,,0,,0,,0,,0,,0,,0,,0,,0,,2,,2,,3,,6,,4,,1,,1,,0,,0,,0,,0,,0,,0,,0,,0,,0,,0,,0,,0,,,220.0,,,6.5,2026-04-05T16:45:00,,,0,,0.0,,0.0,,0.0,,0.4,,4.2,,1.5,,1.3,,0.0,,0.0,,0.0,,0.0,,0.0,,0.0,,0.0,,0.0,,0.0,,0.0,,0.0,,2.8,,4.8,,9.3,,17.8,,11.0,,0.6,,0.4,,0.0,,0.0,,0.0,,0.0,,0.0,,0.0,,0.0,,0.0,,0.0,,0.0,,0.0,,0,
2026-04-06,798.3,-9999.5,799.6,2026-04-06T21:54:00,796.6,2026-04-06T03:16:00,13.1,15.4,2026-04-06T02:59:00,11.6,2026-04-06T20:06:00,11.0,88,69.0,2026-04-06T21:46:00,3.7,200,16.6,220.0,2026-04-06T11:05:00,39.5,4.5,2026-04-06T10:08:00,10.5,2026-04-06T11:00:00,-99.5,0.85,,12.3,12.8,13.2,13.6,13.4,13.3,,,,,,,,,13.0,2026-04-06T08:50:00,,,,7.2,2026-04-06T21:46:00,,,,,,,0.18,2026-04-06T17:00:00,,,,,10.5,2026-04-06T11:00:00,,,,,,,,-99.5,13.0,2026-04-06T10:12:00,100.0,2026-04-06T05:44:00,,,,,,-9999.5,,,,,-9999.5,,,,,,,,,,,,,,,,-999.5,,,,,,-99.5,-99.95,,,,,,0,,0,,0,,0,,2,,0,,2,,3,,0,,0,,0,,0,,0,,0,,0,,0,,0,,0,,0,,1,,3,,3,,2,,2,,0,,0,,1,,2,,1,,0,,0,,0,,0,,0,,0,,0,,0,,0,,,220.0,,,11.6,2026-04-06T11:11:00,,,0,,0.0,,0.0,,0.0,,4.3,,0.0,,4.0,,6.0,,0.0,,0.0,,0.0,,0.0,,0.0,,0.0,,0.0,,0.0,,0.0,,0.0,,0.0,,3.1,,18.8,,18.5,,12.2,,9.6,,0.0,,0.0,,0.9,,2.5,,1.1,,0.0,,0.0,,0.0,,0.0,,0.0,,0.0,,0.0,,0.0,,0,
2026-04-07,799.2,-9999.5,800.6,2026-04-07T22:46:00,797.8,2026-04-07T15:11:00,13.0,14.3,2026-04-07T20:41:00,11.5,2026-04-07T12:01:00,11.4,91,66.0,2026-04-07T09:42:00,2.9,220,11.6,220.0,2026-04-07T21:30:00,33.0,2.5,2026-04-07T17:02:00,9.0,2026-04-07T18:00:00,-99.5,3.01,,12.6,12.7,12.9,13.2,13.3,13.3,,,,,,,,,14.2,2026-04-07T20:41:00,,,,7.6,2026-04-07T09:42:00,,,,,,,0.86,2026-04-07T01:00:00,,,,,9.0,2026-04-07T18:00:00,,,,,,,,-99.5,12.0,2026-04-07T16:35:00,100.0,2026-04-07T15:42:00,,,,,,-9999.5,,,,,-9999.5,,,,,,,,,,,,,,,,-999.5,,,,,,-99.5,-99.95,,,,,,0,,0,,2,,0,,1,,3,,1,,0,,0,,0,,0,,0,,0,,0,,1,,0,,0,,0,,0,,1,,2,,4,,5,,0,,1,,1,,0,,0,,0,,0,,0,,0,,0,,0,,0,,0,,2,,0,,,210.0,,,7.8,2026-04-07T21:34:00,,,0,,0.0,,3.0,,0.0,,2.2,,7.2,,3.4,,0.0,,0.0,,0.0,,0.0,,0.0,,0.0,,0.0,,1.0,,0.0,,0.0,,0.0,,0.0,,2.5,,6.9,,18.9,,17.6,,0.0,,3.0,,1.2,,0.0,,0.0,,0.0,,0.0,,0.0,,0.0,,0.0,,0.0,,0.0,,0.0,,2.4,,0,
2026-04-08,801.0,-9999.5,802.1,2026-04-08T10:45:00,799.7,2026-04-08T02:29:00,14.4,15.1,2026-04-08T15:58:00,14.0,2026-04-08T02:02:00,14.3,100,96.0,2026-04-08T23:20:00,3.4,220,12.0,210.0,2026-04-08T08:39:00,41.0,12.0,2026-04-08T10:40:00,22.5,2026-04-08T11:00:00,-99.5,5.53,,14.4,14.3,14.1,13.9,13.3,13.3,,,,,,,,,15.0,2026-04-08T14:14:00,,,,13.9,2026-04-08T02:02:00,,,,,,,2.14,2026-04-08T01:00:00,,,,,22.5,2026-04-08T11:00:00,,,,,,,,-99.5,22.5,2026-04-08T09:52:00,100.0,2026-04-08T00:01:00,,,,,,-9999.5,,,,,-9999.5,,,,,,,,,,,,,,,,-999.5,,,,,,-99.5,-99.95,,,,,,0,,0,,0,,1,,1,,1,,1,,0,,0,,0,,0,,0,,0,,0,,0,,0,,0,,0,,2,,0,,0,,8,,8,,1,,0,,1,,0,,0,,0,,0,,0,,0,,0,,0,,0,,0,,0,,0,,,220.0,,,8.8,2026-04-08T12:14:00,,,0,,0.0,,0.0,,1.2,,1.5,,0.6,,1.8,,0.0,,0.0,,0.0,,0.0,,0.0,,0.0,,0.0,,0.0,,0.0,,0.0,,0.0,,4.2,,0.0,,0.0,,32.6,,36.4,,1.0,,0.0,,1.1,,0.0,,0.0,,0.0,,0.0,,0.0,,0.0,,0.0,,0.0,,0.0,,0.0,,0.0,,0,
2026-04-09,800.8,-9999.5,802.0,2026-04-09T08:33:00,799.6,2026-04-09T18:00:00,17.4,20.8,2026-04-09T13:34:00,13.6,2026-04-09T01:37:00,11.2,70,38.0,2026-04-09T22:44:00,2.1,220,9.1,200.0,2026-04-09T15:20:00,0.0,0.0,,0.0,2026-04-09T01:00:00,-99.5,28.5,,16.1,15.6,15.3,14.8,13.6,13.4,,,,,,,,,16.0,2026-04-09T14:17:00,,,,3.3,2026-04-09T23:58:00,,,,,,,3.49,2026-04-09T12:00:00,,,,,0.0,2026-04-09T01:00:00,,,,,,,,-99.5,0.0,,100.0,2026-04-09T00:13:00,,,,,,-9999.5,,,,,-9999.5,,,,,,,,,,,,,,,,-999.5,,,,,,-99.5,-99.95,,,,,,0,,0,,0,,0,,2,,3,,0,,2,,0,,0,,1,,0,,1,,0,,0,,0,,0,,0,,0,,0,,2,,4,,4,,1,,2,,0,,1,,0,,0,,1,,0,,0,,0,,0,,0,,0,,0,,0,,,210.0,,,6.5,2026-04-09T14:44:00,,,0,,0.0,,0.0,,0.0,,2.6,,4.2,,0.0,,1.9,,0.0,,0.0,,1.0,,0.0,,0.8,,0.0,,0.0,,0.0,,0.0,,0.0,,0.0,,0.0,,3.7,,11.2,,15.6,,5.0,,3.1,,0.0,,0.5,,0.0,,0.0,,1.7,,0.0,,0.0,,0.0,,0.0,,0.0,,0.0,,0.0,,0,
2026-04-10,800.4,-9999.5,801.9,2026-04-10T08:53:00,799.3,2026-04-10T15:39:00,17.3,20.9,2026-04-10T13:56:00,14.0,2026-04-10T19:14:00,6.9,53,28.0,2026-04-10T06:11:00,3.3,220,13.4,190.0,2026-04-10T13:16:00,0.0,0.0,,0.0,2026-04-10T01:00:00,-99.5,27.13,,15.6,15.0,15.0,15.0,13.9,13.4,,,,,,,,,12.3,2026-04-10T17:56:00,,,,-2.3,2026-04-10T06:11:00,,,,,,,3.81,2026-04-10T13:00:00,,,,,0.0,2026-04-10T01:00:00,,,,,,,,-99.5,0.0,,88.0,2026-04-10T19:15:00,,,,,,-9999.5,,,,,-9999.5,,,,,,,,,,,,,,,,-999.5,,,,,,-99.5,-99.95,,,,,,0,,0,,1,,0,,4,,3,,3,,0,,0,,0,,0,,0,,0,,0,,0,,0,,0,,0,,0,,0,,0,,5,,6,,0,,0,,0,,1,,0,,0,,0,,0,,0,,0,,1,,0,,0,,0,,0,,,220.0,,,9.3,2026-04-10T12:38:00,,,0,,0.0,,1.8,,0.0,,8.6,,5.2,,5.7,,0.0,,0.0,,0.0,,0.0,,0.0,,0.0,,0.0,,0.0,,0.0,,0.0,,0.0,,0.0,,0.0,,0.0,,24.9,,30.0,,0.0,,0.0,,0.0,,1.8,,0.0,,0.0,,0.0,,0.0,,0.0,,0.0,,1.8,,0.0,,0.0,,0.0,,0,
2026-04-11,799.9,-9999.5,801.0,2026-04-11T09:15:00,798.8,2026-04-11T16:12:00,17.2,21.0,2026-04-11T11:55:00,14.2,2026-04-11T19:02:00,9.4,61,43.0,2026-04-11T23:59:00,2.6,210,11.4,220.0,2026-04-11T13:49:00,0.0,0.0,,0.0,2026-04-11T01:00:00,-99.5,23.95,,16.9,16.0,15.8,15.5,14.2,13.5,,,,,,,,,14.2,2026-04-11T17:48:00,,,,3.5,2026-04-11T23:59:00,,,,,,,3.42,2026-04-11T14:00:00,,,,,0.0,2026-04-11T01:00:00,,,,,,,,-99.5,0.0,,95.0,2026-04-11T18:57:00,,,,,,-9999.5,,,,,-9999.5,,,,,,,,,,,,,,,,-999.5,,,,,,-99.5,-99.95,,,,,,0,,1,,0,,0,,5,,3,,0,,0,,0,,0,,0,,0,,0,,0,,1,,0,,0,,0,,0,,1,,2,,5,,3,,1,,0,,1,,0,,0,,0,,0,,0,,0,,0,,1,,0,,0,,0,,0,,,200.0,,,8.0,2026-04-11T14:26:00,,,0,,0.3,,0.0,,0.0,,12.5,,4.5,,0.0,,0.0,,0.0,,0.0,,0.0,,0.0,,0.0,,0.0,,0.3,,0.0,,0.0,,0.0,,0.0,,0.8,,9.0,,25.8,,4.9,,3.1,,0.0,,1.3,,0.0,,0.0,,0.0,,0.0,,0.0,,0.0,,0.0,,1.0,,0.0,,0.0,,0.0,,0,
2026-04-12,799.8,-9999.5,801.0,2026-04-12T08:37:00,798.9,2026-04-12T03:39:00,16.7,21.4,2026-04-12T07:59:00,12.4,2026-04-12T23:53:00,3.7,56,-9995.0,,3.1,220,11.8,210.0,2026-04-12T15:54:00,0.0,0.0,,0.0,2026-04-12T01:00:00,-99.5,22.32,,15.8,15.4,15.6,15.6,14.5,13.6,,,,,,,,,14.0,2026-04-12T17:54:00,,,,-7.1,2026-04-12T09:35:00,,,,,,,3.93,2026-04-12T12:00:00,,,,,0.0,2026-04-12T01:00:00,,,,,,,,-99.5,0.0,,100.0,2026-04-12T19:29:00,,,,,,-9999.5,,,,,-9999.5,,,,,,,,,,,,,,,,-999.5,,,,,,-99.5,-99.95,,,,,,0,,1,,0,,0,,4,,5,,1,,1,,0,,0,,0,,0,,0,,0,,0,,0,,0,,0,,0,,0,,0,,1,,8,,1,,0,,0,,0,,0,,0,,0,,0,,0,,0,,0,,0,,0,,0,,0,,,220.0,,,7.8,2026-04-12T16:03:00,,,0,,0.9,,0.0,,0.0,,11.1,,9.4,,1.8,,1.1,,0.0,,0.0,,0.0,,0.0,,0.0,,0.0,,0.0,,0.0,,0.0,,0.0,,0.0,,0.0,,0.0,,3.2,,39.6,,1.6,,0.0,,0.0,,0.0,,0.0,,0.0,,0.0,,0.0,,0.0,,0.0,,0.0,,0.0,,0.0,,0.0,,0,
2026-04-13,800.6,-9999.5,801.9,2026-04-13T09:33:00,799.3,2026-04-13T02:23:00,16.8,21.2,2026-04-13T12:39:00,12.0,2026-04-13T04:28:00,5.5,52,22.0,2026-04-13T10:25:00,2.6,220,10.6,220.0,2026-04-13T15:37:00,0.0,0.0,,0.0,2026-04-13T01:00:00,-99.5,29.73,,16.4,15.5,15.6,15.7,14.7,13.8,,,,,,,,,14.6,2026-04-13T17:47:00,,,,-2.2,2026-04-13T10:25:00,,,,,,,3.95,2026-04-13T12:00:00,,,,,0.0,2026-04-13T01:00:00,,,,,,,,-99.5,0.0,,100.0,2026-04-13T20:25:00,,,,,,-9999.5,,,,,-9999.5,,,,,,,,,,,,,,,,-999.5,,,,,,-99.5,-99.95,,,,,,0,,0,,0,,0,,0,,2,,1,,0,,0,,0,,1,,0,,1,,0,,0,,0,,0,,0,,1,,0,,0,,3,,8,,2,,4,,0,,0,,0,,0,,0,,0,,0,,0,,0,,0,,0,,0,,0,,,220.0,,,6.8,2026-04-13T15:42:00,,,0,,0.0,,0.0,,0.0,,0.0,,2.7,,1.3,,0.0,,0.0,,0.0,,0.8,,0.0,,0.3,,0.0,,0.0,,0.0,,0.0,,0.0,,0.3,,0.0,,0.0,,12.0,,27.8,,11.5,,4.5,,0.0,,0.0,,0.0,,0.0,,0.0,,0.0,,0.0,,0.0,,0.0,,0.0,,0.0,,0.0,,0,
2026-04-14,800.1,-9999.5,801.5,2026-04-14T08:46:00,798.7,2026-04-14T15:30:00,17.3,21.5,2026-04-14T12:54:00,13.6,2026-04-14T19:54:00,2.0,62,-9995.0,,2.2,220,9.6,220.0,2026-04-14T14:21:00,0.0,0.0,,0.0,2026-04-14T01:00:00,-99.5,27.18,,16.7,15.8,16.0,16.0,15.0,13.9,,,,,,,,,14.2,2026-04-14T16:34:00,,,,-13.0,2026-04-14T09:20:00,,,,,,,3.69,2026-04-14T12:00:00,,,,,0.0,2026-04-14T01:00:00,,,,,,,,-99.5,0.0,,100.0,2026-04-14T20:03:00,,,,,,-9999.5,,,,,-9999.5,,,,,,,,,,,,,,,,-999.5,,,,,,-99.5,-99.95,,,,,,0,,0,,0,,1,,4,,2,,0,,1,,0,,0,,0,,0,,0,,0,,0,,0,,0,,0,,0,,1,,2,,1,,8,,2,,0,,0,,0,,0,,0,,0,,0,,0,,0,,0,,0,,0,,0,,0,,,220.0,,,6.8,2026-04-14T14:30:00,,,0,,0.0,,0.0,,0.6,,5.6,,2.2,,0.0,,0.9,,0.0,,0.0,,0.0,,0.0,,0.0,,0.0,,0.0,,0.0,,0.0,,0.0,,0.0,,1.3,,1.2,,2.1,,38.9,,0.7,,0.0,,0.0,,0.0,,0.0,,0.0,,0.0,,0.0,,0.0,,0.0,,0.0,,0.0,,0.0,,0.0,,0,
2026-04-15,799.4,-9999.5,800.7,2026-04-15T21:57:00,797.8,2026-04-15T15:53:00,16.7,21.5,2026-04-15T12:49:00,13.7,2026-04-15T23:24:00,10.5,70,31.0,2026-04-15T00:03:00,2.4,220,10.6,210.0,2026-04-15T13:09:00,0.0,0.0,,0.0,2026-04-15T01:00:00,-99.5,21.99,,17.3,16.6,16.7,16.6,15.3,14.1,,,,,,,,,15.3,2026-04-15T15:34:00,,,,-0.8,2026-04-15T00:03:00,,,,,,,3.3,2026-04-15T12:00:00,,,,,0.0,2026-04-15T01:00:00,,,,,,,,-99.5,0.0,,100.0,2026-04-15T21:33:00,,,,,,-9999.5,,,,,-9999.5,,,,,,,,,,,,,,,,-999.5,,,,,,-99.5,-99.95,,,,,,0,,0,,0,,0,,1,,1,,1,,0,,0,,0,,0,,0,,1,,0,,0,,0,,0,,0,,0,,2,,1,,5,,10,,0,,0,,0,,0,,0,,0,,0,,0,,0,,0,,0,,0,,0,,0,,0,,,220.0,,,7.3,2026-04-15T13:47:00,,,0,,0.0,,0.0,,0.0,,1.0,,1.5,,0.5,,0.0,,0.0,,0.0,,0.0,,0.0,,0.6,,0.0,,0.0,,0.0,,0.0,,0.0,,0.0,,1.1,,1.2,,12.9,,38.0,,0.0,,0.0,,0.0,,0.0,,0.0,,0.0,,0.0,,0.0,,0.0,,0.0,,0.0,,0.0,,0.0,,0.0,,0,
2026-04-16,799.7,-9999.5,800.9,2026-04-16T22:02:00,798.9,2026-04-16T14:51:00,15.9,20.7,2026-04-16T11:32:00,13.0,2026-04-16T01:11:00,13.2,86,59.0,2026-04-16T09:32:00,2.1,210,9.5,230.0,2026-04-16T12:23:00,0.0,0.0,,0.0,2026-04-16T01:00:00,-99.5,18.36,,17.2,17.0,17.0,16.9,15.6,14.3,,,,,,,,,16.6,2026-04-16T16:04:00,,,,10.7,2026-04-16T23:59:00,,,,,,,3.26,2026-04-16T13:00:00,,,,,0.0,2026-04-16T01:00:00,,,,,,,,-99.5,0.0,,100.0,2026-04-16T00:01:00,,,,,,-9999.5,,,,,-9999.5,,,,,,,,,,,,,,,,-999.5,,,,,,-99.5,-99.95,,,,,,0,,0,,1,,1,,2,,3,,0,,1,,1,,0,,0,,0,,0,,0,,0,,0,,0,,1,,1,,0,,2,,6,,3,,0,,0,,0,,1,,0,,0,,0,,0,,0,,0,,0,,0,,0,,0,,0,,,210.0,,,7.0,2026-04-16T12:20:00,,,0,,0.0,,0.4,,1.3,,4.4,,3.0,,0.0,,0.6,,1.0,,0.0,,0.0,,0.0,,0.0,,0.0,,0.0,,0.0,,0.0,,0.8,,0.5,,0.0,,0.9,,20.4,,15.6,,0.0,,0.0,,0.0,,0.8,,0.0,,0.0,,0.0,,0.0,,0.0,,0.0,,0.0,,0.0,,0.0,,0.0,,0,
2026-04-17,799.4,-9999.5,800.4,2026-04-17T09:27:00,798.0,2026-04-17T15:15:00,16.5,22.0,2026-04-17T09:50:00,12.3,2026-04-17T21:59:00,8.1,62,25.0,2026-04-17T09:40:00,2.4,220,13.5,200.0,2026-04-17T15:14:00,0.0,0.0,,0.0,2026-04-17T01:00:00,-99.5,24.73,,17.1,16.5,16.7,16.8,15.8,14.4,,,,,,,,,13.5,2026-04-17T15:02:00,,,,-2.3,2026-04-17T06:33:00,,,,,,,3.52,2026-04-17T12:00:00,,,,,0.0,2026-04-17T01:00:00,,,,,,,,-99.5,0.0,,100.0,2026-04-17T22:04:00,,,,,,-9999.5,,,,,-9999.5,,,,,,,,,,,,,,,,-999.5,,,,,,-99.5,-99.95,,,,,,0,,0,,1,,2,,2,,1,,1,,2,,0,,0,,0,,0,,1,,0,,0,,0,,0,,1,,0,,0,,0,,5,,5,,2,,0,,1,,0,,0,,0,,0,,0,,0,,0,,0,,0,,0,,0,,0,,,210.0,,,10.6,2026-04-17T15:20:00,,,0,,0.0,,0.6,,2.5,,2.5,,0.6,,0.9,,2.1,,0.0,,0.0,,0.0,,0.0,,0.4,,0.0,,0.0,,0.0,,0.0,,0.6,,0.0,,0.0,,0.0,,18.1,,19.9,,8.5,,0.0,,1.2,,0.0,,0.0,,0.0,,0.0,,0.0,,0.0,,0.0,,0.0,,0.0,,0.0,,0.0,,0,
2026-04-18,799.5,-9999.5,,,,,13.4,,,,,11.4,88,,,2.2,210,,,,0.0,,,0.0,2026-04-18T01:00:00,-99.5,-99.95,,13.1,15.3,16.5,17.1,15.9,14.5,,,,,,,,,,,,,,,,,,,,,,-9.95,2026-04-18T01:00:00,,,,,0.0,2026-04-18T01:00:00,,,,,,,,-99.5,,,,,,,,,,-9999.5,,,,,-9999.5,,,,,,,,,,,,,,,,,,,,,,-99.5,,,,,,,0,,0,,0,,0,,0,,0,,0,,0,,0,,0,,0,,0,,0,,0,,0,,0,,0,,0,,0,,0,,0,,1,,0,,0,,0,,0,,0,,0,,0,,0,,0,,0,,0,,0,,0,,0,,0,,0,,,,,,,,,,0,,0.0,,0.0,,0.0,,0.0,,0.0,,0.0,,0.0,,0.0,,0.0,,0.0,,0.0,,0.0,,0.0,,0.0,,0.0,,0.0,,0.0,,0.0,,0.0,,0.0,,2.2,,0.0,,0.0,,0.0,,0.0,,0.0,,0.0,,0.0,,0.0,,0.0,,0.0,,0.0,,0.0,,0.0,,0.0,,0.0,,0,
