timestamp,AirTemperature.DailyRangef,AirTemperature.MaximumTimef,AirTemperature.Maximumf,AirTemperature.Meanf,AirTemperature.MinimumTimef,AirTemperature.Minimumf,CloudAmount,CloudAmountSat,DewPointTemperature.Maximum,DewPointTemperature.MaximumTime,DewPointTemperature.MaximumTimef,DewPointTemperature.Maximumf,DewPointTemperature.Meanf,DewPointTemperature.Minimum,DewPointTemperature.MinimumTime,DewPointTemperature.MinimumTimef,DewPointTemperature.Minimumf,EvapA,EvaporationClassAPan.Accumulationf,GlobalSolarRadiation.Accumulationf,GlobalSolarRadiation.HourlyMaximumTimef,GlobalSolarRadiation.HourlyMaximumf,GloblRad,GloblRadMax,GloblRadMaxTime,PeakGust.Directionf,PeakGust.MaximumTimef,PeakGust.Maximumf,Precipitation.Accumulationf,Precipitation.HourlyMaximum,Precipitation.HourlyMaximumTime,Precipitation.HourlyMaximumTimef,Precipitation.HourlyMaximumf,Precipitation.SixtyMinutelyMaximumTimef,Precipitation.SixtyMinutelyMaximumf,Precipitation.TenMinutelyMaximumTimef,Precipitation.TenMinutelyMaximumf,PrecipitationDuration.Totalf,Precp,PrecpHour,PrecpMax10,PrecpMax10Time,PrecpMax60,PrecpMax60Time,RH,RHMin,RHMinTime,RelativeHumidity.Maximum,RelativeHumidity.MaximumTime,RelativeHumidity.MaximumTimef,RelativeHumidity.Maximumf,RelativeHumidity.Meanf,RelativeHumidity.MinimumTimef,RelativeHumidity.Minimumf,SeaLevelPressure.Maximum,SeaLevelPressure.MaximumTime,SeaLevelPressure.MaximumTimef,SeaLevelPressure.Maximumf,SeaLevelPressure.Meanf,SeaLevelPressure.Minimum,SeaLevelPressure.MinimumTime,SeaLevelPressure.MinimumTimef,SeaLevelPressure.Minimumf,SeaPres,SoilTemperatureAt0cm.Meanf,SoilTemperatureAt100cm.Meanf,SoilTemperatureAt10cm.Meanf,SoilTemperatureAt20cm.Meanf,SoilTemperatureAt30cm.Meanf,SoilTemperatureAt50cm.Meanf,SoilTemperatureAt5cm.Meanf,StationPressure.MaximumTimef,StationPressure.Maximumf,StationPressure.Meanf,StationPressure.MinimumTimef,StationPressure.Minimumf,StnPres,StnPresMax,StnPresMaxTime,StnPresMin,StnPresMinTime,SunShine,SunShineRate,SunshineDuration.Ratef,SunshineDuration.Totalf,Td,TotalCloudAmount.Meanf,TotalCloudAmount.SatRetrievedMeanf,Tx,TxMaxAbs,TxMaxAbsTime,TxMinAbs,TxMinAbsTime,TxRange,TxSoil0cm,TxSoil100cm,TxSoil10cm,TxSoil20cm,TxSoil30cm,TxSoil50cm,TxSoil5cm,UVIMax,UVIMaxTime,UVIndex.MaximumTimef,UVIndex.Maximumf,VisbMean,Visibility.Meanf,WD,WDGust,WGustTime,WS,WSGust,WindDirection.CountForCode00,WindDirection.CountForCode00f,WindDirection.CountForCode01,WindDirection.CountForCode01f,WindDirection.CountForCode02,WindDirection.CountForCode02f,WindDirection.CountForCode03,WindDirection.CountForCode03f,WindDirection.CountForCode04,WindDirection.CountForCode04f,WindDirection.CountForCode05,WindDirection.CountForCode05f,WindDirection.CountForCode06,WindDirection.CountForCode06f,WindDirection.CountForCode07,WindDirection.CountForCode07f,WindDirection.CountForCode08,WindDirection.CountForCode08f,WindDirection.CountForCode09,WindDirection.CountForCode09f,WindDirection.CountForCode10,WindDirection.CountForCode10f,WindDirection.CountForCode11,WindDirection.CountForCode11f,WindDirection.CountForCode12,WindDirection.CountForCode12f,WindDirection.CountForCode13,WindDirection.CountForCode13f,WindDirection.CountForCode14,WindDirection.CountForCode14f,WindDirection.CountForCode15,WindDirection.CountForCode15f,WindDirection.CountForCode16,WindDirection.CountForCode16f,WindDirection.CountForCode17,WindDirection.CountForCode17f,WindDirection.CountForCode18,WindDirection.CountForCode18f,WindDirection.CountForCode19,WindDirection.CountForCode19f,WindDirection.CountForCode20,WindDirection.CountForCode20f,WindDirection.CountForCode21,WindDirection.CountForCode21f,WindDirection.CountForCode22,WindDirection.CountForCode22f,WindDirection.CountForCode23,WindDirection.CountForCode23f,WindDirection.CountForCode24,WindDirection.CountForCode24f,WindDirection.CountForCode25,WindDirection.CountForCode25f,WindDirection.CountForCode26,WindDirection.CountForCode26f,WindDirection.CountForCode27,WindDirection.CountForCode27f,WindDirection.CountForCode28,WindDirection.CountForCode28f,WindDirection.CountForCode29,WindDirection.CountForCode29f,WindDirection.CountForCode30,WindDirection.CountForCode30f,WindDirection.CountForCode31,WindDirection.CountForCode31f,WindDirection.CountForCode32,WindDirection.CountForCode32f,WindDirection.CountForCode33,WindDirection.CountForCode33f,WindDirection.CountForCode34,WindDirection.CountForCode34f,WindDirection.CountForCode35,WindDirection.CountForCode35f,WindDirection.CountForCode36,WindDirection.CountForCode36f,WindDirection.CountForCode99,WindDirection.CountForCode99f,WindDirection.Prevailingf,WindDirection.TenMinutelyMaximum,WindDirection.TenMinutelyMaximumf,WindSpeed.Meanf,WindSpeed.TenMinutelyMaximum,WindSpeed.TenMinutelyMaximumTime,WindSpeed.TenMinutelyMaximumTimef,WindSpeed.TenMinutelyMaximumf,WindSpeed.TotalForCode00,WindSpeed.TotalForCode00f,WindSpeed.TotalForCode01,WindSpeed.TotalForCode01f,WindSpeed.TotalForCode02,WindSpeed.TotalForCode02f,WindSpeed.TotalForCode03,WindSpeed.TotalForCode03f,WindSpeed.TotalForCode04,WindSpeed.TotalForCode04f,WindSpeed.TotalForCode05,WindSpeed.TotalForCode05f,WindSpeed.TotalForCode06,WindSpeed.TotalForCode06f,WindSpeed.TotalForCode07,WindSpeed.TotalForCode07f,WindSpeed.TotalForCode08,WindSpeed.TotalForCode08f,WindSpeed.TotalForCode09,WindSpeed.TotalForCode09f,WindSpeed.TotalForCode10,WindSpeed.TotalForCode10f,WindSpeed.TotalForCode11,WindSpeed.TotalForCode11f,WindSpeed.TotalForCode12,WindSpeed.TotalForCode12f,WindSpeed.TotalForCode13,WindSpeed.TotalForCode13f,WindSpeed.TotalForCode14,WindSpeed.TotalForCode14f,WindSpeed.TotalForCode15,WindSpeed.TotalForCode15f,WindSpeed.TotalForCode16,WindSpeed.TotalForCode16f,WindSpeed.TotalForCode17,WindSpeed.TotalForCode17f,WindSpeed.TotalForCode18,WindSpeed.TotalForCode18f,WindSpeed.TotalForCode19,WindSpeed.TotalForCode19f,WindSpeed.TotalForCode20,WindSpeed.TotalForCode20f,WindSpeed.TotalForCode21,WindSpeed.TotalForCode21f,WindSpeed.TotalForCode22,WindSpeed.TotalForCode22f,WindSpeed.TotalForCode23,WindSpeed.TotalForCode23f,WindSpeed.TotalForCode24,WindSpeed.TotalForCode24f,WindSpeed.TotalForCode25,WindSpeed.TotalForCode25f,WindSpeed.TotalForCode26,WindSpeed.TotalForCode26f,WindSpeed.TotalForCode27,WindSpeed.TotalForCode27f,WindSpeed.TotalForCode28,WindSpeed.TotalForCode28f,WindSpeed.TotalForCode29,WindSpeed.TotalForCode29f,WindSpeed.TotalForCode30,WindSpeed.TotalForCode30f,WindSpeed.TotalForCode31,WindSpeed.TotalForCode31f,WindSpeed.TotalForCode32,WindSpeed.TotalForCode32f,WindSpeed.TotalForCode33,WindSpeed.TotalForCode33f,WindSpeed.TotalForCode34,WindSpeed.TotalForCode34f,WindSpeed.TotalForCode35,WindSpeed.TotalForCode35f,WindSpeed.TotalForCode36,WindSpeed.TotalForCode36f,WindSpeed.TotalForCode99,WindSpeed.TotalForCode99f
2026-01-22,,,,,,,,7.6,12.1,2026-01-22T15:46:00,,,,9.0,2026-01-22T04:54:00,,,,,,,,16.41,2.65,2026-01-22T12:00:00,,,,,0.0,2026-01-22T01:00:00,,,,,,,,0.0,-99.5,0.0,,0.0,,74,62.0,2026-01-22T12:16:00,82.0,2026-01-22T06:34:00,,,,,,1023.6,2026-01-22T10:00:00,,,,1020.3,2026-01-22T15:00:00,,,1022.2,,,,,,,,,,,,,1021.9,1023.4,2026-01-22T09:54:00,1019.9,2026-01-22T15:13:00,8.5,-999.5,,,10.1,,,14.7,17.2,2026-01-22T14:17:00,12.3,2026-01-22T06:25:00,,-99.5,-99.5,-99.5,-99.5,-99.5,-99.5,-99.5,-99.95,,,,,,20,20.0,2026-01-22T15:51:00,6.3,14.2,0,,1,,12,,8,,0,,0,,0,,0,,0,,0,,0,,0,,0,,0,,0,,0,,0,,0,,0,,0,,0,,0,,0,,0,,0,,0,,0,,0,,0,,0,,0,,0,,0,,0,,0,,0,,3,,0,,,360.0,,,9.7,2026-01-22T15:15:00,,,0,,8.0,,74.4,,47.3,,0.0,,0.0,,0.0,,0.0,,0.0,,0.0,,0.0,,0.0,,0.0,,0.0,,0.0,,0.0,,0.0,,0.0,,0.0,,0.0,,0.0,,0.0,,0.0,,0.0,,0.0,,0.0,,0.0,,0.0,,0.0,,0.0,,0.0,,0.0,,0.0,,0.0,,0.0,,0.0,,20.7,,0.0,
2026-01-23,,,,,,,,5.5,14.8,2026-01-23T22:35:00,,,,10.2,2026-01-23T05:27:00,,,,,,,,18.47,2.86,2026-01-23T13:00:00,,,,,0.0,2026-01-23T01:00:00,,,,,,,,0.0,-99.5,0.0,,0.0,,80,69.0,2026-01-23T10:17:00,89.0,2026-01-23T23:56:00,,,,,,1024.5,2026-01-23T10:00:00,,,,1020.8,2026-01-23T15:00:00,,,1022.9,,,,,,,,,,,,,1022.6,1024.3,2026-01-23T09:51:00,1020.4,2026-01-23T15:17:00,9.3,-999.5,,,12.5,,,15.9,18.0,2026-01-23T14:45:00,13.1,2026-01-23T03:37:00,,-99.5,-99.5,-99.5,-99.5,-99.5,-99.5,-99.5,-99.95,,,,,,360,360.0,2026-01-23T14:55:00,5.6,14.2,0,,2,,4,,7,,2,,0,,0,,0,,0,,0,,0,,0,,0,,0,,0,,0,,0,,0,,0,,0,,0,,0,,0,,0,,0,,0,,0,,0,,0,,0,,0,,0,,0,,0,,0,,1,,8,,0,,,360.0,,,9.9,2026-01-23T16:19:00,,,0,,14.4,,19.3,,33.4,,7.6,,0.0,,0.0,,0.0,,0.0,,0.0,,0.0,,0.0,,0.0,,0.0,,0.0,,0.0,,0.0,,0.0,,0.0,,0.0,,0.0,,0.0,,0.0,,0.0,,0.0,,0.0,,0.0,,0.0,,0.0,,0.0,,0.0,,0.0,,0.0,,0.0,,0.0,,3.3,,57.0,,0.0,
2026-01-24,,,,,,,,6.0,15.9,2026-01-24T14:36:00,,,,13.1,2026-01-24T05:24:00,,,,,,,,17.28,2.86,2026-01-24T13:00:00,,,,,0.5,2026-01-24T19:00:00,,,,,,,,0.5,-99.5,0.5,2026-01-24T18:05:00,0.5,2026-01-24T17:15:00,83,71.0,2026-01-24T10:44:00,91.0,2026-01-24T22:27:00,,,,,,1023.1,2026-01-24T10:00:00,,,,1019.8,2026-01-24T15:00:00,,,1021.4,,,,,,,,,,,,,1021.1,1023.0,2026-01-24T00:01:00,1019.4,2026-01-24T15:13:00,8.9,-999.5,,,14.8,,,17.6,19.6,2026-01-24T10:46:00,15.8,2026-01-24T03:37:00,,-99.5,-99.5,-99.5,-99.5,-99.5,-99.5,-99.5,-99.95,,,,,,10,10.0,2026-01-24T16:47:00,5.6,13.7,0,,9,,5,,5,,0,,0,,0,,0,,0,,0,,0,,0,,0,,0,,0,,0,,0,,0,,0,,0,,0,,0,,0,,0,,0,,0,,0,,0,,0,,0,,0,,0,,0,,0,,0,,2,,3,,0,,,360.0,,,8.7,2026-01-24T16:52:00,,,0,,54.2,,21.4,,23.4,,0.0,,0.0,,0.0,,0.0,,0.0,,0.0,,0.0,,0.0,,0.0,,0.0,,0.0,,0.0,,0.0,,0.0,,0.0,,0.0,,0.0,,0.0,,0.0,,0.0,,0.0,,0.0,,0.0,,0.0,,0.0,,0.0,,0.0,,0.0,,0.0,,0.0,,0.0,,13.7,,21.3,,0.0,
2026-01-25,,,,,,,,8.6,17.4,2026-01-25T16:58:00,,,,14.7,2026-01-25T06:02:00,,,,,,,,13.76,2.42,2026-01-25T13:00:00,,,,,0.0,2026-01-25T01:00:00,,,,,,,,0.0,-99.5,0.0,,0.0,,86,79.0,2026-01-25T14:01:00,90.0,2026-01-25T21:20:00,,,,,,1022.2,2026-01-25T09:00:00,,,,1018.8,2026-01-25T15:00:00,,,1020.7,,,,,,,,,,,,,1020.5,1022.0,2026-01-25T10:16:00,1018.5,2026-01-25T15:06:00,8.9,-999.5,,,16.2,,,18.6,20.5,2026-01-25T14:05:00,17.1,2026-01-25T05:54:00,,-99.5,-99.5,-99.5,-99.5,-99.5,-99.5,-99.5,-99.95,,,,,,360,360.0,2026-01-25T15:05:00,5.5,12.7,0,,3,,2,,7,,2,,0,,0,,0,,0,,0,,0,,0,,0,,0,,0,,0,,0,,0,,0,,0,,0,,0,,0,,0,,0,,0,,0,,0,,0,,0,,0,,0,,0,,0,,0,,0,,10,,0,,,360.0,,,8.3,2026-01-25T15:47:00,,,0,,16.9,,10.6,,33.4,,8.6,,0.0,,0.0,,0.0,,0.0,,0.0,,0.0,,0.0,,0.0,,0.0,,0.0,,0.0,,0.0,,0.0,,0.0,,0.0,,0.0,,0.0,,0.0,,0.0,,0.0,,0.0,,0.0,,0.0,,0.0,,0.0,,0.0,,0.0,,0.0,,0.0,,0.0,,0.0,,62.2,,0.0,
2026-01-26,,,,,,,,,17.8,2026-01-26T20:07:00,,,,15.7,2026-01-26T17:16:00,,,,,,,,9.35,1.7,2026-01-26T14:00:00,,,,,0.0,2026-01-26T01:00:00,,,,,,,,0.0,-99.5,0.0,,0.0,,86,75.0,2026-01-26T17:15:00,90.0,2026-01-26T04:23:00,,,,,,1022.0,2026-01-26T09:00:00,,,,1018.6,2026-01-26T16:00:00,,,1020.0,,,,,,,,,,,,,1019.8,1021.7,2026-01-26T10:33:00,1018.2,2026-01-26T15:47:00,7.9,-999.5,,,16.7,,,19.0,20.4,2026-01-26T17:20:00,17.9,2026-01-26T07:09:00,,-99.5,-99.5,-99.5,-99.5,-99.5,-99.5,-99.5,-99.95,,,,,,20,20.0,2026-01-26T04:27:00,3.8,8.9,0,,4,,8,,4,,2,,0,,0,,0,,0,,1,,0,,1,,0,,0,,0,,0,,0,,0,,0,,0,,0,,0,,0,,0,,0,,0,,0,,0,,0,,0,,0,,0,,0,,0,,0,,0,,4,,0,,,360.0,,,6.4,2026-01-26T14:12:00,,,0,,15.8,,31.3,,16.1,,3.6,,0.0,,0.0,,0.0,,0.0,,0.4,,0.0,,1.0,,0.0,,0.0,,0.0,,0.0,,0.0,,0.0,,0.0,,0.0,,0.0,,0.0,,0.0,,0.0,,0.0,,0.0,,0.0,,0.0,,0.0,,0.0,,0.0,,0.0,,0.0,,0.0,,0.0,,0.0,,22.9,,0.0,
2026-01-27,,,,,,,,,18.3,2026-01-27T12:32:00,,,,14.8,2026-01-27T21:54:00,,,,,,,,14.94,2.54,2026-01-27T12:00:00,,,,,0.0,2026-01-27T01:00:00,,,,,,,,0.0,-99.5,0.0,,0.0,,86,79.0,2026-01-27T12:20:00,94.0,2026-01-27T04:22:00,,,,,,1020.7,2026-01-27T10:00:00,,,,1017.8,2026-01-27T15:00:00,,,1019.2,,,,,,,,,,,,,1019.0,1020.6,2026-01-27T09:40:00,1017.5,2026-01-27T13:58:00,8.8,-999.5,,,16.5,,,18.8,21.1,2026-01-27T12:22:00,17.3,2026-01-27T23:59:00,,-99.5,-99.5,-99.5,-99.5,-99.5,-99.5,-99.5,-99.95,,,,,,20,360.0,2026-01-27T15:58:00,5.7,16.2,0,,3,,7,,5,,2,,1,,0,,0,,0,,0,,0,,0,,0,,0,,0,,0,,0,,0,,0,,0,,0,,0,,0,,0,,0,,0,,0,,0,,0,,0,,0,,0,,0,,0,,0,,0,,6,,0,,,360.0,,,10.9,2026-01-27T15:53:00,,,0,,17.3,,46.2,,16.3,,6.3,,2.8,,0.0,,0.0,,0.0,,0.0,,0.0,,0.0,,0.0,,0.0,,0.0,,0.0,,0.0,,0.0,,0.0,,0.0,,0.0,,0.0,,0.0,,0.0,,0.0,,0.0,,0.0,,0.0,,0.0,,0.0,,0.0,,0.0,,0.0,,0.0,,0.0,,0.0,,47.5,,0.0,
2026-01-28,,,,,,,,,15.3,2026-01-28T15:15:00,,,,12.4,2026-01-28T23:55:00,,,,,,,,18.6,2.9,2026-01-28T13:00:00,,,,,1.5,2026-01-28T12:00:00,,,,,,,,1.5,-99.5,1.5,2026-01-28T11:37:00,1.5,2026-01-28T10:47:00,80,71.0,2026-01-28T10:30:00,86.0,2026-01-28T00:01:00,,,,,,1021.7,2026-01-28T22:00:00,,,,1018.2,2026-01-28T14:00:00,,,1020.2,,,,,,,,,,,,,1019.9,1021.5,2026-01-28T21:51:00,1017.9,2026-01-28T14:00:00,9.3,-999.5,,,13.7,,,17.1,19.2,2026-01-28T14:08:00,15.7,2026-01-28T06:54:00,,-99.5,-99.5,-99.5,-99.5,-99.5,-99.5,-99.5,-99.95,,,,,,20,360.0,2026-01-28T15:30:00,8.0,16.3,0,,2,,14,,4,,0,,0,,0,,0,,0,,0,,0,,0,,0,,0,,0,,0,,0,,0,,0,,0,,0,,0,,0,,0,,0,,0,,0,,0,,0,,0,,0,,0,,0,,0,,0,,0,,4,,0,,,360.0,,,10.9,2026-01-28T15:33:00,,,0,,16.1,,108.6,,27.8,,0.0,,0.0,,0.0,,0.0,,0.0,,0.0,,0.0,,0.0,,0.0,,0.0,,0.0,,0.0,,0.0,,0.0,,0.0,,0.0,,0.0,,0.0,,0.0,,0.0,,0.0,,0.0,,0.0,,0.0,,0.0,,0.0,,0.0,,0.0,,0.0,,0.0,,0.0,,0.0,,38.9,,0.0,
2026-01-29,,,,,,,,,16.5,2026-01-29T23:59:00,,,,12.0,2026-01-29T01:08:00,,,,,,,,16.88,2.96,2026-01-29T13:00:00,,,,,0.0,2026-01-29T01:00:00,,,,,,,,0.0,-99.5,0.0,,0.0,,80,69.0,2026-01-29T10:10:00,87.0,2026-01-29T23:59:00,,,,,,1022.5,2026-01-29T09:00:00,,,,1018.7,2026-01-29T15:00:00,,,1020.6,,,,,,,,,,,,,1020.3,1022.3,2026-01-29T09:15:00,1018.4,2026-01-29T14:36:00,9.0,-999.5,,,14.3,,,17.7,19.7,2026-01-29T12:41:00,15.1,2026-01-29T01:43:00,,-99.5,-99.5,-99.5,-99.5,-99.5,-99.5,-99.5,-99.95,,,,,,360,360.0,2026-01-29T14:10:00,5.5,14.0,0,,4,,7,,6,,0,,0,,0,,0,,0,,0,,0,,0,,0,,0,,0,,0,,0,,0,,0,,0,,0,,0,,0,,0,,0,,0,,0,,0,,0,,0,,0,,0,,0,,0,,0,,0,,7,,0,,,360.0,,,10.0,2026-01-29T14:37:00,,,0,,18.1,,32.1,,29.8,,0.0,,0.0,,0.0,,0.0,,0.0,,0.0,,0.0,,0.0,,0.0,,0.0,,0.0,,0.0,,0.0,,0.0,,0.0,,0.0,,0.0,,0.0,,0.0,,0.0,,0.0,,0.0,,0.0,,0.0,,0.0,,0.0,,0.0,,0.0,,0.0,,0.0,,0.0,,0.0,,52.1,,0.0,
2026-01-30,,,,,,,,,18.4,2026-01-30T14:29:00,,,,16.0,2026-01-30T22:29:00,,,,,,,,15.32,2.81,2026-01-30T12:00:00,,,,,0.0,2026-01-30T01:00:00,,,,,,,,0.0,-99.5,0.0,,0.0,,88,69.0,2026-01-30T11:10:00,92.0,2026-01-30T06:17:00,,,,,,1022.4,2026-01-30T09:00:00,,,,1018.0,2026-01-30T15:00:00,,,1020.4,,,,,,,,,,,,,1020.2,1022.2,2026-01-30T09:04:00,1017.6,2026-01-30T15:06:00,8.5,-999.5,,,17.0,,,18.9,22.6,2026-01-30T11:05:00,17.7,2026-01-30T23:58:00,,-99.5,-99.5,-99.5,-99.5,-99.5,-99.5,-99.5,-99.95,,,,,,20,10.0,2026-01-30T17:22:00,4.8,11.2,0,,2,,6,,5,,3,,0,,0,,0,,0,,0,,0,,0,,0,,0,,0,,0,,0,,0,,0,,0,,0,,0,,0,,0,,0,,0,,0,,0,,0,,0,,0,,0,,0,,0,,1,,5,,2,,0,,,360.0,,,7.9,2026-01-30T17:33:00,,,0,,9.7,,24.8,,21.3,,11.2,,0.0,,0.0,,0.0,,0.0,,0.0,,0.0,,0.0,,0.0,,0.0,,0.0,,0.0,,0.0,,0.0,,0.0,,0.0,,0.0,,0.0,,0.0,,0.0,,0.0,,0.0,,0.0,,0.0,,0.0,,0.0,,0.0,,0.0,,0.0,,0.0,,4.4,,31.4,,12.5,,0.0,
2026-01-31,,,,,,,,,17.5,2026-01-31T11:14:00,,,,13.5,2026-01-31T23:05:00,,,,,,,,12.95,2.15,2026-01-31T13:00:00,,,,,0.0,2026-01-31T01:00:00,,,,,,,,0.0,-99.5,0.0,,0.0,,87,79.0,2026-01-31T09:57:00,93.0,2026-01-31T05:06:00,,,,,,1021.6,2026-01-31T10:00:00,,,,1018.3,2026-01-31T15:00:00,,,1020.2,,,,,,,,,,,,,1019.9,1021.5,2026-01-31T09:15:00,1017.9,2026-01-31T15:19:00,8.6,-999.5,,,16.0,,,18.3,20.1,2026-01-31T10:01:00,16.4,2026-01-31T23:28:00,,-99.5,-99.5,-99.5,-99.5,-99.5,-99.5,-99.5,-99.95,,,,,,20,360.0,2026-01-31T16:28:00,6.9,17.1,0,,6,,10,,3,,0,,0,,0,,0,,0,,0,,0,,0,,0,,0,,0,,0,,0,,0,,0,,0,,0,,0,,0,,0,,0,,0,,0,,0,,0,,0,,0,,0,,0,,0,,0,,0,,5,,0,,,360.0,,,11.9,2026-01-31T16:06:00,,,0,,41.6,,64.7,,14.0,,0.0,,0.0,,0.0,,0.0,,0.0,,0.0,,0.0,,0.0,,0.0,,0.0,,0.0,,0.0,,0.0,,0.0,,0.0,,0.0,,0.0,,0.0,,0.0,,0.0,,0.0,,0.0,,0.0,,0.0,,0.0,,0.0,,0.0,,0.0,,0.0,,0.0,,0.0,,0.0,,46.3,,0.0,
2026-02-01,,,,,,,,,15.1,2026-02-01T20:27:00,,,,12.1,2026-02-01T07:58:00,,,,,,,,7.21,1.8,2026-02-01T11:00:00,,,,,0.0,2026-02-01T01:00:00,,,,,,,,0.0,-99.5,0.0,,0.0,,82,72.0,2026-02-01T11:05:00,88.0,2026-02-01T23:47:00,,,,,,1022.6,2026-02-01T10:00:00,,,,1019.6,2026-02-01T04:00:00,,,1021.2,,,,,,,,,,,,,1020.9,1022.5,2026-02-01T09:50:00,1019.2,2026-02-01T04:05:00,6.5,-999.5,,,13.7,,,16.7,18.2,2026-02-01T13:21:00,15.4,2026-02-01T06:48:00,,-99.5,-99.5,-99.5,-99.5,-99.5,-99.5,-99.5,-99.95,,,,,,20,20.0,2026-02-01T03:52:00,7.1,14.9,0,,2,,19,,2,,0,,0,,0,,0,,0,,0,,0,,0,,0,,0,,0,,0,,0,,0,,0,,0,,0,,0,,0,,0,,0,,0,,0,,0,,0,,0,,0,,0,,0,,0,,0,,0,,1,,0,,,20.0,,,10.1,2026-02-01T04:00:00,,,0,,14.0,,134.6,,14.1,,0.0,,0.0,,0.0,,0.0,,0.0,,0.0,,0.0,,0.0,,0.0,,0.0,,0.0,,0.0,,0.0,,0.0,,0.0,,0.0,,0.0,,0.0,,0.0,,0.0,,0.0,,0.0,,0.0,,0.0,,0.0,,0.0,,0.0,,0.0,,0.0,,0.0,,0.0,,0.0,,8.7,,0.0,
2026-02-02,,,,,,,,,15.4,2026-02-02T11:50:00,,,,12.2,2026-02-02T18:15:00,,,,,,,,15.78,2.69,2026-02-02T13:00:00,,,,,0.0,2026-02-02T01:00:00,,,,,,,,0.0,-99.5,0.0,,0.0,,84,74.0,2026-02-02T16:55:00,93.0,2026-02-02T06:38:00,,,,,,1023.8,2026-02-02T23:00:00,,,,1020.6,2026-02-02T15:00:00,,,1022.4,,,,,,,,,,,,,1022.1,1023.6,2026-02-02T21:22:00,1020.2,2026-02-02T15:45:00,8.3,-999.5,,,13.8,,,16.5,18.7,2026-02-02T11:51:00,15.2,2026-02-02T23:57:00,,-99.5,-99.5,-99.5,-99.5,-99.5,-99.5,-99.5,-99.95,,,,,,20,360.0,2026-02-02T12:43:00,7.8,16.3,0,,5,,12,,5,,0,,0,,0,,0,,0,,0,,0,,0,,0,,0,,0,,0,,0,,0,,0,,0,,0,,0,,0,,0,,0,,0,,0,,0,,0,,0,,0,,0,,0,,0,,0,,0,,2,,0,,,360.0,,,11.6,2026-02-02T12:50:00,,,0,,40.0,,92.4,,33.7,,0.0,,0.0,,0.0,,0.0,,0.0,,0.0,,0.0,,0.0,,0.0,,0.0,,0.0,,0.0,,0.0,,0.0,,0.0,,0.0,,0.0,,0.0,,0.0,,0.0,,0.0,,0.0,,0.0,,0.0,,0.0,,0.0,,0.0,,0.0,,0.0,,0.0,,0.0,,0.0,,21.7,,0.0,
2026-02-03,,,,,,,,,15.4,2026-02-03T17:04:00,,,,11.1,2026-02-03T08:23:00,,,,,,,,16.01,2.56,2026-02-03T12:00:00,,,,,0.0,2026-02-03T01:00:00,,,,,,,,0.0,-99.5,0.0,,0.0,,79,68.0,2026-02-03T10:51:00,85.0,2026-02-03T20:37:00,,,,,,1024.8,2026-02-03T10:00:00,,,,1020.9,2026-02-03T15:00:00,,,1022.7,,,,,,,,,,,,,1022.4,1024.6,2026-02-03T09:16:00,1020.5,2026-02-03T15:42:00,9.0,-999.5,,,13.3,,,16.8,19.1,2026-02-03T12:53:00,14.5,2026-02-03T05:26:00,,-99.5,-99.5,-99.5,-99.5,-99.5,-99.5,-99.5,-99.95,,,,,,20,360.0,2026-02-03T16:41:00,6.1,13.5,0,,3,,11,,4,,0,,0,,0,,0,,0,,0,,0,,0,,0,,0,,0,,0,,0,,0,,0,,0,,0,,0,,0,,0,,0,,0,,0,,0,,0,,0,,0,,0,,0,,0,,0,,0,,6,,0,,,360.0,,,9.4,2026-02-03T14:30:00,,,0,,17.4,,62.5,,18.5,,0.0,,0.0,,0.0,,0.0,,0.0,,0.0,,0.0,,0.0,,0.0,,0.0,,0.0,,0.0,,0.0,,0.0,,0.0,,0.0,,0.0,,0.0,,0.0,,0.0,,0.0,,0.0,,0.0,,0.0,,0.0,,0.0,,0.0,,0.0,,0.0,,0.0,,0.0,,0.0,,48.4,,0.0,
2026-02-04,,,,,,,,,17.0,2026-02-04T14:23:00,,,,13.4,2026-02-04T08:03:00,,,,,,,,13.89,2.22,2026-02-04T13:00:00,,,,,0.0,2026-02-04T01:00:00,,,,,,,,0.0,-99.5,0.0,,0.0,,85,75.0,2026-02-04T09:36:00,90.0,2026-02-04T20:19:00,,,,,,1021.7,2026-02-04T09:00:00,,,,1017.0,2026-02-04T15:00:00,,,1019.6,,,,,,,,,,,,,1019.3,1021.6,2026-02-04T00:01:00,1016.5,2026-02-04T15:09:00,8.6,-999.5,,,15.4,,,17.9,19.5,2026-02-04T13:56:00,16.2,2026-02-04T05:33:00,,-99.5,-99.5,-99.5,-99.5,-99.5,-99.5,-99.5,-99.95,,,,,,360,360.0,2026-02-04T15:08:00,3.6,9.1,0,,2,,3,,7,,1,,0,,0,,0,,1,,0,,0,,0,,0,,0,,0,,0,,0,,0,,0,,0,,0,,0,,0,,0,,0,,0,,0,,0,,0,,0,,0,,0,,0,,0,,0,,3,,7,,0,,,360.0,,,6.5,2026-02-04T15:08:00,,,0,,3.0,,11.7,,22.1,,0.8,,0.0,,0.0,,0.0,,1.4,,0.0,,0.0,,0.0,,0.0,,0.0,,0.0,,0.0,,0.0,,0.0,,0.0,,0.0,,0.0,,0.0,,0.0,,0.0,,0.0,,0.0,,0.0,,0.0,,0.0,,0.0,,0.0,,0.0,,0.0,,0.0,,0.0,,13.1,,33.9,,0.0,
2026-02-05,,,,,,,,,18.7,2026-02-05T18:32:00,,,,14.7,2026-02-05T20:24:00,,,,,,,,17.98,2.85,2026-02-05T13:00:00,,,,,0.0,2026-02-05T01:00:00,,,,,,,,0.0,-99.5,0.0,,0.0,,77,58.0,2026-02-05T10:44:00,91.0,2026-02-05T07:34:00,,,,,,1018.8,2026-02-05T09:00:00,,,,1014.5,2026-02-05T15:00:00,,,1016.9,,,,,,,,,,,,,1016.6,1018.7,2026-02-05T09:38:00,1014.1,2026-02-05T15:22:00,8.9,-999.5,,,16.8,,,20.9,24.3,2026-02-05T10:44:00,18.1,2026-02-05T04:17:00,,-99.5,-99.5,-99.5,-99.5,-99.5,-99.5,-99.5,-99.95,,,,,,30,40.0,2026-02-05T08:12:00,3.0,7.5,0,,1,,2,,5,,5,,2,,0,,1,,0,,0,,0,,0,,0,,0,,0,,0,,0,,0,,0,,0,,0,,0,,0,,0,,0,,0,,0,,0,,0,,0,,0,,0,,0,,4,,2,,0,,2,,0,,,40.0,,,5.3,2026-02-05T08:20:00,,,0,,3.7,,4.4,,15.0,,11.8,,4.2,,0.0,,2.1,,0.0,,0.0,,0.0,,0.0,,0.0,,0.0,,0.0,,0.0,,0.0,,0.0,,0.0,,0.0,,0.0,,0.0,,0.0,,0.0,,0.0,,0.0,,0.0,,0.0,,0.0,,0.0,,0.0,,0.0,,0.0,,15.6,,8.0,,0.0,,6.0,,0.0,
2026-02-06,,,,,,,,,21.4,2026-02-06T10:37:00,,,,14.9,2026-02-06T01:42:00,,,,,,,,8.42,1.7,2026-02-06T11:00:00,,,,,0.0,2026-02-06T01:00:00,,,,,,,,0.0,-99.5,0.0,,0.0,,86,68.0,2026-02-06T00:16:00,99.0,2026-02-06T06:53:00,,,,,,1017.7,2026-02-06T09:00:00,,,,1013.4,2026-02-06T17:00:00,,,1015.7,,,,,,,,,,,,,1015.4,1017.5,2026-02-06T09:22:00,1012.9,2026-02-06T16:38:00,6.2,-999.5,,,18.6,,,21.1,25.5,2026-02-06T12:28:00,18.7,2026-02-06T23:52:00,,-99.5,-99.5,-99.5,-99.5,-99.5,-99.5,-99.5,-99.95,,,,,,20,30.0,2026-02-06T19:58:00,3.5,9.5,0,,0,,3,,1,,2,,2,,0,,1,,2,,1,,0,,0,,1,,0,,0,,1,,0,,3,,0,,1,,0,,0,,1,,0,,0,,0,,0,,0,,0,,0,,0,,1,,1,,1,,0,,1,,1,,0,,,20.0,,,7.0,2026-02-06T19:59:00,,,0,,0.0,,17.2,,5.3,,6.1,,10.4,,0.0,,1.9,,2.2,,1.8,,0.0,,0.0,,2.7,,0.0,,0.0,,3.1,,0.0,,9.0,,0.0,,4.1,,0.0,,0.0,,1.9,,0.0,,0.0,,0.0,,0.0,,0.0,,0.0,,0.0,,0.0,,2.2,,4.5,,4.6,,0.0,,5.1,,2.7,,0.0,
2026-02-07,,,,,,,,,18.2,2026-02-07T01:17:00,,,,11.1,2026-02-07T23:56:00,,,,,,,,19.39,2.92,2026-02-07T13:00:00,,,,,0.0,2026-02-07T01:00:00,,,,,,,,0.0,-99.5,0.0,,0.0,,81,74.0,2026-02-07T12:43:00,93.0,2026-02-07T01:16:00,,,,,,1021.3,2026-02-07T23:00:00,,,,1016.3,2026-02-07T02:00:00,,,1018.1,,,,,,,,,,,,,1017.8,1021.1,2026-02-07T23:26:00,1016.0,2026-02-07T14:29:00,9.4,-999.5,,,14.0,,,17.2,19.3,2026-02-07T01:19:00,15.1,2026-02-07T23:54:00,,-99.5,-99.5,-99.5,-99.5,-99.5,-99.5,-99.5,-99.95,,,,,,20,360.0,2026-02-07T14:55:00,9.1,20.1,0,,6,,13,,2,,0,,0,,0,,0,,0,,0,,0,,0,,0,,0,,0,,0,,0,,0,,0,,0,,0,,0,,0,,0,,0,,0,,0,,0,,0,,0,,0,,0,,0,,0,,0,,0,,3,,0,,,10.0,,,12.6,2026-02-07T14:59:00,,,0,,62.8,,113.2,,16.1,,0.0,,0.0,,0.0,,0.0,,0.0,,0.0,,0.0,,0.0,,0.0,,0.0,,0.0,,0.0,,0.0,,0.0,,0.0,,0.0,,0.0,,0.0,,0.0,,0.0,,0.0,,0.0,,0.0,,0.0,,0.0,,0.0,,0.0,,0.0,,0.0,,0.0,,0.0,,0.0,,26.2,,0.0,
2026-02-08,,,,,,,,,11.3,2026-02-08T00:17:00,,,,3.7,2026-02-08T23:43:00,,,,,,,,15.09,2.67,2026-02-08T13:00:00,,,,,0.0,2026-02-08T01:00:00,,,,,,,,0.0,-99.5,0.0,,0.0,,67,56.0,2026-02-08T14:20:00,78.0,2026-02-08T01:21:00,,,,,,1024.9,2026-02-08T22:00:00,,,,1020.3,2026-02-08T04:00:00,,,1023.2,,,,,,,,,,,,,1022.9,1024.7,2026-02-08T21:42:00,1019.9,2026-02-08T03:50:00,8.1,-999.5,,,7.4,,,13.3,15.3,2026-02-08T14:21:00,10.5,2026-02-08T23:44:00,,-99.5,-99.5,-99.5,-99.5,-99.5,-99.5,-99.5,-99.95,,,,,,20,10.0,2026-02-08T06:40:00,9.0,19.5,0,,3,,14,,7,,0,,0,,0,,0,,0,,0,,0,,0,,0,,0,,0,,0,,0,,0,,0,,0,,0,,0,,0,,0,,0,,0,,0,,0,,0,,0,,0,,0,,0,,0,,0,,0,,0,,0,,,20.0,,,13.2,2026-02-08T12:07:00,,,0,,28.0,,136.5,,50.6,,0.0,,0.0,,0.0,,0.0,,0.0,,0.0,,0.0,,0.0,,0.0,,0.0,,0.0,,0.0,,0.0,,0.0,,0.0,,0.0,,0.0,,0.0,,0.0,,0.0,,0.0,,0.0,,0.0,,0.0,,0.0,,0.0,,0.0,,0.0,,0.0,,0.0,,0.0,,0.0,,0.0,,0.0,
2026-02-09,,,,,,,,,15.0,2026-02-09T18:39:00,,,,3.7,2026-02-09T00:08:00,,,,,,,,12.15,2.27,2026-02-09T14:00:00,,,,,0.0,2026-02-09T01:00:00,,,,,,,,0.0,-99.5,0.0,,0.0,,73,56.0,2026-02-09T09:50:00,95.0,2026-02-09T18:39:00,,,,,,1024.1,2026-02-09T08:00:00,,,,1019.8,2026-02-09T15:00:00,,,1022.2,,,,,,,,,,,,,1021.9,1023.8,2026-02-09T00:02:00,1019.5,2026-02-09T14:48:00,8.5,-999.5,,,9.4,,,14.2,17.6,2026-02-09T15:55:00,10.4,2026-02-09T00:23:00,,-99.5,-99.5,-99.5,-99.5,-99.5,-99.5,-99.5,-99.95,,,,,,20,10.0,2026-02-09T18:13:00,3.9,11.2,0,,2,,5,,3,,5,,1,,0,,0,,0,,1,,0,,0,,0,,0,,0,,0,,0,,0,,0,,0,,0,,0,,0,,0,,0,,0,,0,,0,,0,,0,,0,,1,,0,,0,,3,,3,,0,,0,,,350.0,,,7.5,2026-02-09T16:09:00,,,0,,11.3,,19.6,,11.4,,17.5,,3.3,,0.0,,0.0,,0.0,,1.8,,0.0,,0.0,,0.0,,0.0,,0.0,,0.0,,0.0,,0.0,,0.0,,0.0,,0.0,,0.0,,0.0,,0.0,,0.0,,0.0,,0.0,,0.0,,0.0,,0.0,,0.0,,2.2,,0.0,,0.0,,10.7,,15.8,,0.0,,0.0,
2026-02-10,,,,,,,,,14.9,2026-02-10T23:04:00,,,,9.9,2026-02-10T12:49:00,,,,,,,,19.4,2.99,2026-02-10T13:00:00,,,,,0.0,2026-02-10T01:00:00,,,,,,,,0.0,-99.5,0.0,,0.0,,75,52.0,2026-02-10T15:14:00,93.0,2026-02-10T00:58:00,,,,,,1023.2,2026-02-10T09:00:00,,,,1018.7,2026-02-10T16:00:00,,,1021.3,,,,,,,,,,,,,1021.0,1023.0,2026-02-10T08:42:00,1018.4,2026-02-10T15:34:00,9.6,-999.5,,,12.8,,,17.5,20.8,2026-02-10T17:32:00,14.0,2026-02-10T06:54:00,,-99.5,-99.5,-99.5,-99.5,-99.5,-99.5,-99.5,-99.95,,,,,,360,360.0,2026-02-10T12:45:00,4.0,8.6,0,,2,,0,,4,,6,,1,,0,,1,,0,,1,,0,,0,,0,,0,,0,,0,,0,,0,,0,,0,,0,,0,,0,,0,,0,,0,,0,,0,,0,,0,,0,,0,,0,,0,,0,,1,,8,,0,,,360.0,,,6.2,2026-02-10T13:06:00,,,0,,5.7,,0.0,,14.1,,26.8,,3.6,,0.0,,2.0,,0.0,,2.7,,0.0,,0.0,,0.0,,0.0,,0.0,,0.0,,0.0,,0.0,,0.0,,0.0,,0.0,,0.0,,0.0,,0.0,,0.0,,0.0,,0.0,,0.0,,0.0,,0.0,,0.0,,0.0,,0.0,,0.0,,0.0,,2.7,,37.2,,0.0,
2026-02-11,,,,,,,,,19.2,2026-02-11T13:11:00,,,,11.2,2026-02-11T10:40:00,,,,,,,,19.77,2.98,2026-02-11T13:00:00,,,,,0.0,2026-02-11T01:00:00,,,,,,,,0.0,-99.5,0.0,,0.0,,81,50.0,2026-02-11T10:56:00,97.0,2026-02-11T16:47:00,,,,,,1022.3,2026-02-11T09:00:00,,,,1019.1,2026-02-11T15:00:00,,,1020.6,,,,,,,,,,,,,1020.3,1022.1,2026-02-11T09:17:00,1018.7,2026-02-11T14:59:00,9.7,-999.5,,,14.9,,,18.3,22.1,2026-02-11T10:57:00,15.7,2026-02-11T06:32:00,,-99.5,-99.5,-99.5,-99.5,-99.5,-99.5,-99.5,-99.95,,,,,,20,360.0,2026-02-11T15:33:00,5.4,16.2,0,,3,,6,,3,,1,,1,,3,,0,,2,,0,,0,,0,,0,,0,,0,,0,,0,,0,,0,,0,,0,,0,,0,,0,,0,,0,,0,,0,,0,,0,,0,,0,,0,,0,,0,,0,,5,,0,,,360.0,,,11.9,2026-02-11T15:42:00,,,0,,20.8,,33.4,,11.9,,2.5,,3.2,,9.8,,0.0,,3.9,,0.0,,0.0,,0.0,,0.0,,0.0,,0.0,,0.0,,0.0,,0.0,,0.0,,0.0,,0.0,,0.0,,0.0,,0.0,,0.0,,0.0,,0.0,,0.0,,0.0,,0.0,,0.0,,0.0,,0.0,,0.0,,0.0,,0.0,,43.0,,0.0,
2026-02-12,,,,,,,,,17.0,2026-02-12T18:04:00,,,,13.0,2026-02-12T08:38:00,,,,,,,,19.8,2.97,2026-02-12T13:00:00,,,,,0.0,2026-02-12T01:00:00,,,,,,,,0.0,-99.5,0.0,,0.0,,84,72.0,2026-02-12T09:26:00,92.0,2026-02-12T22:50:00,,,,,,1021.5,2026-02-12T10:00:00,,,,1017.9,2026-02-12T15:00:00,,,1019.4,,,,,,,,,,,,,1019.2,1021.3,2026-02-12T09:43:00,1017.4,2026-02-12T15:09:00,9.7,-999.5,,,15.0,,,17.7,19.9,2026-02-12T13:33:00,15.4,2026-02-12T02:54:00,,-99.5,-99.5,-99.5,-99.5,-99.5,-99.5,-99.5,-99.95,,,,,,30,360.0,2026-02-12T13:29:00,5.6,13.1,0,,2,,4,,8,,3,,0,,0,,0,,0,,0,,0,,0,,0,,0,,0,,0,,0,,0,,0,,0,,0,,0,,0,,0,,0,,0,,0,,0,,0,,0,,0,,0,,0,,0,,0,,0,,7,,0,,,360.0,,,9.3,2026-02-12T12:42:00,,,0,,13.5,,22.1,,33.5,,13.5,,0.0,,0.0,,0.0,,0.0,,0.0,,0.0,,0.0,,0.0,,0.0,,0.0,,0.0,,0.0,,0.0,,0.0,,0.0,,0.0,,0.0,,0.0,,0.0,,0.0,,0.0,,0.0,,0.0,,0.0,,0.0,,0.0,,0.0,,0.0,,0.0,,0.0,,0.0,,51.3,,0.0,
2026-02-13,,,,,,,,,18.5,2026-02-13T16:59:00,,,,15.4,2026-02-13T08:25:00,,,,,,,,19.58,3.02,2026-02-13T13:00:00,,,,,0.0,2026-02-13T01:00:00,,,,,,,,0.0,-99.5,0.0,,0.0,,88,77.0,2026-02-13T14:54:00,97.0,2026-02-13T06:58:00,,,,,,1019.1,2026-02-13T10:00:00,,,,1015.4,2026-02-13T16:00:00,,,1017.5,,,,,,,,,,,,,1017.2,1018.9,2026-02-13T08:43:00,1015.1,2026-02-13T15:54:00,9.5,-999.5,,,16.8,,,18.9,21.6,2026-02-13T16:06:00,16.1,2026-02-13T07:39:00,,-99.5,-99.5,-99.5,-99.5,-99.5,-99.5,-99.5,-99.95,,,,,,20,360.0,2026-02-13T17:04:00,3.1,8.3,0,,3,,4,,0,,3,,2,,1,,0,,1,,0,,0,,2,,0,,0,,0,,0,,0,,0,,0,,0,,0,,0,,0,,0,,0,,0,,0,,0,,0,,0,,0,,0,,0,,0,,2,,3,,3,,0,,,360.0,,,5.8,2026-02-13T16:46:00,,,0,,10.3,,10.3,,0.0,,9.0,,3.8,,3.3,,0.0,,1.7,,0.0,,0.0,,2.6,,0.0,,0.0,,0.0,,0.0,,0.0,,0.0,,0.0,,0.0,,0.0,,0.0,,0.0,,0.0,,0.0,,0.0,,0.0,,0.0,,0.0,,0.0,,0.0,,0.0,,0.0,,0.0,,7.1,,12.8,,12.8,,0.0,
2026-02-14,,,,,,,,,20.5,2026-02-14T21:43:00,,,,12.9,2026-02-14T11:08:00,,,,,,,,19.87,2.81,2026-02-14T13:00:00,,,,,0.0,2026-02-14T01:00:00,,,,,,,,0.0,-99.5,0.0,,0.0,,77,52.0,2026-02-14T11:08:00,92.0,2026-02-14T22:04:00,,,,,,1017.8,2026-02-14T09:00:00,,,,1014.7,2026-02-14T15:00:00,,,1016.3,,,,,,,,,,,,,1016.1,1017.6,2026-02-14T09:22:00,1014.4,2026-02-14T15:17:00,9.7,-999.5,,,17.3,,,21.6,26.1,2026-02-14T14:00:00,17.9,2026-02-14T06:06:00,,-99.5,-99.5,-99.5,-99.5,-99.5,-99.5,-99.5,-99.95,,,,,,40,30.0,2026-02-14T04:55:00,2.4,5.2,0,,1,,0,,3,,5,,2,,2,,0,,0,,0,,0,,0,,0,,1,,0,,0,,0,,0,,0,,0,,0,,0,,0,,0,,0,,0,,0,,0,,1,,1,,2,,0,,2,,2,,1,,0,,1,,0,,,280.0,,,4.1,2026-02-14T14:04:00,,,0,,1.7,,0.0,,8.5,,10.0,,4.5,,4.0,,0.0,,0.0,,0.0,,0.0,,0.0,,0.0,,1.1,,0.0,,0.0,,0.0,,0.0,,0.0,,0.0,,0.0,,0.0,,0.0,,0.0,,0.0,,0.0,,0.0,,0.0,,4.0,,2.9,,7.2,,0.0,,5.5,,6.2,,1.8,,0.0,,0.9,,0.0,
2026-02-15,,,,,,,,,21.7,2026-02-15T16:05:00,,,,16.8,2026-02-15T08:37:00,,,,,,,,20.41,3.05,2026-02-15T13:00:00,,,,,0.0,2026-02-15T01:00:00,,,,,,,,0.0,-99.5,0.0,,0.0,,84,67.0,2026-02-15T09:08:00,93.0,2026-02-15T06:37:00,,,,,,1017.7,2026-02-15T10:00:00,,,,1014.3,2026-02-15T15:00:00,,,1016.0,,,,,,,,,,,,,1015.7,1017.5,2026-02-15T09:45:00,1013.9,2026-02-15T15:12:00,9.6,-999.5,,,19.5,,,22.4,24.7,2026-02-15T14:02:00,19.1,2026-02-15T06:50:00,,-99.5,-99.5,-99.5,-99.5,-99.5,-99.5,-99.5,-99.95,,,,,,40,360.0,2026-02-15T17:05:00,3.2,8.9,0,,2,,2,,0,,4,,1,,3,,3,,2,,0,,0,,0,,0,,0,,0,,0,,0,,0,,0,,0,,0,,0,,0,,0,,0,,0,,0,,0,,0,,0,,0,,0,,0,,1,,2,,3,,1,,0,,,360.0,,,6.6,2026-02-15T17:22:00,,,0,,7.3,,9.0,,0.0,,9.1,,2.3,,5.6,,4.5,,2.6,,0.0,,0.0,,0.0,,0.0,,0.0,,0.0,,0.0,,0.0,,0.0,,0.0,,0.0,,0.0,,0.0,,0.0,,0.0,,0.0,,0.0,,0.0,,0.0,,0.0,,0.0,,0.0,,0.0,,0.0,,4.5,,10.5,,15.0,,6.2,,0.0,
2026-02-16,,,,,,,,,20.6,2026-02-16T02:08:00,,,,17.2,2026-02-16T23:54:00,,,,,,,,18.36,3.04,2026-02-16T13:00:00,,,,,0.0,2026-02-16T01:00:00,,,,,,,,0.0,-99.5,0.0,,0.0,,88,74.0,2026-02-16T10:59:00,96.0,2026-02-16T06:43:00,,,,,,1017.3,2026-02-16T09:00:00,,,,1013.5,2026-02-16T15:00:00,,,1015.7,,,,,,,,,,,,,1015.5,1017.1,2026-02-16T09:27:00,1013.2,2026-02-16T15:38:00,8.8,-999.5,,,19.2,,,21.2,24.0,2026-02-16T11:11:00,19.5,2026-02-16T22:05:00,,-99.5,-99.5,-99.5,-99.5,-99.5,-99.5,-99.5,-99.95,,,,,,20,360.0,2026-02-16T16:23:00,6.1,16.0,0,,2,,6,,5,,4,,0,,1,,0,,0,,0,,0,,0,,0,,0,,0,,0,,0,,0,,0,,0,,0,,0,,0,,0,,0,,0,,0,,0,,0,,0,,0,,0,,0,,0,,0,,2,,4,,0,,,360.0,,,11.2,2026-02-16T16:23:00,,,0,,12.4,,34.2,,30.0,,17.4,,0.0,,1.6,,0.0,,0.0,,0.0,,0.0,,0.0,,0.0,,0.0,,0.0,,0.0,,0.0,,0.0,,0.0,,0.0,,0.0,,0.0,,0.0,,0.0,,0.0,,0.0,,0.0,,0.0,,0.0,,0.0,,0.0,,0.0,,0.0,,0.0,,0.0,,12.0,,39.6,,0.0,
2026-02-17,,,,,,,,,17.5,2026-02-17T00:05:00,,,,13.3,2026-02-17T22:59:00,,,,,,,,16.37,2.24,2026-02-17T14:00:00,,,,,0.0,2026-02-17T01:00:00,,,,,,,,0.0,-99.5,0.0,,0.0,,81,72.0,2026-02-17T14:49:00,88.0,2026-02-17T01:04:00,,,,,,1020.5,2026-02-17T23:00:00,,,,1016.3,2026-02-17T16:00:00,,,1018.3,,,,,,,,,,,,,1018.0,1020.3,2026-02-17T23:19:00,1016.0,2026-02-17T15:43:00,9.6,-999.5,,,15.4,,,18.7,20.6,2026-02-17T14:52:00,17.0,2026-02-17T06:40:00,,-99.5,-99.5,-99.5,-99.5,-99.5,-99.5,-99.5,-99.95,,,,,,20,20.0,2026-02-17T05:33:00,7.2,14.6,0,,5,,9,,7,,0,,0,,0,,0,,0,,0,,0,,0,,0,,0,,0,,0,,0,,0,,0,,0,,0,,0,,0,,0,,0,,0,,0,,0,,0,,0,,0,,0,,0,,0,,0,,0,,3,,0,,,360.0,,,9.2,2026-02-17T13:12:00,,,0,,37.3,,64.3,,46.7,,0.0,,0.0,,0.0,,0.0,,0.0,,0.0,,0.0,,0.0,,0.0,,0.0,,0.0,,0.0,,0.0,,0.0,,0.0,,0.0,,0.0,,0.0,,0.0,,0.0,,0.0,,0.0,,0.0,,0.0,,0.0,,0.0,,0.0,,0.0,,0.0,,0.0,,0.0,,0.0,,24.2,,0.0,
2026-02-18,,,,,,,,,15.2,2026-02-18T16:11:00,,,,11.9,2026-02-18T20:39:00,,,,,,,,19.35,2.95,2026-02-18T13:00:00,,,,,0.0,2026-02-18T01:00:00,,,,,,,,0.0,-99.5,0.0,,0.0,,75,65.0,2026-02-18T12:37:00,84.0,2026-02-18T05:23:00,,,,,,1022.4,2026-02-18T22:00:00,,,,1019.0,2026-02-18T15:00:00,,,1020.9,,,,,,,,,,,,,1020.6,1022.2,2026-02-18T09:45:00,1018.6,2026-02-18T15:06:00,9.6,-999.5,,,13.1,,,17.4,19.5,2026-02-18T13:01:00,15.5,2026-02-18T05:19:00,,-99.5,-99.5,-99.5,-99.5,-99.5,-99.5,-99.5,-99.95,,,,,,20,360.0,2026-02-18T13:17:00,7.1,15.7,0,,4,,9,,8,,0,,0,,0,,0,,0,,0,,0,,0,,0,,0,,0,,0,,0,,0,,0,,0,,0,,0,,0,,0,,0,,0,,0,,0,,0,,0,,0,,0,,0,,0,,0,,0,,3,,0,,,360.0,,,10.9,2026-02-18T13:18:00,,,0,,32.1,,59.2,,50.0,,0.0,,0.0,,0.0,,0.0,,0.0,,0.0,,0.0,,0.0,,0.0,,0.0,,0.0,,0.0,,0.0,,0.0,,0.0,,0.0,,0.0,,0.0,,0.0,,0.0,,0.0,,0.0,,0.0,,0.0,,0.0,,0.0,,0.0,,0.0,,0.0,,0.0,,0.0,,0.0,,30.2,,0.0,
2026-02-19,,,,,,,,,19.2,2026-02-19T12:45:00,,,,11.6,2026-02-19T02:24:00,,,,,,,,19.5,3.06,2026-02-19T13:00:00,,,,,0.0,2026-02-19T01:00:00,,,,,,,,0.0,-99.5,0.0,,0.0,,79,66.0,2026-02-19T10:05:00,93.0,2026-02-19T12:45:00,,,,,,1023.1,2026-02-19T09:00:00,,,,1019.6,2026-02-19T15:00:00,,,1021.5,,,,,,,,,,,,,1021.2,1022.9,2026-02-19T08:37:00,1019.2,2026-02-19T14:22:00,9.0,-999.5,,,14.9,,,18.5,20.6,2026-02-19T12:31:00,16.0,2026-02-19T03:34:00,,-99.5,-99.5,-99.5,-99.5,-99.5,-99.5,-99.5,-99.95,,,,,,40,360.0,2026-02-19T16:30:00,4.8,12.5,0,,2,,2,,2,,8,,3,,0,,0,,0,,0,,0,,0,,0,,0,,0,,0,,0,,0,,0,,0,,0,,0,,0,,0,,0,,0,,0,,0,,0,,0,,0,,0,,0,,0,,0,,4,,3,,0,,,360.0,,,8.6,2026-02-19T16:56:00,,,0,,12.0,,10.3,,7.7,,26.2,,8.4,,0.0,,0.0,,0.0,,0.0,,0.0,,0.0,,0.0,,0.0,,0.0,,0.0,,0.0,,0.0,,0.0,,0.0,,0.0,,0.0,,0.0,,0.0,,0.0,,0.0,,0.0,,0.0,,0.0,,0.0,,0.0,,0.0,,0.0,,0.0,,0.0,,27.1,,22.6,,0.0,
2026-02-20,,,,,,,,,18.0,2026-02-20T12:00:00,,,,15.1,2026-02-20T05:15:00,,,,,,,,19.35,2.97,2026-02-20T13:00:00,,,,,0.0,2026-02-20T01:00:00,,,,,,,,0.0,-99.5,0.0,,0.0,,82,66.0,2026-02-20T12:44:00,91.0,2026-02-20T07:14:00,,,,,,1021.4,2026-02-20T01:00:00,,,,1015.8,2026-02-20T16:00:00,,,1018.4,,,,,,,,,,,,,1018.1,1021.5,2026-02-20T00:29:00,1015.4,2026-02-20T17:30:00,9.1,-999.5,,,16.4,,,19.5,22.0,2026-02-20T14:30:00,17.1,2026-02-20T05:15:00,,-99.5,-99.5,-99.5,-99.5,-99.5,-99.5,-99.5,-99.95,,,,,,360,10.0,2026-02-20T18:26:00,4.2,10.4,0,,1,,3,,5,,5,,1,,0,,1,,0,,0,,0,,0,,0,,0,,0,,0,,0,,0,,0,,0,,0,,0,,0,,0,,0,,0,,0,,0,,0,,0,,0,,0,,0,,0,,0,,3,,5,,0,,,350.0,,,6.7,2026-02-20T15:25:00,,,0,,5.5,,11.6,,19.4,,14.5,,2.9,,0.0,,3.6,,0.0,,0.0,,0.0,,0.0,,0.0,,0.0,,0.0,,0.0,,0.0,,0.0,,0.0,,0.0,,0.0,,0.0,,0.0,,0.0,,0.0,,0.0,,0.0,,0.0,,0.0,,0.0,,0.0,,0.0,,0.0,,0.0,,0.0,,17.9,,25.1,,0.0,
2026-02-21,,,,,,,,,18.7,2026-02-21T17:07:00,,,,15.0,2026-02-21T10:01:00,,,,,,,,19.22,3.04,2026-02-21T12:00:00,,,,,0.0,2026-02-21T01:00:00,,,,,,,,0.0,-99.5,0.0,,0.0,,81,67.0,2026-02-21T10:01:00,90.0,2026-02-21T04:27:00,,,,,,1016.2,2026-02-21T01:00:00,,,,1011.0,2026-02-21T16:00:00,,,1013.5,,,,,,,,,,,,,1013.3,1016.2,2026-02-21T00:09:00,1010.7,2026-02-21T15:50:00,9.7,-999.5,,,16.9,,,20.2,22.7,2026-02-21T15:35:00,17.2,2026-02-21T06:33:00,,-99.5,-99.5,-99.5,-99.5,-99.5,-99.5,-99.5,-99.95,,,,,,340,360.0,2026-02-21T17:20:00,2.7,6.3,0,,1,,2,,4,,2,,3,,3,,1,,0,,0,,0,,0,,0,,0,,0,,0,,0,,0,,0,,0,,0,,0,,0,,0,,0,,0,,0,,0,,0,,0,,0,,0,,0,,1,,4,,0,,3,,0,,,340.0,,,4.7,2026-02-21T12:53:00,,,0,,2.2,,6.6,,9.8,,4.0,,4.7,,5.2,,1.8,,0.0,,0.0,,0.0,,0.0,,0.0,,0.0,,0.0,,0.0,,0.0,,0.0,,0.0,,0.0,,0.0,,0.0,,0.0,,0.0,,0.0,,0.0,,0.0,,0.0,,0.0,,0.0,,0.0,,0.0,,0.0,,4.2,,16.0,,0.0,,11.0,,0.0,
2026-02-22,,,,,,,,,19.2,2026-02-22T14:22:00,,,,15.7,2026-02-22T20:58:00,,,,,,,,20.6,3.08,2026-02-22T13:00:00,,,,,0.0,2026-02-22T01:00:00,,,,,,,,0.0,-99.5,0.0,,0.0,,77,66.0,2026-02-22T09:56:00,90.0,2026-02-22T05:28:00,,,,,,1014.1,2026-02-22T09:00:00,,,,1010.1,2026-02-22T15:00:00,,,1012.2,,,,,,,,,,,,,1011.9,1013.9,2026-02-22T08:53:00,1009.8,2026-02-22T15:11:00,9.8,-999.5,,,17.4,,,21.5,24.2,2026-02-22T12:24:00,18.7,2026-02-22T05:12:00,,-99.5,-99.5,-99.5,-99.5,-99.5,-99.5,-99.5,-99.95,,,,,,30,360.0,2026-02-22T16:07:00,4.2,11.8,0,,2,,3,,6,,3,,0,,0,,1,,1,,0,,0,,0,,0,,0,,0,,0,,0,,0,,0,,0,,0,,0,,0,,0,,0,,0,,0,,0,,0,,0,,0,,0,,0,,0,,0,,4,,4,,0,,,360.0,,,8.4,2026-02-22T16:34:00,,,0,,8.9,,10.4,,19.7,,7.8,,0.0,,0.0,,2.5,,2.2,,0.0,,0.0,,0.0,,0.0,,0.0,,0.0,,0.0,,0.0,,0.0,,0.0,,0.0,,0.0,,0.0,,0.0,,0.0,,0.0,,0.0,,0.0,,0.0,,0.0,,0.0,,0.0,,0.0,,0.0,,0.0,,0.0,,26.0,,24.1,,0.0,
2026-02-23,,,,,,,,,20.8,2026-02-23T14:18:00,,,,16.8,2026-02-23T08:43:00,,,,,,,,20.2,3.08,2026-02-23T13:00:00,,,,,0.0,2026-02-23T01:00:00,,,,,,,,0.0,-99.5,0.0,,0.0,,85,69.0,2026-02-23T09:52:00,94.0,2026-02-23T04:09:00,,,,,,1014.8,2026-02-23T22:00:00,,,,1012.1,2026-02-23T05:00:00,,,1013.4,,,,,,,,,,,,,1013.1,1014.6,2026-02-23T21:57:00,1011.7,2026-02-23T04:33:00,9.7,-999.5,,,18.8,,,21.4,23.9,2026-02-23T13:04:00,19.7,2026-02-23T06:31:00,,-99.5,-99.5,-99.5,-99.5,-99.5,-99.5,-99.5,-99.95,,,,,,360,360.0,2026-02-23T15:51:00,4.7,12.9,0,,3,,5,,4,,2,,0,,0,,1,,0,,0,,0,,0,,0,,0,,0,,0,,0,,0,,0,,0,,0,,0,,0,,0,,0,,0,,0,,0,,0,,0,,0,,0,,0,,0,,1,,2,,6,,0,,,360.0,,,9.3,2026-02-23T16:23:00,,,0,,19.0,,17.0,,15.5,,4.3,,0.0,,0.0,,3.5,,0.0,,0.0,,0.0,,0.0,,0.0,,0.0,,0.0,,0.0,,0.0,,0.0,,0.0,,0.0,,0.0,,0.0,,0.0,,0.0,,0.0,,0.0,,0.0,,0.0,,0.0,,0.0,,0.0,,0.0,,0.0,,0.0,,2.6,,13.3,,38.4,,0.0,
2026-02-24,,,,,,,,,21.0,2026-02-24T16:01:00,,,,18.0,2026-02-24T07:03:00,,,,,,,,14.26,2.14,2026-02-24T14:00:00,,,,,0.0,2026-02-24T01:00:00,,,,,,,,0.0,-99.5,0.0,,0.0,,82,70.0,2026-02-24T10:01:00,91.0,2026-02-24T00:34:00,,,,,,1015.0,2026-02-24T10:00:00,,,,1012.8,2026-02-24T15:00:00,,,1013.9,,,,,,,,,,,,,1013.7,1014.7,2026-02-24T10:06:00,1012.5,2026-02-24T15:00:00,8.6,-999.5,,,19.3,,,22.3,24.8,2026-02-24T09:55:00,19.7,2026-02-24T07:03:00,,-99.5,-99.5,-99.5,-99.5,-99.5,-99.5,-99.5,-99.95,,,,,,50,360.0,2026-02-24T00:52:00,3.8,8.5,0,,1,,0,,4,,3,,6,,1,,1,,1,,0,,0,,0,,0,,0,,0,,0,,0,,0,,0,,0,,0,,0,,0,,0,,0,,0,,0,,0,,0,,0,,0,,0,,0,,2,,2,,0,,3,,0,,,40.0,,,6.1,2026-02-24T04:30:00,,,0,,5.1,,0.0,,15.9,,11.9,,21.6,,3.1,,0.9,,2.7,,0.0,,0.0,,0.0,,0.0,,0.0,,0.0,,0.0,,0.0,,0.0,,0.0,,0.0,,0.0,,0.0,,0.0,,0.0,,0.0,,0.0,,0.0,,0.0,,0.0,,0.0,,0.0,,0.0,,0.0,,6.8,,7.8,,0.0,,16.2,,0.0,
2026-02-25,,,,,,,,,20.7,2026-02-25T12:06:00,,,,17.8,2026-02-25T23:17:00,,,,,,,,20.11,3.08,2026-02-25T13:00:00,,,,,0.0,2026-02-25T01:00:00,,,,,,,,0.0,-99.5,0.0,,0.0,,83,79.0,2026-02-25T17:50:00,89.0,2026-02-25T08:27:00,,,,,,1015.2,2026-02-25T23:00:00,,,,1012.3,2026-02-25T14:00:00,,,1014.0,,,,,,,,,,,,,1013.7,1015.0,2026-02-25T23:08:00,1011.8,2026-02-25T14:21:00,9.0,-999.5,,,19.3,,,22.1,23.5,2026-02-25T12:50:00,20.5,2026-02-25T23:53:00,,-99.5,-99.5,-99.5,-99.5,-99.5,-99.5,-99.5,-99.95,,,,,,30,360.0,2026-02-25T16:09:00,6.1,16.7,0,,1,,4,,9,,1,,0,,0,,0,,0,,0,,0,,0,,0,,0,,0,,0,,0,,0,,0,,0,,0,,0,,0,,0,,0,,0,,0,,0,,0,,0,,0,,0,,0,,0,,0,,1,,8,,0,,,360.0,,,12.1,2026-02-25T15:37:00,,,0,,7.8,,22.1,,42.1,,3.4,,0.0,,0.0,,0.0,,0.0,,0.0,,0.0,,0.0,,0.0,,0.0,,0.0,,0.0,,0.0,,0.0,,0.0,,0.0,,0.0,,0.0,,0.0,,0.0,,0.0,,0.0,,0.0,,0.0,,0.0,,0.0,,0.0,,0.0,,0.0,,0.0,,0.0,,6.6,,65.1,,0.0,
2026-02-26,,,,,,,,,20.8,2026-02-26T17:11:00,,,,16.7,2026-02-26T04:44:00,,,,,,,,19.62,2.99,2026-02-26T13:00:00,,,,,0.0,2026-02-26T01:00:00,,,,,,,,0.0,-99.5,0.0,,0.0,,84,75.0,2026-02-26T09:34:00,90.0,2026-02-26T18:33:00,,,,,,1014.2,2026-02-26T01:00:00,,,,1009.0,2026-02-26T16:00:00,,,1012.0,,,,,,,,,,,,,1011.7,1014.5,2026-02-26T00:01:00,1008.7,2026-02-26T15:59:00,9.7,-999.5,,,18.7,,,21.5,23.5,2026-02-26T13:50:00,19.3,2026-02-26T04:44:00,,-99.5,-99.5,-99.5,-99.5,-99.5,-99.5,-99.5,-99.95,,,,,,30,360.0,2026-02-26T19:24:00,4.3,10.5,0,,3,,3,,7,,2,,1,,0,,0,,0,,0,,0,,0,,0,,0,,0,,0,,0,,0,,0,,0,,0,,0,,0,,0,,0,,0,,0,,0,,0,,0,,0,,0,,0,,0,,2,,2,,4,,0,,,20.0,,,6.9,2026-02-26T19:59:00,,,0,,13.4,,14.3,,26.1,,7.9,,3.1,,0.0,,0.0,,0.0,,0.0,,0.0,,0.0,,0.0,,0.0,,0.0,,0.0,,0.0,,0.0,,0.0,,0.0,,0.0,,0.0,,0.0,,0.0,,0.0,,0.0,,0.0,,0.0,,0.0,,0.0,,0.0,,0.0,,0.0,,0.0,,9.8,,9.6,,19.7,,0.0,
2026-02-27,,,,,,,,,20.7,2026-02-27T20:08:00,,,,15.5,2026-02-27T10:35:00,,,,,,,,9.56,1.78,2026-02-27T10:00:00,,,,,0.0,2026-02-27T01:00:00,,,,,,,,0.0,-99.5,0.0,,0.0,,78,52.0,2026-02-27T10:10:00,92.0,2026-02-27T05:55:00,,,,,,1011.4,2026-02-27T23:59:00,,,,1007.9,2026-02-27T15:00:00,,,1010.1,,,,,,,,,,,,,1009.8,1011.2,2026-02-27T07:39:00,1007.2,2026-02-27T14:39:00,8.1,-999.5,,,18.8,,,23.0,26.8,2026-02-27T10:11:00,20.9,2026-02-27T00:54:00,,-99.5,-99.5,-99.5,-99.5,-99.5,-99.5,-99.5,-99.95,,,,,,20,20.0,2026-02-27T18:14:00,5.5,12.8,0,,5,,7,,4,,3,,2,,0,,0,,0,,0,,0,,0,,0,,0,,0,,0,,0,,0,,0,,0,,0,,0,,0,,0,,0,,0,,0,,0,,0,,0,,0,,0,,0,,0,,0,,1,,2,,0,,,20.0,,,9.3,2026-02-27T18:20:00,,,0,,30.0,,39.2,,19.8,,14.6,,7.9,,0.0,,0.0,,0.0,,0.0,,0.0,,0.0,,0.0,,0.0,,0.0,,0.0,,0.0,,0.0,,0.0,,0.0,,0.0,,0.0,,0.0,,0.0,,0.0,,0.0,,0.0,,0.0,,0.0,,0.0,,0.0,,0.0,,0.0,,0.0,,0.0,,6.5,,12.8,,0.0,
2026-02-28,,,,,,,,,20.2,2026-02-28T01:20:00,,,,17.4,2026-02-28T06:54:00,,,,,,,,5.78,1.4,2026-02-28T12:00:00,,,,,1.5,2026-02-28T19:00:00,,,,,,,,2.0,-99.5,0.5,2026-02-28T04:47:00,1.5,2026-02-28T17:48:00,91,83.0,2026-02-28T12:31:00,97.0,2026-02-28T20:14:00,,,,,,1014.5,2026-02-28T10:00:00,,,,1010.5,2026-02-28T17:00:00,,,1012.2,,,,,,,,,,,,,1011.9,1014.3,2026-02-28T10:03:00,1010.1,2026-02-28T16:50:00,5.6,-999.5,,,19.1,,,20.6,22.0,2026-02-28T15:44:00,19.3,2026-02-28T06:02:00,,-99.5,-99.5,-99.5,-99.5,-99.5,-99.5,-99.5,-99.95,,,,,,30,20.0,2026-02-28T05:15:00,4.2,9.1,0,,1,,5,,10,,4,,1,,0,,0,,0,,0,,0,,0,,0,,0,,0,,0,,0,,0,,0,,0,,0,,0,,0,,0,,0,,0,,0,,0,,0,,0,,0,,0,,0,,0,,0,,0,,3,,0,,,20.0,,,6.4,2026-02-28T05:17:00,,,0,,2.7,,23.6,,42.9,,12.7,,4.2,,0.0,,0.0,,0.0,,0.0,,0.0,,0.0,,0.0,,0.0,,0.0,,0.0,,0.0,,0.0,,0.0,,0.0,,0.0,,0.0,,0.0,,0.0,,0.0,,0.0,,0.0,,0.0,,0.0,,0.0,,0.0,,0.0,,0.0,,0.0,,0.0,,0.0,,14.4,,0.0,
2026-03-01,,,,,,,,,22.6,2026-03-01T21:35:00,,,,19.0,2026-03-01T08:34:00,,,,,,,,20.02,3.11,2026-03-01T13:00:00,,,,,0.0,2026-03-01T01:00:00,,,,,,,,0.0,-99.5,0.0,,0.0,,84,72.0,2026-03-01T16:14:00,96.0,2026-03-01T00:04:00,,,,,,1012.3,2026-03-01T01:00:00,,,,1008.7,2026-03-01T16:00:00,,,1010.7,,,,,,,,,,,,,1010.4,1012.4,2026-03-01T00:23:00,1008.1,2026-03-01T16:38:00,9.5,-999.5,,,20.5,,,23.3,26.9,2026-03-01T16:51:00,19.9,2026-03-01T02:14:00,,-99.5,-99.5,-99.5,-99.5,-99.5,-99.5,-99.5,-99.95,,,,,,180,190.0,2026-03-01T17:10:00,4.1,13.1,0,,0,,2,,2,,3,,3,,0,,0,,0,,0,,0,,0,,0,,0,,0,,0,,0,,3,,3,,2,,0,,0,,0,,0,,0,,0,,0,,0,,0,,0,,1,,0,,0,,2,,3,,0,,0,,0,,,190.0,,,8.7,2026-03-01T16:48:00,,,0,,0.0,,4.6,,5.7,,8.6,,10.4,,0.0,,0.0,,0.0,,0.0,,0.0,,0.0,,0.0,,0.0,,0.0,,0.0,,0.0,,16.3,,19.4,,15.1,,0.0,,0.0,,0.0,,0.0,,0.0,,0.0,,0.0,,0.0,,0.0,,0.0,,3.6,,0.0,,0.0,,5.4,,9.0,,0.0,,0.0,,0.0,
2026-03-02,,,,,,,,,24.2,2026-03-02T13:38:00,,,,21.6,2026-03-02T23:16:00,,,,,,,,20.66,2.9,2026-03-02T14:00:00,,,,,2.0,2026-03-02T03:00:00,,,,,,,,3.0,-99.5,1.5,2026-03-02T02:43:00,3.0,2026-03-02T02:17:00,89,72.0,2026-03-02T09:44:00,99.0,2026-03-02T03:35:00,,,,,,1012.5,2026-03-02T23:00:00,,,,1009.5,2026-03-02T16:00:00,,,1010.9,,,,,,,,,,,,,1010.6,1012.3,2026-03-02T23:42:00,1009.2,2026-03-02T15:51:00,10.0,-999.5,,,22.6,,,24.5,27.7,2026-03-02T09:41:00,22.5,2026-03-02T07:11:00,,-99.5,-99.5,-99.5,-99.5,-99.5,-99.5,-99.5,-99.95,,,,,,310,20.0,2026-03-02T22:37:00,3.4,7.8,0,,2,,0,,0,,4,,0,,0,,1,,1,,0,,0,,0,,0,,0,,1,,0,,1,,0,,0,,0,,0,,0,,0,,0,,0,,0,,0,,0,,0,,0,,1,,5,,3,,1,,1,,1,,2,,0,,,310.0,,,6.1,2026-03-02T15:32:00,,,0,,9.5,,0.0,,0.0,,7.9,,0.0,,0.0,,2.5,,1.8,,0.0,,0.0,,0.0,,0.0,,0.0,,2.8,,0.0,,3.5,,0.0,,0.0,,0.0,,0.0,,0.0,,0.0,,0.0,,0.0,,0.0,,0.0,,0.0,,0.0,,0.0,,1.4,,21.6,,11.9,,4.3,,4.2,,2.8,,8.2,,0.0,
2026-03-03,,,,,,,,,22.3,2026-03-03T00:41:00,,,,14.4,2026-03-03T23:32:00,,,,,,,,7.94,1.69,2026-03-03T14:00:00,,,,,13.0,2026-03-03T09:00:00,,,,,,,,19.0,-99.5,7.0,2026-03-03T08:51:00,14.5,2026-03-03T08:04:00,87,77.0,2026-03-03T19:10:00,99.0,2026-03-03T09:09:00,,,,,,1016.2,2026-03-03T22:00:00,,,,1010.9,2026-03-03T04:00:00,,,1013.5,,,,,,,,,,,,,1013.2,1016.0,2026-03-03T22:48:00,1010.6,2026-03-03T03:51:00,6.4,-999.5,,,18.0,,,20.1,23.9,2026-03-03T00:14:00,17.3,2026-03-03T10:13:00,,-99.5,-99.5,-99.5,-99.5,-99.5,-99.5,-99.5,-99.95,,,,,,20,40.0,2026-03-03T09:00:00,5.7,14.9,0,,5,,10,,6,,1,,0,,0,,0,,0,,0,,0,,0,,0,,0,,0,,0,,0,,0,,0,,0,,0,,0,,0,,0,,0,,0,,0,,0,,0,,0,,0,,0,,0,,0,,0,,1,,1,,0,,,30.0,,,9.0,2026-03-03T09:02:00,,,0,,23.0,,62.3,,35.9,,5.9,,0.0,,0.0,,0.0,,0.0,,0.0,,0.0,,0.0,,0.0,,0.0,,0.0,,0.0,,0.0,,0.0,,0.0,,0.0,,0.0,,0.0,,0.0,,0.0,,0.0,,0.0,,0.0,,0.0,,0.0,,0.0,,0.0,,0.0,,0.0,,0.0,,0.0,,5.1,,4.9,,0.0,
2026-03-04,,,,,,,,,17.7,2026-03-04T20:29:00,,,,14.0,2026-03-04T04:30:00,,,,,,,,8.01,1.15,2026-03-04T15:00:00,,,,,0.0,2026-03-04T01:00:00,,,,,,,,0.0,-99.5,0.0,,0.0,,82,73.0,2026-03-04T15:00:00,89.0,2026-03-04T21:50:00,,,,,,1017.2,2026-03-04T09:00:00,,,,1013.6,2026-03-04T16:00:00,,,1015.4,,,,,,,,,,,,,1015.1,1017.0,2026-03-04T09:16:00,1013.1,2026-03-04T16:40:00,8.1,-999.5,,,15.7,,,18.9,20.4,2026-03-04T18:04:00,16.8,2026-03-04T06:06:00,,-99.5,-99.5,-99.5,-99.5,-99.5,-99.5,-99.5,-99.95,,,,,,30,30.0,2026-03-04T09:26:00,4.8,11.2,0,,7,,5,,7,,4,,0,,0,,0,,0,,0,,0,,0,,0,,0,,0,,0,,0,,0,,0,,0,,0,,0,,0,,0,,0,,0,,0,,0,,0,,0,,0,,0,,0,,0,,0,,0,,1,,0,,,30.0,,,7.2,2026-03-04T09:23:00,,,0,,32.5,,27.5,,33.6,,17.6,,0.0,,0.0,,0.0,,0.0,,0.0,,0.0,,0.0,,0.0,,0.0,,0.0,,0.0,,0.0,,0.0,,0.0,,0.0,,0.0,,0.0,,0.0,,0.0,,0.0,,0.0,,0.0,,0.0,,0.0,,0.0,,0.0,,0.0,,0.0,,0.0,,0.0,,0.0,,4.7,,0.0,
2026-03-05,,,,,,,,,19.3,2026-03-05T15:49:00,,,,16.7,2026-03-05T02:42:00,,,,,,,,8.39,1.29,2026-03-05T13:00:00,,,,,0.0,2026-03-05T01:00:00,,,,,,,,0.0,-99.5,0.0,,0.0,,90,84.0,2026-03-05T13:06:00,95.0,2026-03-05T17:25:00,,,,,,1015.9,2026-03-05T23:00:00,,,,1013.4,2026-03-05T15:00:00,,,1014.7,,,,,,,,,,,,,1014.5,1015.7,2026-03-05T10:46:00,1013.0,2026-03-05T14:47:00,7.2,-999.5,,,18.0,,,19.5,21.1,2026-03-05T13:08:00,18.2,2026-03-05T03:07:00,,-99.5,-99.5,-99.5,-99.5,-99.5,-99.5,-99.5,-99.95,,,,,,20,360.0,2026-03-05T17:42:00,4.7,11.5,0,,4,,8,,4,,4,,1,,0,,0,,0,,0,,0,,0,,0,,0,,0,,0,,0,,0,,0,,0,,0,,0,,0,,0,,0,,0,,0,,0,,0,,0,,0,,0,,0,,0,,0,,1,,2,,0,,,360.0,,,7.8,2026-03-05T17:35:00,,,0,,23.8,,39.1,,17.6,,12.2,,3.9,,0.0,,0.0,,0.0,,0.0,,0.0,,0.0,,0.0,,0.0,,0.0,,0.0,,0.0,,0.0,,0.0,,0.0,,0.0,,0.0,,0.0,,0.0,,0.0,,0.0,,0.0,,0.0,,0.0,,0.0,,0.0,,0.0,,0.0,,0.0,,0.0,,5.3,,12.0,,0.0,
2026-03-06,,,,,,,,,18.9,2026-03-06T09:19:00,,,,13.7,2026-03-06T23:31:00,,,,,,,,19.39,3.19,2026-03-06T13:00:00,,,,,0.5,2026-03-06T02:00:00,,,,,,,,0.5,-99.5,0.5,2026-03-06T00:54:00,0.5,2026-03-06T00:04:00,83,74.0,2026-03-06T13:30:00,97.0,2026-03-06T00:51:00,,,,,,1017.7,2026-03-06T23:59:00,,,,1013.7,2026-03-06T15:00:00,,,1015.5,,,,,,,,,,,,,1015.2,1017.5,2026-03-06T23:41:00,1013.2,2026-03-06T14:17:00,9.9,-999.5,,,16.9,,,19.7,21.8,2026-03-06T13:31:00,17.4,2026-03-06T23:58:00,,-99.5,-99.5,-99.5,-99.5,-99.5,-99.5,-99.5,-99.95,,,,,,20,20.0,2026-03-06T17:49:00,8.2,18.1,0,,5,,10,,4,,0,,0,,0,,0,,0,,0,,0,,0,,0,,0,,0,,0,,0,,0,,0,,0,,0,,0,,0,,0,,0,,0,,0,,0,,0,,0,,0,,0,,0,,0,,0,,0,,5,,0,,,360.0,,,12.0,2026-03-06T12:59:00,,,0,,41.0,,77.1,,28.0,,0.0,,0.0,,0.0,,0.0,,0.0,,0.0,,0.0,,0.0,,0.0,,0.0,,0.0,,0.0,,0.0,,0.0,,0.0,,0.0,,0.0,,0.0,,0.0,,0.0,,0.0,,0.0,,0.0,,0.0,,0.0,,0.0,,0.0,,0.0,,0.0,,0.0,,0.0,,0.0,,50.3,,0.0,
2026-03-07,,,,,,,,,16.0,2026-03-07T14:33:00,,,,11.3,2026-03-07T08:15:00,,,,,,,,22.07,3.19,2026-03-07T13:00:00,,,,,0.0,2026-03-07T01:00:00,,,,,,,,0.0,-99.5,0.0,,0.0,,73,61.0,2026-03-07T10:59:00,81.0,2026-03-07T01:10:00,,,,,,1020.2,2026-03-07T23:59:00,,,,1016.5,2026-03-07T04:00:00,,,1018.3,,,,,,,,,,,,,1018.0,1020.0,2026-03-07T23:31:00,1016.2,2026-03-07T16:11:00,10.1,-999.5,,,13.4,,,18.2,20.7,2026-03-07T13:45:00,15.8,2026-03-07T06:19:00,,-99.5,-99.5,-99.5,-99.5,-99.5,-99.5,-99.5,-99.95,,,,,,20,10.0,2026-03-07T14:28:00,7.1,17.0,0,,3,,11,,5,,0,,0,,0,,0,,0,,0,,0,,0,,0,,0,,0,,0,,0,,0,,0,,0,,0,,0,,0,,0,,0,,0,,0,,0,,0,,0,,0,,0,,0,,0,,0,,0,,5,,0,,,360.0,,,11.5,2026-03-07T14:10:00,,,0,,22.7,,71.7,,28.6,,0.0,,0.0,,0.0,,0.0,,0.0,,0.0,,0.0,,0.0,,0.0,,0.0,,0.0,,0.0,,0.0,,0.0,,0.0,,0.0,,0.0,,0.0,,0.0,,0.0,,0.0,,0.0,,0.0,,0.0,,0.0,,0.0,,0.0,,0.0,,0.0,,0.0,,0.0,,0.0,,47.1,,0.0,
2026-03-08,,,,,,,,,17.9,2026-03-08T12:37:00,,,,12.3,2026-03-08T06:04:00,,,,,,,,22.64,3.23,2026-03-08T13:00:00,,,,,0.0,2026-03-08T01:00:00,,,,,,,,0.0,-99.5,0.0,,0.0,,80,72.0,2026-03-08T10:50:00,86.0,2026-03-08T12:12:00,,,,,,1021.1,2026-03-08T23:59:00,,,,1017.4,2026-03-08T16:00:00,,,1019.6,,,,,,,,,,,,,1019.3,1020.9,2026-03-08T08:08:00,1017.0,2026-03-08T16:19:00,10.1,-999.5,,,15.2,,,18.6,21.1,2026-03-08T12:58:00,15.8,2026-03-08T06:05:00,,-99.5,-99.5,-99.5,-99.5,-99.5,-99.5,-99.5,-99.95,,,,,,20,360.0,2026-03-08T17:01:00,6.7,15.5,0,,0,,12,,3,,0,,0,,0,,0,,0,,0,,0,,0,,0,,0,,0,,0,,0,,0,,0,,0,,0,,0,,0,,0,,0,,0,,0,,0,,0,,0,,0,,0,,0,,0,,0,,0,,9,,0,,,360.0,,,11.1,2026-03-08T15:36:00,,,0,,0.0,,67.3,,10.8,,0.0,,0.0,,0.0,,0.0,,0.0,,0.0,,0.0,,0.0,,0.0,,0.0,,0.0,,0.0,,0.0,,0.0,,0.0,,0.0,,0.0,,0.0,,0.0,,0.0,,0.0,,0.0,,0.0,,0.0,,0.0,,0.0,,0.0,,0.0,,0.0,,0.0,,0.0,,0.0,,81.7,,0.0,
2026-03-09,,,,,,,,,17.4,2026-03-09T12:08:00,,,,11.4,2026-03-09T23:50:00,,,,,,,,15.92,3.06,2026-03-09T12:00:00,,,,,0.0,2026-03-09T01:00:00,,,,,,,,0.0,-99.5,0.0,,0.0,,79,73.0,2026-03-09T18:52:00,86.0,2026-03-09T06:42:00,,,,,,1022.2,2026-03-09T22:00:00,,,,1019.2,2026-03-09T15:00:00,,,1020.8,,,,,,,,,,,,,1020.5,1022.0,2026-03-09T22:04:00,1018.9,2026-03-09T14:58:00,9.1,-999.5,,,14.7,,,18.4,20.9,2026-03-09T11:29:00,16.0,2026-03-09T23:52:00,,-99.5,-99.5,-99.5,-99.5,-99.5,-99.5,-99.5,-99.95,,,,,,20,10.0,2026-03-09T17:31:00,7.1,18.0,0,,3,,11,,5,,1,,0,,0,,0,,0,,0,,0,,0,,0,,0,,0,,0,,0,,0,,0,,0,,0,,0,,0,,0,,0,,0,,0,,0,,0,,0,,0,,0,,0,,0,,0,,0,,4,,0,,,20.0,,,11.7,2026-03-09T17:39:00,,,0,,19.2,,87.6,,24.1,,3.9,,0.0,,0.0,,0.0,,0.0,,0.0,,0.0,,0.0,,0.0,,0.0,,0.0,,0.0,,0.0,,0.0,,0.0,,0.0,,0.0,,0.0,,0.0,,0.0,,0.0,,0.0,,0.0,,0.0,,0.0,,0.0,,0.0,,0.0,,0.0,,0.0,,0.0,,0.0,,35.2,,0.0,
2026-03-10,,,,,,,,,12.4,2026-03-10T15:11:00,,,,10.0,2026-03-10T07:27:00,,,,,,,,3.81,0.54,2026-03-10T12:00:00,,,,,0.0,2026-03-10T01:00:00,,,,,,,,0.0,-99.5,0.0,,0.0,,75,71.0,2026-03-10T07:43:00,79.0,2026-03-10T22:36:00,,,,,,1022.4,2026-03-10T10:00:00,,,,1019.2,2026-03-10T16:00:00,,,1020.7,,,,,,,,,,,,,1020.4,1022.1,2026-03-10T10:05:00,1018.9,2026-03-10T15:17:00,3.8,-999.5,,,11.3,,,15.7,16.5,2026-03-10T15:12:00,15.0,2026-03-10T23:54:00,,-99.5,-99.5,-99.5,-99.5,-99.5,-99.5,-99.5,-99.95,,,,,,20,30.0,2026-03-10T02:09:00,5.8,13.0,0,,2,,16,,6,,0,,0,,0,,0,,0,,0,,0,,0,,0,,0,,0,,0,,0,,0,,0,,0,,0,,0,,0,,0,,0,,0,,0,,0,,0,,0,,0,,0,,0,,0,,0,,0,,0,,0,,,20.0,,,8.4,2026-03-10T12:30:00,,,0,,10.7,,95.9,,32.8,,0.0,,0.0,,0.0,,0.0,,0.0,,0.0,,0.0,,0.0,,0.0,,0.0,,0.0,,0.0,,0.0,,0.0,,0.0,,0.0,,0.0,,0.0,,0.0,,0.0,,0.0,,0.0,,0.0,,0.0,,0.0,,0.0,,0.0,,0.0,,0.0,,0.0,,0.0,,0.0,,0.0,,0.0,
2026-03-11,,,,,,,,,15.2,2026-03-11T18:37:00,,,,10.1,2026-03-11T04:45:00,,,,,,,,23.41,3.34,2026-03-11T13:00:00,,,,,0.0,2026-03-11T01:00:00,,,,,,,,0.0,-99.5,0.0,,0.0,,73,64.0,2026-03-11T10:03:00,80.0,2026-03-11T01:02:00,,,,,,1020.4,2026-03-11T01:00:00,,,,1015.5,2026-03-11T17:00:00,,,1018.0,,,,,,,,,,,,,1017.7,1020.3,2026-03-11T00:20:00,1015.1,2026-03-11T16:46:00,10.0,-999.5,,,12.5,,,17.2,19.6,2026-03-11T16:01:00,14.1,2026-03-11T06:27:00,,-99.5,-99.5,-99.5,-99.5,-99.5,-99.5,-99.5,-99.95,,,,,,30,360.0,2026-03-11T13:57:00,6.3,15.0,0,,0,,7,,9,,0,,0,,0,,0,,0,,0,,0,,0,,0,,0,,0,,0,,0,,0,,0,,0,,0,,0,,0,,0,,0,,0,,0,,0,,0,,0,,0,,0,,0,,0,,0,,0,,8,,0,,,360.0,,,10.5,2026-03-11T13:58:00,,,0,,0.0,,37.3,,47.1,,0.0,,0.0,,0.0,,0.0,,0.0,,0.0,,0.0,,0.0,,0.0,,0.0,,0.0,,0.0,,0.0,,0.0,,0.0,,0.0,,0.0,,0.0,,0.0,,0.0,,0.0,,0.0,,0.0,,0.0,,0.0,,0.0,,0.0,,0.0,,0.0,,0.0,,0.0,,0.0,,66.1,,0.0,
2026-03-12,,,,,,,,,15.1,2026-03-12T13:19:00,,,,-0.5,2026-03-12T23:56:00,,,,,,,,24.27,3.45,2026-03-12T13:00:00,,,,,0.0,2026-03-12T01:00:00,,,,,,,,0.0,-99.5,0.0,,0.0,,64,29.0,2026-03-12T23:56:00,81.0,2026-03-12T01:46:00,,,,,,1020.2,2026-03-12T23:59:00,,,,1016.3,2026-03-12T15:00:00,,,1018.1,,,,,,,,,,,,,1017.8,1020.1,2026-03-12T23:59:00,1015.9,2026-03-12T15:23:00,10.2,-999.5,,,11.0,,,18.0,20.5,2026-03-12T12:22:00,16.0,2026-03-12T06:43:00,,-99.5,-99.5,-99.5,-99.5,-99.5,-99.5,-99.5,-99.95,,,,,,30,10.0,2026-03-12T17:19:00,8.3,19.9,0,,4,,6,,10,,0,,0,,0,,0,,0,,0,,0,,0,,0,,0,,0,,0,,0,,0,,0,,0,,0,,0,,0,,0,,0,,0,,0,,0,,0,,0,,0,,0,,0,,0,,0,,0,,4,,0,,,20.0,,,13.0,2026-03-12T18:47:00,,,0,,40.5,,56.4,,60.7,,0.0,,0.0,,0.0,,0.0,,0.0,,0.0,,0.0,,0.0,,0.0,,0.0,,0.0,,0.0,,0.0,,0.0,,0.0,,0.0,,0.0,,0.0,,0.0,,0.0,,0.0,,0.0,,0.0,,0.0,,0.0,,0.0,,0.0,,0.0,,0.0,,0.0,,0.0,,0.0,,41.9,,0.0,
2026-03-13,,,,,,,,,12.6,2026-03-13T16:46:00,,,,0.3,2026-03-13T00:13:00,,,,,,,,23.99,3.38,2026-03-13T13:00:00,,,,,0.0,2026-03-13T01:00:00,,,,,,,,0.0,-99.5,0.0,,0.0,,55,32.0,2026-03-13T00:04:00,71.0,2026-03-13T23:45:00,,,,,,1022.9,2026-03-13T22:00:00,,,,1019.5,2026-03-13T03:00:00,,,1021.1,,,,,,,,,,,,,1020.8,1022.7,2026-03-13T22:11:00,1019.1,2026-03-13T03:14:00,10.2,-999.5,,,7.8,,,16.9,19.9,2026-03-13T12:08:00,13.8,2026-03-13T06:27:00,,-99.5,-99.5,-99.5,-99.5,-99.5,-99.5,-99.5,-99.95,,,,,,30,30.0,2026-03-13T05:14:00,6.5,16.3,0,,5,,2,,13,,2,,0,,0,,0,,0,,0,,0,,0,,0,,0,,0,,0,,0,,0,,0,,0,,0,,0,,0,,0,,0,,0,,0,,0,,0,,0,,0,,0,,0,,0,,0,,0,,2,,0,,,30.0,,,10.0,2026-03-13T03:19:00,,,0,,38.1,,13.3,,84.9,,9.0,,0.0,,0.0,,0.0,,0.0,,0.0,,0.0,,0.0,,0.0,,0.0,,0.0,,0.0,,0.0,,0.0,,0.0,,0.0,,0.0,,0.0,,0.0,,0.0,,0.0,,0.0,,0.0,,0.0,,0.0,,0.0,,0.0,,0.0,,0.0,,0.0,,0.0,,0.0,,10.7,,0.0,
2026-03-14,,,,,,,,,16.2,2026-03-14T19:04:00,,,,9.3,2026-03-14T02:54:00,,,,,,,,23.7,3.36,2026-03-14T13:00:00,,,,,0.0,2026-03-14T01:00:00,,,,,,,,0.0,-99.5,0.0,,0.0,,73,65.0,2026-03-14T11:37:00,83.0,2026-03-14T19:04:00,,,,,,1024.7,2026-03-14T10:00:00,,,,1021.4,2026-03-14T16:00:00,,,1022.8,,,,,,,,,,,,,1022.5,1024.5,2026-03-14T10:33:00,1021.0,2026-03-14T16:53:00,10.2,-999.5,,,13.0,,,17.8,20.1,2026-03-14T11:43:00,14.6,2026-03-14T05:01:00,,-99.5,-99.5,-99.5,-99.5,-99.5,-99.5,-99.5,-99.95,,,,,,360,360.0,2026-03-14T12:39:00,3.9,11.8,0,,3,,1,,4,,2,,3,,0,,0,,0,,0,,0,,0,,0,,0,,0,,0,,0,,0,,0,,0,,0,,0,,0,,0,,0,,0,,0,,0,,0,,0,,0,,0,,0,,0,,0,,3,,8,,0,,,360.0,,,7.9,2026-03-14T14:08:00,,,0,,11.2,,1.8,,10.3,,4.3,,5.4,,0.0,,0.0,,0.0,,0.0,,0.0,,0.0,,0.0,,0.0,,0.0,,0.0,,0.0,,0.0,,0.0,,0.0,,0.0,,0.0,,0.0,,0.0,,0.0,,0.0,,0.0,,0.0,,0.0,,0.0,,0.0,,0.0,,0.0,,0.0,,0.0,,16.8,,44.1,,0.0,
2026-03-15,,,,,,,,,17.4,2026-03-15T22:00:00,,,,13.5,2026-03-15T07:35:00,,,,,,,,23.71,3.36,2026-03-15T13:00:00,,,,,0.0,2026-03-15T01:00:00,,,,,,,,0.0,-99.5,0.0,,0.0,,80,70.0,2026-03-15T19:35:00,98.0,2026-03-15T04:23:00,,,,,,1023.9,2026-03-15T10:00:00,,,,1019.1,2026-03-15T17:00:00,,,1021.4,,,,,,,,,,,,,1021.1,1023.7,2026-03-15T09:26:00,1018.8,2026-03-15T17:06:00,10.2,-999.5,,,15.7,,,19.1,20.9,2026-03-15T19:39:00,16.1,2026-03-15T05:54:00,,-99.5,-99.5,-99.5,-99.5,-99.5,-99.5,-99.5,-99.95,,,,,,350,10.0,2026-03-15T14:51:00,4.0,10.8,0,,2,,3,,3,,1,,4,,0,,1,,1,,1,,0,,0,,0,,0,,0,,0,,0,,0,,0,,0,,0,,0,,0,,0,,0,,0,,0,,0,,0,,0,,0,,0,,0,,0,,0,,5,,3,,0,,,360.0,,,7.4,2026-03-15T15:06:00,,,0,,10.7,,8.8,,9.5,,2.1,,12.5,,0.0,,2.0,,2.5,,2.2,,0.0,,0.0,,0.0,,0.0,,0.0,,0.0,,0.0,,0.0,,0.0,,0.0,,0.0,,0.0,,0.0,,0.0,,0.0,,0.0,,0.0,,0.0,,0.0,,0.0,,0.0,,0.0,,0.0,,0.0,,0.0,,29.0,,16.8,,0.0,
2026-03-16,,,,,,,,,18.8,2026-03-16T19:39:00,,,,13.9,2026-03-16T02:12:00,,,,,,,,23.87,3.38,2026-03-16T12:00:00,,,,,0.0,2026-03-16T01:00:00,,,,,,,,0.0,-99.5,0.0,,0.0,,78,65.0,2026-03-16T09:34:00,91.0,2026-03-16T23:59:00,,,,,,1020.8,2026-03-16T09:00:00,,,,1016.3,2026-03-16T16:00:00,,,1018.8,,,,,,,,,,,,,1018.5,1020.8,2026-03-16T00:01:00,1016.0,2026-03-16T16:38:00,10.2,-999.5,,,16.3,,,20.2,22.5,2026-03-16T13:13:00,17.4,2026-03-16T05:59:00,,-99.5,-99.5,-99.5,-99.5,-99.5,-99.5,-99.5,-99.95,,,,,,350,360.0,2026-03-16T16:04:00,3.6,10.5,0,,1,,1,,5,,1,,2,,1,,3,,0,,0,,0,,0,,0,,0,,0,,0,,0,,0,,0,,0,,0,,0,,0,,0,,0,,0,,0,,0,,0,,0,,0,,0,,0,,0,,1,,5,,3,,0,,,350.0,,,7.4,2026-03-16T16:13:00,,,0,,6.2,,4.6,,12.7,,2.4,,4.4,,2.9,,3.7,,0.0,,0.0,,0.0,,0.0,,0.0,,0.0,,0.0,,0.0,,0.0,,0.0,,0.0,,0.0,,0.0,,0.0,,0.0,,0.0,,0.0,,0.0,,0.0,,0.0,,0.0,,0.0,,0.0,,0.0,,0.0,,0.0,,5.7,,28.6,,16.3,,0.0,
2026-03-17,,,,,,,,,18.6,2026-03-17T18:14:00,,,,15.1,2026-03-17T14:06:00,,,,,,,,23.39,3.39,2026-03-17T13:00:00,,,,,0.0,2026-03-17T01:00:00,,,,,,,,0.0,-99.5,0.0,,0.0,,81,61.0,2026-03-17T14:06:00,99.0,2026-03-17T07:16:00,,,,,,1019.3,2026-03-17T10:00:00,,,,1015.1,2026-03-17T16:00:00,,,1017.4,,,,,,,,,,,,,1017.1,1019.2,2026-03-17T09:30:00,1014.7,2026-03-17T15:22:00,10.2,-999.5,,,17.0,,,20.5,23.2,2026-03-17T13:28:00,17.6,2026-03-17T06:54:00,,-99.5,-99.5,-99.5,-99.5,-99.5,-99.5,-99.5,-99.95,,,,,,350,360.0,2026-03-17T16:30:00,3.7,10.2,0,,2,,2,,4,,2,,4,,2,,0,,0,,0,,0,,0,,0,,0,,0,,0,,0,,0,,0,,0,,0,,0,,0,,0,,0,,0,,0,,0,,0,,0,,0,,0,,0,,0,,2,,4,,2,,0,,,360.0,,,7.0,2026-03-17T16:59:00,,,0,,6.3,,5.5,,9.2,,5.8,,11.3,,7.1,,0.0,,0.0,,0.0,,0.0,,0.0,,0.0,,0.0,,0.0,,0.0,,0.0,,0.0,,0.0,,0.0,,0.0,,0.0,,0.0,,0.0,,0.0,,0.0,,0.0,,0.0,,0.0,,0.0,,0.0,,0.0,,0.0,,0.0,,11.2,,19.3,,12.4,,0.0,
2026-03-18,,,,,,,,,20.4,2026-03-18T22:27:00,,,,13.6,2026-03-18T09:36:00,,,,,,,,23.76,3.3,2026-03-18T13:00:00,,,,,0.0,2026-03-18T01:00:00,,,,,,,,0.0,-99.5,0.0,,0.0,,69,46.0,2026-03-18T12:20:00,90.0,2026-03-18T06:47:00,,,,,,1018.0,2026-03-18T09:00:00,,,,1013.7,2026-03-18T16:00:00,,,1015.9,,,,,,,,,,,,,1015.6,1017.8,2026-03-18T09:40:00,1013.3,2026-03-18T15:20:00,10.2,-999.5,,,17.1,,,23.2,27.0,2026-03-18T12:16:00,18.7,2026-03-18T06:00:00,,-99.5,-99.5,-99.5,-99.5,-99.5,-99.5,-99.5,-99.95,,,,,,230,230.0,2026-03-18T16:32:00,2.8,7.8,0,,0,,0,,0,,0,,0,,0,,0,,0,,2,,2,,4,,1,,1,,0,,0,,2,,0,,0,,0,,1,,0,,0,,7,,2,,1,,0,,1,,0,,0,,0,,0,,0,,0,,0,,0,,0,,0,,,240.0,,,5.6,2026-03-18T14:46:00,,,0,,0.0,,0.0,,0.0,,0.0,,0.0,,0.0,,0.0,,0.0,,2.4,,3.5,,8.4,,2.4,,1.5,,0.0,,0.0,,3.1,,0.0,,0.0,,0.0,,2.4,,0.0,,0.0,,30.1,,6.9,,4.8,,0.0,,1.3,,0.0,,0.0,,0.0,,0.0,,0.0,,0.0,,0.0,,0.0,,0.0,,0.0,
2026-03-19,,,,,,,,,20.9,2026-03-19T14:16:00,,,,18.1,2026-03-19T07:14:00,,,,,,,,21.68,3.11,2026-03-19T12:00:00,,,,,0.0,2026-03-19T01:00:00,,,,,,,,0.0,-99.5,0.0,,0.0,,84,68.0,2026-03-19T09:12:00,91.0,2026-03-19T03:54:00,,,,,,1016.5,2026-03-19T10:00:00,,,,1013.2,2026-03-19T15:00:00,,,1015.0,,,,,,,,,,,,,1014.7,1016.3,2026-03-19T09:48:00,1012.8,2026-03-19T15:43:00,10.0,-999.5,,,19.5,,,22.4,25.5,2026-03-19T09:11:00,20.3,2026-03-19T05:39:00,,-99.5,-99.5,-99.5,-99.5,-99.5,-99.5,-99.5,-99.95,,,,,,360,360.0,2026-03-19T14:55:00,4.7,13.8,0,,3,,3,,0,,0,,2,,1,,0,,0,,4,,2,,0,,1,,0,,0,,0,,0,,0,,0,,0,,0,,0,,0,,0,,0,,0,,0,,0,,0,,0,,0,,0,,0,,0,,1,,2,,5,,0,,,360.0,,,9.3,2026-03-19T14:56:00,,,0,,19.1,,19.9,,0.0,,0.0,,8.3,,2.4,,0.0,,0.0,,8.9,,4.3,,0.0,,2.2,,0.0,,0.0,,0.0,,0.0,,0.0,,0.0,,0.0,,0.0,,0.0,,0.0,,0.0,,0.0,,0.0,,0.0,,0.0,,0.0,,0.0,,0.0,,0.0,,0.0,,0.0,,3.8,,10.4,,34.1,,0.0,
2026-03-20,,,,,,,,,19.5,2026-03-20T13:41:00,,,,16.8,2026-03-20T06:57:00,,,,,,,,22.21,3.23,2026-03-20T13:00:00,,,,,0.0,2026-03-20T01:00:00,,,,,,,,0.0,-99.5,0.0,,0.0,,83,73.0,2026-03-20T11:11:00,92.0,2026-03-20T03:16:00,,,,,,1018.0,2026-03-20T23:59:00,,,,1014.6,2026-03-20T04:00:00,,,1016.1,,,,,,,,,,,,,1015.8,1017.7,2026-03-20T23:10:00,1014.2,2026-03-20T16:28:00,10.1,-999.5,,,18.2,,,21.1,23.5,2026-03-20T12:28:00,19.3,2026-03-20T04:15:00,,-99.5,-99.5,-99.5,-99.5,-99.5,-99.5,-99.5,-99.95,,,,,,30,20.0,2026-03-20T18:03:00,5.9,12.7,0,,2,,3,,8,,4,,0,,0,,0,,0,,0,,0,,0,,0,,0,,0,,0,,0,,0,,0,,0,,0,,0,,0,,0,,0,,0,,0,,0,,0,,0,,0,,0,,0,,0,,0,,2,,5,,0,,,20.0,,,8.5,2026-03-20T18:43:00,,,0,,15.0,,18.3,,43.9,,22.9,,0.0,,0.0,,0.0,,0.0,,0.0,,0.0,,0.0,,0.0,,0.0,,0.0,,0.0,,0.0,,0.0,,0.0,,0.0,,0.0,,0.0,,0.0,,0.0,,0.0,,0.0,,0.0,,0.0,,0.0,,0.0,,0.0,,0.0,,0.0,,0.0,,0.0,,12.3,,29.9,,0.0,
2026-03-21,,,,,,,,,19.7,2026-03-21T11:44:00,,,,17.8,2026-03-21T20:47:00,,,,,,,,21.67,3.14,2026-03-21T12:00:00,,,,,0.0,2026-03-21T01:00:00,,,,,,,,0.0,-99.5,0.0,,0.0,,86,77.0,2026-03-21T16:09:00,95.0,2026-03-21T05:01:00,,,,,,1018.2,2026-03-21T10:00:00,,,,1015.2,2026-03-21T16:00:00,,,1016.7,,,,,,,,,,,,,1016.4,1018.1,2026-03-21T09:50:00,1014.9,2026-03-21T15:51:00,10.1,-999.5,,,18.9,,,21.3,23.0,2026-03-21T11:34:00,19.6,2026-03-21T04:17:00,,-99.5,-99.5,-99.5,-99.5,-99.5,-99.5,-99.5,-99.95,,,,,,10,360.0,2026-03-21T15:07:00,6.6,15.1,0,,8,,4,,5,,1,,0,,0,,0,,0,,0,,0,,0,,0,,0,,0,,0,,0,,0,,0,,0,,0,,0,,0,,0,,0,,0,,0,,0,,0,,0,,0,,0,,0,,0,,0,,0,,6,,0,,,360.0,,,10.2,2026-03-21T15:28:00,,,0,,51.8,,22.5,,26.5,,6.1,,0.0,,0.0,,0.0,,0.0,,0.0,,0.0,,0.0,,0.0,,0.0,,0.0,,0.0,,0.0,,0.0,,0.0,,0.0,,0.0,,0.0,,0.0,,0.0,,0.0,,0.0,,0.0,,0.0,,0.0,,0.0,,0.0,,0.0,,0.0,,0.0,,0.0,,0.0,,50.7,,0.0,
2026-03-22,,,,,,,,,20.5,2026-03-22T20:07:00,,,,17.3,2026-03-22T07:19:00,,,,,,,,23.12,3.28,2026-03-22T12:00:00,,,,,0.0,2026-03-22T01:00:00,,,,,,,,0.0,-99.5,0.0,,0.0,,83,72.0,2026-03-22T10:17:00,91.0,2026-03-22T02:48:00,,,,,,1017.3,2026-03-22T09:00:00,,,,1014.4,2026-03-22T16:00:00,,,1015.8,,,,,,,,,,,,,1015.5,1017.2,2026-03-22T09:15:00,1014.0,2026-03-22T15:50:00,10.2,-999.5,,,18.9,,,21.7,23.9,2026-03-22T14:11:00,19.3,2026-03-22T03:51:00,,-99.5,-99.5,-99.5,-99.5,-99.5,-99.5,-99.5,-99.95,,,,,,40,40.0,2026-03-22T07:31:00,4.2,9.1,0,,2,,3,,4,,4,,0,,1,,1,,0,,0,,0,,0,,0,,0,,0,,0,,0,,0,,0,,0,,0,,0,,0,,0,,0,,0,,0,,0,,0,,0,,0,,0,,0,,1,,3,,2,,3,,0,,,340.0,,,6.3,2026-03-22T13:59:00,,,0,,5.4,,14.0,,15.9,,18.3,,0.0,,2.5,,2.3,,0.0,,0.0,,0.0,,0.0,,0.0,,0.0,,0.0,,0.0,,0.0,,0.0,,0.0,,0.0,,0.0,,0.0,,0.0,,0.0,,0.0,,0.0,,0.0,,0.0,,0.0,,0.0,,0.0,,0.0,,0.0,,5.1,,17.7,,7.3,,13.0,,0.0,
2026-03-23,,,,,,,,,21.5,2026-03-23T13:57:00,,,,19.1,2026-03-23T00:14:00,,,,,,,,22.99,3.22,2026-03-23T13:00:00,,,,,0.0,2026-03-23T01:00:00,,,,,,,,0.0,-99.5,0.0,,0.0,,84,73.0,2026-03-23T12:18:00,95.0,2026-03-23T03:46:00,,,,,,1015.9,2026-03-23T10:00:00,,,,1012.9,2026-03-23T15:00:00,,,1014.6,,,,,,,,,,,,,1014.3,1015.9,2026-03-23T00:01:00,1012.6,2026-03-23T15:08:00,10.3,-999.5,,,19.9,,,22.9,25.3,2026-03-23T13:20:00,20.7,2026-03-23T04:54:00,,-99.5,-99.5,-99.5,-99.5,-99.5,-99.5,-99.5,-99.95,,,,,,40,360.0,2026-03-23T16:14:00,3.6,9.7,0,,1,,0,,3,,6,,4,,0,,0,,0,,0,,0,,0,,0,,0,,0,,0,,0,,0,,0,,0,,0,,0,,0,,0,,0,,0,,0,,0,,0,,0,,0,,0,,0,,3,,4,,0,,3,,0,,,360.0,,,6.7,2026-03-23T16:52:00,,,0,,5.1,,0.0,,10.9,,15.0,,10.5,,0.0,,0.0,,0.0,,0.0,,0.0,,0.0,,0.0,,0.0,,0.0,,0.0,,0.0,,0.0,,0.0,,0.0,,0.0,,0.0,,0.0,,0.0,,0.0,,0.0,,0.0,,0.0,,0.0,,0.0,,0.0,,0.0,,0.0,,10.2,,17.5,,0.0,,18.1,,0.0,
2026-03-24,,,,,,,,,21.8,2026-03-24T15:56:00,,,,19.4,2026-03-24T00:13:00,,,,,,,,20.78,3.18,2026-03-24T13:00:00,,,,,0.0,2026-03-24T01:00:00,,,,,,,,0.0,-99.5,0.0,,0.0,,84,73.0,2026-03-24T13:29:00,96.0,2026-03-24T06:42:00,,,,,,1014.8,2026-03-24T09:00:00,,,,1011.1,2026-03-24T18:00:00,,,1013.0,,,,,,,,,,,,,1012.7,1014.6,2026-03-24T09:11:00,1010.8,2026-03-24T17:29:00,9.5,-999.5,,,20.7,,,23.6,25.6,2026-03-24T13:40:00,21.8,2026-03-24T05:54:00,,-99.5,-99.5,-99.5,-99.5,-99.5,-99.5,-99.5,-99.95,,,,,,30,360.0,2026-03-24T16:05:00,3.3,8.0,0,,0,,2,,7,,2,,1,,0,,1,,1,,0,,0,,0,,0,,0,,0,,0,,0,,0,,0,,0,,0,,0,,0,,0,,0,,0,,0,,0,,0,,0,,0,,0,,0,,1,,4,,3,,2,,0,,,350.0,,,5.5,2026-03-24T16:05:00,,,0,,0.0,,6.0,,23.0,,4.8,,2.3,,0.0,,2.6,,2.0,,0.0,,0.0,,0.0,,0.0,,0.0,,0.0,,0.0,,0.0,,0.0,,0.0,,0.0,,0.0,,0.0,,0.0,,0.0,,0.0,,0.0,,0.0,,0.0,,0.0,,0.0,,0.0,,0.0,,0.0,,5.3,,17.4,,9.5,,7.1,,0.0,
2026-03-25,,,,,,,,,22.1,2026-03-25T14:41:00,,,,18.5,2026-03-25T20:55:00,,,,,,,,23.61,3.27,2026-03-25T13:00:00,,,,,0.0,2026-03-25T01:00:00,,,,,,,,0.0,-99.5,0.0,,0.0,,80,68.0,2026-03-25T20:55:00,88.0,2026-03-25T04:14:00,,,,,,1013.9,2026-03-25T10:00:00,,,,1011.3,2026-03-25T15:00:00,,,1012.5,,,,,,,,,,,,,1012.3,1013.7,2026-03-25T10:17:00,1010.9,2026-03-25T15:34:00,10.3,-999.5,,,20.8,,,24.4,25.8,2026-03-25T12:46:00,22.9,2026-03-25T04:32:00,,-99.5,-99.5,-99.5,-99.5,-99.5,-99.5,-99.5,-99.95,,,,,,20,360.0,2026-03-25T16:57:00,4.3,10.1,0,,3,,9,,2,,0,,0,,0,,0,,0,,0,,0,,0,,0,,0,,0,,0,,0,,0,,0,,0,,0,,0,,0,,0,,0,,0,,0,,0,,0,,0,,0,,0,,0,,0,,2,,5,,3,,0,,,360.0,,,7.3,2026-03-25T17:32:00,,,0,,10.1,,30.3,,5.1,,0.0,,0.0,,0.0,,0.0,,0.0,,0.0,,0.0,,0.0,,0.0,,0.0,,0.0,,0.0,,0.0,,0.0,,0.0,,0.0,,0.0,,0.0,,0.0,,0.0,,0.0,,0.0,,0.0,,0.0,,0.0,,0.0,,0.0,,0.0,,0.0,,0.0,,13.3,,30.2,,15.1,,0.0,
2026-03-26,,,,,,,,,20.9,2026-03-26T12:23:00,,,,18.5,2026-03-26T22:10:00,,,,,,,,22.47,3.25,2026-03-26T13:00:00,,,,,0.0,2026-03-26T01:00:00,,,,,,,,0.0,-99.5,0.0,,0.0,,79,70.0,2026-03-26T15:16:00,89.0,2026-03-26T05:47:00,,,,,,1014.0,2026-03-26T10:00:00,,,,1011.0,2026-03-26T15:00:00,,,1012.7,,,,,,,,,,,,,1012.5,1013.8,2026-03-26T09:15:00,1010.7,2026-03-26T14:49:00,9.7,-999.5,,,19.8,,,23.6,25.5,2026-03-26T14:01:00,21.7,2026-03-26T06:31:00,,-99.5,-99.5,-99.5,-99.5,-99.5,-99.5,-99.5,-99.95,,,,,,50,20.0,2026-03-26T17:56:00,3.3,10.2,0,,2,,1,,4,,3,,5,,1,,1,,0,,0,,0,,0,,0,,0,,0,,0,,0,,0,,0,,0,,0,,0,,0,,0,,0,,0,,0,,0,,0,,0,,0,,1,,1,,4,,0,,1,,0,,0,,,10.0,,,7.0,2026-03-26T17:43:00,,,0,,12.8,,2.0,,9.9,,9.9,,14.8,,2.3,,1.7,,0.0,,0.0,,0.0,,0.0,,0.0,,0.0,,0.0,,0.0,,0.0,,0.0,,0.0,,0.0,,0.0,,0.0,,0.0,,0.0,,0.0,,0.0,,0.0,,0.0,,0.0,,0.0,,0.0,,3.5,,3.9,,13.6,,0.0,,5.1,,0.0,,0.0,
2026-03-27,,,,,,,,,22.4,2026-03-27T16:29:00,,,,19.1,2026-03-27T00:02:00,,,,,,,,20.81,3.01,2026-03-27T13:00:00,,,,,0.0,2026-03-27T01:00:00,,,,,,,,0.0,-99.5,0.0,,0.0,,83,68.0,2026-03-27T11:49:00,90.0,2026-03-27T06:08:00,,,,,,1013.7,2026-03-27T10:00:00,,,,1009.6,2026-03-27T17:00:00,,,1011.9,,,,,,,,,,,,,1011.7,1013.5,2026-03-27T09:29:00,1009.3,2026-03-27T16:15:00,9.7,-999.5,,,20.5,,,23.6,26.4,2026-03-27T11:46:00,22.2,2026-03-27T04:36:00,,-99.5,-99.5,-99.5,-99.5,-99.5,-99.5,-99.5,-99.95,,,,,,360,30.0,2026-03-27T19:17:00,4.9,11.7,0,,3,,3,,2,,4,,2,,0,,1,,0,,0,,0,,0,,0,,0,,0,,0,,0,,0,,0,,0,,0,,0,,0,,0,,0,,0,,0,,0,,0,,0,,0,,0,,0,,0,,0,,3,,6,,0,,,20.0,,,7.6,2026-03-27T19:26:00,,,0,,13.4,,14.7,,6.7,,14.5,,7.6,,0.0,,4.1,,0.0,,0.0,,0.0,,0.0,,0.0,,0.0,,0.0,,0.0,,0.0,,0.0,,0.0,,0.0,,0.0,,0.0,,0.0,,0.0,,0.0,,0.0,,0.0,,0.0,,0.0,,0.0,,0.0,,0.0,,0.0,,0.0,,0.0,,18.1,,37.7,,0.0,
2026-03-28,,,,,,,,,21.5,2026-03-28T15:39:00,,,,18.1,2026-03-28T04:54:00,,,,,,,,21.14,3.15,2026-03-28T13:00:00,,,,,0.0,2026-03-28T01:00:00,,,,,,,,0.0,-99.5,0.0,,0.0,,80,72.0,2026-03-28T10:16:00,86.0,2026-03-28T23:58:00,,,,,,1014.5,2026-03-28T09:00:00,,,,1010.4,2026-03-28T16:00:00,,,1012.4,,,,,,,,,,,,,1012.1,1014.3,2026-03-28T09:01:00,1010.0,2026-03-28T15:41:00,9.4,-999.5,,,19.9,,,23.4,25.3,2026-03-28T14:20:00,21.7,2026-03-28T06:02:00,,-99.5,-99.5,-99.5,-99.5,-99.5,-99.5,-99.5,-99.95,,,,,,20,360.0,2026-03-28T16:31:00,4.9,9.6,0,,3,,5,,4,,4,,0,,0,,0,,0,,0,,0,,0,,0,,0,,0,,0,,0,,0,,0,,0,,0,,0,,0,,0,,0,,0,,0,,0,,0,,0,,0,,0,,0,,0,,0,,4,,4,,0,,,360.0,,,7.0,2026-03-28T16:49:00,,,0,,14.2,,24.2,,16.7,,15.5,,0.0,,0.0,,0.0,,0.0,,0.0,,0.0,,0.0,,0.0,,0.0,,0.0,,0.0,,0.0,,0.0,,0.0,,0.0,,0.0,,0.0,,0.0,,0.0,,0.0,,0.0,,0.0,,0.0,,0.0,,0.0,,0.0,,0.0,,0.0,,0.0,,0.0,,23.6,,22.9,,0.0,
2026-03-29,,,,,,,,,22.2,2026-03-29T14:19:00,,,,19.9,2026-03-29T14:37:00,,,,,,,,23.03,3.27,2026-03-29T13:00:00,,,,,0.0,2026-03-29T01:00:00,,,,,,,,0.0,-99.5,0.0,,0.0,,84,71.0,2026-03-29T14:36:00,94.0,2026-03-29T04:20:00,,,,,,1013.7,2026-03-29T23:00:00,,,,1008.9,2026-03-29T17:00:00,,,1011.8,,,,,,,,,,,,,1011.5,1013.4,2026-03-29T23:16:00,1008.6,2026-03-29T16:59:00,9.9,-999.5,,,21.2,,,24.1,25.8,2026-03-29T14:42:00,22.4,2026-03-29T05:54:00,,-99.5,-99.5,-99.5,-99.5,-99.5,-99.5,-99.5,-99.95,,,,,,350,340.0,2026-03-29T14:37:00,4.1,9.9,0,,1,,1,,3,,4,,0,,0,,1,,0,,0,,0,,0,,0,,0,,0,,0,,0,,0,,0,,0,,0,,0,,0,,0,,0,,0,,0,,0,,0,,0,,0,,0,,0,,0,,4,,9,,1,,0,,,340.0,,,7.0,2026-03-29T14:37:00,,,0,,3.0,,3.5,,8.8,,11.7,,0.0,,0.0,,3.4,,0.0,,0.0,,0.0,,0.0,,0.0,,0.0,,0.0,,0.0,,0.0,,0.0,,0.0,,0.0,,0.0,,0.0,,0.0,,0.0,,0.0,,0.0,,0.0,,0.0,,0.0,,0.0,,0.0,,0.0,,0.0,,0.0,,20.6,,43.6,,4.2,,0.0,
2026-03-30,,,,,,,,,23.9,2026-03-30T23:55:00,,,,19.9,2026-03-30T01:00:00,,,,,,,,22.2,3.18,2026-03-30T13:00:00,,,,,0.0,2026-03-30T01:00:00,,,,,,,,0.0,-99.5,0.0,,0.0,,79,67.0,2026-03-30T13:20:00,94.0,2026-03-30T02:50:00,,,,,,1013.4,2026-03-30T01:00:00,,,,1010.3,2026-03-30T05:00:00,,,1011.7,,,,,,,,,,,,,1011.4,1013.4,2026-03-30T00:33:00,1009.9,2026-03-30T05:29:00,10.3,-999.5,,,21.6,,,25.5,28.0,2026-03-30T14:06:00,22.2,2026-03-30T04:15:00,,-99.5,-99.5,-99.5,-99.5,-99.5,-99.5,-99.5,-99.95,,,,,,210,210.0,2026-03-30T12:47:00,3.6,9.2,0,,0,,0,,0,,0,,0,,0,,0,,0,,1,,1,,0,,0,,0,,0,,1,,0,,1,,3,,2,,3,,4,,2,,2,,1,,2,,0,,0,,0,,0,,0,,0,,0,,1,,0,,0,,0,,0,,,210.0,,,7.0,2026-03-30T12:56:00,,,0,,0.0,,0.0,,0.0,,0.0,,0.0,,0.0,,0.0,,0.0,,3.6,,3.0,,0.0,,0.0,,0.0,,0.0,,2.3,,0.0,,2.6,,8.5,,4.9,,11.4,,14.9,,10.9,,6.5,,5.5,,7.8,,0.0,,0.0,,0.0,,0.0,,0.0,,0.0,,0.0,,3.8,,0.0,,0.0,,0.0,,0.0,
2026-03-31,,,,,,,,,24.4,2026-03-31T03:00:00,,,,21.2,2026-03-31T09:20:00,,,,,,,,24.43,3.35,2026-03-31T13:00:00,,,,,0.0,2026-03-31T01:00:00,,,,,,,,0.0,-99.5,0.0,,0.0,,81,67.0,2026-03-31T15:08:00,99.0,2026-03-31T03:23:00,,,,,,1013.2,2026-03-31T23:00:00,,,,1009.2,2026-03-31T16:00:00,,,1011.5,,,,,,,,,,,,,1011.2,1013.0,2026-03-31T22:39:00,1008.8,2026-03-31T15:53:00,10.5,-999.5,,,22.2,,,25.8,28.1,2026-03-31T14:08:00,22.8,2026-03-31T06:23:00,,-99.5,-99.5,-99.5,-99.5,-99.5,-99.5,-99.5,-99.95,,,,,,230,230.0,2026-03-31T14:18:00,3.7,9.7,0,,0,,0,,0,,0,,0,,0,,0,,0,,1,,2,,3,,0,,0,,0,,0,,0,,0,,1,,1,,0,,4,,3,,4,,0,,1,,1,,2,,0,,0,,0,,0,,0,,1,,0,,0,,0,,0,,,220.0,,,7.4,2026-03-31T14:27:00,,,0,,0.0,,0.0,,0.0,,0.0,,0.0,,0.0,,0.0,,0.0,,1.9,,3.2,,6.3,,0.0,,0.0,,0.0,,0.0,,0.0,,0.0,,3.5,,1.3,,0.0,,20.9,,15.4,,21.3,,0.0,,3.3,,4.0,,6.5,,0.0,,0.0,,0.0,,0.0,,0.0,,0.5,,0.0,,0.0,,0.0,,0.0,
2026-04-01,,,,,,,,,23.9,2026-04-01T17:32:00,,,,8.3,2026-04-01T14:18:00,,,,,,,,6.45,0.99,2026-04-01T10:00:00,,,,,8.0,2026-04-01T13:00:00,,,,,,,,16.5,-99.5,3.5,2026-04-01T12:30:00,9.0,2026-04-01T12:15:00,91,-9995.0,,99.0,2026-04-01T15:23:00,,,,,,1015.0,2026-04-01T23:59:00,,,,1011.1,2026-04-01T03:00:00,,,1012.7,,,,,,,,,,,,,1012.5,1014.7,2026-04-01T23:59:00,1010.5,2026-04-01T06:17:00,6.5,-999.5,,,22.6,,,24.0,26.9,2026-04-01T09:48:00,21.4,2026-04-01T23:54:00,,-99.5,-99.5,-99.5,-99.5,-99.5,-99.5,-99.5,-99.95,,,,,,30,30.0,2026-04-01T12:26:00,3.1,8.6,0,,0,,1,,6,,3,,0,,2,,0,,0,,0,,0,,0,,0,,1,,1,,1,,1,,0,,0,,1,,0,,0,,0,,2,,1,,1,,2,,0,,0,,0,,0,,1,,0,,0,,0,,0,,0,,0,,,20.0,,,6.1,2026-04-01T13:09:00,,,0,,0.0,,3.7,,19.8,,9.7,,0.0,,7.1,,0.0,,0.0,,0.0,,0.0,,0.0,,0.0,,3.5,,2.8,,3.3,,1.3,,0.0,,0.0,,2.2,,0.0,,0.0,,0.0,,4.8,,2.5,,2.9,,8.5,,0.0,,0.0,,0.0,,0.0,,2.8,,0.0,,0.0,,0.0,,0.0,,0.0,,0.0,
2026-04-02,,,,,,,,,22.8,2026-04-02T19:16:00,,,,17.0,2026-04-02T12:14:00,,,,,,,,15.39,2.46,2026-04-02T11:00:00,,,,,0.0,2026-04-02T01:00:00,,,,,,,,0.0,-99.5,0.0,,0.0,,79,60.0,2026-04-02T12:14:00,99.0,2026-04-02T00:44:00,,,,,,1016.0,2026-04-02T09:00:00,,,,1012.1,2026-04-02T16:00:00,,,1014.2,,,,,,,,,,,,,1013.9,1015.8,2026-04-02T09:03:00,1011.7,2026-04-02T15:26:00,8.7,-999.5,,,19.5,,,23.5,25.8,2026-04-02T13:16:00,21.4,2026-04-02T06:03:00,,-99.5,-99.5,-99.5,-99.5,-99.5,-99.5,-99.5,-99.95,,,,,,40,340.0,2026-04-02T13:34:00,3.0,7.2,0,,0,,3,,1,,6,,1,,1,,1,,0,,0,,0,,0,,0,,0,,0,,0,,0,,0,,0,,0,,0,,0,,0,,0,,0,,0,,0,,0,,0,,0,,0,,0,,0,,1,,4,,2,,4,,0,,,330.0,,,4.9,2026-04-02T13:25:00,,,0,,0.0,,8.5,,2.7,,14.8,,3.3,,2.4,,2.3,,0.0,,0.0,,0.0,,0.0,,0.0,,0.0,,0.0,,0.0,,0.0,,0.0,,0.0,,0.0,,0.0,,0.0,,0.0,,0.0,,0.0,,0.0,,0.0,,0.0,,0.0,,0.0,,0.0,,0.0,,0.0,,4.8,,14.9,,6.2,,11.1,,0.0,
2026-04-03,,,,,,,,,27.6,2026-04-03T16:27:00,,,,19.5,2026-04-03T10:00:00,,,,,,,,20.75,3.05,2026-04-03T13:00:00,,,,,0.0,2026-04-03T01:00:00,,,,,,,,0.0,-99.5,0.0,,0.0,,89,59.0,2026-04-03T11:32:00,99.0,2026-04-03T17:52:00,,,,,,1013.6,2026-04-03T01:00:00,,,,1006.5,2026-04-03T16:00:00,,,1010.1,,,,,,,,,,,,,1009.8,1013.7,2026-04-03T00:02:00,1006.1,2026-04-03T15:53:00,10.1,-999.5,,,23.4,,,25.6,28.8,2026-04-03T11:30:00,21.8,2026-04-03T05:26:00,,-99.5,-99.5,-99.5,-99.5,-99.5,-99.5,-99.5,-99.95,,,,,,180,200.0,2026-04-03T13:46:00,5.8,16.9,0,,0,,0,,1,,2,,0,,0,,1,,2,,0,,0,,0,,2,,0,,0,,0,,1,,1,,8,,4,,2,,0,,0,,0,,0,,0,,0,,0,,0,,0,,0,,0,,0,,0,,0,,0,,0,,0,,,180.0,,,11.5,2026-04-03T13:18:00,,,0,,0.0,,0.0,,4.5,,7.3,,0.0,,0.0,,2.2,,3.1,,0.0,,0.0,,0.0,,5.4,,0.0,,0.0,,0.0,,2.6,,6.2,,60.4,,37.2,,11.0,,0.0,,0.0,,0.0,,0.0,,0.0,,0.0,,0.0,,0.0,,0.0,,0.0,,0.0,,0.0,,0.0,,0.0,,0.0,,0.0,,0.0,
2026-04-04,,,,,,,,,26.0,2026-04-04T00:08:00,,,,20.0,2026-04-04T19:25:00,,,,,,,,1.19,0.37,2026-04-04T08:00:00,,,,,5.0,2026-04-04T16:00:00,,,,,,,,31.5,-99.5,2.5,2026-04-04T15:50:00,7.0,2026-04-04T15:49:00,96,84.0,2026-04-04T04:48:00,99.0,2026-04-04T10:24:00,,,,,,1010.5,2026-04-04T23:59:00,,,,1007.4,2026-04-04T05:00:00,,,1008.7,,,,,,,,,,,,,1008.4,1010.3,2026-04-04T19:29:00,1007.0,2026-04-04T04:47:00,0.7,-999.5,,,22.9,,,23.4,26.4,2026-04-04T00:05:00,20.0,2026-04-04T19:25:00,,-99.5,-99.5,-99.5,-99.5,-99.5,-99.5,-99.5,-99.95,,,,,,160,260.0,2026-04-04T11:21:00,5.2,18.0,0,,0,,0,,0,,0,,0,,0,,0,,0,,0,,0,,1,,2,,0,,1,,3,,4,,2,,3,,2,,3,,1,,0,,1,,0,,0,,1,,0,,0,,0,,0,,0,,0,,0,,0,,0,,0,,0,,,260.0,,,11.7,2026-04-04T11:27:00,,,0,,0.0,,0.0,,0.0,,0.0,,0.0,,0.0,,0.0,,0.0,,0.0,,0.0,,5.0,,14.2,,0.0,,5.9,,13.3,,16.1,,6.7,,11.3,,9.6,,21.9,,4.8,,0.0,,6.7,,0.0,,0.0,,8.4,,0.0,,0.0,,0.0,,0.0,,0.0,,0.0,,0.0,,0.0,,0.0,,0.0,,0.0,
2026-04-05,,,,,,,,,26.1,2026-04-05T18:42:00,,,,20.2,2026-04-05T08:41:00,,,,,,,,18.59,2.79,2026-04-05T13:00:00,,,,,0.0,2026-04-05T01:00:00,,,,,,,,0.0,-99.5,0.0,,0.0,,88,66.0,2026-04-05T12:57:00,99.0,2026-04-05T23:37:00,,,,,,1011.4,2026-04-05T10:00:00,,,,1008.7,2026-04-05T16:00:00,,,1010.0,,,,,,,,,,,,,1009.7,1011.2,2026-04-05T10:15:00,1008.3,2026-04-05T14:39:00,10.3,-999.5,,,23.0,,,25.2,28.3,2026-04-05T14:06:00,21.6,2026-04-05T00:14:00,,-99.5,-99.5,-99.5,-99.5,-99.5,-99.5,-99.5,-99.95,,,,,,180,210.0,2026-04-05T14:48:00,4.2,10.1,0,,0,,0,,0,,0,,0,,0,,0,,0,,0,,0,,0,,0,,1,,3,,2,,1,,4,,8,,3,,2,,0,,0,,0,,0,,0,,0,,0,,0,,0,,0,,0,,0,,0,,0,,0,,0,,0,,,200.0,,,7.4,2026-04-05T15:10:00,,,0,,0.0,,0.0,,0.0,,0.0,,0.0,,0.0,,0.0,,0.0,,0.0,,0.0,,0.0,,0.0,,5.6,,8.3,,6.7,,2.5,,13.0,,37.0,,14.5,,13.1,,0.0,,0.0,,0.0,,0.0,,0.0,,0.0,,0.0,,0.0,,0.0,,0.0,,0.0,,0.0,,0.0,,0.0,,0.0,,0.0,,0.0,
2026-04-06,,,,,,,,,25.9,2026-04-06T18:53:00,,,,23.6,2026-04-06T06:45:00,,,,,,,,11.52,1.93,2026-04-06T15:00:00,,,,,4.5,2026-04-06T05:00:00,,,,,,,,7.0,-99.5,1.5,2026-04-06T04:06:00,4.5,2026-04-06T04:00:00,93,81.0,2026-04-06T15:28:00,99.0,2026-04-06T02:14:00,,,,,,1011.6,2026-04-06T10:00:00,,,,1008.9,2026-04-06T17:00:00,,,1010.2,,,,,,,,,,,,,1009.9,1011.3,2026-04-06T09:58:00,1008.4,2026-04-06T03:45:00,8.6,-999.5,,,24.9,,,26.0,27.8,2026-04-06T15:23:00,23.6,2026-04-06T06:45:00,,-99.5,-99.5,-99.5,-99.5,-99.5,-99.5,-99.5,-99.95,,,,,,160,170.0,2026-04-06T10:35:00,4.8,10.7,0,,0,,0,,0,,0,,0,,0,,0,,0,,0,,0,,0,,0,,0,,0,,3,,7,,3,,6,,4,,1,,0,,0,,0,,0,,0,,0,,0,,0,,0,,0,,0,,0,,0,,0,,0,,0,,0,,,190.0,,,7.4,2026-04-06T15:40:00,,,0,,0.0,,0.0,,0.0,,0.0,,0.0,,0.0,,0.0,,0.0,,0.0,,0.0,,0.0,,0.0,,0.0,,0.0,,13.3,,27.9,,11.3,,32.0,,24.8,,6.2,,0.0,,0.0,,0.0,,0.0,,0.0,,0.0,,0.0,,0.0,,0.0,,0.0,,0.0,,0.0,,0.0,,0.0,,0.0,,0.0,,0.0,
2026-04-07,,,,,,,,,26.3,2026-04-07T15:11:00,,,,22.5,2026-04-07T20:12:00,,,,,,,,8.99,2.31,2026-04-07T11:00:00,,,,,1.0,2026-04-07T18:00:00,,,,,,,,2.0,-99.5,0.5,2026-04-07T15:25:00,1.0,2026-04-07T16:27:00,93,75.0,2026-04-07T10:47:00,99.0,2026-04-07T22:11:00,,,,,,1013.2,2026-04-07T23:59:00,,,,1009.6,2026-04-07T04:00:00,,,1011.3,,,,,,,,,,,,,1011.0,1013.0,2026-04-07T23:22:00,1009.2,2026-04-07T03:36:00,5.5,-999.5,,,23.9,,,25.1,28.3,2026-04-07T11:33:00,22.5,2026-04-07T20:12:00,,-99.5,-99.5,-99.5,-99.5,-99.5,-99.5,-99.5,-99.95,,,,,,200,20.0,2026-04-07T17:12:00,3.6,14.6,0,,1,,1,,3,,2,,0,,0,,0,,0,,0,,0,,0,,0,,1,,1,,2,,4,,0,,1,,0,,4,,1,,2,,0,,0,,1,,0,,0,,0,,0,,0,,0,,0,,0,,0,,0,,0,,0,,,20.0,,,8.7,2026-04-07T17:16:00,,,0,,3.8,,3.8,,12.7,,8.3,,0.0,,0.0,,0.0,,0.0,,0.0,,0.0,,0.0,,0.0,,2.1,,1.5,,5.8,,10.6,,0.0,,3.2,,0.0,,18.0,,5.4,,8.7,,0.0,,0.0,,3.5,,0.0,,0.0,,0.0,,0.0,,0.0,,0.0,,0.0,,0.0,,0.0,,0.0,,0.0,,0.0,
2026-04-08,,,,,,,,,24.8,2026-04-08T18:40:00,,,,21.4,2026-04-08T06:15:00,,,,,,,,10.01,1.87,2026-04-08T14:00:00,,,,,0.5,2026-04-08T07:00:00,,,,,,,,0.5,-99.5,0.5,2026-04-08T06:12:00,0.5,2026-04-08T05:22:00,96,85.0,2026-04-08T13:27:00,99.0,2026-04-08T19:18:00,,,,,,1015.3,2026-04-08T10:00:00,,,,1011.8,2026-04-08T16:00:00,,,1013.5,,,,,,,,,,,,,1013.2,1015.1,2026-04-08T10:10:00,1011.5,2026-04-08T16:03:00,7.6,-999.5,,,23.0,,,23.5,25.6,2026-04-08T13:26:00,21.5,2026-04-08T06:15:00,,-99.5,-99.5,-99.5,-99.5,-99.5,-99.5,-99.5,-99.95,,,,,,30,10.0,2026-04-08T19:46:00,3.2,7.3,0,,1,,5,,6,,3,,2,,1,,0,,0,,0,,0,,0,,0,,0,,0,,0,,0,,0,,0,,0,,0,,0,,0,,0,,0,,0,,0,,0,,0,,0,,0,,0,,0,,0,,0,,4,,2,,0,,,10.0,,,4.6,2026-04-08T19:53:00,,,0,,4.4,,16.6,,18.3,,10.2,,4.9,,1.6,,0.0,,0.0,,0.0,,0.0,,0.0,,0.0,,0.0,,0.0,,0.0,,0.0,,0.0,,0.0,,0.0,,0.0,,0.0,,0.0,,0.0,,0.0,,0.0,,0.0,,0.0,,0.0,,0.0,,0.0,,0.0,,0.0,,0.0,,0.0,,13.4,,6.9,,0.0,
2026-04-09,,,,,,,,,26.7,2026-04-09T17:30:00,,,,22.8,2026-04-09T04:41:00,,,,,,,,21.54,3.08,2026-04-09T12:00:00,,,,,0.5,2026-04-09T05:00:00,,,,,,,,1.0,-99.5,0.5,2026-04-09T03:53:00,0.5,2026-04-09T03:03:00,95,82.0,2026-04-09T16:01:00,99.0,2026-04-09T03:32:00,,,,,,1014.3,2026-04-09T09:00:00,,,,1009.9,2026-04-09T18:00:00,,,1012.2,,,,,,,,,,,,,1011.9,1014.0,2026-04-09T09:07:00,1009.6,2026-04-09T17:36:00,10.3,-999.5,,,24.8,,,25.7,28.3,2026-04-09T13:47:00,22.9,2026-04-09T04:41:00,,-99.5,-99.5,-99.5,-99.5,-99.5,-99.5,-99.5,-99.95,,,,,,210,200.0,2026-04-09T16:07:00,4.1,9.8,0,,1,,0,,1,,1,,1,,0,,0,,1,,2,,0,,0,,0,,0,,0,,0,,0,,0,,0,,3,,4,,7,,0,,0,,1,,0,,0,,0,,0,,1,,1,,0,,0,,0,,0,,0,,0,,0,,,200.0,,,7.7,2026-04-09T16:13:00,,,0,,2.0,,0.0,,3.0,,3.2,,3.1,,0.0,,0.0,,3.5,,2.9,,0.0,,0.0,,0.0,,0.0,,0.0,,0.0,,0.0,,0.0,,0.0,,13.3,,24.5,,37.8,,0.0,,0.0,,2.4,,0.0,,0.0,,0.0,,0.0,,1.8,,1.4,,0.0,,0.0,,0.0,,0.0,,0.0,,0.0,,0.0,
2026-04-10,,,,,,,,,25.5,2026-04-10T01:58:00,,,,19.6,2026-04-10T12:26:00,,,,,,,,24.47,3.42,2026-04-10T13:00:00,,,,,0.0,2026-04-10T01:00:00,,,,,,,,0.0,-99.5,0.0,,0.0,,82,58.0,2026-04-10T12:26:00,99.0,2026-04-10T06:26:00,,,,,,1013.3,2026-04-10T09:00:00,,,,1010.3,2026-04-10T17:00:00,,,1011.7,,,,,,,,,,,,,1011.5,1013.1,2026-04-10T08:58:00,1009.9,2026-04-10T17:22:00,10.3,-999.5,,,23.1,,,26.5,29.5,2026-04-10T13:41:00,24.3,2026-04-10T06:49:00,,-99.5,-99.5,-99.5,-99.5,-99.5,-99.5,-99.5,-99.95,,,,,,210,290.0,2026-04-10T12:48:00,2.6,7.1,0,,0,,0,,0,,0,,0,,0,,0,,0,,0,,0,,0,,1,,0,,1,,1,,2,,3,,1,,1,,1,,4,,1,,0,,0,,1,,1,,3,,2,,0,,0,,1,,0,,0,,0,,0,,0,,0,,,280.0,,,5.8,2026-04-10T12:43:00,,,0,,0.0,,0.0,,0.0,,0.0,,0.0,,0.0,,0.0,,0.0,,0.0,,0.0,,0.0,,2.3,,0.0,,1.3,,1.6,,3.9,,6.3,,2.4,,2.5,,2.2,,12.3,,1.7,,0.0,,0.0,,2.6,,3.8,,13.2,,4.9,,0.0,,0.0,,2.3,,0.0,,0.0,,0.0,,0.0,,0.0,,0.0,
2026-04-11,,,,,,,,,25.9,2026-04-11T15:48:00,,,,21.5,2026-04-11T00:03:00,,,,,,,,24.47,3.37,2026-04-11T13:00:00,,,,,0.5,2026-04-11T18:00:00,,,,,,,,0.5,-99.5,0.5,2026-04-11T17:06:00,0.5,2026-04-11T16:16:00,85,68.0,2026-04-11T11:57:00,98.0,2026-04-11T04:03:00,,,,,,1012.5,2026-04-11T10:00:00,,,,1009.6,2026-04-11T17:00:00,,,1011.1,,,,,,,,,,,,,1010.8,1012.4,2026-04-11T09:38:00,1009.2,2026-04-11T17:03:00,10.6,-999.5,,,23.7,,,26.3,28.5,2026-04-11T13:35:00,23.3,2026-04-11T05:31:00,,-99.5,-99.5,-99.5,-99.5,-99.5,-99.5,-99.5,-99.95,,,,,,220,230.0,2026-04-11T15:28:00,4.4,10.2,0,,0,,0,,0,,0,,0,,0,,0,,0,,0,,0,,0,,0,,4,,0,,2,,0,,0,,3,,0,,4,,4,,7,,0,,0,,0,,0,,0,,0,,0,,0,,0,,0,,0,,0,,0,,0,,0,,,230.0,,,8.0,2026-04-11T15:32:00,,,0,,0.0,,0.0,,0.0,,0.0,,0.0,,0.0,,0.0,,0.0,,0.0,,0.0,,0.0,,0.0,,8.3,,0.0,,4.4,,0.0,,0.0,,9.9,,0.0,,20.9,,17.1,,44.4,,0.0,,0.0,,0.0,,0.0,,0.0,,0.0,,0.0,,0.0,,0.0,,0.0,,0.0,,0.0,,0.0,,0.0,,0.0,
2026-04-12,,,,,,,,,24.7,2026-04-12T04:24:00,,,,20.4,2026-04-12T11:34:00,,,,,,,,25.98,3.53,2026-04-12T13:00:00,,,,,0.0,2026-04-12T01:00:00,,,,,,,,0.0,-99.5,0.0,,0.0,,82,60.0,2026-04-12T11:53:00,99.0,2026-04-12T06:20:00,,,,,,1012.9,2026-04-12T09:00:00,,,,1009.8,2026-04-12T15:00:00,,,1011.4,,,,,,,,,,,,,1011.2,1012.8,2026-04-12T09:19:00,1009.5,2026-04-12T16:27:00,10.7,-999.5,,,23.2,,,26.6,29.3,2026-04-12T11:52:00,23.8,2026-04-12T05:46:00,,-99.5,-99.5,-99.5,-99.5,-99.5,-99.5,-99.5,-99.95,,,,,,200,200.0,2026-04-12T11:58:00,3.8,9.8,0,,0,,0,,0,,0,,0,,0,,0,,0,,0,,0,,0,,0,,2,,1,,1,,0,,1,,4,,5,,6,,4,,0,,0,,0,,0,,0,,0,,0,,0,,0,,0,,0,,0,,0,,0,,0,,0,,,210.0,,,7.4,2026-04-12T13:14:00,,,0,,0.0,,0.0,,0.0,,0.0,,0.0,,0.0,,0.0,,0.0,,0.0,,0.0,,0.0,,0.0,,5.3,,2.6,,2.6,,0.0,,2.2,,12.2,,16.0,,30.6,,19.3,,0.0,,0.0,,0.0,,0.0,,0.0,,0.0,,0.0,,0.0,,0.0,,0.0,,0.0,,0.0,,0.0,,0.0,,0.0,,0.0,
2026-04-13,,,,,,,,,25.0,2026-04-13T05:51:00,,,,20.6,2026-04-13T11:20:00,,,,,,,,27.59,3.67,2026-04-13T13:00:00,,,,,0.0,2026-04-13T01:00:00,,,,,,,,0.0,-99.5,0.0,,0.0,,81,61.0,2026-04-13T15:16:00,99.0,2026-04-13T03:26:00,,,,,,1014.5,2026-04-13T10:00:00,,,,1011.0,2026-04-13T16:00:00,,,1012.6,,,,,,,,,,,,,1012.3,1014.2,2026-04-13T09:58:00,1010.7,2026-04-13T16:17:00,11.0,-999.5,,,23.3,,,26.8,29.3,2026-04-13T15:15:00,23.9,2026-04-13T06:39:00,,-99.5,-99.5,-99.5,-99.5,-99.5,-99.5,-99.5,-99.95,,,,,,240,240.0,2026-04-13T13:41:00,3.4,7.7,0,,0,,0,,0,,0,,0,,0,,0,,0,,0,,1,,0,,1,,3,,0,,1,,0,,0,,0,,0,,0,,1,,5,,2,,7,,3,,0,,0,,0,,0,,0,,0,,0,,0,,0,,0,,0,,0,,,240.0,,,5.9,2026-04-13T13:47:00,,,0,,0.0,,0.0,,0.0,,0.0,,0.0,,0.0,,0.0,,0.0,,0.0,,2.3,,0.0,,2.2,,7.3,,0.0,,0.8,,0.0,,0.0,,0.0,,0.0,,0.0,,3.1,,14.8,,9.7,,28.4,,12.1,,0.0,,0.0,,0.0,,0.0,,0.0,,0.0,,0.0,,0.0,,0.0,,0.0,,0.0,,0.0,
2026-04-14,,,,,,,,,25.0,2026-04-14T21:41:00,,,,21.0,2026-04-14T13:33:00,,,,,,,,24.96,3.44,2026-04-14T13:00:00,,,,,0.0,2026-04-14T01:00:00,,,,,,,,0.0,-99.5,0.0,,0.0,,84,62.0,2026-04-14T13:33:00,99.0,2026-04-14T03:41:00,,,,,,1014.0,2026-04-14T09:00:00,,,,1010.2,2026-04-14T16:00:00,,,1012.1,,,,,,,,,,,,,1011.8,1013.9,2026-04-14T09:25:00,1009.9,2026-04-14T16:21:00,10.7,-999.5,,,23.5,,,26.5,29.1,2026-04-14T13:30:00,23.6,2026-04-14T05:54:00,,-99.5,-99.5,-99.5,-99.5,-99.5,-99.5,-99.5,-99.95,,,,,,260,250.0,2026-04-14T15:20:00,3.3,9.1,0,,0,,0,,0,,0,,0,,0,,0,,0,,0,,1,,1,,0,,3,,1,,0,,0,,0,,0,,0,,1,,1,,2,,1,,4,,2,,4,,3,,0,,0,,0,,0,,0,,0,,0,,0,,0,,0,,,260.0,,,6.9,2026-04-14T15:29:00,,,0,,0.0,,0.0,,0.0,,0.0,,0.0,,0.0,,0.0,,0.0,,0.0,,2.1,,2.1,,0.0,,7.8,,1.4,,0.0,,0.0,,0.0,,0.0,,0.0,,2.6,,4.0,,5.8,,4.3,,13.0,,9.2,,17.3,,10.2,,0.0,,0.0,,0.0,,0.0,,0.0,,0.0,,0.0,,0.0,,0.0,,0.0,
2026-04-15,,,,,,,,,26.5,2026-04-15T16:42:00,,,,22.7,2026-04-15T12:22:00,,,,,,,,19.17,2.9,2026-04-15T13:00:00,,,,,0.0,2026-04-15T01:00:00,,,,,,,,0.0,-99.5,0.0,,0.0,,89,72.0,2026-04-15T15:01:00,99.0,2026-04-15T06:27:00,,,,,,1012.3,2026-04-15T23:00:00,,,,1009.1,2026-04-15T16:00:00,,,1010.8,,,,,,,,,,,,,1010.5,1012.1,2026-04-15T23:17:00,1008.7,2026-04-15T16:25:00,10.0,-999.5,,,24.6,,,26.5,28.8,2026-04-15T13:59:00,24.6,2026-04-15T04:54:00,,-99.5,-99.5,-99.5,-99.5,-99.5,-99.5,-99.5,-99.95,,,,,,310,270.0,2026-04-15T14:54:00,3.3,8.2,0,,0,,0,,0,,0,,0,,0,,2,,1,,0,,0,,0,,0,,0,,2,,0,,0,,0,,0,,0,,0,,0,,0,,2,,1,,1,,2,,0,,1,,2,,2,,3,,0,,1,,1,,1,,1,,1,,,280.0,,,6.1,2026-04-15T15:45:00,,,0,,0.0,,0.0,,0.0,,0.0,,0.0,,0.0,,2.4,,1.5,,0.0,,0.0,,0.0,,0.0,,0.0,,3.1,,0.0,,0.0,,0.0,,0.0,,0.0,,0.0,,0.0,,0.0,,10.4,,3.6,,2.3,,11.1,,0.0,,5.5,,2.9,,8.6,,11.7,,0.0,,4.0,,3.9,,3.7,,3.6,,1.3,
2026-04-16,,,,,,,,,25.8,2026-04-16T11:09:00,,,,23.1,2026-04-16T19:50:00,,,,,,,,15.85,2.59,2026-04-16T12:00:00,,,,,0.0,2026-04-16T01:00:00,,,,,,,,0.0,-99.5,0.0,,0.0,,92,81.0,2026-04-16T10:03:00,99.0,2026-04-16T07:24:00,,,,,,1013.0,2026-04-16T22:00:00,,,,1009.9,2026-04-16T04:00:00,,,1011.4,,,,,,,,,,,,,1011.2,1012.8,2026-04-16T22:14:00,1009.6,2026-04-16T04:40:00,10.2,-999.5,,,24.6,,,25.8,27.3,2026-04-16T10:32:00,24.5,2026-04-16T23:42:00,,-99.5,-99.5,-99.5,-99.5,-99.5,-99.5,-99.5,-99.95,,,,,,40,330.0,2026-04-16T15:41:00,3.4,7.6,0,,1,,3,,1,,4,,2,,1,,1,,0,,0,,0,,0,,0,,0,,0,,0,,0,,0,,0,,0,,0,,0,,0,,0,,0,,0,,0,,0,,0,,0,,0,,0,,0,,3,,3,,3,,2,,0,,,340.0,,,5.7,2026-04-16T16:02:00,,,0,,4.0,,9.5,,2.6,,11.3,,6.3,,3.5,,2.1,,0.0,,0.0,,0.0,,0.0,,0.0,,0.0,,0.0,,0.0,,0.0,,0.0,,0.0,,0.0,,0.0,,0.0,,0.0,,0.0,,0.0,,0.0,,0.0,,0.0,,0.0,,0.0,,0.0,,0.0,,0.0,,13.2,,10.6,,11.2,,6.1,,0.0,
2026-04-17,,,,,,,,,24.8,2026-04-17T21:22:00,,,,21.4,2026-04-17T15:14:00,,,,,,,,23.03,3.3,2026-04-17T13:00:00,,,,,0.0,2026-04-17T01:00:00,,,,,,,,0.0,-99.5,0.0,,0.0,,87,69.0,2026-04-17T13:19:00,99.0,2026-04-17T07:21:00,,,,,,1012.8,2026-04-17T10:00:00,,,,1009.7,2026-04-17T17:00:00,,,1011.5,,,,,,,,,,,,,1011.2,1012.7,2026-04-17T10:17:00,1009.4,2026-04-17T17:05:00,10.3,-999.5,,,23.2,,,25.6,28.2,2026-04-17T14:20:00,23.5,2026-04-17T06:26:00,,-99.5,-99.5,-99.5,-99.5,-99.5,-99.5,-99.5,-99.95,,,,,,330,300.0,2026-04-17T14:53:00,3.5,8.4,0,,2,,0,,1,,2,,1,,1,,1,,0,,0,,0,,0,,0,,0,,0,,0,,0,,0,,0,,0,,0,,0,,0,,0,,0,,0,,0,,0,,0,,2,,0,,2,,0,,6,,2,,3,,1,,0,,,290.0,,,6.3,2026-04-17T14:59:00,,,0,,3.9,,0.0,,1.0,,6.6,,2.9,,3.3,,2.2,,0.0,,0.0,,0.0,,0.0,,0.0,,0.0,,0.0,,0.0,,0.0,,0.0,,0.0,,0.0,,0.0,,0.0,,0.0,,0.0,,0.0,,0.0,,0.0,,0.0,,0.0,,11.9,,0.0,,9.7,,0.0,,25.1,,7.2,,6.5,,3.0,,0.0,
2026-04-18,,,,,,,,,25.3,2026-04-18T17:44:00,,,,21.3,2026-04-18T08:13:00,,,,,,,,22.75,3.2,2026-04-18T13:00:00,,,,,0.0,2026-04-18T01:00:00,,,,,,,,0.0,-99.5,0.0,,0.0,,86,73.0,2026-04-18T08:32:00,97.0,2026-04-18T23:18:00,,,,,,1012.2,2026-04-18T10:00:00,,,,1010.0,2026-04-18T17:00:00,,,1011.1,,,,,,,,,,,,,1010.8,1012.1,2026-04-18T00:01:00,1009.6,2026-04-18T16:39:00,10.5,-999.5,,,23.3,,,25.7,28.0,2026-04-18T12:19:00,24.0,2026-04-18T05:54:00,,-99.5,-99.5,-99.5,-99.5,-99.5,-99.5,-99.5,-99.95,,,,,,320,10.0,2026-04-18T22:07:00,3.2,8.7,0,,1,,2,,1,,2,,1,,0,,2,,0,,1,,1,,1,,0,,0,,0,,0,,0,,0,,0,,0,,0,,0,,0,,0,,0,,0,,0,,0,,0,,1,,2,,2,,2,,1,,1,,1,,2,,0,,,320.0,,,6.2,2026-04-18T14:16:00,,,0,,5.2,,4.9,,4.5,,5.2,,2.4,,0.0,,3.8,,0.0,,1.7,,1.6,,1.3,,0.0,,0.0,,0.0,,0.0,,0.0,,0.0,,0.0,,0.0,,0.0,,0.0,,0.0,,0.0,,0.0,,0.0,,0.0,,0.0,,0.0,,1.2,,6.9,,9.8,,10.3,,2.5,,4.5,,4.0,,8.0,,0.0,
2026-04-19,,,,,,,,,24.8,2026-04-19T13:47:00,,,,19.8,2026-04-19T08:57:00,,,,,,,,25.61,3.45,2026-04-19T13:00:00,,,,,0.0,2026-04-19T01:00:00,,,,,,,,0.0,-99.5,0.0,,0.0,,85,64.0,2026-04-19T09:41:00,99.0,2026-04-19T01:26:00,,,,,,1012.9,2026-04-19T23:00:00,,,,1009.7,2026-04-19T16:00:00,,,1011.3,,,,,,,,,,,,,1011.1,1012.6,2026-04-19T22:45:00,1009.5,2026-04-19T15:59:00,10.9,-999.5,,,22.7,,,25.5,27.3,2026-04-19T10:00:00,24.0,2026-04-19T06:18:00,,-99.5,-99.5,-99.5,-99.5,-99.5,-99.5,-99.5,-99.95,,,,,,350,350.0,2026-04-19T14:20:00,4.1,10.7,0,,1,,2,,3,,5,,1,,1,,0,,1,,0,,0,,0,,0,,0,,0,,0,,0,,0,,0,,0,,0,,0,,0,,0,,0,,0,,0,,0,,0,,0,,0,,0,,0,,0,,1,,8,,1,,0,,,360.0,,,7.8,2026-04-19T14:29:00,,,0,,3.3,,6.4,,11.6,,18.6,,2.1,,2.8,,0.0,,2.2,,0.0,,0.0,,0.0,,0.0,,0.0,,0.0,,0.0,,0.0,,0.0,,0.0,,0.0,,0.0,,0.0,,0.0,,0.0,,0.0,,0.0,,0.0,,0.0,,0.0,,0.0,,0.0,,0.0,,0.0,,0.0,,6.4,,41.2,,4.5,,0.0,
2026-04-20,,,,,,,,,25.4,2026-04-20T14:31:00,,,,21.3,2026-04-20T23:40:00,,,,,,,,25.64,3.53,2026-04-20T13:00:00,,,,,0.0,2026-04-20T01:00:00,,,,,,,,0.0,-99.5,0.0,,0.0,,85,75.0,2026-04-20T12:08:00,92.0,2026-04-20T08:42:00,,,,,,1014.4,2026-04-20T23:00:00,,,,1011.1,2026-04-20T16:00:00,,,1012.8,,,,,,,,,,,,,1012.5,1014.2,2026-04-20T22:26:00,1010.8,2026-04-20T16:05:00,10.9,-999.5,,,23.3,,,25.9,27.8,2026-04-20T12:07:00,23.9,2026-04-20T02:22:00,,-99.5,-99.5,-99.5,-99.5,-99.5,-99.5,-99.5,-99.95,,,,,,310,330.0,2026-04-20T15:29:00,2.3,6.8,0,,0,,1,,0,,0,,0,,0,,0,,1,,1,,0,,1,,0,,0,,0,,0,,0,,0,,0,,0,,0,,0,,0,,0,,0,,0,,0,,0,,1,,0,,1,,5,,2,,3,,2,,5,,1,,0,,,310.0,,,5.1,2026-04-20T13:02:00,,,0,,0.0,,0.6,,0.0,,0.0,,0.0,,0.0,,0.0,,1.4,,1.3,,0.0,,1.4,,0.0,,0.0,,0.0,,0.0,,0.0,,0.0,,0.0,,0.0,,0.0,,0.0,,0.0,,0.0,,0.0,,0.0,,0.0,,0.0,,0.6,,0.0,,0.7,,15.4,,6.2,,8.6,,5.2,,12.1,,1.3,,0.0,
2026-04-21,,,,,,,,,27.7,2026-04-21T12:14:00,,,,19.9,2026-04-21T00:58:00,,,,,,,,22.15,3.32,2026-04-21T13:00:00,,,,,0.5,2026-04-21T21:00:00,,,,,,,,0.5,-99.5,0.5,2026-04-21T20:39:00,0.5,2026-04-21T19:49:00,85,66.0,2026-04-21T13:09:00,99.0,2026-04-21T16:53:00,,,,,,1014.0,2026-04-21T09:00:00,,,,1010.4,2026-04-21T16:00:00,,,1012.2,,,,,,,,,,,,,1011.9,1013.9,2026-04-21T08:34:00,1010.0,2026-04-21T16:03:00,9.8,-999.5,,,23.9,,,26.6,28.4,2026-04-21T10:16:00,24.6,2026-04-21T04:51:00,,-99.5,-99.5,-99.5,-99.5,-99.5,-99.5,-99.5,-99.95,,,,,,310,360.0,2026-04-21T19:02:00,3.0,7.1,0,,0,,1,,2,,2,,2,,0,,2,,1,,0,,0,,0,,0,,0,,0,,0,,0,,0,,0,,0,,0,,0,,0,,0,,0,,0,,0,,0,,0,,0,,0,,4,,2,,2,,1,,3,,2,,0,,,310.0,,,5.3,2026-04-21T12:21:00,,,0,,0.0,,2.3,,6.2,,5.0,,4.0,,0.0,,3.1,,1.8,,0.0,,0.0,,0.0,,0.0,,0.0,,0.0,,0.0,,0.0,,0.0,,0.0,,0.0,,0.0,,0.0,,0.0,,0.0,,0.0,,0.0,,0.0,,0.0,,0.0,,0.0,,0.0,,15.7,,9.2,,8.8,,4.4,,7.9,,4.6,,0.0,
2026-04-22,,,,,,,,,28.5,2026-04-22T16:11:00,,,,20.5,2026-04-22T09:35:00,,,,,,,,24.07,3.26,2026-04-22T13:00:00,,,,,0.0,2026-04-22T01:00:00,,,,,,,,0.0,-99.5,0.0,,0.0,,86,59.0,2026-04-22T09:35:00,99.0,2026-04-22T17:00:00,,,,,,1011.3,2026-04-22T01:00:00,,,,1007.7,2026-04-22T17:00:00,,,1009.5,,,,,,,,,,,,,1009.3,1011.6,2026-04-22T00:01:00,1007.4,2026-04-22T16:30:00,10.4,-999.5,,,24.8,,,27.4,29.7,2026-04-22T13:26:00,24.7,2026-04-22T05:54:00,,-99.5,-99.5,-99.5,-99.5,-99.5,-99.5,-99.5,-99.95,,,,,,190,190.0,2026-04-22T11:45:00,5.0,14.8,0,,0,,0,,0,,0,,0,,0,,0,,0,,0,,0,,1,,3,,1,,1,,0,,0,,0,,4,,10,,1,,3,,0,,0,,0,,0,,0,,0,,0,,0,,0,,0,,0,,0,,0,,0,,0,,0,,,180.0,,,10.1,2026-04-22T11:45:00,,,0,,0.0,,0.0,,0.0,,0.0,,0.0,,0.0,,0.0,,0.0,,0.0,,0.0,,1.1,,7.8,,0.4,,2.9,,0.0,,0.0,,0.0,,22.7,,68.3,,5.7,,10.2,,0.0,,0.0,,0.0,,0.0,,0.0,,0.0,,0.0,,0.0,,0.0,,0.0,,0.0,,0.0,,0.0,,0.0,,0.0,,0.0,
2026-04-23,,,,,,,,,26.4,2026-04-23T01:14:00,,,,21.5,2026-04-23T10:19:00,,,,,,,,17.41,2.88,2026-04-23T14:00:00,,,,,0.0,2026-04-23T01:00:00,,,,,,,,0.0,-99.5,0.0,,0.0,,81,65.0,2026-04-23T13:42:00,98.0,2026-04-23T01:14:00,,,,,,1011.4,2026-04-23T22:00:00,,,,1008.0,2026-04-23T15:00:00,,,1009.4,,,,,,,,,,,,,1009.1,1011.3,2026-04-23T22:23:00,1007.6,2026-04-23T15:17:00,10.0,-999.5,,,23.9,,,27.5,29.2,2026-04-23T13:36:00,25.8,2026-04-23T05:32:00,,-99.5,-99.5,-99.5,-99.5,-99.5,-99.5,-99.5,-99.95,,,,,,220,210.0,2026-04-23T12:04:00,3.0,7.1,0,,0,,0,,0,,0,,0,,0,,0,,0,,0,,0,,0,,0,,0,,1,,2,,3,,1,,1,,4,,1,,3,,4,,3,,1,,0,,0,,0,,0,,0,,0,,0,,0,,0,,0,,0,,0,,0,,,200.0,,,5.1,2026-04-23T12:06:00,,,0,,0.0,,0.0,,0.0,,0.0,,0.0,,0.0,,0.0,,0.0,,0.0,,0.0,,0.0,,0.0,,0.0,,1.4,,4.9,,7.4,,2.0,,1.2,,11.4,,4.6,,7.8,,14.6,,12.2,,4.5,,0.0,,0.0,,0.0,,0.0,,0.0,,0.0,,0.0,,0.0,,0.0,,0.0,,0.0,,0.0,,0.0,
2026-04-24,,,,,,,,,27.1,2026-04-24T12:14:00,,,,20.1,2026-04-24T11:18:00,,,,,,,,7.9,1.29,2026-04-24T14:00:00,,,,,0.0,2026-04-24T01:00:00,,,,,,,,0.0,-99.5,0.0,,0.0,,92,66.0,2026-04-24T11:18:00,99.0,2026-04-24T23:35:00,,,,,,1015.5,2026-04-24T22:00:00,,,,1009.4,2026-04-24T03:00:00,,,1012.1,,,,,,,,,,,,,1011.9,1015.3,2026-04-24T22:20:00,1009.1,2026-04-24T02:57:00,7.3,-999.5,,,23.9,,,25.2,27.5,2026-04-24T09:55:00,22.5,2026-04-24T22:04:00,,-99.5,-99.5,-99.5,-99.5,-99.5,-99.5,-99.5,-99.95,,,,,,40,360.0,2026-04-24T13:05:00,3.4,8.7,0,,2,,2,,2,,4,,0,,1,,0,,0,,0,,0,,0,,2,,1,,0,,0,,0,,1,,0,,2,,1,,3,,0,,1,,0,,0,,0,,0,,0,,0,,0,,0,,0,,1,,0,,0,,1,,0,,,350.0,,,6.2,2026-04-24T13:09:00,,,0,,8.8,,8.2,,9.0,,15.2,,0.0,,1.2,,0.0,,0.0,,0.0,,0.0,,0.0,,4.0,,2.1,,0.0,,0.0,,0.0,,1.4,,0.0,,10.3,,3.7,,4.8,,0.0,,3.2,,0.0,,0.0,,0.0,,0.0,,0.0,,0.0,,0.0,,0.0,,0.0,,4.5,,0.0,,0.0,,4.4,,0.0,
2026-04-25,,,,,,,,,23.5,2026-04-25T03:19:00,,,,18.3,2026-04-25T08:51:00,,,,,,,,4.99,0.7,2026-04-25T14:00:00,,,,,2.0,2026-04-25T16:00:00,,,,,,,,4.0,-99.5,0.5,2026-04-25T03:55:00,2.0,2026-04-25T14:55:00,92,75.0,2026-04-25T08:52:00,99.0,2026-04-25T05:05:00,,,,,,1015.9,2026-04-25T11:00:00,,,,1012.8,2026-04-25T02:00:00,,,1014.5,,,,,,,,,,,,,1014.2,1015.9,2026-04-25T11:23:00,1012.1,2026-04-25T02:20:00,4.8,-999.5,,,21.4,,,22.6,24.0,2026-04-25T04:05:00,21.5,2026-04-25T05:37:00,,-99.5,-99.5,-99.5,-99.5,-99.5,-99.5,-99.5,-99.95,,,,,,30,20.0,2026-04-25T06:27:00,3.2,8.6,0,,0,,2,,8,,4,,0,,0,,1,,2,,1,,1,,1,,0,,0,,0,,1,,1,,0,,0,,0,,0,,0,,0,,0,,0,,0,,0,,0,,0,,0,,0,,0,,0,,0,,1,,0,,1,,0,,,330.0,,,6.4,2026-04-25T02:55:00,,,0,,0.0,,7.8,,26.3,,10.9,,0.0,,0.0,,5.9,,7.4,,1.7,,2.4,,1.4,,0.0,,0.0,,0.0,,1.5,,0.5,,0.0,,0.0,,0.0,,0.0,,0.0,,0.0,,0.0,,0.0,,0.0,,0.0,,0.0,,0.0,,0.0,,0.0,,0.0,,0.0,,0.0,,6.0,,0.0,,4.2,,0.0,
2026-04-26,,,,,,,,,21.8,2026-04-26T13:01:00,,,,17.6,2026-04-26T23:31:00,,,,,,,,28.07,3.66,2026-04-26T13:00:00,,,,,0.0,2026-04-26T01:00:00,,,,,,,,0.0,-99.5,0.0,,0.0,,78,61.0,2026-04-26T14:26:00,96.0,2026-04-26T05:51:00,,,,,,1014.8,2026-04-26T09:00:00,,,,1011.0,2026-04-26T16:00:00,,,1013.1,,,,,,,,,,,,,1012.9,1014.6,2026-04-26T09:14:00,1010.7,2026-04-26T15:56:00,11.2,-999.5,,,20.0,,,24.1,26.1,2026-04-26T14:18:00,21.7,2026-04-26T05:13:00,,-99.5,-99.5,-99.5,-99.5,-99.5,-99.5,-99.5,-99.95,,,,,,350,360.0,2026-04-26T13:08:00,4.3,9.8,0,,5,,2,,5,,1,,1,,1,,0,,0,,1,,0,,1,,0,,0,,0,,0,,0,,0,,0,,0,,0,,0,,0,,0,,0,,0,,0,,0,,0,,0,,0,,0,,0,,0,,0,,5,,2,,0,,,360.0,,,7.1,2026-04-26T11:41:00,,,0,,24.2,,8.5,,17.9,,3.2,,1.1,,2.2,,0.0,,0.0,,2.6,,0.0,,1.0,,0.0,,0.0,,0.0,,0.0,,0.0,,0.0,,0.0,,0.0,,0.0,,0.0,,0.0,,0.0,,0.0,,0.0,,0.0,,0.0,,0.0,,0.0,,0.0,,0.0,,0.0,,0.0,,0.0,,31.1,,12.3,,0.0,
2026-04-27,,,,,,,,,22.3,2026-04-27T13:20:00,,,,17.7,2026-04-27T00:17:00,,,,,,,,25.32,3.37,2026-04-27T14:00:00,,,,,0.0,2026-04-27T01:00:00,,,,,,,,0.0,-99.5,0.0,,0.0,,74,62.0,2026-04-27T15:01:00,96.0,2026-04-27T05:30:00,,,,,,1015.0,2026-04-27T10:00:00,,,,1011.4,2026-04-27T16:00:00,,,1013.1,,,,,,,,,,,,,1012.9,1014.9,2026-04-27T09:18:00,1011.0,2026-04-27T16:27:00,11.1,-999.5,,,20.2,,,25.0,27.4,2026-04-27T14:31:00,22.1,2026-04-27T05:14:00,,-99.5,-99.5,-99.5,-99.5,-99.5,-99.5,-99.5,-99.95,,,,,,350,330.0,2026-04-27T16:21:00,3.0,7.9,0,,2,,0,,1,,2,,2,,1,,1,,2,,2,,2,,0,,0,,0,,0,,0,,0,,0,,0,,0,,0,,0,,0,,0,,0,,0,,0,,0,,0,,0,,0,,0,,0,,0,,2,,6,,1,,0,,,340.0,,,5.7,2026-04-27T16:28:00,,,0,,6.7,,0.0,,3.8,,3.4,,4.7,,1.9,,1.2,,3.4,,3.1,,3.3,,0.0,,0.0,,0.0,,0.0,,0.0,,0.0,,0.0,,0.0,,0.0,,0.0,,0.0,,0.0,,0.0,,0.0,,0.0,,0.0,,0.0,,0.0,,0.0,,0.0,,0.0,,0.0,,0.0,,8.6,,26.6,,4.8,,0.0,
2026-04-28,,,,,,,,,21.6,2026-04-28T05:11:00,,,,16.3,2026-04-28T14:31:00,,,,,,,,17.73,2.05,2026-04-28T13:00:00,,,,,0.0,2026-04-28T01:00:00,,,,,,,,0.0,-99.5,0.0,,0.0,,68,49.0,2026-04-28T14:31:00,95.0,2026-04-28T06:03:00,,,,,,1013.1,2026-04-28T08:00:00,,,,1009.7,2026-04-28T17:00:00,,,1011.8,,,,,,,,,,,,,1011.5,1013.0,2026-04-28T00:02:00,1009.4,2026-04-28T16:32:00,10.6,-999.5,,,19.4,,,25.9,28.5,2026-04-28T15:36:00,22.0,2026-04-28T05:55:00,,-99.5,-99.5,-99.5,-99.5,-99.5,-99.5,-99.5,-99.95,,,,,,350,360.0,2026-04-28T13:45:00,2.8,7.7,0,,1,,1,,0,,2,,1,,2,,0,,3,,2,,1,,0,,0,,0,,0,,0,,0,,0,,0,,0,,0,,0,,0,,0,,0,,0,,0,,0,,0,,0,,0,,0,,0,,0,,3,,5,,3,,0,,,350.0,,,5.4,2026-04-28T13:46:00,,,0,,2.3,,2.6,,0.0,,4.1,,2.8,,3.1,,0.0,,5.7,,3.4,,1.5,,0.0,,0.0,,0.0,,0.0,,0.0,,0.0,,0.0,,0.0,,0.0,,0.0,,0.0,,0.0,,0.0,,0.0,,0.0,,0.0,,0.0,,0.0,,0.0,,0.0,,0.0,,0.0,,0.0,,12.1,,20.9,,9.6,,0.0,
2026-04-29,,,,,,,,,27.8,2026-04-29T16:59:00,,,,17.4,2026-04-29T00:01:00,,,,,,,,19.85,3.5,2026-04-29T13:00:00,,,,,0.0,2026-04-29T01:00:00,,,,,,,,0.0,-99.5,0.0,,0.0,,79,59.0,2026-04-29T08:50:00,99.0,2026-04-29T23:55:00,,,,,,1013.5,2026-04-29T22:00:00,,,,1009.3,2026-04-29T04:00:00,,,1011.2,,,,,,,,,,,,,1010.9,1013.6,2026-04-29T22:13:00,1009.0,2026-04-29T03:58:00,10.2,-999.5,,,23.2,,,27.3,30.2,2026-04-29T13:04:00,24.0,2026-04-29T05:44:00,,-99.5,-99.5,-99.5,-99.5,-99.5,-99.5,-99.5,-99.95,,,,,,200,180.0,2026-04-29T11:45:00,4.4,14.3,0,,0,,0,,0,,0,,0,,1,,1,,0,,0,,3,,1,,1,,0,,1,,0,,1,,0,,2,,2,,5,,4,,2,,0,,0,,0,,0,,0,,0,,0,,0,,0,,0,,0,,0,,0,,0,,0,,,190.0,,,9.9,2026-04-29T11:53:00,,,0,,0.0,,0.0,,0.0,,0.0,,0.0,,1.5,,0.7,,0.0,,0.0,,6.2,,2.1,,2.4,,0.0,,1.4,,0.0,,5.1,,0.0,,14.3,,17.5,,29.3,,16.8,,8.3,,0.0,,0.0,,0.0,,0.0,,0.0,,0.0,,0.0,,0.0,,0.0,,0.0,,0.0,,0.0,,0.0,,0.0,,0.0,
2026-04-30,,,,,,,,,27.0,2026-04-30T00:06:00,,,,17.7,2026-04-30T23:12:00,,,,,,,,7.69,1.48,2026-04-30T14:00:00,,,,,11.0,2026-04-30T10:00:00,,,,,,,,35.0,-99.5,5.0,2026-04-30T09:51:00,16.5,2026-04-30T09:25:00,93,78.0,2026-04-30T19:37:00,99.0,2026-04-30T08:03:00,,,,,,1014.9,2026-04-30T23:00:00,,,,1011.2,2026-04-30T03:00:00,,,1013.2,,,,,,,,,,,,,1013.0,1014.9,2026-04-30T22:36:00,1010.7,2026-04-30T02:49:00,6.0,-999.5,,,21.9,,,22.9,27.0,2026-04-30T00:05:00,21.0,2026-04-30T23:54:00,,-99.5,-99.5,-99.5,-99.5,-99.5,-99.5,-99.5,-99.95,,,,,,30,20.0,2026-04-30T19:35:00,5.0,11.8,0,,1,,5,,11,,3,,2,,0,,0,,0,,0,,0,,0,,1,,0,,0,,0,,0,,1,,0,,0,,0,,0,,0,,0,,0,,0,,0,,0,,0,,0,,0,,0,,0,,0,,0,,0,,0,,0,,,20.0,,,7.9,2026-04-30T19:38:00,,,0,,5.1,,31.1,,60.7,,13.2,,7.8,,0.0,,0.0,,0.0,,0.0,,0.0,,0.0,,1.1,,0.0,,0.0,,0.0,,0.0,,1.0,,0.0,,0.0,,0.0,,0.0,,0.0,,0.0,,0.0,,0.0,,0.0,,0.0,,0.0,,0.0,,0.0,,0.0,,0.0,,0.0,,0.0,,0.0,,0.0,,0.0,
2026-05-01,,,,,,,,,22.5,2026-05-01T23:58:00,,,,17.0,2026-05-01T04:21:00,,,,,,,,17.85,3.31,2026-05-01T12:00:00,,,,,0.5,2026-05-01T06:00:00,,,,,,,,0.5,-99.5,0.5,2026-05-01T04:52:00,0.5,2026-05-01T04:02:00,83,75.0,2026-05-01T11:35:00,92.0,2026-05-01T23:58:00,,,,,,1015.5,2026-05-01T10:00:00,,,,1012.3,2026-05-01T16:00:00,,,1013.9,,,,,,,,,,,,,1013.7,1015.4,2026-05-01T09:14:00,1011.9,2026-05-01T16:12:00,9.3,-999.5,,,20.1,,,23.1,24.8,2026-05-01T13:04:00,20.6,2026-05-01T06:47:00,,-99.5,-99.5,-99.5,-99.5,-99.5,-99.5,-99.5,-99.95,,,,,,360,10.0,2026-05-01T16:10:00,5.4,12.5,0,,3,,5,,7,,1,,0,,0,,1,,0,,0,,0,,0,,0,,0,,0,,0,,0,,0,,0,,0,,0,,0,,0,,0,,0,,0,,0,,0,,0,,0,,0,,0,,0,,0,,0,,0,,7,,0,,,360.0,,,8.6,2026-05-01T16:17:00,,,0,,17.1,,20.2,,39.2,,2.1,,0.0,,0.0,,1.8,,0.0,,0.0,,0.0,,0.0,,0.0,,0.0,,0.0,,0.0,,0.0,,0.0,,0.0,,0.0,,0.0,,0.0,,0.0,,0.0,,0.0,,0.0,,0.0,,0.0,,0.0,,0.0,,0.0,,0.0,,0.0,,0.0,,0.0,,0.0,,49.5,,0.0,
2026-05-02,,,,,,,,,25.1,2026-05-02T19:54:00,,,,20.2,2026-05-02T12:18:00,,,,,,,,26.08,3.51,2026-05-02T13:00:00,,,,,0.0,2026-05-02T01:00:00,,,,,,,,0.0,-99.5,0.0,,0.0,,87,67.0,2026-05-02T12:18:00,99.0,2026-05-02T05:36:00,,,,,,1013.8,2026-05-02T08:00:00,,,,1010.0,2026-05-02T17:00:00,,,1012.1,,,,,,,,,,,,,1011.8,1013.8,2026-05-02T00:05:00,1009.7,2026-05-02T16:24:00,11.1,-999.5,,,23.2,,,25.5,27.3,2026-05-02T14:22:00,23.1,2026-05-02T05:09:00,,-99.5,-99.5,-99.5,-99.5,-99.5,-99.5,-99.5,-99.95,,,,,,330,330.0,2026-05-02T12:45:00,2.4,6.3,0,,1,,3,,2,,3,,1,,0,,1,,0,,0,,0,,1,,0,,0,,0,,0,,0,,0,,0,,0,,0,,0,,0,,0,,0,,0,,0,,0,,0,,0,,0,,1,,1,,7,,3,,0,,0,,0,,,330.0,,,4.7,2026-05-02T12:52:00,,,0,,2.1,,7.6,,3.9,,3.7,,2.8,,0.0,,1.3,,0.0,,0.0,,0.0,,1.7,,0.0,,0.0,,0.0,,0.0,,0.0,,0.0,,0.0,,0.0,,0.0,,0.0,,0.0,,0.0,,0.0,,0.0,,0.0,,0.0,,0.0,,0.0,,0.0,,3.1,,3.8,,20.9,,6.0,,0.0,,0.0,,0.0,
2026-05-03,,,,,,,,,28.1,2026-05-03T17:20:00,,,,23.8,2026-05-03T01:06:00,,,,,,,,26.62,3.54,2026-05-03T13:00:00,,,,,0.0,2026-05-03T01:00:00,,,,,,,,0.0,-99.5,0.0,,0.0,,92,76.0,2026-05-03T13:44:00,99.0,2026-05-03T20:19:00,,,,,,1012.1,2026-05-03T23:59:00,,,,1009.0,2026-05-03T16:00:00,,,1010.7,,,,,,,,,,,,,1010.5,1011.9,2026-05-03T22:43:00,1008.7,2026-05-03T15:59:00,10.9,-999.5,,,26.2,,,27.5,30.4,2026-05-03T14:06:00,25.5,2026-05-03T04:46:00,,-99.5,-99.5,-99.5,-99.5,-99.5,-99.5,-99.5,-99.95,,,,,,200,310.0,2026-05-03T23:11:00,3.6,7.8,0,,0,,0,,0,,0,,1,,0,,0,,0,,0,,0,,0,,1,,0,,1,,3,,1,,0,,0,,1,,3,,0,,1,,2,,0,,0,,0,,0,,1,,2,,1,,1,,2,,1,,1,,1,,0,,0,,,210.0,,,6.1,2026-05-03T10:29:00,,,0,,0.0,,0.0,,0.0,,0.0,,2.0,,0.0,,0.0,,0.0,,0.0,,0.0,,0.0,,2.3,,0.0,,1.6,,5.0,,1.7,,0.0,,0.0,,3.4,,12.1,,0.0,,5.3,,10.4,,0.0,,0.0,,0.0,,0.0,,4.2,,8.8,,4.5,,5.9,,10.0,,2.4,,3.5,,2.5,,0.0,,0.0,
2026-05-04,,,,,,,,,26.6,2026-05-04T00:19:00,,,,18.1,2026-05-04T14:06:00,,,,,,,,19.97,3.11,2026-05-04T13:00:00,,,,,0.5,2026-05-04T20:00:00,,,,,,,,0.5,-99.5,0.5,2026-05-04T18:51:00,0.5,2026-05-04T18:01:00,80,62.0,2026-05-04T14:06:00,99.0,2026-05-04T02:06:00,,,,,,1014.8,2026-05-04T23:00:00,,,,1012.0,2026-05-04T02:00:00,,,1013.4,,,,,,,,,,,,,1013.1,1014.8,2026-05-04T22:30:00,1011.7,2026-05-04T02:25:00,10.2,-999.5,,,21.7,,,25.3,26.7,2026-05-04T12:47:00,23.3,2026-05-04T23:59:00,,-99.5,-99.5,-99.5,-99.5,-99.5,-99.5,-99.5,-99.95,,,,,,360,360.0,2026-05-04T17:15:00,6.4,14.3,0,,6,,0,,5,,1,,0,,0,,0,,0,,0,,0,,0,,0,,0,,0,,0,,0,,0,,0,,0,,0,,0,,0,,0,,0,,0,,0,,0,,0,,0,,0,,0,,0,,0,,0,,2,,10,,0,,,360.0,,,9.5,2026-05-04T17:30:00,,,0,,37.1,,0.0,,21.1,,4.7,,0.0,,0.0,,0.0,,0.0,,0.0,,0.0,,0.0,,0.0,,0.0,,0.0,,0.0,,0.0,,0.0,,0.0,,0.0,,0.0,,0.0,,0.0,,0.0,,0.0,,0.0,,0.0,,0.0,,0.0,,0.0,,0.0,,0.0,,0.0,,0.0,,0.0,,11.3,,78.7,,0.0,
2026-05-05,,,,,,,,,22.8,2026-05-05T16:12:00,,,,20.2,2026-05-05T10:51:00,,,,,,,,7.56,1.39,2026-05-05T11:00:00,,,,,0.0,2026-05-05T01:00:00,,,,,,,,0.0,-99.5,0.0,,0.0,,92,80.0,2026-05-05T10:27:00,99.0,2026-05-05T19:06:00,,,,,,1015.2,2026-05-05T09:00:00,,,,1012.2,2026-05-05T16:00:00,,,1013.5,,,,,,,,,,,,,1013.3,1015.0,2026-05-05T09:50:00,1011.8,2026-05-05T16:26:00,6.4,-999.5,,,21.8,,,23.2,24.6,2026-05-05T14:02:00,22.0,2026-05-05T20:19:00,,-99.5,-99.5,-99.5,-99.5,-99.5,-99.5,-99.5,-99.95,,,,,,20,30.0,2026-05-05T16:24:00,3.9,10.4,0,,3,,9,,8,,1,,3,,0,,0,,0,,0,,0,,0,,0,,0,,0,,0,,0,,0,,0,,0,,0,,0,,0,,0,,0,,0,,0,,0,,0,,0,,0,,0,,0,,0,,0,,0,,0,,0,,,20.0,,,7.2,2026-05-05T16:29:00,,,0,,10.3,,38.6,,33.9,,2.5,,9.1,,0.0,,0.0,,0.0,,0.0,,0.0,,0.0,,0.0,,0.0,,0.0,,0.0,,0.0,,0.0,,0.0,,0.0,,0.0,,0.0,,0.0,,0.0,,0.0,,0.0,,0.0,,0.0,,0.0,,0.0,,0.0,,0.0,,0.0,,0.0,,0.0,,0.0,,0.0,,0.0,
2026-05-06,,,,,,,,,25.1,2026-05-06T19:36:00,,,,20.4,2026-05-06T08:30:00,,,,,,,,27.38,3.62,2026-05-06T12:00:00,,,,,0.0,2026-05-06T01:00:00,,,,,,,,0.0,-99.5,0.0,,0.0,,91,69.0,2026-05-06T08:38:00,99.0,2026-05-06T03:19:00,,,,,,1013.5,2026-05-06T09:00:00,,,,1010.8,2026-05-06T17:00:00,,,1012.3,,,,,,,,,,,,,1012.0,1013.2,2026-05-06T09:06:00,1010.4,2026-05-06T16:38:00,10.7,-999.5,,,23.2,,,24.7,26.4,2026-05-06T08:29:00,22.2,2026-05-06T05:34:00,,-99.5,-99.5,-99.5,-99.5,-99.5,-99.5,-99.5,-99.95,,,,,,360,360.0,2026-05-06T15:35:00,5.0,12.1,0,,6,,1,,0,,3,,3,,0,,0,,0,,0,,0,,0,,0,,0,,0,,0,,0,,0,,0,,0,,0,,0,,0,,0,,0,,0,,0,,0,,0,,0,,0,,0,,0,,0,,2,,3,,6,,0,,,360.0,,,8.8,2026-05-06T15:39:00,,,0,,23.1,,3.4,,0.0,,13.9,,11.6,,0.0,,0.0,,0.0,,0.0,,0.0,,0.0,,0.0,,0.0,,0.0,,0.0,,0.0,,0.0,,0.0,,0.0,,0.0,,0.0,,0.0,,0.0,,0.0,,0.0,,0.0,,0.0,,0.0,,0.0,,0.0,,0.0,,0.0,,0.0,,10.1,,15.2,,41.5,,0.0,
2026-05-07,,,,,,,,,,,,,,,,,,,,,,,0.0,0.0,2026-05-07T01:00:00,,,,,0.0,2026-05-07T01:00:00,,,,,,,,0.0,-99.5,,,,,99,,,,,,,,,,1012.0,2026-05-07T01:00:00,,,,1012.0,2026-05-07T01:00:00,,,1012.0,,,,,,,,,,,,,1011.7,,,,,0.0,,,,24.2,,,24.3,,,,,,-99.5,-99.5,-99.5,-99.5,-99.5,-99.5,-99.5,,,,,,,70,,,1.6,,0,,0,,0,,0,,0,,0,,0,,1,,0,,0,,0,,0,,0,,0,,0,,0,,0,,0,,0,,0,,0,,0,,0,,0,,0,,0,,0,,0,,0,,0,,0,,0,,0,,0,,0,,0,,0,,0,,,,,,,,,,0,,0.0,,0.0,,0.0,,0.0,,0.0,,0.0,,1.6,,0.0,,0.0,,0.0,,0.0,,0.0,,0.0,,0.0,,0.0,,0.0,,0.0,,0.0,,0.0,,0.0,,0.0,,0.0,,0.0,,0.0,,0.0,,0.0,,0.0,,0.0,,0.0,,0.0,,0.0,,0.0,,0.0,,0.0,,0.0,,0.0,,0.0,
