,StnPres,StnPresMax,StnPresMaxTime,StnPresMin,StnPresMinTime,Tx,TxMaxAbs,TxMaxAbsTime,TxMinAbs,TxMinAbsTime,RH,RHMin,RHMinTime,WS,WD,WSGust,WDGust,WGustTime,Precp,SunShine,GloblRad,TxSoil0cm,TxSoil5cm,TxSoil10cm,TxSoil20cm,TxSoil50cm,TxSoil100cm
2025-01-01,1010.2,1012.5,2025-01-01T00:01:00,1007.8,2025-01-01T13:41:00,16.2,17.5,2025-01-01T13:53:00,14.8,2025-01-01T00:01:00,74.0,52.0,2025-01-01T01:41:00,0.9,202.0,8.2,126.0,2025-01-01T07:22:00,7.0,-99.8,-99.8,-99.8,-99.8,-99.8,-99.8,-99.8,-99.8
2025-01-02,1010.9,1013.3,2025-01-02T08:51:00,1009.3,2025-01-02T00:01:00,16.3,18.8,2025-01-02T13:44:00,15.2,2025-01-02T08:11:00,87.0,67.0,2025-01-02T13:49:00,0.6,184.0,7.1,106.0,2025-01-02T16:03:00,12.0,-99.8,-99.8,-99.8,-99.8,-99.8,-99.8,-99.8,-99.8
2025-01-03,1013.6,1015.3,2025-01-03T20:23:00,1011.6,2025-01-03T00:31:00,14.7,15.8,2025-01-03T00:41:00,13.3,2025-01-03T21:23:00,83.0,62.0,2025-01-03T23:22:00,0.6,180.0,5.5,36.0,2025-01-03T01:43:00,2.5,-99.8,-99.8,-99.8,-99.8,-99.8,-99.8,-99.8,-99.8
2025-01-04,1012.6,1015.2,2025-01-04T09:13:00,1010.2,2025-01-04T23:14:00,17.5,19.5,2025-01-04T23:52:00,14.7,2025-01-04T00:02:00,60.0,48.0,2025-01-04T02:21:00,2.0,185.0,12.1,118.0,2025-01-04T17:39:00,0.0,-99.8,-99.8,-99.8,-99.8,-99.8,-99.8,-99.8,-99.8
2025-01-05,1010.5,1011.9,2025-01-05T08:11:00,1008.6,2025-01-05T12:31:00,18.0,24.5,2025-01-05T12:05:00,15.1,2025-01-05T05:32:00,72.0,41.0,2025-01-05T12:21:00,0.6,12.0,9.9,8.0,2025-01-05T12:26:00,0.0,-99.8,-99.8,-99.8,-99.8,-99.8,-99.8,-99.8,-99.8
2025-01-06,1012.7,1014.8,2025-01-06T22:11:00,1010.8,2025-01-06T04:01:00,16.1,18.6,2025-01-06T14:41:00,13.7,2025-01-06T07:09:00,59.0,37.0,2025-01-06T14:42:00,0.7,26.0,7.7,126.0,2025-01-06T23:58:00,0.0,-99.8,-99.8,-99.8,-99.8,-99.8,-99.8,-99.8,-99.8
2025-01-07,1012.9,1014.3,2025-01-07T20:11:00,1010.7,2025-01-07T13:37:00,15.4,18.2,2025-01-07T10:41:00,12.5,2025-01-07T07:21:00,48.0,38.0,2025-01-07T10:47:00,1.2,136.0,10.4,212.0,2025-01-07T09:40:00,0.0,-99.8,-99.8,-99.8,-99.8,-99.8,-99.8,-99.8,-99.8
2025-01-08,1012.3,1014.2,2025-01-08T23:31:00,1009.3,2025-01-08T14:01:00,16.4,18.8,2025-01-08T13:11:00,14.8,2025-01-08T06:41:00,65.0,57.0,2025-01-08T00:01:00,1.3,163.0,8.2,103.0,2025-01-08T21:44:00,0.0,-99.8,-99.8,-99.8,-99.8,-99.8,-99.8,-99.8,-99.8
2025-01-09,1016.2,1020.9,2025-01-09T21:47:00,1013.3,2025-01-09T02:41:00,13.8,16.5,2025-01-09T00:13:00,10.7,2025-01-09T22:11:00,76.0,56.0,2025-01-09T12:27:00,0.6,196.0,5.5,183.0,2025-01-09T10:54:00,2.5,-99.8,-99.8,-99.8,-99.8,-99.8,-99.8,-99.8,-99.8
2025-01-10,1021.8,1023.7,2025-01-10T08:45:00,1020.2,2025-01-10T14:51:00,10.7,11.9,2025-01-10T23:22:00,9.8,2025-01-10T08:11:00,81.0,65.0,2025-01-10T23:32:00,0.5,172.0,6.0,198.0,2025-01-10T23:22:00,2.0,-99.8,-99.8,-99.8,-99.8,-99.8,-99.8,-99.8,-99.8
2025-01-11,1020.0,1022.0,2025-01-11T08:43:00,1017.9,2025-01-11T15:01:00,11.4,13.2,2025-01-11T13:21:00,10.4,2025-01-11T06:12:00,84.0,63.0,2025-01-11T01:05:00,0.6,193.0,4.9,203.0,2025-01-11T01:05:00,4.0,-99.8,-99.8,-99.8,-99.8,-99.8,-99.8,-99.8,-99.8
2025-01-12,1018.5,1020.5,2025-01-12T09:21:00,1015.7,2025-01-12T15:21:00,12.4,17.7,2025-01-12T12:53:00,8.6,2025-01-12T23:41:00,60.0,11.0,2025-01-12T15:23:00,0.8,208.0,6.6,22.0,2025-01-12T16:19:00,0.0,-99.8,-99.8,-99.8,-99.8,-99.8,-99.8,-99.8,-99.8
2025-01-13,1015.5,1018.6,2025-01-13T00:01:00,1013.6,2025-01-13T14:52:00,15.4,19.0,2025-01-13T12:51:00,8.7,2025-01-13T01:08:00,44.0,28.0,2025-01-13T10:22:00,2.8,140.0,12.6,114.0,2025-01-13T12:51:00,0.0,-99.8,-99.8,-99.8,-99.8,-99.8,-99.8,-99.8,-99.8
2025-01-14,1013.5,1015.3,2025-01-14T09:22:00,1011.0,2025-01-14T14:51:00,18.4,25.7,2025-01-14T12:31:00,14.0,2025-01-14T07:01:00,49.0,22.0,2025-01-14T13:44:00,2.0,179.0,9.3,179.0,2025-01-14T00:09:00,0.0,-99.8,-99.8,-99.8,-99.8,-99.8,-99.8,-99.8,-99.8
2025-01-15,1017.8,1020.9,2025-01-15T22:13:00,1013.5,2025-01-15T01:01:00,13.5,16.5,2025-01-15T00:01:00,11.1,2025-01-15T21:24:00,84.0,61.0,2025-01-15T22:11:00,0.5,352.0,7.1,20.0,2025-01-15T15:14:00,5.5,-99.8,-99.8,-99.8,-99.8,-99.8,-99.8,-99.8,-99.8
2025-01-16,1017.5,1020.4,2025-01-16T00:01:00,1015.0,2025-01-16T14:21:00,12.8,16.3,2025-01-16T11:52:00,10.7,2025-01-16T03:57:00,65.0,38.0,2025-01-16T11:52:00,0.9,179.0,6.6,19.0,2025-01-16T15:53:00,1.0,-99.8,-99.8,-99.8,-99.8,-99.8,-99.8,-99.8,-99.8
2025-01-17,1015.8,1017.7,2025-01-17T06:27:00,1013.1,2025-01-17T23:51:00,12.8,14.9,2025-01-17T13:02:00,11.0,2025-01-17T07:14:00,64.0,43.0,2025-01-17T11:43:00,1.0,162.0,8.8,197.0,2025-01-17T23:06:00,0.0,-99.8,-99.8,-99.8,-99.8,-99.8,-99.8,-99.8,-99.8
2025-01-18,1010.5,1013.6,2025-01-18T00:41:00,1007.7,2025-01-18T15:01:00,16.1,19.9,2025-01-18T12:12:00,11.5,2025-01-18T05:31:00,54.0,35.0,2025-01-18T12:23:00,2.1,131.0,9.9,156.0,2025-01-18T10:28:00,0.0,-99.8,-99.8,-99.8,-99.8,-99.8,-99.8,-99.8,-99.8
2025-01-19,1008.3,1009.9,2025-01-19T09:51:00,1006.4,2025-01-19T15:31:00,13.9,15.8,2025-01-19T00:01:00,11.7,2025-01-19T23:55:00,88.0,68.0,2025-01-19T00:01:00,0.5,174.0,4.9,164.0,2025-01-19T22:16:00,2.0,-99.8,-99.8,-99.8,-99.8,-99.8,-99.8,-99.8,-99.8
2025-01-20,1008.3,1010.5,2025-01-20T22:32:00,1006.1,2025-01-20T12:52:00,15.4,21.4,2025-01-20T12:22:00,10.3,2025-01-20T06:31:00,57.0,30.0,2025-01-20T12:11:00,1.1,195.0,7.7,32.0,2025-01-20T12:32:00,0.0,-99.8,-99.8,-99.8,-99.8,-99.8,-99.8,-99.8,-99.8
2025-01-21,1009.8,-9999.7,-99.8,-9999.7,-99.8,17.2,-99.7,-99.8,-99.7,-99.8,56.0,-9997.0,-99.8,2.4,173.0,-99.7,-999.7,-99.8,0.0,-99.8,-99.8,-99.8,-99.8,-99.8,-99.8,-99.8,-99.8
2025-01-22,1009.2,1010.7,2025-01-22T08:31:00,1006.7,2025-01-22T15:11:00,19.6,24.4,2025-01-22T13:21:00,16.3,2025-01-22T23:51:00,57.0,34.0,2025-01-22T13:21:00,1.7,148.0,10.4,126.0,2025-01-22T00:07:00,0.0,-99.8,-99.8,-99.8,-99.8,-99.8,-99.8,-99.8,-99.8
2025-01-23,1009.0,1011.1,2025-01-23T09:23:00,1006.9,2025-01-23T14:51:00,16.2,19.4,2025-01-23T15:03:00,14.8,2025-01-23T20:31:00,85.0,62.0,2025-01-23T15:06:00,0.7,17.0,6.0,24.0,2025-01-23T16:02:00,1.0,-99.8,-99.8,-99.8,-99.8,-99.8,-99.8,-99.8,-99.8
2025-01-24,1007.6,1008.8,2025-01-24T20:11:00,1005.0,2025-01-24T14:36:00,18.0,23.9,2025-01-24T11:11:00,15.2,2025-01-24T03:41:00,75.0,47.0,2025-01-24T11:14:00,0.9,185.0,7.1,42.0,2025-01-24T13:20:00,0.0,-99.8,-99.8,-99.8,-99.8,-99.8,-99.8,-99.8,-99.8
2025-01-25,1008.9,1010.5,2025-01-25T08:51:00,1007.2,2025-01-25T02:41:00,17.5,19.5,2025-01-25T11:01:00,15.9,2025-01-25T21:51:00,81.0,62.0,2025-01-25T14:32:00,0.4,7.0,7.1,17.0,2025-01-25T14:16:00,0.5,-99.8,-99.8,-99.8,-99.8,-99.8,-99.8,-99.8,-99.8
2025-01-26,1010.5,1012.5,2025-01-26T21:51:00,1008.2,2025-01-26T15:12:00,15.2,17.5,2025-01-26T11:32:00,12.4,2025-01-26T23:51:00,84.0,68.0,2025-01-26T12:03:00,0.3,345.0,6.6,360.0,2025-01-26T18:45:00,24.5,-99.8,-99.8,-99.8,-99.8,-99.8,-99.8,-99.8,-99.8
2025-01-27,1014.4,1017.1,2025-01-27T23:56:00,1011.4,2025-01-27T00:01:00,10.4,13.0,2025-01-27T16:03:00,7.9,2025-01-27T22:22:00,76.0,43.0,2025-01-27T15:21:00,0.8,118.0,7.7,1.0,2025-01-27T16:14:00,28.0,-99.8,-99.8,-99.8,-99.8,-99.8,-99.8,-99.8,-99.8
2025-01-28,1017.1,1019.7,2025-01-28T23:12:00,1014.1,2025-01-28T14:02:00,12.0,18.4,2025-01-28T12:41:00,7.3,2025-01-28T06:32:00,53.0,26.0,2025-01-28T11:48:00,1.5,173.0,7.7,22.0,2025-01-28T13:57:00,0.0,-99.8,-99.8,-99.8,-99.8,-99.8,-99.8,-99.8,-99.8
2025-01-29,1017.1,1019.7,2025-01-29T00:12:00,1015.0,2025-01-29T14:42:00,14.2,17.9,2025-01-29T12:32:00,10.9,2025-01-29T04:11:00,41.0,26.0,2025-01-29T10:51:00,2.4,127.0,13.2,200.0,2025-01-29T23:55:00,0.0,-99.8,-99.8,-99.8,-99.8,-99.8,-99.8,-99.8,-99.8
2025-01-30,1012.4,1015.4,2025-01-30T00:01:00,1009.6,2025-01-30T15:17:00,17.7,22.1,2025-01-30T12:51:00,13.4,2025-01-30T06:51:00,41.0,27.0,2025-01-30T12:52:00,2.8,145.0,11.5,192.0,2025-01-30T01:00:00,0.0,-99.8,-99.8,-99.8,-99.8,-99.8,-99.8,-99.8,-99.8
2025-01-31,1008.5,1011.0,2025-01-31T00:01:00,1006.7,2025-01-31T15:07:00,18.9,22.3,2025-01-31T11:11:00,16.6,2025-01-31T23:52:00,66.0,43.0,2025-01-31T11:42:00,1.7,148.0,9.9,124.0,2025-01-31T04:48:00,6.0,-99.8,-99.8,-99.8,-99.8,-99.8,-99.8,-99.8,-99.8
2025-02-01,1005.7,1008.3,2025-02-01T00:51:00,1002.8,2025-02-01T14:55:00,19.3,25.9,2025-02-01T11:41:00,15.6,2025-02-01T23:51:00,80.0,52.0,2025-02-01T11:41:00,1.4,184.0,8.2,17.0,2025-02-01T18:35:00,15.5,-99.8,-99.8,-99.8,-99.8,-99.8,-99.8,-99.8,-99.8
2025-02-02,1006.9,-9999.7,-99.8,-9999.7,-99.8,16.0,-99.7,-99.8,-99.7,-99.8,92.0,-9997.0,-99.8,0.1,0.0,-99.7,-999.7,-99.8,10.5,-99.8,-99.8,-99.8,-99.8,-99.8,-99.8,-99.8,-99.8
2025-02-03,1011.9,1015.9,2025-02-03T23:51:00,1008.0,2025-02-03T02:41:00,12.9,15.6,2025-02-03T01:01:00,10.9,2025-02-03T19:41:00,92.0,88.0,2025-02-03T16:41:00,0.7,335.0,7.1,348.0,2025-02-03T10:50:00,32.5,-99.8,-99.8,-99.8,-99.8,-99.8,-99.8,-99.8,-99.8
2025-02-04,1015.1,1016.8,2025-02-04T01:48:00,1012.2,2025-02-04T14:23:00,11.7,15.7,2025-02-04T11:32:00,9.6,2025-02-04T03:52:00,63.0,36.0,2025-02-04T13:12:00,1.2,32.0,8.8,9.0,2025-02-04T13:53:00,6.0,-99.8,-99.8,-99.8,-99.8,-99.8,-99.8,-99.8,-99.8
2025-02-05,1011.7,1013.9,2025-02-05T00:09:00,1008.7,2025-02-05T14:11:00,14.7,17.6,2025-02-05T12:31:00,11.3,2025-02-05T00:21:00,44.0,34.0,2025-02-05T12:31:00,2.3,141.0,9.9,102.0,2025-02-05T11:14:00,0.0,-99.8,-99.8,-99.8,-99.8,-99.8,-99.8,-99.8,-99.8
2025-02-06,1010.1,1012.6,2025-02-06T09:32:00,1007.4,2025-02-06T15:01:00,16.7,19.4,2025-02-06T12:24:00,15.5,2025-02-06T04:21:00,63.0,50.0,2025-02-06T00:01:00,1.1,161.0,8.2,192.0,2025-02-06T01:56:00,0.0,-99.8,-99.8,-99.8,-99.8,-99.8,-99.8,-99.8,-99.8
2025-02-07,1015.1,1019.1,2025-02-07T22:21:00,1010.5,2025-02-07T00:01:00,13.0,17.1,2025-02-07T00:09:00,10.2,2025-02-07T23:53:00,87.0,66.0,2025-02-07T16:53:00,0.3,155.0,7.7,353.0,2025-02-07T14:24:00,13.5,-99.8,-99.8,-99.8,-99.8,-99.8,-99.8,-99.8,-99.8
2025-02-08,1019.3,1021.4,2025-02-08T09:29:00,1017.7,2025-02-08T14:24:00,8.9,10.5,2025-02-08T00:02:00,7.6,2025-02-08T18:46:00,76.0,61.0,2025-02-08T13:11:00,0.7,160.0,5.5,343.0,2025-02-08T03:37:00,1.5,-99.8,-99.8,-99.8,-99.8,-99.8,-99.8,-99.8,-99.8
2025-02-09,1016.9,1019.1,2025-02-09T08:01:00,1013.9,2025-02-09T15:11:00,10.9,12.9,2025-02-09T23:31:00,8.7,2025-02-09T03:01:00,75.0,60.0,2025-02-09T23:22:00,0.8,172.0,7.1,167.0,2025-02-09T20:47:00,0.5,-99.8,-99.8,-99.8,-99.8,-99.8,-99.8,-99.8,-99.8
2025-02-10,1013.9,1016.3,2025-02-10T08:26:00,1011.4,2025-02-10T15:32:00,15.8,20.6,2025-02-10T11:54:00,11.3,2025-02-10T03:21:00,59.0,36.0,2025-02-10T12:01:00,1.8,137.0,8.8,182.0,2025-02-10T22:26:00,0.0,-99.8,-99.8,-99.8,-99.8,-99.8,-99.8,-99.8,-99.8
2025-02-11,1010.6,1013.5,2025-02-11T00:09:00,1008.2,2025-02-11T15:26:00,20.9,25.8,2025-02-11T14:04:00,14.8,2025-02-11T06:15:00,49.0,31.0,2025-02-11T11:54:00,2.6,182.0,10.4,139.0,2025-02-11T15:59:00,0.0,-99.8,-99.8,-99.8,-99.8,-99.8,-99.8,-99.8,-99.8
2025-02-12,1010.4,1012.9,2025-02-12T23:43:00,1007.4,2025-02-12T15:26:00,18.5,22.1,2025-02-12T13:11:00,16.8,2025-02-12T06:41:00,84.0,56.0,2025-02-12T00:02:00,0.6,27.0,7.1,266.0,2025-02-12T02:26:00,30.0,-99.8,-99.8,-99.8,-99.8,-99.8,-99.8,-99.8,-99.8
2025-02-13,1013.4,1016.5,2025-02-13T07:50:00,1011.5,2025-02-13T15:47:00,15.0,17.1,2025-02-13T00:01:00,13.1,2025-02-13T08:51:00,81.0,67.0,2025-02-13T23:29:00,1.2,28.0,11.5,112.0,2025-02-13T22:17:00,41.0,-99.8,-99.8,-99.8,-99.8,-99.8,-99.8,-99.8,-99.8
2025-02-14,1009.0,1012.5,2025-02-14T00:02:00,1006.5,2025-02-14T15:46:00,18.7,23.7,2025-02-14T13:42:00,14.8,2025-02-14T23:51:00,67.0,47.0,2025-02-14T13:48:00,1.7,105.0,9.9,130.0,2025-02-14T12:54:00,0.0,-99.8,-99.8,-99.8,-99.8,-99.8,-99.8,-99.8,-99.8
2025-02-15,1006.0,1008.0,2025-02-15T00:41:00,1003.0,2025-02-15T15:51:00,19.5,28.6,2025-02-15T14:41:00,14.1,2025-02-15T03:21:00,76.0,39.0,2025-02-15T14:35:00,0.8,21.0,9.3,29.0,2025-02-15T16:41:00,0.0,-99.8,-99.8,-99.8,-99.8,-99.8,-99.8,-99.8,-99.8
2025-02-16,1009.8,1014.6,2025-02-16T23:21:00,1007.0,2025-02-16T03:24:00,18.0,20.2,2025-02-16T10:42:00,14.8,2025-02-16T23:49:00,80.0,67.0,2025-02-16T10:42:00,0.7,22.0,6.6,30.0,2025-02-16T14:53:00,0.0,-99.8,-99.8,-99.8,-99.8,-99.8,-99.8,-99.8,-99.8
2025-02-17,1013.7,1015.8,2025-02-17T08:32:00,1011.4,2025-02-17T14:57:00,16.8,20.2,2025-02-17T12:11:00,13.0,2025-02-17T06:51:00,56.0,32.0,2025-02-17T11:24:00,2.0,180.0,10.4,176.0,2025-02-17T13:23:00,0.0,-99.8,-99.8,-99.8,-99.8,-99.8,-99.8,-99.8,-99.8
2025-02-18,1014.9,1016.5,2025-02-18T09:13:00,1013.6,2025-02-18T03:47:00,15.3,17.8,2025-02-18T12:51:00,14.0,2025-02-18T03:27:00,74.0,60.0,2025-02-18T12:53:00,0.9,193.0,7.7,13.0,2025-02-18T13:56:00,0.5,-99.8,-99.8,-99.8,-99.8,-99.8,-99.8,-99.8,-99.8
2025-02-19,1014.2,1016.6,2025-02-19T08:51:00,1012.2,2025-02-19T14:00:00,16.7,18.8,2025-02-19T13:53:00,13.8,2025-02-19T01:42:00,68.0,60.0,2025-02-19T14:55:00,1.7,158.0,8.8,181.0,2025-02-19T06:05:00,0.0,-99.8,-99.8,-99.8,-99.8,-99.8,-99.8,-99.8,-99.8
2025-02-20,1012.8,1014.9,2025-02-20T08:11:00,1009.8,2025-02-20T14:21:00,18.5,23.3,2025-02-20T12:36:00,15.9,2025-02-20T07:01:00,74.0,50.0,2025-02-20T12:40:00,0.7,144.0,7.7,172.0,2025-02-20T00:32:00,2.0,-99.8,-99.8,-99.8,-99.8,-99.8,-99.8,-99.8,-99.8
2025-02-21,1016.0,1018.8,2025-02-21T22:02:00,1013.5,2025-02-21T02:35:00,15.2,16.7,2025-02-21T00:23:00,13.8,2025-02-21T20:01:00,88.0,77.0,2025-02-21T23:12:00,0.8,343.0,6.0,23.0,2025-02-21T14:30:00,3.5,-99.8,-99.8,-99.8,-99.8,-99.8,-99.8,-99.8,-99.8
2025-02-22,1016.2,1018.2,2025-02-22T00:02:00,1013.8,2025-02-22T14:02:00,16.1,18.8,2025-02-22T10:52:00,14.2,2025-02-22T00:01:00,74.0,59.0,2025-02-22T10:58:00,1.2,130.0,10.4,103.0,2025-02-22T11:02:00,0.0,-99.8,-99.8,-99.8,-99.8,-99.8,-99.8,-99.8,-99.8
2025-02-23,1019.2,-9999.7,-99.8,-9999.7,-99.8,14.2,-99.7,-99.8,-99.7,-99.8,91.0,-9997.0,-99.8,0.6,331.0,-99.7,-999.7,-99.8,23.0,-99.8,-99.8,-99.8,-99.8,-99.8,-99.8,-99.8,-99.8
2025-02-24,1022.0,1024.8,2025-02-24T09:13:00,1020.8,2025-02-24T23:53:00,12.4,13.1,2025-02-24T23:53:00,11.3,2025-02-24T07:33:00,82.0,68.0,2025-02-24T17:52:00,0.7,183.0,8.2,207.0,2025-02-24T23:50:00,3.5,-99.8,-99.8,-99.8,-99.8,-99.8,-99.8,-99.8,-99.8
2025-02-25,1016.9,1021.0,2025-02-25T00:02:00,1013.7,2025-02-25T14:36:00,17.6,22.7,2025-02-25T13:31:00,12.9,2025-02-25T00:01:00,58.0,36.0,2025-02-25T13:37:00,1.7,150.0,9.3,117.0,2025-02-25T01:58:00,0.0,-99.8,-99.8,-99.8,-99.8,-99.8,-99.8,-99.8,-99.8
2025-02-26,1014.1,1017.6,2025-02-26T09:01:00,1011.6,2025-02-26T16:23:00,17.2,21.0,2025-02-26T15:11:00,14.7,2025-02-26T04:01:00,80.0,56.0,2025-02-26T15:12:00,0.6,12.0,4.9,12.0,2025-02-26T13:00:00,0.0,-99.8,-99.8,-99.8,-99.8,-99.8,-99.8,-99.8,-99.8
2025-02-27,1009.8,1013.2,2025-02-27T09:41:00,1007.7,2025-02-27T16:07:00,17.4,22.8,2025-02-27T15:42:00,14.8,2025-02-27T05:14:00,84.0,54.0,2025-02-27T15:48:00,0.7,25.0,6.0,31.0,2025-02-27T12:56:00,0.0,-99.8,-99.8,-99.8,-99.8,-99.8,-99.8,-99.8,-99.8
2025-02-28,1007.7,1009.7,2025-02-28T08:34:00,1006.3,2025-02-28T14:51:00,20.2,28.0,2025-02-28T13:01:00,15.5,2025-02-28T05:01:00,73.0,35.0,2025-02-28T13:01:00,1.2,20.0,6.6,353.0,2025-02-28T13:15:00,0.0,-99.8,-99.8,-99.8,-99.8,-99.8,-99.8,-99.8,-99.8
2025-03-01,1005.7,1008.8,2025-03-01T08:31:00,1003.3,2025-03-01T15:52:00,21.8,29.8,2025-03-01T13:32:00,17.0,2025-03-01T05:41:00,74.0,34.0,2025-03-01T13:32:00,1.0,177.0,6.0,164.0,2025-03-01T07:24:00,0.0,-99.8,-99.8,-99.8,-99.8,-99.8,-99.8,-99.8,-99.8
2025-03-02,1003.2,1006.3,2025-03-02T08:56:00,1000.4,2025-03-02T15:52:00,23.5,30.8,2025-03-02T15:52:00,19.4,2025-03-02T06:22:00,70.0,39.0,2025-03-02T15:52:00,0.8,177.0,6.6,163.0,2025-03-02T06:42:00,0.0,-99.8,-99.8,-99.8,-99.8,-99.8,-99.8,-99.8,-99.8
2025-03-02,1003.2,1006.3,2025-03-02T08:56:00,1000.4,2025-03-02T15:52:00,23.5,30.8,2025-03-02T15:52:00,19.4,2025-03-02T06:22:00,70.0,39.0,2025-03-02T15:52:00,0.8,177.0,6.6,163.0,2025-03-02T06:42:00,0.0,-99.8,-99.8,-99.8,-99.8,-99.8,-99.8,-99.8,-99.8
2025-03-03,1001.3,1003.9,2025-03-03T23:53:00,999.3,2025-03-03T15:21:00,23.4,28.0,2025-03-03T14:01:00,20.2,2025-03-03T23:53:00,79.0,59.0,2025-03-03T14:21:00,0.9,24.0,7.1,168.0,2025-03-03T06:59:00,0.0,-99.8,-99.8,-99.8,-99.8,-99.8,-99.8,-99.8,-99.8
2025-03-04,1002.3,1005.4,2025-03-04T23:55:00,998.2,2025-03-04T14:51:00,22.0,28.6,2025-03-04T11:01:00,18.6,2025-03-04T23:55:00,82.0,51.0,2025-03-04T11:01:00,1.5,20.0,8.8,79.0,2025-03-04T13:36:00,42.5,-99.8,-99.8,-99.8,-99.8,-99.8,-99.8,-99.8,-99.8
2025-03-05,1005.9,1007.5,2025-03-05T09:17:00,1003.2,2025-03-05T03:21:00,17.9,19.2,2025-03-05T22:31:00,17.0,2025-03-05T16:51:00,89.0,70.0,2025-03-05T22:31:00,0.7,358.0,7.7,179.0,2025-03-05T20:51:00,21.5,-99.8,-99.8,-99.8,-99.8,-99.8,-99.8,-99.8,-99.8
2025-03-06,1011.6,1015.4,2025-03-06T21:01:00,1005.9,2025-03-06T00:02:00,15.0,19.1,2025-03-06T01:11:00,12.8,2025-03-06T20:39:00,88.0,74.0,2025-03-06T01:17:00,1.1,337.0,8.2,349.0,2025-03-06T06:02:00,40.0,-99.8,-99.8,-99.8,-99.8,-99.8,-99.8,-99.8,-99.8
2025-03-07,1011.5,1014.8,2025-03-07T00:01:00,1008.1,2025-03-07T14:54:00,14.6,16.5,2025-03-07T15:54:00,12.7,2025-03-07T01:15:00,78.0,65.0,2025-03-07T09:16:00,0.7,176.0,6.6,173.0,2025-03-07T02:46:00,3.0,-99.8,-99.8,-99.8,-99.8,-99.8,-99.8,-99.8,-99.8
2025-03-08,1011.9,1013.2,2025-03-08T08:31:00,1010.2,2025-03-08T02:01:00,14.9,16.5,2025-03-08T13:31:00,13.6,2025-03-08T05:19:00,86.0,73.0,2025-03-08T22:45:00,0.4,9.0,6.6,133.0,2025-03-08T21:31:00,1.5,-99.8,-99.8,-99.8,-99.8,-99.8,-99.8,-99.8,-99.8
2025-03-09,1012.5,-9999.7,-99.8,-9999.7,-99.8,16.3,-99.7,-99.8,-99.7,-99.8,78.0,-9997.0,-99.8,0.7,151.0,-99.7,-999.7,-99.8,0.0,-99.8,-99.8,-99.8,-99.8,-99.8,-99.8,-99.8,-99.8
2025-03-10,1009.7,1012.4,2025-03-10T00:01:00,1008.0,2025-03-10T15:37:00,20.5,26.4,2025-03-10T15:11:00,15.8,2025-03-10T06:11:00,74.0,46.0,2025-03-10T15:41:00,0.8,351.0,6.0,316.0,2025-03-10T11:15:00,0.0,-99.8,-99.8,-99.8,-99.8,-99.8,-99.8,-99.8,-99.8
2025-03-11,1006.9,1009.9,2025-03-11T10:38:00,1003.0,2025-03-11T15:31:00,21.7,30.1,2025-03-11T15:21:00,16.9,2025-03-11T01:34:00,74.0,39.0,2025-03-11T15:12:00,0.9,15.0,5.5,345.0,2025-03-11T10:30:00,0.0,-99.8,-99.8,-99.8,-99.8,-99.8,-99.8,-99.8,-99.8
2025-03-12,1004.0,1006.8,2025-03-12T09:13:00,1001.4,2025-03-12T16:11:00,23.4,31.6,2025-03-12T13:21:00,18.5,2025-03-12T00:02:00,73.0,35.0,2025-03-12T13:21:00,1.0,188.0,6.0,150.0,2025-03-12T03:06:00,0.0,-99.8,-99.8,-99.8,-99.8,-99.8,-99.8,-99.8,-99.8
2025-03-13,1004.6,1007.0,2025-03-13T10:09:00,1002.4,2025-03-13T15:01:00,21.6,25.0,2025-03-13T14:14:00,18.8,2025-03-13T19:12:00,86.0,69.0,2025-03-13T08:48:00,1.0,189.0,5.5,163.0,2025-03-13T02:41:00,30.0,-99.8,-99.8,-99.8,-99.8,-99.8,-99.8,-99.8,-99.8
2025-03-14,1005.2,1008.8,2025-03-14T10:02:00,1003.3,2025-03-14T16:51:00,19.9,21.7,2025-03-14T15:38:00,17.9,2025-03-14T10:29:00,91.0,85.0,2025-03-14T15:52:00,0.5,20.0,8.8,12.0,2025-03-14T09:59:00,1.0,-99.8,-99.8,-99.8,-99.8,-99.8,-99.8,-99.8,-99.8
2025-03-15,1004.9,1008.1,2025-03-15T23:57:00,1002.2,2025-03-15T02:54:00,17.4,20.1,2025-03-15T12:17:00,14.7,2025-03-15T21:38:00,91.0,84.0,2025-03-15T23:31:00,1.5,12.0,9.9,354.0,2025-03-15T11:00:00,65.5,-99.8,-99.8,-99.8,-99.8,-99.8,-99.8,-99.8,-99.8
2025-03-16,1010.8,1013.6,2025-03-16T20:41:00,1007.4,2025-03-16T02:51:00,13.1,15.2,2025-03-16T15:06:00,12.0,2025-03-16T09:31:00,79.0,45.0,2025-03-16T16:06:00,0.7,6.0,6.0,12.0,2025-03-16T16:00:00,12.0,-99.8,-99.8,-99.8,-99.8,-99.8,-99.8,-99.8,-99.8
2025-03-17,1011.5,1014.7,2025-03-17T10:02:00,1009.3,2025-03-17T15:51:00,12.5,13.7,2025-03-17T03:27:00,11.0,2025-03-17T10:41:00,67.0,51.0,2025-03-17T04:21:00,0.6,175.0,5.5,13.0,2025-03-17T03:27:00,0.0,-99.8,-99.8,-99.8,-99.8,-99.8,-99.8,-99.8,-99.8
2025-03-18,1012.9,1014.8,2025-03-18T20:32:00,1010.5,2025-03-18T00:58:00,12.5,15.0,2025-03-18T16:51:00,10.4,2025-03-18T23:52:00,73.0,59.0,2025-03-18T17:25:00,1.2,171.0,7.1,181.0,2025-03-18T22:04:00,1.0,-99.8,-99.8,-99.8,-99.8,-99.8,-99.8,-99.8,-99.8
2025-03-19,1015.4,1017.3,2025-03-19T09:45:00,1013.5,2025-03-19T03:22:00,13.2,17.4,2025-03-19T12:32:00,10.3,2025-03-19T00:01:00,69.0,47.0,2025-03-19T13:01:00,0.9,166.0,8.8,148.0,2025-03-19T12:23:00,0.0,-99.8,-99.8,-99.8,-99.8,-99.8,-99.8,-99.8,-99.8
2025-03-20,1014.5,1016.5,2025-03-20T07:51:00,1012.2,2025-03-20T14:30:00,15.6,23.2,2025-03-20T13:11:00,10.4,2025-03-20T06:01:00,82.0,20.0,2025-03-20T09:42:00,1.7,162.0,9.3,179.0,2025-03-20T18:30:00,0.0,-99.8,-99.8,-99.8,-99.8,-99.8,-99.8,-99.8,-99.8
2025-03-21,1012.5,1014.9,2025-03-21T07:41:00,1009.7,2025-03-21T15:21:00,17.0,24.9,2025-03-21T12:21:00,10.9,2025-03-21T05:41:00,-9991.0,7.0,2025-03-21T10:54:00,2.2,183.0,9.9,177.0,2025-03-21T13:41:00,0.0,-99.8,-99.8,-99.8,-99.8,-99.8,-99.8,-99.8,-99.8
2025-03-22,1009.6,1012.6,2025-03-22T07:21:00,1007.0,2025-03-22T15:02:00,18.8,28.5,2025-03-22T14:41:00,12.1,2025-03-22T06:52:00,-9991.0,0.0,2025-03-22T13:22:00,2.0,187.0,7.7,175.0,2025-03-22T06:52:00,0.0,-99.8,-99.8,-99.8,-99.8,-99.8,-99.8,-99.8,-99.8
2025-03-23,1007.0,1009.9,2025-03-23T07:52:00,1003.6,2025-03-23T15:43:00,19.6,28.9,2025-03-23T14:01:00,12.6,2025-03-23T05:51:00,-9991.0,11.0,2025-03-23T13:31:00,1.6,164.0,7.1,109.0,2025-03-23T05:02:00,0.0,-99.8,-99.8,-99.8,-99.8,-99.8,-99.8,-99.8,-99.8
2025-03-24,1002.6,1004.9,2025-03-24T00:09:00,999.9,2025-03-24T15:21:00,20.9,31.1,2025-03-24T14:42:00,14.7,2025-03-24T05:12:00,-9991.0,15.0,2025-03-24T13:35:00,1.6,179.0,6.6,174.0,2025-03-24T00:58:00,0.0,-99.8,-99.8,-99.8,-99.8,-99.8,-99.8,-99.8,-99.8
2025-03-25,999.0,999.4,2025-03-25T21:51:00,996.3,2025-03-25T15:01:00,22.7,31.2,2025-03-25T15:11:00,18.2,2025-03-25T23:53:00,78.0,42.0,2025-03-25T13:20:00,1.4,180.0,6.6,10.0,2025-03-25T13:33:00,0.0,-99.8,-99.8,-99.8,-99.8,-99.8,-99.8,-99.8,-99.8
2025-03-26,997.1,999.2,2025-03-26T00:08:00,994.4,2025-03-26T15:11:00,23.9,32.8,2025-03-26T13:51:00,17.2,2025-03-26T06:17:00,75.0,39.0,2025-03-26T13:51:00,1.2,173.0,6.0,166.0,2025-03-26T03:01:00,0.0,-99.8,-99.8,-99.8,-99.8,-99.8,-99.8,-99.8,-99.8
2025-03-27,995.9,998.3,2025-03-27T23:52:00,993.1,2025-03-27T13:51:00,26.0,36.6,2025-03-27T13:41:00,19.6,2025-03-27T05:51:00,79.0,42.0,2025-03-27T13:41:00,1.6,177.0,7.1,7.0,2025-03-27T13:51:00,0.0,-99.8,-99.8,-99.8,-99.8,-99.8,-99.8,-99.8,-99.8
2025-03-28,1004.7,1010.2,2025-03-28T23:02:00,998.1,2025-03-28T00:02:00,19.4,26.1,2025-03-28T00:01:00,15.8,2025-03-28T23:41:00,91.0,81.0,2025-03-28T19:31:00,1.1,19.0,6.6,355.0,2025-03-28T06:55:00,2.5,-99.8,-99.8,-99.8,-99.8,-99.8,-99.8,-99.8,-99.8
2025-03-29,1010.7,1012.6,2025-03-29T22:22:00,1009.4,2025-03-29T02:34:00,15.8,18.1,2025-03-29T11:21:00,14.7,2025-03-29T19:02:00,90.0,78.0,2025-03-29T08:51:00,1.3,17.0,8.2,25.0,2025-03-29T14:57:00,2.5,-99.8,-99.8,-99.8,-99.8,-99.8,-99.8,-99.8,-99.8
2025-03-30,1012.3,1013.6,2025-03-30T07:41:00,1011.0,2025-03-30T13:51:00,15.4,16.6,2025-03-30T14:01:00,14.3,2025-03-30T17:11:00,93.0,84.0,2025-03-30T09:35:00,0.7,193.0,6.6,208.0,2025-03-30T10:28:00,23.5,-99.8,-99.8,-99.8,-99.8,-99.8,-99.8,-99.8,-99.8
2025-03-31,1008.9,1011.3,2025-03-31T00:45:00,1006.5,2025-03-31T14:31:00,15.9,17.7,2025-03-31T09:11:00,14.6,2025-03-31T01:41:00,93.0,85.0,2025-03-31T09:14:00,0.3,342.0,6.6,140.0,2025-03-31T09:32:00,53.0,-99.8,-99.8,-99.8,-99.8,-99.8,-99.8,-99.8,-99.8
2025-04-01,1008.0,1009.2,2025-04-01T21:01:00,1006.1,2025-04-01T03:44:00,15.1,16.2,2025-04-01T09:41:00,14.5,2025-04-01T18:12:00,93.0,89.0,2025-04-01T09:53:00,0.2,0.0,4.9,27.0,2025-04-01T09:53:00,18.0,-99.8,-99.8,-99.8,-99.8,-99.8,-99.8,-99.8,-99.8
2025-04-02,1009.2,1011.0,2025-04-02T10:21:00,1007.7,2025-04-02T03:41:00,16.3,18.9,2025-04-02T14:06:00,13.9,2025-04-02T06:01:00,81.0,52.0,2025-04-02T13:37:00,0.5,14.0,7.1,96.0,2025-04-02T22:47:00,0.0,-99.8,-99.8,-99.8,-99.8,-99.8,-99.8,-99.8,-99.8
2025-04-03,1008.8,1009.9,2025-04-03T08:31:00,1007.2,2025-04-03T15:21:00,19.4,22.4,2025-04-03T12:34:00,16.6,2025-04-03T06:51:00,62.0,46.0,2025-04-03T14:11:00,2.0,149.0,9.9,87.0,2025-04-03T15:39:00,0.0,-99.8,-99.8,-99.8,-99.8,-99.8,-99.8,-99.8,-99.8
2025-04-04,1006.4,1008.8,2025-04-04T00:02:00,1004.4,2025-04-04T14:35:00,22.0,27.1,2025-04-04T11:24:00,18.2,2025-04-04T05:57:00,60.0,49.0,2025-04-04T11:24:00,3.1,136.0,11.5,139.0,2025-04-04T13:54:00,0.0,-99.8,-99.8,-99.8,-99.8,-99.8,-99.8,-99.8,-99.8
2025-04-05,1005.5,1007.0,2025-04-05T10:01:00,1004.3,2025-04-05T01:54:00,18.7,21.1,2025-04-05T00:07:00,17.0,2025-04-05T23:51:00,88.0,66.0,2025-04-05T00:44:00,0.5,131.0,8.8,128.0,2025-04-05T00:48:00,15.0,-99.8,-99.8,-99.8,-99.8,-99.8,-99.8,-99.8,-99.8
2025-04-06,1006.4,1008.6,2025-04-06T22:01:00,1003.9,2025-04-06T02:31:00,17.9,19.1,2025-04-06T16:03:00,17.1,2025-04-06T07:01:00,92.0,80.0,2025-04-06T23:59:00,1.0,177.0,6.6,166.0,2025-04-06T21:53:00,7.0,-99.8,-99.8,-99.8,-99.8,-99.8,-99.8,-99.8,-99.8
2025-04-07,1006.8,-9999.7,-99.8,-9999.7,-99.8,21.8,-99.7,-99.8,-99.7,-99.8,73.0,-9997.0,-99.8,2.4,176.0,-99.7,-999.7,-99.8,0.0,-99.8,-99.8,-99.8,-99.8,-99.8,-99.8,-99.8,-99.8
2025-04-08,1005.5,-9999.7,-99.8,-9999.7,-99.8,23.9,-99.7,-99.8,-99.7,-99.8,76.0,-9997.0,-99.8,1.0,17.0,-99.7,-999.7,-99.8,0.0,-99.8,-99.8,-99.8,-99.8,-99.8,-99.8,-99.8,-99.8
2025-04-09,1002.4,1004.9,2025-04-09T07:42:00,999.3,2025-04-09T15:51:00,24.5,30.9,2025-04-09T12:28:00,19.1,2025-04-09T05:11:00,79.0,51.0,2025-04-09T12:31:00,0.6,190.0,4.1,163.0,2025-04-09T05:31:00,1.0,-99.8,-99.8,-99.8,-99.8,-99.8,-99.8,-99.8,-99.8
2025-04-10,998.8,1001.0,2025-04-10T22:28:00,997.2,2025-04-10T04:23:00,20.9,21.8,2025-04-10T00:11:00,19.5,2025-04-10T10:29:00,93.0,91.0,2025-04-10T01:31:00,0.6,28.0,13.7,39.0,2025-04-10T10:20:00,50.0,-99.8,-99.8,-99.8,-99.8,-99.8,-99.8,-99.8,-99.8
2025-04-11,1000.0,1002.4,2025-04-11T07:51:00,998.3,2025-04-11T13:52:00,24.5,31.8,2025-04-11T11:41:00,18.7,2025-04-11T05:51:00,81.0,51.0,2025-04-11T12:21:00,1.2,172.0,12.1,220.0,2025-04-11T09:24:00,0.0,-99.8,-99.8,-99.8,-99.8,-99.8,-99.8,-99.8,-99.8
2025-04-12,997.0,1004.6,2025-04-12T23:44:00,994.7,2025-04-12T16:01:00,25.3,31.0,2025-04-12T15:11:00,18.1,2025-04-12T23:47:00,88.0,59.0,2025-04-12T15:11:00,0.5,10.0,11.0,6.0,2025-04-12T22:02:00,40.0,-99.8,-99.8,-99.8,-99.8,-99.8,-99.8,-99.8,-99.8
2025-04-13,1004.1,1007.5,2025-04-13T09:31:00,1001.6,2025-04-13T23:21:00,17.7,20.5,2025-04-13T15:15:00,15.3,2025-04-13T04:36:00,71.0,24.0,2025-04-13T13:14:00,1.0,176.0,7.7,177.0,2025-04-13T22:11:00,6.0,-99.8,-99.8,-99.8,-99.8,-99.8,-99.8,-99.8,-99.8
2025-04-14,1000.2,1002.4,2025-04-14T08:01:00,997.1,2025-04-14T14:51:00,21.3,31.0,2025-04-14T13:51:00,14.1,2025-04-14T04:11:00,72.0,39.0,2025-04-14T14:31:00,1.5,20.0,8.2,12.0,2025-04-14T15:33:00,0.0,-99.8,-99.8,-99.8,-99.8,-99.8,-99.8,-99.8,-99.8
2025-04-15,1003.2,1005.3,2025-04-15T09:01:00,1001.5,2025-04-15T02:13:00,21.4,29.5,2025-04-15T13:21:00,16.6,2025-04-15T05:33:00,71.0,43.0,2025-04-15T13:21:00,1.9,173.0,8.2,168.0,2025-04-15T16:09:00,0.0,-99.8,-99.8,-99.8,-99.8,-99.8,-99.8,-99.8,-99.8
2025-04-16,1002.4,1004.2,2025-04-16T07:31:00,1000.2,2025-04-16T15:13:00,24.4,31.6,2025-04-16T12:32:00,17.8,2025-04-16T04:41:00,63.0,26.0,2025-04-16T12:11:00,1.2,181.0,8.2,2.0,2025-04-16T13:18:00,0.0,-99.8,-99.8,-99.8,-99.8,-99.8,-99.8,-99.8,-99.8
2025-04-17,1000.5,1003.0,2025-04-17T08:02:00,998.3,2025-04-17T16:42:00,23.8,31.1,2025-04-17T14:11:00,18.8,2025-04-17T05:11:00,79.0,44.0,2025-04-17T12:21:00,1.0,182.0,6.0,152.0,2025-04-17T02:53:00,0.0,-99.8,-99.8,-99.8,-99.8,-99.8,-99.8,-99.8,-99.8
2025-04-18,1000.6,1002.1,2025-04-18T09:33:00,998.7,2025-04-18T02:31:00,26.0,31.4,2025-04-18T11:38:00,20.2,2025-04-18T05:36:00,78.0,55.0,2025-04-18T11:31:00,1.3,154.0,8.8,172.0,2025-04-18T21:16:00,0.0,-99.8,-99.8,-99.8,-99.8,-99.8,-99.8,-99.8,-99.8
2025-04-19,1000.0,1003.5,2025-04-19T23:34:00,997.1,2025-04-19T15:41:00,27.0,34.5,2025-04-19T12:53:00,21.6,2025-04-19T04:31:00,79.0,51.0,2025-04-19T12:56:00,1.2,171.0,13.2,18.0,2025-04-19T23:03:00,27.5,-99.8,-99.8,-99.8,-99.8,-99.8,-99.8,-99.8,-99.8
2025-04-20,1001.9,1003.6,2025-04-20T22:25:00,995.9,2025-04-20T02:25:00,24.5,30.2,2025-04-20T12:45:00,21.1,2025-04-20T02:25:00,90.0,73.0,2025-04-20T12:24:00,0.8,18.0,8.8,35.0,2025-04-20T15:30:00,8.5,-99.8,-99.8,-99.8,-99.8,-99.8,-99.8,-99.8,-99.8
2025-04-21,1001.8,1004.4,2025-04-21T08:33:00,1000.0,2025-04-21T23:43:00,26.7,32.6,2025-04-21T13:01:00,21.9,2025-04-21T00:41:00,86.0,57.0,2025-04-21T13:01:00,0.8,340.0,7.1,36.0,2025-04-21T14:15:00,0.0,-99.8,-99.8,-99.8,-99.8,-99.8,-99.8,-99.8,-99.8
2025-04-22,998.3,1000.8,2025-04-22T06:54:00,994.9,2025-04-22T15:15:00,28.6,36.8,2025-04-22T15:51:00,22.3,2025-04-22T06:03:00,76.0,48.0,2025-04-22T12:34:00,1.1,172.0,8.2,10.0,2025-04-22T12:09:00,0.0,-99.8,-99.8,-99.8,-99.8,-99.8,-99.8,-99.8,-99.8
2025-04-23,999.3,1003.2,2025-04-23T09:02:00,997.2,2025-04-23T14:01:00,25.0,31.0,2025-04-23T13:32:00,21.3,2025-04-23T23:51:00,85.0,55.0,2025-04-23T13:01:00,1.0,135.0,14.3,260.0,2025-04-23T09:02:00,8.5,-99.8,-99.8,-99.8,-99.8,-99.8,-99.8,-99.8,-99.8
2025-04-24,1000.4,1002.2,2025-04-24T22:15:00,998.1,2025-04-24T15:21:00,22.5,26.3,2025-04-24T08:51:00,20.9,2025-04-24T04:11:00,93.0,87.0,2025-04-24T08:51:00,0.2,0.0,4.1,18.0,2025-04-24T22:09:00,3.0,-99.8,-99.8,-99.8,-99.8,-99.8,-99.8,-99.8,-99.8
2025-04-25,1003.8,1007.2,2025-04-25T21:41:00,999.7,2025-04-25T03:41:00,20.6,22.4,2025-04-25T07:32:00,19.0,2025-04-25T20:38:00,94.0,85.0,2025-04-25T22:42:00,0.5,356.0,6.0,11.0,2025-04-25T08:15:00,11.0,-99.8,-99.8,-99.8,-99.8,-99.8,-99.8,-99.8,-99.8
2025-04-26,1006.3,1007.7,2025-04-26T21:01:00,1004.8,2025-04-26T03:11:00,20.5,22.8,2025-04-26T12:51:00,19.0,2025-04-26T00:46:00,91.0,82.0,2025-04-26T12:51:00,0.5,104.0,8.8,97.0,2025-04-26T02:55:00,4.0,-99.8,-99.8,-99.8,-99.8,-99.8,-99.8,-99.8,-99.8
2025-04-27,1002.7,1005.0,2025-04-27T00:01:00,1000.4,2025-04-27T14:22:00,24.8,31.0,2025-04-27T13:32:00,19.4,2025-04-27T00:01:00,84.0,56.0,2025-04-27T13:51:00,0.7,26.0,6.6,171.0,2025-04-27T00:13:00,0.0,-99.8,-99.8,-99.8,-99.8,-99.8,-99.8,-99.8,-99.8
2025-04-28,1002.5,1006.0,2025-04-28T21:43:00,999.6,2025-04-28T02:31:00,21.5,22.7,2025-04-28T00:31:00,17.8,2025-04-28T23:37:00,91.0,70.0,2025-04-28T22:15:00,0.8,175.0,6.6,196.0,2025-04-28T23:45:00,23.5,-99.8,-99.8,-99.8,-99.8,-99.8,-99.8,-99.8,-99.8
2025-04-29,1004.3,1005.8,2025-04-29T08:11:00,1002.0,2025-04-29T16:25:00,22.2,30.7,2025-04-29T14:22:00,17.4,2025-04-29T05:32:00,67.0,27.0,2025-04-29T15:02:00,1.7,183.0,9.3,143.0,2025-04-29T23:02:00,0.0,-99.8,-99.8,-99.8,-99.8,-99.8,-99.8,-99.8,-99.8
2025-04-30,1003.0,1004.7,2025-04-30T09:01:00,1000.8,2025-04-30T15:23:00,24.9,32.0,2025-04-30T12:53:00,18.5,2025-04-30T04:57:00,71.0,41.0,2025-04-30T12:53:00,1.5,192.0,7.7,176.0,2025-04-30T03:49:00,0.0,-99.8,-99.8,-99.8,-99.8,-99.8,-99.8,-99.8,-99.8
2025-05-01,1002.5,-9999.7,-99.8,-9999.7,-99.8,23.8,-99.7,-99.8,-99.7,-99.8,84.0,-9997.0,-99.8,0.9,179.0,-99.7,-999.7,-99.8,0.0,-99.8,-99.8,-99.8,-99.8,-99.8,-99.8,-99.8,-99.8
2025-05-01,1002.5,-9999.7,-99.8,-9999.7,-99.8,23.8,-99.7,-99.8,-99.7,-99.8,84.0,-9997.0,-99.8,0.9,179.0,-99.7,-999.7,-99.8,0.0,-99.8,-99.8,-99.8,-99.8,-99.8,-99.8,-99.8,-99.8
2025-05-02,1002.2,1003.9,2025-05-02T09:12:00,1000.2,2025-05-02T15:21:00,25.2,30.2,2025-05-02T14:51:00,19.9,2025-05-02T05:11:00,70.0,38.0,2025-05-02T15:32:00,2.5,177.0,13.2,114.0,2025-05-02T13:43:00,0.0,-99.8,-99.8,-99.8,-99.8,-99.8,-99.8,-99.8,-99.8
2025-05-03,1001.0,1003.1,2025-05-03T08:42:00,998.7,2025-05-03T16:11:00,25.6,31.2,2025-05-03T13:52:00,19.8,2025-05-03T05:21:00,75.0,56.0,2025-05-03T13:52:00,1.3,30.0,7.1,28.0,2025-05-03T10:43:00,0.0,-99.8,-99.8,-99.8,-99.8,-99.8,-99.8,-99.8,-99.8
2025-05-04,1000.4,1001.6,2025-05-04T21:48:00,999.2,2025-05-04T14:24:00,27.0,31.4,2025-05-04T11:21:00,22.8,2025-05-04T05:22:00,77.0,49.0,2025-05-04T09:44:00,1.3,160.0,10.4,121.0,2025-05-04T23:14:00,0.0,-99.8,-99.8,-99.8,-99.8,-99.8,-99.8,-99.8,-99.8
2025-05-05,997.4,1000.9,2025-05-05T00:01:00,995.4,2025-05-05T16:14:00,27.4,31.8,2025-05-05T12:11:00,22.1,2025-05-05T05:34:00,84.0,66.0,2025-05-05T12:11:00,1.2,12.0,9.9,4.0,2025-05-05T13:27:00,0.0,-99.8,-99.8,-99.8,-99.8,-99.8,-99.8,-99.8,-99.8
2025-05-06,998.6,-9999.7,-99.8,-9999.7,-99.8,26.7,-99.7,-99.8,-99.7,-99.8,89.0,-9997.0,-99.8,1.1,32.0,-99.7,-999.7,-99.8,14.0,-99.8,-99.8,-99.8,-99.8,-99.8,-99.8,-99.8,-99.8
2025-05-07,1001.5,1003.3,2025-05-07T10:18:00,998.5,2025-05-07T04:11:00,20.8,25.4,2025-05-07T22:53:00,18.2,2025-05-07T11:22:00,87.0,73.0,2025-05-07T00:48:00,2.0,144.0,12.1,127.0,2025-05-07T00:39:00,107.0,-99.8,-99.8,-99.8,-99.8,-99.8,-99.8,-99.8,-99.8
2025-05-08,1000.0,1001.7,2025-05-08T00:21:00,998.0,2025-05-08T15:52:00,26.3,31.5,2025-05-08T13:21:00,21.8,2025-05-08T05:53:00,76.0,55.0,2025-05-08T13:21:00,2.1,135.0,10.4,130.0,2025-05-08T00:05:00,0.0,-99.8,-99.8,-99.8,-99.8,-99.8,-99.8,-99.8,-99.8
2025-05-09,998.8,1000.6,2025-05-09T23:11:00,997.0,2025-05-09T15:11:00,27.0,35.7,2025-05-09T13:42:00,21.8,2025-05-09T05:12:00,85.0,53.0,2025-05-09T13:42:00,0.9,22.0,6.6,29.0,2025-05-09T16:17:00,1.0,-99.8,-99.8,-99.8,-99.8,-99.8,-99.8,-99.8,-99.8
2025-05-10,1000.0,1002.2,2025-05-10T20:51:00,998.7,2025-05-10T03:51:00,24.0,28.5,2025-05-10T08:01:00,21.4,2025-05-10T23:13:00,93.0,80.0,2025-05-10T18:31:00,0.5,186.0,8.2,28.0,2025-05-10T08:49:00,33.0,-99.8,-99.8,-99.8,-99.8,-99.8,-99.8,-99.8,-99.8
2025-05-11,1000.8,1003.5,2025-05-11T21:41:00,998.7,2025-05-11T02:45:00,19.8,23.3,2025-05-11T00:53:00,18.3,2025-05-11T23:41:00,92.0,55.0,2025-05-11T00:55:00,0.5,178.0,8.8,184.0,2025-05-11T01:10:00,65.5,-99.8,-99.8,-99.8,-99.8,-99.8,-99.8,-99.8,-99.8
2025-05-12,1001.7,1003.2,2025-05-12T21:46:00,999.7,2025-05-12T14:51:00,22.9,29.0,2025-05-12T13:58:00,17.5,2025-05-12T02:41:00,66.0,44.0,2025-05-12T14:02:00,1.9,161.0,9.3,131.0,2025-05-12T09:33:00,0.0,-99.8,-99.8,-99.8,-99.8,-99.8,-99.8,-99.8,-99.8
2025-05-13,1003.0,1004.7,2025-05-13T22:15:00,1001.1,2025-05-13T01:21:00,25.5,32.8,2025-05-13T13:22:00,19.4,2025-05-13T04:31:00,74.0,47.0,2025-05-13T11:51:00,1.1,178.0,6.6,179.0,2025-05-13T00:12:00,0.0,-99.8,-99.8,-99.8,-99.8,-99.8,-99.8,-99.8,-99.8
2025-05-14,1003.7,1005.2,2025-05-14T08:31:00,1002.0,2025-05-14T17:11:00,27.4,34.6,2025-05-14T14:02:00,21.2,2025-05-14T05:41:00,75.0,45.0,2025-05-14T12:21:00,1.3,175.0,6.6,183.0,2025-05-14T05:31:00,0.0,-99.8,-99.8,-99.8,-99.8,-99.8,-99.8,-99.8,-99.8
2025-05-15,1003.3,1004.8,2025-05-15T07:51:00,1001.5,2025-05-15T16:11:00,28.4,35.6,2025-05-15T13:14:00,22.5,2025-05-15T05:34:00,76.0,46.0,2025-05-15T13:15:00,0.9,171.0,6.6,35.0,2025-05-15T13:54:00,0.0,-99.8,-99.8,-99.8,-99.8,-99.8,-99.8,-99.8,-99.8
2025-05-16,1002.2,1003.9,2025-05-16T00:01:00,1000.4,2025-05-16T15:21:00,28.6,35.1,2025-05-16T11:21:00,23.0,2025-05-16T06:11:00,78.0,50.0,2025-05-16T10:24:00,0.9,174.0,6.0,168.0,2025-05-16T05:54:00,0.0,-99.8,-99.8,-99.8,-99.8,-99.8,-99.8,-99.8,-99.8
2025-05-17,1001.7,1003.1,2025-05-17T21:51:00,1000.5,2025-05-17T15:41:00,28.2,35.5,2025-05-17T11:54:00,23.4,2025-05-17T05:41:00,86.0,54.0,2025-05-17T11:54:00,1.0,349.0,8.2,341.0,2025-05-17T14:53:00,55.0,-99.8,-99.8,-99.8,-99.8,-99.8,-99.8,-99.8,-99.8
2025-05-18,1001.0,-9999.7,-99.8,-9999.7,-99.8,27.7,-99.7,-99.8,-99.7,-99.8,89.0,-9997.0,-99.8,0.8,158.0,-99.7,-999.7,-99.8,32.5,-99.8,-99.8,-99.8,-99.8,-99.8,-99.8,-99.8,-99.8
2025-05-19,999.9,1001.4,2025-05-19T00:01:00,998.2,2025-05-19T14:51:00,28.0,34.1,2025-05-19T11:41:00,23.5,2025-05-19T04:07:00,88.0,65.0,2025-05-19T11:48:00,1.0,180.0,6.0,174.0,2025-05-19T06:43:00,0.0,-99.8,-99.8,-99.8,-99.8,-99.8,-99.8,-99.8,-99.8
2025-05-20,1000.4,1001.9,2025-05-20T08:46:00,998.6,2025-05-20T14:31:00,28.9,35.6,2025-05-20T12:47:00,26.2,2025-05-20T05:31:00,89.0,56.0,2025-05-20T12:47:00,0.7,182.0,4.1,27.0,2025-05-20T11:16:00,11.0,-99.8,-99.8,-99.8,-99.8,-99.8,-99.8,-99.8,-99.8
2025-05-21,999.6,1001.7,2025-05-21T09:25:00,997.7,2025-05-21T16:27:00,30.1,36.2,2025-05-21T13:11:00,25.6,2025-05-21T05:03:00,84.0,55.0,2025-05-21T13:11:00,0.7,178.0,5.5,5.0,2025-05-21T13:58:00,0.0,-99.8,-99.8,-99.8,-99.8,-99.8,-99.8,-99.8,-99.8
2025-05-22,998.0,999.7,2025-05-22T07:41:00,995.9,2025-05-22T15:11:00,29.8,37.1,2025-05-22T13:15:00,25.6,2025-05-22T19:47:00,81.0,50.0,2025-05-22T13:11:00,0.8,330.0,6.6,37.0,2025-05-22T13:23:00,9.0,-99.8,-99.8,-99.8,-99.8,-99.8,-99.8,-99.8,-99.8
2025-05-23,996.0,998.0,2025-05-23T06:41:00,994.3,2025-05-23T15:31:00,29.7,36.7,2025-05-23T13:36:00,25.2,2025-05-23T02:26:00,82.0,52.0,2025-05-23T13:26:00,0.7,26.0,5.5,23.0,2025-05-23T14:24:00,0.0,-99.8,-99.8,-99.8,-99.8,-99.8,-99.8,-99.8,-99.8
2025-05-24,1000.5,1005.3,2025-05-24T23:03:00,996.0,2025-05-24T01:44:00,24.5,29.5,2025-05-24T08:35:00,21.0,2025-05-24T23:41:00,93.0,82.0,2025-05-24T23:54:00,0.5,356.0,6.0,4.0,2025-05-24T23:49:00,18.5,-99.8,-99.8,-99.8,-99.8,-99.8,-99.8,-99.8,-99.8
2025-05-25,1006.1,1007.5,2025-05-25T11:41:00,1004.1,2025-05-25T02:04:00,19.7,21.8,2025-05-25T00:02:00,18.5,2025-05-25T12:56:00,94.0,82.0,2025-05-25T00:02:00,1.1,184.0,6.6,120.0,2025-05-25T04:55:00,11.0,-99.8,-99.8,-99.8,-99.8,-99.8,-99.8,-99.8,-99.8
2025-05-26,1006.1,1007.4,2025-05-26T11:53:00,1004.3,2025-05-26T23:54:00,19.7,21.0,2025-05-26T22:52:00,18.1,2025-05-26T09:24:00,94.0,85.0,2025-05-26T03:15:00,0.3,186.0,6.0,180.0,2025-05-26T19:36:00,13.5,-99.8,-99.8,-99.8,-99.8,-99.8,-99.8,-99.8,-99.8
2025-05-27,1004.3,1006.4,2025-05-27T06:31:00,1002.5,2025-05-27T15:15:00,25.2,31.0,2025-05-27T12:23:00,19.2,2025-05-27T05:31:00,82.0,57.0,2025-05-27T12:51:00,1.1,123.0,9.9,146.0,2025-05-27T09:55:00,0.0,-99.8,-99.8,-99.8,-99.8,-99.8,-99.8,-99.8,-99.8
2025-05-28,1001.4,1004.1,2025-05-28T00:09:00,999.7,2025-05-28T17:02:00,24.5,29.3,2025-05-28T09:22:00,22.5,2025-05-28T23:44:00,90.0,69.0,2025-05-28T09:22:00,0.7,196.0,10.4,100.0,2025-05-28T08:00:00,5.0,-99.8,-99.8,-99.8,-99.8,-99.8,-99.8,-99.8,-99.8
2025-05-29,1000.9,1002.7,2025-05-29T20:47:00,998.7,2025-05-29T03:07:00,22.0,25.1,2025-05-29T08:51:00,20.5,2025-05-29T23:12:00,93.0,91.0,2025-05-29T07:45:00,0.4,330.0,6.0,32.0,2025-05-29T08:16:00,70.5,-99.8,-99.8,-99.8,-99.8,-99.8,-99.8,-99.8,-99.8
2025-05-30,1002.0,1004.1,2025-05-30T09:02:00,1000.4,2025-05-30T16:31:00,25.0,30.9,2025-05-30T13:31:00,20.3,2025-05-30T04:04:00,75.0,51.0,2025-05-30T14:12:00,1.2,138.0,10.4,130.0,2025-05-30T18:00:00,0.0,-99.8,-99.8,-99.8,-99.8,-99.8,-99.8,-99.8,-99.8
2025-05-31,998.8,1001.1,2025-05-31T00:04:00,995.9,2025-05-31T17:33:00,27.6,32.9,2025-05-31T12:31:00,22.6,2025-05-31T04:41:00,71.0,51.0,2025-05-31T12:18:00,2.2,146.0,9.3,122.0,2025-05-31T01:10:00,0.0,-99.8,-99.8,-99.8,-99.8,-99.8,-99.8,-99.8,-99.8
2025-06-01,994.6,996.9,2025-06-01T00:01:00,992.3,2025-06-01T16:31:00,27.9,35.8,2025-06-01T12:44:00,22.3,2025-06-01T04:51:00,82.0,51.0,2025-06-01T12:45:00,0.8,191.0,6.6,166.0,2025-06-01T05:51:00,0.0,-99.8,-99.8,-99.8,-99.8,-99.8,-99.8,-99.8,-99.8
2025-06-02,991.5,993.7,2025-06-02T00:01:00,989.4,2025-06-02T16:11:00,30.8,37.2,2025-06-02T13:05:00,25.3,2025-06-02T04:56:00,82.0,57.0,2025-06-02T12:32:00,1.2,172.0,8.8,26.0,2025-06-02T13:59:00,0.0,-99.8,-99.8,-99.8,-99.8,-99.8,-99.8,-99.8,-99.8
2025-06-03,994.6,998.2,2025-06-03T22:11:00,991.1,2025-06-03T01:52:00,26.1,31.2,2025-06-03T10:11:00,22.5,2025-06-03T23:51:00,92.0,77.0,2025-06-03T10:11:00,0.5,178.0,8.2,22.0,2025-06-03T11:25:00,5.5,-99.8,-99.8,-99.8,-99.8,-99.8,-99.8,-99.8,-99.8
2025-06-04,999.0,1001.5,2025-06-04T21:42:00,996.9,2025-06-04T02:51:00,24.4,26.8,2025-06-04T15:01:00,22.5,2025-06-04T04:41:00,93.0,85.0,2025-06-04T17:21:00,0.5,187.0,7.1,101.0,2025-06-04T17:20:00,11.0,-99.8,-99.8,-99.8,-99.8,-99.8,-99.8,-99.8,-99.8
2025-06-05,1000.1,1001.6,2025-06-05T09:11:00,998.7,2025-06-05T01:41:00,25.8,28.5,2025-06-05T13:01:00,23.1,2025-06-05T03:02:00,92.0,79.0,2025-06-05T08:12:00,0.5,185.0,8.8,137.0,2025-06-05T01:19:00,15.5,-99.8,-99.8,-99.8,-99.8,-99.8,-99.8,-99.8,-99.8
2025-06-06,998.8,1000.2,2025-06-06T08:12:00,997.4,2025-06-06T14:54:00,27.9,32.7,2025-06-06T13:11:00,23.2,2025-06-06T00:11:00,90.0,66.0,2025-06-06T11:43:00,0.9,186.0,5.5,32.0,2025-06-06T14:38:00,3.5,-99.8,-99.8,-99.8,-99.8,-99.8,-99.8,-99.8,-99.8
2025-06-07,998.0,999.1,2025-06-07T00:01:00,996.9,2025-06-07T13:52:00,28.8,35.7,2025-06-07T12:21:00,26.4,2025-06-07T04:01:00,90.0,67.0,2025-06-07T12:25:00,0.6,23.0,7.1,313.0,2025-06-07T14:13:00,5.0,-99.8,-99.8,-99.8,-99.8,-99.8,-99.8,-99.8,-99.8
2025-06-08,996.9,998.0,2025-06-08T00:02:00,994.8,2025-06-08T15:27:00,29.6,35.0,2025-06-08T12:41:00,26.4,2025-06-08T02:51:00,87.0,68.0,2025-06-08T12:43:00,0.4,184.0,5.5,32.0,2025-06-08T11:50:00,1.5,-99.8,-99.8,-99.8,-99.8,-99.8,-99.8,-99.8,-99.8
2025-06-09,996.2,-9999.7,-99.8,-9999.7,-99.8,28.9,-99.7,-99.8,-99.7,-99.8,89.0,-9997.0,-99.8,0.6,320.0,-99.7,-999.7,-99.8,73.5,-99.8,-99.8,-99.8,-99.8,-99.8,-99.8,-99.8,-99.8
2025-06-10,995.4,997.4,2025-06-10T22:31:00,993.6,2025-06-10T15:01:00,31.0,37.5,2025-06-10T15:32:00,26.2,2025-06-10T03:09:00,81.0,56.0,2025-06-10T13:09:00,1.0,197.0,6.0,209.0,2025-06-10T05:19:00,0.0,-99.8,-99.8,-99.8,-99.8,-99.8,-99.8,-99.8,-99.8
2025-06-11,996.2,997.7,2025-06-11T06:37:00,994.2,2025-06-11T13:13:00,32.0,38.1,2025-06-11T13:23:00,27.3,2025-06-11T05:01:00,73.0,51.0,2025-06-11T13:21:00,1.5,146.0,9.9,125.0,2025-06-11T09:58:00,0.0,-99.8,-99.8,-99.8,-99.8,-99.8,-99.8,-99.8,-99.8
2025-06-12,996.9,999.1,2025-06-12T08:11:00,994.7,2025-06-12T17:37:00,29.0,31.1,2025-06-12T00:35:00,26.4,2025-06-12T23:06:00,83.0,69.0,2025-06-12T04:25:00,1.6,160.0,14.8,198.0,2025-06-12T06:58:00,6.5,-99.8,-99.8,-99.8,-99.8,-99.8,-99.8,-99.8,-99.8
2025-06-13,997.5,999.4,2025-06-13T21:51:00,995.4,2025-06-13T03:15:00,28.4,31.1,2025-06-13T09:12:00,26.0,2025-06-13T03:23:00,92.0,73.0,2025-06-13T09:51:00,0.0,0.0,3.5,176.0,2025-06-13T03:23:00,6.5,-99.8,-99.8,-99.8,-99.8,-99.8,-99.8,-99.8,-99.8
2025-06-14,999.0,1000.3,2025-06-14T22:02:00,997.2,2025-06-14T16:11:00,29.8,35.6,2025-06-14T14:22:00,26.5,2025-06-14T01:57:00,85.0,60.0,2025-06-14T12:51:00,0.5,181.0,4.9,188.0,2025-06-14T06:48:00,0.0,-99.8,-99.8,-99.8,-99.8,-99.8,-99.8,-99.8,-99.8
2025-06-15,996.7,999.1,2025-06-15T00:04:00,994.2,2025-06-15T15:53:00,31.4,38.4,2025-06-15T13:21:00,27.0,2025-06-15T04:46:00,79.0,48.0,2025-06-15T14:11:00,0.8,9.0,5.5,334.0,2025-06-15T12:45:00,0.0,-99.8,-99.8,-99.8,-99.8,-99.8,-99.8,-99.8,-99.8
2025-06-16,997.8,1001.0,2025-06-16T22:31:00,995.5,2025-06-16T01:42:00,31.1,37.5,2025-06-16T14:41:00,27.1,2025-06-16T03:22:00,79.0,53.0,2025-06-16T13:41:00,0.9,18.0,7.7,20.0,2025-06-16T14:18:00,0.0,-99.8,-99.8,-99.8,-99.8,-99.8,-99.8,-99.8,-99.8
2025-06-17,1001.0,1002.6,2025-06-17T14:43:00,998.7,2025-06-17T01:05:00,28.5,32.6,2025-06-17T10:51:00,26.7,2025-06-17T23:11:00,90.0,65.0,2025-06-17T10:51:00,0.6,178.0,10.4,352.0,2025-06-17T13:02:00,3.5,-99.8,-99.8,-99.8,-99.8,-99.8,-99.8,-99.8,-99.8
2025-06-18,1002.0,1003.3,2025-06-18T07:11:00,1000.6,2025-06-18T13:03:00,28.7,37.3,2025-06-18T12:51:00,26.3,2025-06-18T01:43:00,86.0,53.0,2025-06-18T12:51:00,0.6,207.0,7.1,353.0,2025-06-18T13:12:00,2.0,-99.8,-99.8,-99.8,-99.8,-99.8,-99.8,-99.8,-99.8
2025-06-19,1002.0,1003.7,2025-06-19T22:01:00,1000.0,2025-06-19T13:11:00,30.0,36.8,2025-06-19T13:41:00,25.9,2025-06-19T04:31:00,81.0,54.0,2025-06-19T11:11:00,0.8,184.0,8.8,89.0,2025-06-19T11:16:00,0.0,-99.8,-99.8,-99.8,-99.8,-99.8,-99.8,-99.8,-99.8
2025-06-20,1001.1,1003.1,2025-06-20T22:13:00,999.3,2025-06-20T13:51:00,29.7,37.0,2025-06-20T12:01:00,26.3,2025-06-20T01:56:00,84.0,49.0,2025-06-20T11:51:00,0.9,21.0,6.0,35.0,2025-06-20T13:51:00,27.5,-99.8,-99.8,-99.8,-99.8,-99.8,-99.8,-99.8,-99.8
2025-06-21,1000.5,-9999.7,-99.8,-9999.7,-99.8,29.2,-99.7,-99.8,-99.7,-99.8,86.0,-9997.0,-99.8,0.9,169.0,-99.7,-999.7,-99.8,5.5,-99.8,-99.8,-99.8,-99.8,-99.8,-99.8,-99.8,-99.8
2025-06-22,998.9,1000.8,2025-06-22T07:22:00,996.7,2025-06-22T16:11:00,30.4,37.0,2025-06-22T14:03:00,26.5,2025-06-22T04:40:00,83.0,54.0,2025-06-22T12:33:00,0.6,22.0,6.0,35.0,2025-06-22T14:29:00,0.0,-99.8,-99.8,-99.8,-99.8,-99.8,-99.8,-99.8,-99.8
2025-06-23,997.4,998.9,2025-06-23T22:22:00,995.0,2025-06-23T14:51:00,30.7,38.2,2025-06-23T14:51:00,27.0,2025-06-23T04:51:00,82.0,51.0,2025-06-23T13:59:00,0.5,175.0,5.5,34.0,2025-06-23T15:09:00,0.5,-99.8,-99.8,-99.8,-99.8,-99.8,-99.8,-99.8,-99.8
2025-06-24,998.5,1000.9,2025-06-24T23:14:00,997.0,2025-06-24T02:03:00,29.7,37.9,2025-06-24T13:56:00,26.7,2025-06-24T05:02:00,84.0,51.0,2025-06-24T13:56:00,1.4,173.0,7.7,183.0,2025-06-24T16:06:00,0.0,-99.8,-99.8,-99.8,-99.8,-99.8,-99.8,-99.8,-99.8
2025-06-25,1000.9,1003.0,2025-06-25T20:52:00,999.3,2025-06-25T14:01:00,29.4,37.0,2025-06-25T11:36:00,25.9,2025-06-25T05:41:00,84.0,52.0,2025-06-25T12:42:00,1.0,160.0,7.7,150.0,2025-06-25T00:09:00,3.5,-99.8,-99.8,-99.8,-99.8,-99.8,-99.8,-99.8,-99.8
2025-06-26,1001.1,1002.6,2025-06-26T22:02:00,999.3,2025-06-26T16:32:00,30.1,36.0,2025-06-26T10:01:00,26.5,2025-06-26T03:51:00,80.0,54.0,2025-06-26T10:01:00,0.9,180.0,4.9,337.0,2025-06-26T12:27:00,0.0,-99.8,-99.8,-99.8,-99.8,-99.8,-99.8,-99.8,-99.8
2025-06-27,999.9,1001.5,2025-06-27T00:01:00,998.0,2025-06-27T14:26:00,28.7,36.4,2025-06-27T12:05:00,23.1,2025-06-27T22:14:00,83.0,50.0,2025-06-27T10:11:00,1.3,190.0,8.8,276.0,2025-06-27T15:38:00,8.5,-99.8,-99.8,-99.8,-99.8,-99.8,-99.8,-99.8,-99.8
2025-06-28,998.4,1000.6,2025-06-28T00:01:00,995.8,2025-06-28T16:31:00,29.2,37.8,2025-06-28T13:01:00,23.1,2025-06-28T00:41:00,78.0,44.0,2025-06-28T12:55:00,0.6,353.0,6.0,313.0,2025-06-28T12:20:00,0.0,-99.8,-99.8,-99.8,-99.8,-99.8,-99.8,-99.8,-99.8
2025-06-29,996.4,998.1,2025-06-29T00:01:00,994.3,2025-06-29T15:23:00,30.6,37.5,2025-06-29T14:23:00,26.8,2025-06-29T06:06:00,74.0,45.0,2025-06-29T14:23:00,0.9,159.0,8.2,79.0,2025-06-29T10:31:00,0.0,-99.8,-99.8,-99.8,-99.8,-99.8,-99.8,-99.8,-99.8
2025-06-30,997.8,999.7,2025-06-30T22:12:00,996.3,2025-06-30T16:04:00,30.7,36.8,2025-06-30T12:35:00,26.2,2025-06-30T04:33:00,75.0,52.0,2025-06-30T10:02:00,1.2,123.0,9.9,115.0,2025-06-30T11:34:00,0.0,-99.8,-99.8,-99.8,-99.8,-99.8,-99.8,-99.8,-99.8
2025-06-30,997.8,999.7,2025-06-30T22:12:00,996.3,2025-06-30T16:04:00,30.7,36.8,2025-06-30T12:35:00,26.2,2025-06-30T04:33:00,75.0,52.0,2025-06-30T10:02:00,1.2,123.0,9.9,115.0,2025-06-30T11:34:00,0.0,-99.8,-99.8,-99.8,-99.8,-99.8,-99.8,-99.8,-99.8
2025-07-01,999.7,1001.0,2025-07-01T21:53:00,998.3,2025-07-01T16:01:00,31.7,37.0,2025-07-01T14:41:00,27.2,2025-07-01T06:12:00,70.0,51.0,2025-07-01T14:41:00,2.0,135.0,9.9,125.0,2025-07-01T12:09:00,0.0,-99.8,-99.8,-99.8,-99.8,-99.8,-99.8,-99.8,-99.8
2025-07-02,999.5,1000.9,2025-07-02T00:02:00,997.7,2025-07-02T16:16:00,31.8,36.5,2025-07-02T12:31:00,27.4,2025-07-02T04:31:00,68.0,53.0,2025-07-02T12:36:00,1.7,214.0,10.4,103.0,2025-07-02T16:29:00,0.0,-99.8,-99.8,-99.8,-99.8,-99.8,-99.8,-99.8,-99.8
2025-07-03,997.9,-9999.7,-99.8,-9999.7,-99.8,32.0,-99.7,-99.8,-99.7,-99.8,67.0,-9997.0,-99.8,1.6,144.0,-99.7,-999.7,-99.8,0.0,-99.8,-99.8,-99.8,-99.8,-99.8,-99.8,-99.8,-99.8
2025-07-04,996.1,998.0,2025-07-04T21:11:00,994.3,2025-07-04T14:51:00,32.1,37.3,2025-07-04T13:12:00,27.7,2025-07-04T05:31:00,67.0,51.0,2025-07-04T13:52:00,1.6,140.0,8.8,118.0,2025-07-04T12:03:00,0.0,-99.8,-99.8,-99.8,-99.8,-99.8,-99.8,-99.8,-99.8
2025-07-05,995.8,997.4,2025-07-05T08:18:00,993.9,2025-07-05T17:03:00,30.2,35.5,2025-07-05T14:03:00,27.4,2025-07-05T22:41:00,79.0,56.0,2025-07-05T10:29:00,0.6,200.0,5.5,355.0,2025-07-05T12:00:00,0.0,-99.8,-99.8,-99.8,-99.8,-99.8,-99.8,-99.8,-99.8
2025-07-06,992.2,995.8,2025-07-06T00:02:00,985.8,2025-07-06T23:55:00,28.7,34.6,2025-07-06T11:06:00,25.7,2025-07-06T04:51:00,78.0,53.0,2025-07-06T11:06:00,1.9,134.0,13.2,148.0,2025-07-06T12:32:00,1.0,-99.8,-99.8,-99.8,-99.8,-99.8,-99.8,-99.8,-99.8
2025-07-07,989.0,991.7,2025-07-07T21:01:00,984.2,2025-07-07T01:43:00,27.3,30.3,2025-07-07T00:22:00,25.9,2025-07-07T06:11:00,92.0,68.0,2025-07-07T00:22:00,0.8,158.0,12.6,178.0,2025-07-07T00:54:00,10.0,-99.8,-99.8,-99.8,-99.8,-99.8,-99.8,-99.8,-99.8
2025-07-08,990.0,993.3,2025-07-08T23:07:00,987.5,2025-07-08T16:01:00,29.4,36.3,2025-07-08T14:22:00,25.8,2025-07-08T00:20:00,85.0,52.0,2025-07-08T14:51:00,0.9,171.0,6.0,176.0,2025-07-08T02:58:00,1.5,-99.8,-99.8,-99.8,-99.8,-99.8,-99.8,-99.8,-99.8
2025-07-09,991.4,993.0,2025-07-09T03:21:00,990.0,2025-07-09T15:45:00,25.5,27.6,2025-07-09T14:51:00,23.2,2025-07-09T05:22:00,94.0,84.0,2025-07-09T02:45:00,0.8,175.0,6.6,118.0,2025-07-09T02:55:00,11.5,-99.8,-99.8,-99.8,-99.8,-99.8,-99.8,-99.8,-99.8
2025-07-10,990.8,992.6,2025-07-10T23:21:00,989.2,2025-07-10T03:11:00,25.9,29.1,2025-07-10T13:01:00,22.9,2025-07-10T04:51:00,95.0,90.0,2025-07-10T04:01:00,0.3,198.0,6.0,181.0,2025-07-10T08:05:00,4.5,-99.8,-99.8,-99.8,-99.8,-99.8,-99.8,-99.8,-99.8
2025-07-11,994.5,997.4,2025-07-11T22:21:00,991.1,2025-07-11T02:51:00,27.6,31.1,2025-07-11T16:01:00,24.9,2025-07-11T04:21:00,92.0,78.0,2025-07-11T15:21:00,0.3,182.0,3.5,166.0,2025-07-11T05:31:00,0.5,-99.8,-99.8,-99.8,-99.8,-99.8,-99.8,-99.8,-99.8
2025-07-12,997.7,999.4,2025-07-12T21:09:00,995.6,2025-07-12T03:01:00,29.2,36.1,2025-07-12T13:01:00,25.9,2025-07-12T05:21:00,84.0,54.0,2025-07-12T13:01:00,0.9,22.0,5.5,2.0,2025-07-12T18:05:00,32.0,-99.8,-99.8,-99.8,-99.8,-99.8,-99.8,-99.8,-99.8
2025-07-13,996.2,998.5,2025-07-13T00:03:00,994.1,2025-07-13T16:47:00,30.6,36.5,2025-07-13T12:12:00,26.5,2025-07-13T05:21:00,84.0,59.0,2025-07-13T12:16:00,0.4,45.0,6.6,346.0,2025-07-13T12:32:00,0.0,-99.8,-99.8,-99.8,-99.8,-99.8,-99.8,-99.8,-99.8
2025-07-14,994.0,995.8,2025-07-14T00:02:00,991.5,2025-07-14T16:22:00,30.1,34.2,2025-07-14T15:43:00,28.4,2025-07-14T06:01:00,84.0,71.0,2025-07-14T10:52:00,1.5,26.0,7.1,29.0,2025-07-14T03:25:00,0.0,-99.8,-99.8,-99.8,-99.8,-99.8,-99.8,-99.8,-99.8
2025-07-15,993.0,995.4,2025-07-15T21:56:00,991.5,2025-07-15T14:08:00,31.9,37.9,2025-07-15T15:22:00,27.8,2025-07-15T02:21:00,77.0,51.0,2025-07-15T14:12:00,0.9,24.0,8.8,19.0,2025-07-15T12:18:00,0.0,-99.8,-99.8,-99.8,-99.8,-99.8,-99.8,-99.8,-99.8
2025-07-16,994.9,995.8,2025-07-16T08:05:00,993.8,2025-07-16T01:31:00,30.2,37.3,2025-07-16T12:41:00,27.1,2025-07-16T03:36:00,86.0,56.0,2025-07-16T13:24:00,0.9,181.0,7.7,109.0,2025-07-16T13:54:00,5.5,-99.8,-99.8,-99.8,-99.8,-99.8,-99.8,-99.8,-99.8
2025-07-17,994.3,995.8,2025-07-17T07:34:00,992.2,2025-07-17T16:13:00,30.5,37.3,2025-07-17T12:36:00,26.3,2025-07-17T02:01:00,85.0,53.0,2025-07-17T12:36:00,0.5,177.0,5.5,130.0,2025-07-17T10:01:00,0.0,-99.8,-99.8,-99.8,-99.8,-99.8,-99.8,-99.8,-99.8
2025-07-18,990.7,993.9,2025-07-18T00:01:00,988.1,2025-07-18T17:01:00,29.9,35.2,2025-07-18T10:43:00,27.0,2025-07-18T05:41:00,81.0,57.0,2025-07-18T10:43:00,2.4,157.0,15.4,132.0,2025-07-18T17:10:00,4.0,-99.8,-99.8,-99.8,-99.8,-99.8,-99.8,-99.8,-99.8
2025-07-19,987.7,989.7,2025-07-19T22:13:00,985.9,2025-07-19T03:53:00,29.6,31.1,2025-07-19T12:02:00,27.7,2025-07-19T03:31:00,83.0,72.0,2025-07-19T12:02:00,3.9,155.0,22.0,107.0,2025-07-19T11:18:00,74.0,-99.8,-99.8,-99.8,-99.8,-99.8,-99.8,-99.8,-99.8
2025-07-20,990.6,993.4,2025-07-20T21:31:00,987.3,2025-07-20T02:14:00,29.3,31.1,2025-07-20T07:32:00,26.3,2025-07-20T22:35:00,84.0,71.0,2025-07-20T02:43:00,1.7,156.0,12.1,134.0,2025-07-20T06:51:00,2.0,-99.8,-99.8,-99.8,-99.8,-99.8,-99.8,-99.8,-99.8
2025-07-21,995.4,997.0,2025-07-21T19:08:00,992.8,2025-07-21T00:03:00,28.2,30.7,2025-07-21T11:51:00,26.1,2025-07-21T04:31:00,88.0,74.0,2025-07-21T12:12:00,1.0,146.0,11.0,208.0,2025-07-21T12:50:00,18.0,-99.8,-99.8,-99.8,-99.8,-99.8,-99.8,-99.8,-99.8
2025-07-22,995.6,996.6,2025-07-22T09:40:00,994.4,2025-07-22T14:51:00,30.2,31.6,2025-07-22T14:51:00,29.0,2025-07-22T01:21:00,75.0,66.0,2025-07-22T16:01:00,2.3,163.0,11.0,138.0,2025-07-22T09:52:00,0.0,-99.8,-99.8,-99.8,-99.8,-99.8,-99.8,-99.8,-99.8
2025-07-23,994.2,995.9,2025-07-23T08:27:00,992.3,2025-07-23T17:23:00,30.7,35.4,2025-07-23T13:33:00,27.1,2025-07-23T23:51:00,75.0,53.0,2025-07-23T13:22:00,1.5,150.0,9.3,138.0,2025-07-23T15:15:00,8.0,-99.8,-99.8,-99.8,-99.8,-99.8,-99.8,-99.8,-99.8
2025-07-24,992.1,994.2,2025-07-24T09:41:00,990.3,2025-07-24T23:57:00,28.2,32.8,2025-07-24T11:42:00,26.4,2025-07-24T05:22:00,91.0,70.0,2025-07-24T11:42:00,0.5,349.0,8.2,24.0,2025-07-24T11:12:00,15.0,-99.8,-99.8,-99.8,-99.8,-99.8,-99.8,-99.8,-99.8
2025-07-25,987.7,990.4,2025-07-25T00:01:00,985.1,2025-07-25T16:36:00,27.7,31.1,2025-07-25T11:01:00,25.9,2025-07-25T04:21:00,93.0,83.0,2025-07-25T11:01:00,0.3,35.0,6.0,39.0,2025-07-25T17:55:00,44.5,-99.8,-99.8,-99.8,-99.8,-99.8,-99.8,-99.8,-99.8
2025-07-26,988.2,990.9,2025-07-26T23:21:00,986.1,2025-07-26T03:37:00,29.9,35.2,2025-07-26T14:41:00,27.3,2025-07-26T04:31:00,89.0,66.0,2025-07-26T14:52:00,0.1,0.0,4.9,352.0,2025-07-26T03:52:00,3.0,-99.8,-99.8,-99.8,-99.8,-99.8,-99.8,-99.8,-99.8
2025-07-27,988.8,990.8,2025-07-27T00:01:00,987.1,2025-07-27T15:31:00,29.7,34.8,2025-07-27T13:11:00,27.6,2025-07-27T04:24:00,89.0,69.0,2025-07-27T13:14:00,0.4,28.0,5.5,29.0,2025-07-27T13:47:00,2.0,-99.8,-99.8,-99.8,-99.8,-99.8,-99.8,-99.8,-99.8
2025-07-28,987.0,988.7,2025-07-28T00:31:00,985.1,2025-07-28T17:11:00,29.1,35.0,2025-07-28T13:11:00,26.8,2025-07-28T05:01:00,90.0,67.0,2025-07-28T13:11:00,1.0,24.0,8.2,16.0,2025-07-28T12:15:00,5.5,-99.8,-99.8,-99.8,-99.8,-99.8,-99.8,-99.8,-99.8
2025-07-29,985.4,987.0,2025-07-29T07:56:00,983.9,2025-07-29T16:51:00,28.9,32.5,2025-07-29T14:22:00,25.8,2025-07-29T06:31:00,87.0,72.0,2025-07-29T14:15:00,0.9,20.0,9.3,52.0,2025-07-29T11:26:00,31.0,-99.8,-99.8,-99.8,-99.8,-99.8,-99.8,-99.8,-99.8
2025-07-30,985.8,988.2,2025-07-30T23:01:00,983.8,2025-07-30T15:01:00,31.0,37.2,2025-07-30T11:42:00,26.0,2025-07-30T05:01:00,81.0,52.0,2025-07-30T11:53:00,0.7,316.0,8.2,219.0,2025-07-30T13:52:00,0.0,-99.8,-99.8,-99.8,-99.8,-99.8,-99.8,-99.8,-99.8
2025-07-31,988.5,991.5,2025-07-31T22:12:00,986.4,2025-07-31T03:23:00,31.0,37.6,2025-07-31T13:12:00,27.7,2025-07-31T05:21:00,80.0,54.0,2025-07-31T13:12:00,0.9,175.0,8.2,108.0,2025-07-31T14:26:00,0.0,-99.8,-99.8,-99.8,-99.8,-99.8,-99.8,-99.8,-99.8
2025-08-01,991.7,994.3,2025-08-01T21:57:00,989.9,2025-08-01T02:13:00,29.8,36.6,2025-08-01T12:29:00,27.1,2025-08-01T04:41:00,86.0,53.0,2025-08-01T12:29:00,0.5,180.0,4.1,94.0,2025-08-01T13:38:00,4.0,-99.8,-99.8,-99.8,-99.8,-99.8,-99.8,-99.8,-99.8
2025-08-02,994.0,995.5,2025-08-02T22:01:00,993.1,2025-08-02T03:11:00,29.5,36.1,2025-08-02T12:03:00,26.7,2025-08-02T03:21:00,87.0,59.0,2025-08-02T12:03:00,0.4,202.0,7.7,262.0,2025-08-02T13:13:00,17.5,-99.8,-99.8,-99.8,-99.8,-99.8,-99.8,-99.8,-99.8
2025-08-03,994.7,996.0,2025-08-03T22:34:00,993.7,2025-08-03T15:12:00,29.2,35.7,2025-08-03T11:02:00,26.7,2025-08-03T02:11:00,89.0,64.0,2025-08-03T11:02:00,1.1,176.0,7.1,231.0,2025-08-03T13:12:00,2.0,-99.8,-99.8,-99.8,-99.8,-99.8,-99.8,-99.8,-99.8
2025-08-04,996.0,998.3,2025-08-04T21:11:00,994.7,2025-08-04T02:21:00,29.7,35.0,2025-08-04T11:11:00,26.8,2025-08-04T05:20:00,89.0,59.0,2025-08-04T09:47:00,0.2,0.0,4.9,175.0,2025-08-04T00:41:00,0.0,-99.8,-99.8,-99.8,-99.8,-99.8,-99.8,-99.8,-99.8
2025-08-05,998.5,1001.0,2025-08-05T22:21:00,995.9,2025-08-05T01:01:00,28.5,35.8,2025-08-05T10:31:00,25.9,2025-08-05T13:28:00,89.0,67.0,2025-08-05T10:44:00,0.5,197.0,7.7,264.0,2025-08-05T12:13:00,87.5,-99.8,-99.8,-99.8,-99.8,-99.8,-99.8,-99.8,-99.8
2025-08-06,1000.3,-9999.7,-99.8,-9999.7,-99.8,29.4,-99.7,-99.8,-99.7,-99.8,89.0,-9997.0,-99.8,0.3,355.0,-99.7,-999.7,-99.8,0.5,-99.8,-99.8,-99.8,-99.8,-99.8,-99.8,-99.8,-99.8
2025-08-07,999.9,1001.5,2025-08-07T07:41:00,998.5,2025-08-07T16:58:00,30.5,37.3,2025-08-07T14:01:00,26.0,2025-08-07T05:11:00,81.0,51.0,2025-08-07T14:01:00,0.5,357.0,6.0,166.0,2025-08-07T05:06:00,0.0,-99.8,-99.8,-99.8,-99.8,-99.8,-99.8,-99.8,-99.8
2025-08-08,999.1,1000.2,2025-08-08T00:01:00,998.2,2025-08-08T12:38:00,30.0,36.7,2025-08-08T12:38:00,27.0,2025-08-08T05:09:00,85.0,53.0,2025-08-08T12:41:00,0.7,12.0,6.0,310.0,2025-08-08T13:58:00,0.0,-99.8,-99.8,-99.8,-99.8,-99.8,-99.8,-99.8,-99.8
2025-08-09,999.2,-9999.7,-99.8,-9999.7,-99.8,30.1,-99.7,-99.8,-99.7,-99.8,87.0,-9997.0,-99.8,0.5,39.0,-99.7,-999.7,-99.8,1.0,-99.8,-99.8,-99.8,-99.8,-99.8,-99.8,-99.8,-99.8
2025-08-10,998.8,1000.0,2025-08-10T09:01:00,997.6,2025-08-10T14:55:00,29.9,36.6,2025-08-10T12:41:00,27.2,2025-08-10T23:46:00,87.0,58.0,2025-08-10T12:41:00,0.4,355.0,6.0,21.0,2025-08-10T13:06:00,14.0,-99.8,-99.8,-99.8,-99.8,-99.8,-99.8,-99.8,-99.8
2025-08-11,997.8,998.9,2025-08-11T00:01:00,996.5,2025-08-11T15:31:00,29.4,35.3,2025-08-11T11:45:00,26.7,2025-08-11T04:31:00,88.0,65.0,2025-08-11T11:45:00,0.4,14.0,5.5,63.0,2025-08-11T15:55:00,12.0,-99.8,-99.8,-99.8,-99.8,-99.8,-99.8,-99.8,-99.8
2025-08-12,998.5,1000.2,2025-08-12T21:42:00,997.0,2025-08-12T15:11:00,30.5,36.2,2025-08-12T12:01:00,26.6,2025-08-12T04:41:00,82.0,58.0,2025-08-12T11:51:00,0.8,181.0,5.5,14.0,2025-08-12T13:02:00,0.0,-99.8,-99.8,-99.8,-99.8,-99.8,-99.8,-99.8,-99.8
2025-08-13,995.7,999.7,2025-08-13T00:01:00,990.6,2025-08-13T15:21:00,29.6,31.1,2025-08-13T13:32:00,26.6,2025-08-13T04:21:00,81.0,66.0,2025-08-13T11:51:00,3.5,154.0,25.3,201.0,2025-08-13T13:32:00,18.5,-99.8,-99.8,-99.8,-99.8,-99.8,-99.8,-99.8,-99.8
2025-08-14,1000.2,-9999.7,-99.8,-9999.7,-99.8,30.3,-99.7,-99.8,-99.7,-99.8,73.0,-9997.0,-99.8,2.0,156.0,-99.7,-999.7,-99.8,0.0,-99.8,-99.8,-99.8,-99.8,-99.8,-99.8,-99.8,-99.8
2025-08-15,1000.5,1001.6,2025-08-15T20:52:00,999.3,2025-08-15T05:29:00,31.2,35.0,2025-08-15T13:06:00,30.0,2025-08-15T20:31:00,66.0,54.0,2025-08-15T12:31:00,2.7,150.0,13.7,96.0,2025-08-15T03:24:00,0.0,-99.8,-99.8,-99.8,-99.8,-99.8,-99.8,-99.8,-99.8
2025-08-16,1000.0,-9999.7,-99.8,-9999.7,-99.8,30.8,-99.7,-99.8,-99.7,-99.8,69.0,-9997.0,-99.8,2.0,163.0,-99.7,-999.7,-99.8,0.0,-99.8,-99.8,-99.8,-99.8,-99.8,-99.8,-99.8,-99.8
2025-08-17,1001.2,1003.2,2025-08-17T22:01:00,999.7,2025-08-17T01:12:00,31.5,36.8,2025-08-17T12:22:00,26.6,2025-08-17T05:36:00,66.0,50.0,2025-08-17T12:22:00,1.7,161.0,11.0,172.0,2025-08-17T00:38:00,0.0,-99.8,-99.8,-99.8,-99.8,-99.8,-99.8,-99.8,-99.8
2025-08-18,1003.0,1004.3,2025-08-18T21:43:00,1001.9,2025-08-18T13:11:00,29.6,37.2,2025-08-18T12:31:00,26.1,2025-08-18T05:41:00,82.0,49.0,2025-08-18T12:31:00,1.0,30.0,6.6,340.0,2025-08-18T13:36:00,10.0,-99.8,-99.8,-99.8,-99.8,-99.8,-99.8,-99.8,-99.8
2025-08-19,1002.3,1003.5,2025-08-19T20:22:00,1000.8,2025-08-19T16:41:00,29.6,36.4,2025-08-19T12:03:00,25.8,2025-08-19T06:21:00,83.0,53.0,2025-08-19T12:12:00,0.7,173.0,7.1,347.0,2025-08-19T10:29:00,0.0,-99.8,-99.8,-99.8,-99.8,-99.8,-99.8,-99.8,-99.8
2025-08-20,1001.4,1002.6,2025-08-20T21:01:00,999.7,2025-08-20T13:14:00,28.1,36.8,2025-08-20T11:35:00,26.3,2025-08-20T20:42:00,86.0,49.0,2025-08-20T11:38:00,0.8,340.0,8.2,19.0,2025-08-20T14:17:00,1.5,-99.8,-99.8,-99.8,-99.8,-99.8,-99.8,-99.8,-99.8
2025-08-21,1001.7,1003.1,2025-08-21T07:16:00,1000.2,2025-08-21T17:02:00,29.6,37.5,2025-08-21T13:01:00,25.2,2025-08-21T04:15:00,75.0,46.0,2025-08-21T13:01:00,1.1,175.0,6.0,168.0,2025-08-21T01:16:00,0.0,-99.8,-99.8,-99.8,-99.8,-99.8,-99.8,-99.8,-99.8
2025-08-22,1000.5,1002.1,2025-08-22T10:13:00,997.8,2025-08-22T16:12:00,30.8,38.2,2025-08-22T14:11:00,25.5,2025-08-22T05:41:00,74.0,49.0,2025-08-22T15:42:00,1.0,307.0,6.6,144.0,2025-08-22T07:01:00,0.0,-99.8,-99.8,-99.8,-99.8,-99.8,-99.8,-99.8,-99.8
2025-08-23,1000.3,1002.0,2025-08-23T23:51:00,998.7,2025-08-23T16:41:00,31.6,37.9,2025-08-23T13:06:00,26.9,2025-08-23T05:33:00,76.0,49.0,2025-08-23T13:06:00,0.9,195.0,5.5,27.0,2025-08-23T14:20:00,0.0,-99.8,-99.8,-99.8,-99.8,-99.8,-99.8,-99.8,-99.8
2025-08-24,1001.2,1002.8,2025-08-24T07:51:00,999.3,2025-08-24T13:33:00,31.2,37.5,2025-08-24T12:42:00,27.0,2025-08-24T05:15:00,73.0,50.0,2025-08-24T13:56:00,1.5,135.0,11.5,126.0,2025-08-24T17:22:00,0.0,-99.8,-99.8,-99.8,-99.8,-99.8,-99.8,-99.8,-99.8
2025-08-25,1000.9,1002.2,2025-08-25T06:11:00,998.6,2025-08-25T17:13:00,31.0,36.4,2025-08-25T12:22:00,27.0,2025-08-25T03:31:00,70.0,51.0,2025-08-25T11:03:00,1.8,144.0,10.4,160.0,2025-08-25T17:31:00,0.0,-99.8,-99.8,-99.8,-99.8,-99.8,-99.8,-99.8,-99.8
2025-08-26,1000.2,1001.7,2025-08-26T00:21:00,998.7,2025-08-26T16:31:00,30.7,37.4,2025-08-26T11:13:00,26.7,2025-08-26T06:21:00,69.0,49.0,2025-08-26T13:42:00,1.7,142.0,11.5,126.0,2025-08-26T17:59:00,0.0,-99.8,-99.8,-99.8,-99.8,-99.8,-99.8,-99.8,-99.8
2025-08-27,999.4,1000.5,2025-08-27T15:28:00,998.0,2025-08-27T03:54:00,30.7,35.0,2025-08-27T12:51:00,27.9,2025-08-27T02:18:00,66.0,51.0,2025-08-27T08:44:00,1.9,155.0,12.1,172.0,2025-08-27T23:56:00,0.0,-99.8,-99.8,-99.8,-99.8,-99.8,-99.8,-99.8,-99.8
2025-08-28,999.0,1000.8,2025-08-28T22:15:00,997.6,2025-08-28T03:11:00,31.5,36.4,2025-08-28T12:01:00,29.4,2025-08-28T06:32:00,63.0,51.0,2025-08-28T11:33:00,2.5,134.0,13.2,148.0,2025-08-28T15:14:00,0.0,-99.8,-99.8,-99.8,-99.8,-99.8,-99.8,-99.8,-99.8
2025-08-29,1001.2,1002.4,2025-08-29T21:58:00,999.9,2025-08-29T00:52:00,31.7,35.9,2025-08-29T13:22:00,28.1,2025-08-29T05:37:00,63.0,50.0,2025-08-29T13:22:00,2.2,140.0,11.0,171.0,2025-08-29T14:31:00,0.0,-99.8,-99.8,-99.8,-99.8,-99.8,-99.8,-99.8,-99.8
2025-08-29,1001.2,1002.4,2025-08-29T21:58:00,999.9,2025-08-29T00:52:00,31.7,35.9,2025-08-29T13:22:00,28.1,2025-08-29T05:37:00,63.0,50.0,2025-08-29T13:22:00,2.2,140.0,11.0,171.0,2025-08-29T14:31:00,0.0,-99.8,-99.8,-99.8,-99.8,-99.8,-99.8,-99.8,-99.8
2025-08-30,1001.4,1002.8,2025-08-30T08:46:00,999.3,2025-08-30T15:21:00,30.9,38.6,2025-08-30T13:11:00,27.2,2025-08-30T05:21:00,73.0,46.0,2025-08-30T13:14:00,0.9,195.0,7.7,23.0,2025-08-30T13:50:00,0.0,-99.8,-99.8,-99.8,-99.8,-99.8,-99.8,-99.8,-99.8
2025-08-31,999.9,1001.6,2025-08-31T00:02:00,997.6,2025-08-31T17:21:00,29.1,35.8,2025-08-31T10:34:00,26.1,2025-08-31T05:21:00,82.0,55.0,2025-08-31T10:34:00,0.7,52.0,7.1,13.0,2025-08-31T13:20:00,0.0,-99.8,-99.8,-99.8,-99.8,-99.8,-99.8,-99.8,-99.8
2025-09-01,998.8,999.9,2025-09-01T07:31:00,996.6,2025-09-01T15:41:00,28.9,32.4,2025-09-01T11:26:00,26.9,2025-09-01T04:47:00,85.0,69.0,2025-09-01T12:11:00,0.6,169.0,4.9,150.0,2025-09-01T08:48:00,1.0,-99.8,-99.8,-99.8,-99.8,-99.8,-99.8,-99.8,-99.8
2025-09-02,998.8,1000.6,2025-09-02T21:15:00,996.9,2025-09-02T04:31:00,29.6,35.5,2025-09-02T11:37:00,26.8,2025-09-02T05:11:00,82.0,64.0,2025-09-02T11:37:00,1.0,171.0,6.6,186.0,2025-09-02T04:29:00,0.0,-99.8,-99.8,-99.8,-99.8,-99.8,-99.8,-99.8,-99.8
2025-09-03,998.9,1000.5,2025-09-03T08:21:00,997.4,2025-09-03T14:03:00,29.1,35.5,2025-09-03T12:15:00,25.9,2025-09-03T05:01:00,84.0,57.0,2025-09-03T11:28:00,0.8,4.0,7.1,354.0,2025-09-03T09:38:00,7.0,-99.8,-99.8,-99.8,-99.8,-99.8,-99.8,-99.8,-99.8
2025-09-04,998.7,1000.0,2025-09-04T08:11:00,996.7,2025-09-04T14:16:00,28.6,36.4,2025-09-04T12:01:00,25.5,2025-09-04T15:11:00,86.0,54.0,2025-09-04T10:57:00,1.3,182.0,9.9,119.0,2025-09-04T14:48:00,34.5,-99.8,-99.8,-99.8,-99.8,-99.8,-99.8,-99.8,-99.8
2025-09-05,998.9,1000.4,2025-09-05T08:32:00,996.9,2025-09-05T14:41:00,30.3,37.3,2025-09-05T14:41:00,23.5,2025-09-05T04:41:00,74.0,50.0,2025-09-05T13:32:00,1.2,169.0,8.8,117.0,2025-09-05T11:48:00,0.0,-99.8,-99.8,-99.8,-99.8,-99.8,-99.8,-99.8,-99.8
2025-09-06,998.8,1001.3,2025-09-06T21:44:00,997.4,2025-09-06T13:58:00,31.5,36.1,2025-09-06T12:04:00,28.6,2025-09-06T22:51:00,71.0,55.0,2025-09-06T10:35:00,1.8,130.0,12.1,129.0,2025-09-06T08:38:00,0.0,-99.8,-99.8,-99.8,-99.8,-99.8,-99.8,-99.8,-99.8
2025-09-07,1000.4,1003.3,2025-09-07T21:41:00,998.9,2025-09-07T04:01:00,29.6,36.8,2025-09-07T12:03:00,27.1,2025-09-07T23:51:00,87.0,55.0,2025-09-07T12:03:00,0.5,29.0,6.6,26.0,2025-09-07T12:22:00,20.5,-99.8,-99.8,-99.8,-99.8,-99.8,-99.8,-99.8,-99.8
2025-09-08,1001.9,1003.7,2025-09-08T21:32:00,999.9,2025-09-08T14:02:00,29.6,36.7,2025-09-08T13:11:00,26.4,2025-09-08T05:51:00,84.0,53.0,2025-09-08T13:11:00,0.8,171.0,6.6,48.0,2025-09-08T12:18:00,0.0,-99.8,-99.8,-99.8,-99.8,-99.8,-99.8,-99.8,-99.8
2025-09-09,1002.7,1004.1,2025-09-09T10:34:00,1000.3,2025-09-09T14:59:00,30.3,37.2,2025-09-09T14:42:00,26.8,2025-09-09T06:01:00,81.0,52.0,2025-09-09T14:42:00,0.8,23.0,7.1,22.0,2025-09-09T11:02:00,0.5,-99.8,-99.8,-99.8,-99.8,-99.8,-99.8,-99.8,-99.8
2025-09-10,1002.2,1003.5,2025-09-10T00:04:00,1000.4,2025-09-10T14:12:00,29.7,37.7,2025-09-10T12:01:00,26.9,2025-09-10T05:33:00,84.0,53.0,2025-09-10T13:01:00,0.6,172.0,6.0,300.0,2025-09-10T11:22:00,0.0,-99.8,-99.8,-99.8,-99.8,-99.8,-99.8,-99.8,-99.8
2025-09-11,1001.7,1003.7,2025-09-11T07:42:00,999.2,2025-09-11T14:25:00,30.6,36.9,2025-09-11T13:31:00,26.6,2025-09-11T05:22:00,75.0,51.0,2025-09-11T13:41:00,1.1,123.0,8.2,161.0,2025-09-11T15:03:00,0.0,-99.8,-99.8,-99.8,-99.8,-99.8,-99.8,-99.8,-99.8
2025-09-12,1002.0,1003.2,2025-09-12T20:41:00,1000.6,2025-09-12T13:47:00,29.4,35.8,2025-09-12T11:31:00,26.5,2025-09-12T23:53:00,85.0,56.0,2025-09-12T11:40:00,1.2,168.0,6.0,30.0,2025-09-12T11:05:00,2.5,-99.8,-99.8,-99.8,-99.8,-99.8,-99.8,-99.8,-99.8
2025-09-13,1002.1,1003.3,2025-09-13T08:24:00,1000.5,2025-09-13T15:35:00,30.1,37.7,2025-09-13T13:51:00,25.8,2025-09-13T04:42:00,78.0,44.0,2025-09-13T13:51:00,1.0,173.0,6.0,30.0,2025-09-13T11:02:00,0.0,-99.8,-99.8,-99.8,-99.8,-99.8,-99.8,-99.8,-99.8
2025-09-14,1002.8,1004.9,2025-09-14T21:23:00,1000.9,2025-09-14T12:01:00,29.7,37.3,2025-09-14T11:51:00,26.9,2025-09-14T05:11:00,82.0,50.0,2025-09-14T12:07:00,0.7,176.0,6.6,127.0,2025-09-14T10:30:00,0.0,-99.8,-99.8,-99.8,-99.8,-99.8,-99.8,-99.8,-99.8
2025-09-15,1003.2,1005.0,2025-09-15T07:35:00,1001.0,2025-09-15T13:51:00,30.6,36.1,2025-09-15T10:53:00,26.2,2025-09-15T06:03:00,75.0,53.0,2025-09-15T11:21:00,1.4,144.0,10.4,95.0,2025-09-15T12:54:00,0.0,-99.8,-99.8,-99.8,-99.8,-99.8,-99.8,-99.8,-99.8
2025-09-16,1001.8,1003.5,2025-09-16T00:01:00,1000.4,2025-09-16T17:13:00,30.9,36.2,2025-09-16T12:42:00,27.1,2025-09-16T06:11:00,69.0,52.0,2025-09-16T09:41:00,1.7,144.0,12.1,119.0,2025-09-16T18:52:00,0.0,-99.8,-99.8,-99.8,-99.8,-99.8,-99.8,-99.8,-99.8
2025-09-17,1000.8,1002.1,2025-09-17T00:21:00,999.1,2025-09-17T14:51:00,31.3,36.4,2025-09-17T12:54:00,27.2,2025-09-17T05:51:00,68.0,53.0,2025-09-17T12:54:00,1.9,165.0,12.1,128.0,2025-09-17T20:30:00,0.0,-99.8,-99.8,-99.8,-99.8,-99.8,-99.8,-99.8,-99.8
2025-09-18,1000.8,1002.7,2025-09-18T23:21:00,999.3,2025-09-18T14:15:00,30.5,35.1,2025-09-18T12:51:00,26.4,2025-09-18T05:21:00,69.0,54.0,2025-09-18T12:35:00,2.3,133.0,13.7,125.0,2025-09-18T14:50:00,0.0,-99.8,-99.8,-99.8,-99.8,-99.8,-99.8,-99.8,-99.8
2025-09-19,1000.7,1002.5,2025-09-19T00:02:00,997.5,2025-09-19T14:51:00,30.8,36.8,2025-09-19T12:36:00,27.8,2025-09-19T03:29:00,71.0,50.0,2025-09-19T12:36:00,1.5,145.0,12.6,187.0,2025-09-19T08:26:00,0.0,-99.8,-99.8,-99.8,-99.8,-99.8,-99.8,-99.8,-99.8
2025-09-20,1000.0,-9999.7,-99.8,-9999.7,-99.8,30.1,-99.7,-99.8,-99.7,-99.8,79.0,-9997.0,-99.8,0.4,23.0,-99.7,-999.7,-99.8,0.0,-99.8,-99.8,-99.8,-99.8,-99.8,-99.8,-99.8,-99.8
2025-09-21,999.6,1000.6,2025-09-21T21:14:00,998.5,2025-09-21T12:11:00,29.1,35.5,2025-09-21T12:02:00,26.6,2025-09-21T23:51:00,84.0,53.0,2025-09-21T12:02:00,1.2,174.0,9.3,157.0,2025-09-21T11:25:00,7.5,-99.8,-99.8,-99.8,-99.8,-99.8,-99.8,-99.8,-99.8
2025-09-22,997.3,1000.3,2025-09-22T00:02:00,994.5,2025-09-22T23:13:00,28.6,31.2,2025-09-22T09:44:00,26.5,2025-09-22T06:11:00,88.0,72.0,2025-09-22T09:44:00,1.6,297.0,19.8,154.0,2025-09-22T23:52:00,71.0,-99.8,-99.8,-99.8,-99.8,-99.8,-99.8,-99.8,-99.8
2025-09-23,994.7,997.2,2025-09-23T21:26:00,993.0,2025-09-23T04:01:00,29.9,31.1,2025-09-23T16:48:00,27.3,2025-09-23T06:47:00,80.0,70.0,2025-09-23T15:04:00,3.9,152.0,20.4,210.0,2025-09-23T01:01:00,31.0,-99.8,-99.8,-99.8,-99.8,-99.8,-99.8,-99.8,-99.8
2025-09-24,997.1,1000.9,2025-09-24T23:12:00,994.2,2025-09-24T04:02:00,31.7,37.3,2025-09-24T12:36:00,27.4,2025-09-24T22:02:00,66.0,49.0,2025-09-24T13:41:00,2.8,133.0,16.5,122.0,2025-09-24T05:31:00,39.5,-99.8,-99.8,-99.8,-99.8,-99.8,-99.8,-99.8,-99.8
2025-09-25,1001.5,1004.6,2025-09-25T22:54:00,999.3,2025-09-25T03:07:00,30.2,34.6,2025-09-25T13:35:00,26.1,2025-09-25T06:34:00,69.0,53.0,2025-09-25T13:21:00,2.2,155.0,12.6,117.0,2025-09-25T14:21:00,-9999.5,-99.8,-99.8,-99.8,-99.8,-99.8,-99.8,-99.8,-99.8
2025-09-26,1004.1,1005.8,2025-09-26T09:54:00,1002.2,2025-09-26T14:21:00,30.7,31.1,2025-09-26T08:02:00,29.2,2025-09-26T13:21:00,69.0,50.0,2025-09-26T12:48:00,2.4,141.0,12.6,186.0,2025-09-26T21:47:00,0.0,-99.8,-99.8,-99.8,-99.8,-99.8,-99.8,-99.8,-99.8
2025-09-27,1003.9,1005.0,2025-09-27T07:11:00,1002.0,2025-09-27T14:22:00,31.1,35.8,2025-09-27T12:21:00,26.7,2025-09-27T23:59:00,70.0,54.0,2025-09-27T12:21:00,1.8,153.0,11.5,135.0,2025-09-27T01:51:00,0.0,-99.8,-99.8,-99.8,-99.8,-99.8,-99.8,-99.8,-99.8
2025-09-28,1003.5,1005.7,2025-09-28T21:11:00,1001.4,2025-09-28T14:05:00,30.4,37.3,2025-09-28T13:01:00,25.9,2025-09-28T06:02:00,77.0,51.0,2025-09-28T11:51:00,0.6,204.0,6.0,190.0,2025-09-28T02:32:00,0.0,-99.8,-99.8,-99.8,-99.8,-99.8,-99.8,-99.8,-99.8
2025-09-29,1003.3,1004.9,2025-09-29T00:01:00,1001.9,2025-09-29T16:31:00,29.6,36.2,2025-09-29T11:21:00,26.6,2025-09-29T04:24:00,84.0,58.0,2025-09-29T11:21:00,1.0,189.0,6.0,173.0,2025-09-29T07:27:00,0.0,-99.8,-99.8,-99.8,-99.8,-99.8,-99.8,-99.8,-99.8
2025-09-30,1002.4,1004.4,2025-09-30T07:56:00,999.9,2025-09-30T14:52:00,30.0,36.8,2025-09-30T14:25:00,25.6,2025-09-30T04:33:00,78.0,52.0,2025-09-30T14:33:00,0.8,194.0,5.5,308.0,2025-09-30T11:44:00,0.0,-99.8,-99.8,-99.8,-99.8,-99.8,-99.8,-99.8,-99.8
2025-10-01,1002.7,1004.2,2025-10-01T05:44:00,1000.5,2025-10-01T14:13:00,30.7,36.7,2025-10-01T13:02:00,25.8,2025-10-01T05:32:00,72.0,51.0,2025-10-01T12:31:00,1.5,184.0,11.0,168.0,2025-10-01T21:21:00,0.0,-99.8,-99.8,-99.8,-99.8,-99.8,-99.8,-99.8,-99.8
2025-10-02,1003.2,1004.4,2025-10-02T08:52:00,1001.3,2025-10-02T14:32:00,29.8,35.7,2025-10-02T10:52:00,25.5,2025-10-02T06:01:00,71.0,50.0,2025-10-02T10:52:00,1.5,138.0,8.2,161.0,2025-10-02T21:10:00,0.0,-99.8,-99.8,-99.8,-99.8,-99.8,-99.8,-99.8,-99.8
2025-10-03,1002.8,1004.6,2025-10-03T07:53:00,1000.6,2025-10-03T14:12:00,30.1,36.7,2025-10-03T13:04:00,25.7,2025-10-03T02:37:00,73.0,50.0,2025-10-03T13:04:00,1.0,194.0,8.8,116.0,2025-10-03T23:04:00,0.0,-99.8,-99.8,-99.8,-99.8,-99.8,-99.8,-99.8,-99.8
2025-10-04,1003.2,1005.2,2025-10-04T21:51:00,1001.1,2025-10-04T13:43:00,30.5,37.5,2025-10-04T12:22:00,26.5,2025-10-04T06:23:00,78.0,50.0,2025-10-04T12:41:00,0.7,187.0,6.0,131.0,2025-10-04T01:03:00,0.0,-99.8,-99.8,-99.8,-99.8,-99.8,-99.8,-99.8,-99.8
2025-10-05,1004.0,1005.4,2025-10-05T08:07:00,1002.0,2025-10-05T14:51:00,30.6,37.7,2025-10-05T13:21:00,26.3,2025-10-05T05:56:00,77.0,47.0,2025-10-05T11:51:00,0.8,171.0,5.5,24.0,2025-10-05T14:38:00,0.0,-99.8,-99.8,-99.8,-99.8,-99.8,-99.8,-99.8,-99.8
2025-10-06,1003.5,1004.7,2025-10-06T00:01:00,1001.5,2025-10-06T13:58:00,30.2,36.8,2025-10-06T14:32:00,26.2,2025-10-06T06:01:00,74.0,52.0,2025-10-06T14:32:00,1.2,154.0,6.6,88.0,2025-10-06T15:28:00,0.0,-99.8,-99.8,-99.8,-99.8,-99.8,-99.8,-99.8,-99.8
2025-10-07,1004.2,1005.7,2025-10-07T21:57:00,1002.5,2025-10-07T15:01:00,30.5,36.2,2025-10-07T13:41:00,25.8,2025-10-07T06:01:00,69.0,48.0,2025-10-07T12:32:00,1.5,189.0,8.8,167.0,2025-10-07T13:05:00,0.0,-99.8,-99.8,-99.8,-99.8,-99.8,-99.8,-99.8,-99.8
2025-10-08,1003.9,1005.3,2025-10-08T07:55:00,1002.6,2025-10-08T13:01:00,28.6,36.3,2025-10-08T11:43:00,26.0,2025-10-08T22:41:00,83.0,50.0,2025-10-08T11:31:00,1.1,20.0,8.8,120.0,2025-10-08T14:47:00,0.0,-99.8,-99.8,-99.8,-99.8,-99.8,-99.8,-99.8,-99.8
2025-10-09,1003.0,1004.4,2025-10-09T08:27:00,1001.1,2025-10-09T13:28:00,29.3,35.6,2025-10-09T13:01:00,25.6,2025-10-09T02:41:00,75.0,49.0,2025-10-09T13:01:00,1.6,26.0,8.8,6.0,2025-10-09T13:38:00,0.0,-99.8,-99.8,-99.8,-99.8,-99.8,-99.8,-99.8,-99.8
2025-10-10,1002.0,1003.5,2025-10-10T20:42:00,1000.0,2025-10-10T14:01:00,29.9,36.3,2025-10-10T13:24:00,25.6,2025-10-10T04:58:00,74.0,48.0,2025-10-10T13:52:00,1.1,177.0,7.1,216.0,2025-10-10T12:53:00,0.0,-99.8,-99.8,-99.8,-99.8,-99.8,-99.8,-99.8,-99.8
2025-10-11,1001.8,1003.7,2025-10-11T08:04:00,999.9,2025-10-11T13:56:00,30.2,37.3,2025-10-11T13:11:00,25.6,2025-10-11T05:54:00,71.0,45.0,2025-10-11T13:11:00,1.3,150.0,6.6,118.0,2025-10-11T18:02:00,0.0,-99.8,-99.8,-99.8,-99.8,-99.8,-99.8,-99.8,-99.8
2025-10-12,1003.1,1005.0,2025-10-12T21:42:00,1001.6,2025-10-12T13:21:00,29.5,37.5,2025-10-12T13:01:00,25.2,2025-10-12T04:41:00,74.0,39.0,2025-10-12T13:11:00,0.8,185.0,6.0,203.0,2025-10-12T00:19:00,0.0,-99.8,-99.8,-99.8,-99.8,-99.8,-99.8,-99.8,-99.8
2025-10-13,1003.7,1005.3,2025-10-13T08:45:00,1002.4,2025-10-13T14:11:00,29.9,38.1,2025-10-13T12:51:00,26.0,2025-10-13T04:24:00,79.0,46.0,2025-10-13T12:51:00,0.8,194.0,6.0,326.0,2025-10-13T13:18:00,0.0,-99.8,-99.8,-99.8,-99.8,-99.8,-99.8,-99.8,-99.8
2025-10-14,1003.8,1005.7,2025-10-14T08:41:00,1001.4,2025-10-14T14:08:00,30.8,36.8,2025-10-14T12:53:00,26.0,2025-10-14T05:35:00,71.0,50.0,2025-10-14T12:51:00,1.6,171.0,9.3,177.0,2025-10-14T16:05:00,0.0,-99.8,-99.8,-99.8,-99.8,-99.8,-99.8,-99.8,-99.8
2025-10-15,1003.5,1005.0,2025-10-15T21:14:00,1001.7,2025-10-15T14:16:00,30.1,34.5,2025-10-15T12:42:00,26.9,2025-10-15T05:22:00,68.0,53.0,2025-10-15T12:41:00,2.3,141.0,10.4,116.0,2025-10-15T14:05:00,0.0,-99.8,-99.8,-99.8,-99.8,-99.8,-99.8,-99.8,-99.8
2025-10-16,1004.3,1005.8,2025-10-16T20:34:00,1003.0,2025-10-16T14:11:00,30.3,34.9,2025-10-16T13:04:00,25.9,2025-10-16T06:28:00,67.0,48.0,2025-10-16T10:54:00,1.6,124.0,9.9,127.0,2025-10-16T09:40:00,0.0,-99.8,-99.8,-99.8,-99.8,-99.8,-99.8,-99.8,-99.8
2025-10-17,1004.1,1005.8,2025-10-17T08:44:00,1002.5,2025-10-17T14:15:00,30.7,32.3,2025-10-17T14:15:00,29.2,2025-10-17T02:31:00,68.0,58.0,2025-10-17T14:15:00,2.1,106.0,10.4,171.0,2025-10-17T05:18:00,0.0,-99.8,-99.8,-99.8,-99.8,-99.8,-99.8,-99.8,-99.8
2025-10-18,1003.5,1005.3,2025-10-18T21:22:00,1002.1,2025-10-18T13:51:00,30.8,34.8,2025-10-18T13:51:00,26.6,2025-10-18T23:37:00,67.0,53.0,2025-10-18T14:03:00,2.0,170.0,11.5,141.0,2025-10-18T15:42:00,0.0,-99.8,-99.8,-99.8,-99.8,-99.8,-99.8,-99.8,-99.8
2025-10-19,1003.6,1005.8,2025-10-19T09:07:00,1000.4,2025-10-19T13:45:00,27.3,30.3,2025-10-19T13:52:00,23.2,2025-10-19T23:06:00,85.0,64.0,2025-10-19T13:41:00,0.9,165.0,10.4,111.0,2025-10-19T13:07:00,65.5,-99.8,-99.8,-99.8,-99.8,-99.8,-99.8,-99.8,-99.8
2025-10-20,1004.1,1006.5,2025-10-20T23:01:00,1001.4,2025-10-20T14:22:00,24.0,26.1,2025-10-20T15:31:00,22.4,2025-10-20T23:41:00,94.0,91.0,2025-10-20T12:34:00,1.7,343.0,13.2,303.0,2025-10-20T17:11:00,209.0,-99.8,-99.8,-99.8,-99.8,-99.8,-99.8,-99.8,-99.8
2025-10-21,1006.0,1007.5,2025-10-21T08:44:00,1004.7,2025-10-21T15:34:00,22.0,22.7,2025-10-21T00:03:00,21.7,2025-10-21T21:52:00,93.0,91.0,2025-10-21T09:25:00,0.9,326.0,7.7,343.0,2025-10-21T21:12:00,131.0,-99.8,-99.8,-99.8,-99.8,-99.8,-99.8,-99.8,-99.8
2025-10-22,1006.2,1008.3,2025-10-22T21:19:00,1004.1,2025-10-22T04:01:00,22.3,23.3,2025-10-22T08:12:00,21.3,2025-10-22T15:01:00,93.0,91.0,2025-10-22T18:51:00,1.5,332.0,10.4,84.0,2025-10-22T03:10:00,165.5,-99.8,-99.8,-99.8,-99.8,-99.8,-99.8,-99.8,-99.8
2025-10-23,1007.6,1009.7,2025-10-23T21:11:00,1005.2,2025-10-23T02:31:00,22.3,25.7,2025-10-23T13:11:00,21.1,2025-10-23T19:41:00,93.0,85.0,2025-10-23T12:31:00,0.2,0.0,6.6,179.0,2025-10-23T09:33:00,56.5,-99.8,-99.8,-99.8,-99.8,-99.8,-99.8,-99.8,-99.8
2025-10-24,1007.1,1008.8,2025-10-24T00:01:00,1005.2,2025-10-24T14:51:00,22.0,25.1,2025-10-24T13:31:00,20.9,2025-10-24T01:41:00,93.0,91.0,2025-10-24T17:04:00,0.1,0.0,4.1,49.0,2025-10-24T17:04:00,99.5,-99.8,-99.8,-99.8,-99.8,-99.8,-99.8,-99.8,-99.8
2025-10-25,1005.9,1007.4,2025-10-25T00:01:00,1004.4,2025-10-25T15:15:00,23.0,25.4,2025-10-25T15:11:00,21.3,2025-10-25T00:01:00,94.0,92.0,2025-10-25T14:41:00,0.1,0.0,3.0,190.0,2025-10-25T00:47:00,31.5,-99.8,-99.8,-99.8,-99.8,-99.8,-99.8,-99.8,-99.8
2025-10-26,1007.3,-9999.7,-99.8,-9999.7,-99.8,22.2,-99.7,-99.8,-99.7,-99.8,94.0,-9997.0,-99.8,0.1,0.0,-99.7,-999.7,-99.8,11.5,-99.8,-99.8,-99.8,-99.8,-99.8,-99.8,-99.8,-99.8
2025-10-27,1009.0,-9999.7,-99.8,-9999.7,-99.8,21.2,-99.7,-99.8,-99.7,-99.8,92.0,-9997.0,-99.8,0.3,195.0,-99.7,-999.7,-99.8,16.0,-99.8,-99.8,-99.8,-99.8,-99.8,-99.8,-99.8,-99.8
2025-10-28,1008.9,1011.4,2025-10-28T20:24:00,1006.9,2025-10-28T04:04:00,21.3,22.5,2025-10-28T11:51:00,20.3,2025-10-28T23:24:00,93.0,91.0,2025-10-28T23:52:00,0.2,0.0,6.6,143.0,2025-10-28T05:23:00,48.0,-99.8,-99.8,-99.8,-99.8,-99.8,-99.8,-99.8,-99.8
2025-10-28,1008.9,1011.4,2025-10-28T20:24:00,1006.9,2025-10-28T04:04:00,21.3,22.5,2025-10-28T11:51:00,20.3,2025-10-28T23:24:00,93.0,91.0,2025-10-28T23:52:00,0.2,0.0,6.6,143.0,2025-10-28T05:23:00,48.0,-99.8,-99.8,-99.8,-99.8,-99.8,-99.8,-99.8,-99.8
2025-10-29,1008.7,1010.8,2025-10-29T09:43:00,1006.9,2025-10-29T13:52:00,22.7,27.1,2025-10-29T10:46:00,20.4,2025-10-29T01:01:00,88.0,74.0,2025-10-29T10:51:00,1.5,202.0,8.2,192.0,2025-10-29T08:04:00,1.0,-99.8,-99.8,-99.8,-99.8,-99.8,-99.8,-99.8,-99.8
2025-10-30,1005.1,1007.4,2025-10-30T00:01:00,1002.6,2025-10-30T15:31:00,26.7,30.5,2025-10-30T11:52:00,22.4,2025-10-30T05:27:00,85.0,69.0,2025-10-30T11:52:00,1.1,198.0,9.3,139.0,2025-10-30T11:14:00,0.0,-99.8,-99.8,-99.8,-99.8,-99.8,-99.8,-99.8,-99.8
2025-10-31,1006.4,1008.7,2025-10-31T21:01:00,1003.9,2025-10-31T01:41:00,22.7,25.6,2025-10-31T03:32:00,21.3,2025-10-31T23:22:00,95.0,85.0,2025-10-31T08:21:00,0.4,333.0,7.1,9.0,2025-10-31T07:37:00,1.5,-99.8,-99.8,-99.8,-99.8,-99.8,-99.8,-99.8,-99.8
2025-11-01,1008.2,-9999.7,-99.8,-9999.7,-99.8,21.4,-99.7,-99.8,-99.7,-99.8,93.0,-9997.0,-99.8,0.8,184.0,-99.7,-999.7,-99.8,3.5,-99.8,-99.8,-99.8,-99.8,-99.8,-99.8,-99.8,-99.8
2025-11-02,1009.9,1012.0,2025-11-02T22:03:00,1007.7,2025-11-02T01:52:00,20.1,20.9,2025-11-02T17:06:00,19.4,2025-11-02T20:03:00,93.0,84.0,2025-11-02T11:08:00,0.9,176.0,7.7,146.0,2025-11-02T08:18:00,22.5,-99.8,-99.8,-99.8,-99.8,-99.8,-99.8,-99.8,-99.8
2025-11-03,1011.1,1013.1,2025-11-03T09:03:00,1009.4,2025-11-03T15:07:00,19.8,21.1,2025-11-03T16:16:00,18.7,2025-11-03T06:13:00,94.0,85.0,2025-11-03T16:01:00,1.0,183.0,4.9,139.0,2025-11-03T07:53:00,6.0,-99.8,-99.8,-99.8,-99.8,-99.8,-99.8,-99.8,-99.8
2025-11-04,1007.1,1009.8,2025-11-04T00:11:00,1004.9,2025-11-04T14:15:00,21.4,26.8,2025-11-04T11:11:00,19.4,2025-11-04T00:23:00,93.0,80.0,2025-11-04T11:03:00,0.9,187.0,6.0,210.0,2025-11-04T00:42:00,7.0,-99.8,-99.8,-99.8,-99.8,-99.8,-99.8,-99.8,-99.8
2025-11-05,1004.8,-9999.7,-99.8,-9999.7,-99.8,22.9,-99.7,-99.8,-99.7,-99.8,90.0,-9997.0,-99.8,0.9,349.0,-99.7,-999.7,-99.8,1.0,-99.8,-99.8,-99.8,-99.8,-99.8,-99.8,-99.8,-99.8
2025-11-06,1005.4,1006.6,2025-11-06T21:34:00,1003.9,2025-11-06T13:21:00,24.9,28.5,2025-11-06T11:21:00,21.4,2025-11-06T05:09:00,86.0,73.0,2025-11-06T11:31:00,1.0,183.0,9.3,185.0,2025-11-06T08:42:00,0.0,-99.8,-99.8,-99.8,-99.8,-99.8,-99.8,-99.8,-99.8
2025-11-07,1006.0,1007.5,2025-11-07T21:11:00,1004.4,2025-11-07T13:14:00,27.8,32.4,2025-11-07T12:31:00,23.0,2025-11-07T06:55:00,74.0,53.0,2025-11-07T12:31:00,1.5,149.0,8.8,138.0,2025-11-07T02:57:00,0.0,-99.8,-99.8,-99.8,-99.8,-99.8,-99.8,-99.8,-99.8
2025-11-08,1005.0,1006.8,2025-11-08T09:01:00,1003.0,2025-11-08T14:18:00,28.0,31.1,2025-11-08T10:47:00,25.6,2025-11-08T20:42:00,74.0,58.0,2025-11-08T11:25:00,1.3,108.0,9.9,120.0,2025-11-08T13:56:00,0.0,-99.8,-99.8,-99.8,-99.8,-99.8,-99.8,-99.8,-99.8
2025-11-09,1002.8,1004.6,2025-11-09T00:02:00,1000.6,2025-11-09T14:51:00,27.2,31.1,2025-11-09T11:15:00,22.7,2025-11-09T01:41:00,77.0,57.0,2025-11-09T11:41:00,1.8,168.0,12.1,190.0,2025-11-09T12:12:00,0.5,-99.8,-99.8,-99.8,-99.8,-99.8,-99.8,-99.8,-99.8
2025-11-10,1001.7,1004.1,2025-11-10T07:51:00,997.7,2025-11-10T23:51:00,23.3,26.8,2025-11-10T00:25:00,21.7,2025-11-10T18:41:00,93.0,80.0,2025-11-10T00:01:00,0.8,187.0,8.2,176.0,2025-11-10T00:16:00,29.5,-99.8,-99.8,-99.8,-99.8,-99.8,-99.8,-99.8,-99.8
2025-11-11,997.4,998.9,2025-11-11T09:01:00,995.6,2025-11-11T03:28:00,23.7,27.0,2025-11-11T02:41:00,21.9,2025-11-11T19:18:00,92.0,83.0,2025-11-11T02:41:00,0.6,197.0,9.9,181.0,2025-11-11T02:01:00,102.0,-99.8,-99.8,-99.8,-99.8,-99.8,-99.8,-99.8,-99.8
2025-11-12,995.6,997.7,2025-11-12T00:01:00,993.9,2025-11-12T13:17:00,26.1,31.4,2025-11-12T10:51:00,22.1,2025-11-12T01:51:00,90.0,67.0,2025-11-12T12:45:00,0.4,15.0,6.0,21.0,2025-11-12T21:47:00,4.0,-99.8,-99.8,-99.8,-99.8,-99.8,-99.8,-99.8,-99.8
2025-11-13,1002.1,1007.0,2025-11-13T21:35:00,995.4,2025-11-13T00:21:00,21.8,26.1,2025-11-13T01:38:00,20.1,2025-11-13T21:49:00,93.0,91.0,2025-11-13T13:24:00,0.7,309.0,9.3,7.0,2025-11-13T04:41:00,60.5,-99.8,-99.8,-99.8,-99.8,-99.8,-99.8,-99.8,-99.8
2025-11-14,1008.7,1011.0,2025-11-14T22:22:00,1006.0,2025-11-14T00:41:00,21.4,25.4,2025-11-14T15:03:00,19.3,2025-11-14T06:41:00,84.0,70.0,2025-11-14T15:11:00,1.1,177.0,7.1,183.0,2025-11-14T15:51:00,0.5,-99.8,-99.8,-99.8,-99.8,-99.8,-99.8,-99.8,-99.8
2025-11-15,1010.1,1011.6,2025-11-15T21:01:00,1008.6,2025-11-15T13:31:00,23.6,28.5,2025-11-15T11:41:00,19.6,2025-11-15T04:56:00,75.0,57.0,2025-11-15T13:45:00,0.9,38.0,9.9,121.0,2025-11-15T10:14:00,0.0,-99.8,-99.8,-99.8,-99.8,-99.8,-99.8,-99.8,-99.8
2025-11-16,1009.8,1011.9,2025-11-16T08:13:00,1008.0,2025-11-16T13:36:00,24.7,31.1,2025-11-16T13:53:00,20.4,2025-11-16T04:43:00,79.0,53.0,2025-11-16T13:04:00,0.6,145.0,7.7,105.0,2025-11-16T15:48:00,0.0,-99.8,-99.8,-99.8,-99.8,-99.8,-99.8,-99.8,-99.8
2025-11-17,1010.1,1013.2,2025-11-17T21:40:00,1008.5,2025-11-17T12:57:00,23.0,29.3,2025-11-17T10:22:00,19.8,2025-11-17T22:14:00,90.0,73.0,2025-11-17T10:12:00,0.9,360.0,8.2,50.0,2025-11-17T21:41:00,52.0,-99.8,-99.8,-99.8,-99.8,-99.8,-99.8,-99.8,-99.8
2025-11-18,1014.7,1016.5,2025-11-18T09:11:00,1012.2,2025-11-18T00:01:00,18.4,20.0,2025-11-18T00:02:00,17.4,2025-11-18T23:35:00,95.0,91.0,2025-11-18T08:22:00,0.9,343.0,8.8,354.0,2025-11-18T01:44:00,58.5,-99.8,-99.8,-99.8,-99.8,-99.8,-99.8,-99.8,-99.8
2025-11-19,1015.5,1017.1,2025-11-19T08:51:00,1014.1,2025-11-19T14:16:00,16.4,17.8,2025-11-19T00:41:00,15.4,2025-11-19T05:00:00,94.0,84.0,2025-11-19T19:22:00,0.6,160.0,6.0,18.0,2025-11-19T11:39:00,11.5,-99.8,-99.8,-99.8,-99.8,-99.8,-99.8,-99.8,-99.8
2025-11-20,1013.6,1015.9,2025-11-20T08:12:00,1011.8,2025-11-20T15:11:00,18.0,19.0,2025-11-20T10:21:00,15.9,2025-11-20T00:32:00,87.0,74.0,2025-11-20T12:34:00,1.2,178.0,6.6,64.0,2025-11-20T06:45:00,0.0,-99.8,-99.8,-99.8,-99.8,-99.8,-99.8,-99.8,-99.8
2025-11-21,1013.2,1014.6,2025-11-21T08:41:00,1011.6,2025-11-21T13:01:00,18.9,21.1,2025-11-21T14:02:00,17.9,2025-11-21T06:52:00,93.0,80.0,2025-11-21T14:02:00,0.8,178.0,6.0,142.0,2025-11-21T12:57:00,0.5,-99.8,-99.8,-99.8,-99.8,-99.8,-99.8,-99.8,-99.8
2025-11-22,1011.7,1014.0,2025-11-22T08:33:00,1009.3,2025-11-22T23:52:00,20.5,22.0,2025-11-22T23:52:00,18.1,2025-11-22T01:06:00,84.0,76.0,2025-11-22T09:31:00,0.9,189.0,6.0,173.0,2025-11-22T13:15:00,0.0,-99.8,-99.8,-99.8,-99.8,-99.8,-99.8,-99.8,-99.8
2025-11-23,1008.7,1010.7,2025-11-23T08:11:00,1006.6,2025-11-23T13:19:00,23.6,30.9,2025-11-23T13:03:00,18.8,2025-11-23T06:34:00,80.0,52.0,2025-11-23T13:02:00,0.8,184.0,9.3,191.0,2025-11-23T08:42:00,0.0,-99.8,-99.8,-99.8,-99.8,-99.8,-99.8,-99.8,-99.8
2025-11-24,1006.9,1008.8,2025-11-24T23:51:00,1004.7,2025-11-24T14:15:00,23.3,31.1,2025-11-24T13:21:00,18.3,2025-11-24T07:01:00,82.0,55.0,2025-11-24T13:16:00,0.6,187.0,7.1,205.0,2025-11-24T01:53:00,0.0,-99.8,-99.8,-99.8,-99.8,-99.8,-99.8,-99.8,-99.8
2025-11-25,1011.0,1012.4,2025-11-25T19:53:00,1008.3,2025-11-25T01:21:00,19.4,21.6,2025-11-25T01:53:00,18.0,2025-11-25T07:21:00,77.0,53.0,2025-11-25T12:23:00,0.6,17.0,8.2,21.0,2025-11-25T02:21:00,2.0,-99.8,-99.8,-99.8,-99.8,-99.8,-99.8,-99.8,-99.8
2025-11-26,1010.7,1012.6,2025-11-26T08:35:00,1008.5,2025-11-26T13:41:00,19.3,21.1,2025-11-26T13:31:00,17.6,2025-11-26T03:41:00,66.0,56.0,2025-11-26T13:58:00,2.3,163.0,13.7,207.0,2025-11-26T15:52:00,0.0,-99.8,-99.8,-99.8,-99.8,-99.8,-99.8,-99.8,-99.8
2025-11-27,1010.8,1012.6,2025-11-27T08:51:00,1009.4,2025-11-27T00:01:00,19.6,23.4,2025-11-27T11:04:00,17.8,2025-11-27T08:01:00,73.0,50.0,2025-11-27T11:04:00,1.2,19.0,8.8,7.0,2025-11-27T12:57:00,0.0,-99.8,-99.8,-99.8,-99.8,-99.8,-99.8,-99.8,-99.8
2025-11-28,1008.6,1011.0,2025-11-28T00:09:00,1006.3,2025-11-28T16:11:00,18.8,20.1,2025-11-28T12:02:00,17.8,2025-11-28T21:21:00,66.0,55.0,2025-11-28T12:11:00,1.7,145.0,10.4,189.0,2025-11-28T12:40:00,0.0,-99.8,-99.8,-99.8,-99.8,-99.8,-99.8,-99.8,-99.8
