date,StnPres,SeaPres,StnPresMax,StnPresMaxTime,StnPresMin,StnPresMinTime,Tx,TxMaxAbs,TxMaxAbsTime,TxMinAbs,TxMinAbsTime,Td,RH,RHMin,RHMinTime,WS,WD,WSGust,WDGust,WGustTime,Precp,PrecpMax10,PrecpMax10Time,PrecpHrMax,PrecpHrMaxTime,SunShine,GloblRad,EvapA,TxSoil0cm,TxSoil5cm,TxSoil10cm,TxSoil20cm,TxSoil50cm,TxSoil100cm
2022-01-01,1023.4,1024.8,1025.5,2022-01-01 09:16:00,1021.3,2022-01-01 15:02:00,17.9,23.9,2022-01-01 14:34:00,14.9,2022-01-01 05:54:00,13.8,78.0,41.0,2022-01-01 14:50:00,1.7,60.0,11.3,50.0,2022-01-01 09:29:00,0.0,0.0,2022-01-01 00:00:00,0.0,2022-01-01 00:00:00,8.3,15.59,,18.1,18.1,18.5,19.1,20.4,23.1
2022-01-02,1021.6,1023.0,1023.3,2022-01-02 09:19:00,1019.6,2022-01-02 15:28:00,18.3,22.4,2022-01-02 12:11:00,16.2,2022-01-02 02:30:00,14.4,78.0,65.0,2022-01-02 13:28:00,1.4,60.0,8.1,80.0,2022-01-02 20:18:00,0.0,0.0,2022-01-02 00:00:00,0.0,2022-01-02 00:00:00,8.2,16.91,,18.3,18.3,18.7,19.4,20.7,23.0
2022-01-03,1020.3,1021.7,1022.2,2022-01-03 09:46:00,1018.4,2022-01-03 15:29:00,18.5,22.2,2022-01-03 14:04:00,15.8,2022-01-03 05:54:00,14.9,80.0,66.0,2022-01-03 13:20:00,1.3,60.0,8.6,70.0,2022-01-03 07:22:00,0.0,0.0,2022-01-03 00:00:00,0.0,2022-01-03 00:00:00,8.2,16.46,,18.4,18.4,18.8,19.5,20.7,23.0
2022-01-04,1019.2,1020.5,1021.3,2022-01-04 09:10:00,1017.1,2022-01-04 14:53:00,19.2,22.9,2022-01-04 13:53:00,17.2,2022-01-04 06:54:00,16.3,83.0,68.0,2022-01-04 13:23:00,1.4,60.0,16.8,70.0,2022-01-04 09:10:00,0.0,0.0,2022-01-04 00:00:00,0.0,2022-01-04 00:00:00,8.2,16.62,,19.3,19.3,19.7,20.0,20.9,23.1
2022-01-05,1017.2,1018.6,1018.8,2022-01-05 09:53:00,1015.3,2022-01-05 14:26:00,18.9,20.5,2022-01-05 15:15:00,16.7,2022-01-05 04:54:00,16.8,87.0,75.0,2022-01-05 22:30:00,1.2,60.0,7.9,60.0,2022-01-05 10:54:00,0.0,0.0,2022-01-05 00:00:00,0.0,2022-01-05 00:00:00,5.9,6.36,,19.2,19.2,19.5,20.2,21.2,23.1
2022-01-06,1018.3,1019.7,1021.1,2022-01-07 00:00:00,1016.2,2022-01-06 04:46:00,18.0,20.6,2022-01-06 01:50:00,15.2,2022-01-06 23:29:00,15.0,83.0,69.0,2022-01-06 12:10:00,1.9,60.0,13.1,80.0,2022-01-06 21:25:00,2.0,0.5,2022-01-06 15:23:00,0.5,2022-01-06 14:33:00,6.2,6.34,,18.0,18.0,18.4,19.8,21.3,23.1
2022-01-07,1020.3,1021.7,1022.6,2022-01-07 09:49:00,1018.3,2022-01-07 16:07:00,16.7,19.1,2022-01-07 13:03:00,14.7,2022-01-07 06:13:00,13.6,81.0,71.0,2022-01-07 13:04:00,2.1,60.0,13.7,60.0,2022-01-07 01:06:00,2.5,0.5,2022-01-07 00:01:00,1.0,2022-01-07 01:01:00,6.7,7.04,,16.7,16.6,16.6,17.9,20.7,23.2
2022-01-08,1018.5,1019.9,1020.9,2022-01-08 00:01:00,1016.5,2022-01-08 15:58:00,17.5,21.0,2022-01-08 13:31:00,15.4,2022-01-08 02:54:00,13.4,77.0,65.0,2022-01-08 13:32:00,1.8,60.0,10.6,60.0,2022-01-08 07:27:00,0.5,0.5,2022-01-08 05:58:00,0.5,2022-01-08 05:08:00,8.1,16.67,,17.5,17.4,17.4,18.1,20.1,23.0
2022-01-09,1016.7,1018.1,1018.1,2022-01-09 09:35:00,1014.9,2022-01-09 14:25:00,18.0,21.6,2022-01-09 13:04:00,15.8,2022-01-09 05:08:00,14.4,79.0,67.0,2022-01-09 13:10:00,1.8,50.0,10.4,50.0,2022-01-09 21:48:00,0.0,0.0,2022-01-09 00:00:00,0.0,2022-01-09 00:00:00,8.0,15.91,,18.3,18.2,18.4,18.8,20.2,22.9
2022-01-10,1016.0,1017.4,1017.7,2022-01-10 09:48:00,1013.9,2022-01-10 14:47:00,18.3,21.6,2022-01-10 13:31:00,16.4,2022-01-10 06:43:00,15.1,82.0,68.0,2022-01-10 11:41:00,1.8,40.0,8.8,330.0,2022-01-10 19:56:00,0.0,0.0,2022-01-10 00:00:00,0.0,2022-01-10 00:00:00,8.1,15.13,,18.4,18.4,18.7,19.2,20.4,22.8
2022-01-11,1018.1,1019.5,1020.2,2022-01-11 20:54:00,1015.7,2022-01-11 02:47:00,16.0,17.9,2022-01-11 03:51:00,13.0,2022-01-11 23:54:00,11.5,74.0,59.0,2022-01-11 13:40:00,1.9,60.0,13.3,70.0,2022-01-11 11:35:00,0.0,0.0,2022-01-11 00:00:00,0.0,2022-01-11 00:00:00,7.8,15.36,,16.5,16.5,17.5,19.1,20.7,22.8
2022-01-12,1020.1,1021.5,1021.9,2022-01-12 10:07:00,1018.6,2022-01-12 04:22:00,14.9,17.9,2022-01-12 12:30:00,12.5,2022-01-12 02:54:00,10.3,74.0,65.0,2022-01-12 12:31:00,1.4,60.0,8.0,70.0,2022-01-12 09:36:00,0.0,0.0,2022-01-12 00:00:00,0.0,2022-01-12 00:00:00,7.5,8.47,,15.0,15.1,15.8,17.5,20.2,22.8
2022-01-13,1020.6,1022.0,1022.7,2022-01-13 09:17:00,1018.6,2022-01-13 15:32:00,15.7,20.0,2022-01-13 12:36:00,13.2,2022-01-13 21:01:00,10.4,71.0,60.0,2022-01-13 12:37:00,1.9,60.0,11.2,60.0,2022-01-13 18:30:00,0.0,0.0,2022-01-13 00:00:00,0.0,2022-01-13 00:00:00,8.3,16.49,,16.0,16.1,16.9,18.1,19.9,22.7
2022-01-14,1020.4,1021.8,1022.5,2022-01-14 10:11:00,1017.5,2022-01-14 15:41:00,15.4,19.7,2022-01-14 14:07:00,12.1,2022-01-14 04:14:00,9.9,69.0,55.0,2022-01-14 13:44:00,1.7,50.0,11.6,80.0,2022-01-14 01:49:00,0.0,0.0,2022-01-14 00:00:00,0.0,2022-01-14 00:00:00,8.2,16.6,,15.8,15.8,16.5,17.6,19.8,22.6
2022-01-15,1020.4,1021.8,1022.2,2022-01-15 09:17:00,1018.3,2022-01-15 16:04:00,17.5,21.1,2022-01-15 12:36:00,14.6,2022-01-15 23:54:00,14.1,80.0,65.0,2022-01-15 12:36:00,1.0,40.0,7.7,320.0,2022-01-15 11:27:00,0.0,0.0,2022-01-15 00:00:00,0.0,2022-01-15 00:00:00,8.2,16.73,,17.7,17.9,18.6,19.1,20.0,22.5
2022-01-16,1020.1,1021.5,1021.7,2022-01-16 09:56:00,1017.7,2022-01-16 14:45:00,18.4,22.5,2022-01-16 13:48:00,14.7,2022-01-16 00:17:00,15.7,85.0,69.0,2022-01-16 13:32:00,1.2,50.0,8.4,50.0,2022-01-16 22:18:00,0.0,0.0,2022-01-16 00:00:00,0.0,2022-01-16 00:00:00,7.9,15.34,,18.5,18.5,18.9,19.4,20.4,22.5
2022-01-17,1019.4,1020.8,1020.9,2022-01-17 08:23:00,1017.6,2022-01-17 15:11:00,18.0,20.0,2022-01-17 12:48:00,16.4,2022-01-17 21:54:00,15.6,86.0,77.0,2022-01-17 12:49:00,1.7,60.0,11.0,80.0,2022-01-17 06:00:00,1.0,0.5,2022-01-17 19:47:00,0.5,2022-01-17 18:57:00,7.0,6.49,,18.4,18.4,18.9,19.8,20.8,22.5
2022-01-18,1018.4,1019.8,1020.2,2022-01-18 09:49:00,1016.6,2022-01-18 15:50:00,17.5,19.0,2022-01-18 12:52:00,16.3,2022-01-18 03:54:00,15.0,85.0,79.0,2022-01-18 12:53:00,1.6,60.0,16.1,40.0,2022-01-18 07:51:00,0.5,0.5,2022-01-18 02:40:00,0.5,2022-01-18 01:50:00,6.4,6.5,,17.7,17.6,17.8,18.9,20.7,22.6
2022-01-19,1016.9,1018.3,1018.6,2022-01-19 00:21:00,1015.0,2022-01-19 15:12:00,17.9,19.6,2022-01-19 14:15:00,16.6,2022-01-19 23:54:00,14.9,82.0,75.0,2022-01-19 14:16:00,1.5,60.0,10.3,320.0,2022-01-19 20:21:00,0.0,0.0,2022-01-19 00:00:00,0.0,2022-01-19 00:00:00,7.7,7.25,,18.1,18.0,18.2,19.0,20.4,22.6
2022-01-20,1016.3,1017.6,1018.0,2022-01-20 09:45:00,1014.7,2022-01-20 14:52:00,18.6,22.4,2022-01-20 13:09:00,15.7,2022-01-20 03:54:00,14.9,79.0,65.0,2022-01-20 13:06:00,1.5,50.0,9.5,50.0,2022-01-20 20:00:00,0.0,0.0,2022-01-20 00:00:00,0.0,2022-01-20 00:00:00,7.9,15.32,,18.8,18.8,19.1,19.5,20.4,22.6
2022-01-21,1017.0,1018.3,1019.3,2022-01-21 09:47:00,1015.7,2022-01-21 14:51:00,18.5,20.9,2022-01-21 13:31:00,16.9,2022-01-21 05:28:00,16.3,86.0,76.0,2022-01-21 14:05:00,1.4,30.0,8.7,50.0,2022-01-21 08:07:00,0.0,0.0,2022-01-21 00:00:00,0.0,2022-01-21 00:00:00,6.8,10.79,,18.8,18.8,19.4,20.1,20.9,22.6
2022-01-22,1014.2,1015.5,1016.8,2022-01-22 07:51:00,1011.3,2022-01-22 15:18:00,18.4,21.7,2022-01-22 12:55:00,17.0,2022-01-22 19:18:00,16.9,91.0,72.0,2022-01-22 12:55:00,1.3,40.0,11.3,80.0,2022-01-22 00:32:00,10.5,2.5,2022-01-22 16:07:00,7.5,2022-01-22 15:42:00,5.0,7.37,,18.6,18.6,19.0,19.9,21.2,22.6
2022-01-23,1012.2,1013.6,1013.3,2022-01-23 22:14:00,1011.0,2022-01-23 04:44:00,18.8,23.1,2022-01-23 11:29:00,17.6,2022-01-23 01:21:00,17.9,94.0,82.0,2022-01-23 11:31:00,0.7,10.0,5.4,330.0,2022-01-23 13:57:00,0.0,0.0,2022-01-23 00:00:00,0.0,2022-01-23 00:00:00,5.0,8.2,,19.2,19.2,19.6,20.1,21.0,22.7
2022-01-24,1013.7,1015.1,1015.2,2022-01-24 23:59:00,1012.6,2022-01-24 04:05:00,18.4,19.5,2022-01-24 10:30:00,17.5,2022-01-24 22:51:00,16.7,90.0,83.0,2022-01-24 11:49:00,1.4,60.0,10.7,70.0,2022-01-24 17:15:00,0.5,0.5,2022-01-24 15:27:00,0.5,2022-01-24 14:37:00,2.8,3.49,,18.4,18.3,18.4,19.4,21.1,22.7
2022-01-25,1015.8,1017.2,1017.8,2022-01-25 10:21:00,1014.1,2022-01-25 15:27:00,19.0,22.3,2022-01-25 12:53:00,17.4,2022-01-25 06:54:00,16.3,84.0,72.0,2022-01-25 12:58:00,1.6,60.0,10.6,70.0,2022-01-25 09:47:00,0.0,0.0,2022-01-25 00:00:00,0.0,2022-01-25 00:00:00,8.4,15.72,,19.3,19.1,19.1,19.5,20.7,22.7
2022-01-26,1016.7,1018.1,1018.4,2022-01-26 09:06:00,1015.0,2022-01-26 15:53:00,19.4,22.8,2022-01-26 12:28:00,18.0,2022-01-26 06:18:00,17.4,88.0,76.0,2022-01-26 12:33:00,1.5,50.0,8.9,60.0,2022-01-26 10:55:00,0.0,0.0,2022-01-26 00:00:00,0.0,2022-01-26 00:00:00,7.3,14.1,,19.8,19.8,20.2,20.6,21.1,22.7
2022-01-27,1016.5,1017.9,1017.9,2022-01-27 09:24:00,1014.7,2022-01-27 14:53:00,19.6,22.8,2022-01-27 12:20:00,18.5,2022-01-27 00:04:00,17.4,87.0,75.0,2022-01-27 12:13:00,1.8,50.0,10.8,70.0,2022-01-27 18:10:00,0.0,0.0,2022-01-27 00:00:00,0.0,2022-01-27 00:00:00,7.3,16.44,,20.2,20.3,20.7,21.3,21.7,22.8
2022-01-28,1015.5,1016.9,1017.1,2022-01-28 00:41:00,1013.4,2022-01-28 15:53:00,18.8,20.1,2022-01-28 10:10:00,17.5,2022-01-28 23:54:00,16.9,88.0,82.0,2022-01-28 14:24:00,1.6,60.0,11.0,80.0,2022-01-28 12:24:00,1.5,0.5,2022-01-28 19:12:00,1.0,2022-01-28 21:20:00,6.8,5.86,,19.1,19.1,19.5,20.7,22.0,22.9
2022-01-29,1012.5,1013.9,1015.3,2022-01-29 00:02:00,1010.0,2022-01-29 15:24:00,17.2,18.1,2022-01-29 15:51:00,16.5,2022-01-29 08:03:00,15.7,90.0,84.0,2022-01-29 14:54:00,1.7,60.0,10.9,70.0,2022-01-29 17:24:00,6.5,1.0,2022-01-29 05:03:00,3.0,2022-01-29 04:45:00,3.6,3.8,,17.3,17.2,17.5,19.0,21.4,23.0
2022-01-30,1016.1,1017.4,1019.3,2022-01-30 23:01:00,1012.0,2022-01-30 01:46:00,15.0,17.0,2022-01-30 00:02:00,12.9,2022-01-30 19:54:00,12.0,82.0,73.0,2022-01-30 14:34:00,2.2,60.0,14.3,70.0,2022-01-30 18:42:00,0.0,0.0,2022-01-30 00:00:00,0.0,2022-01-30 00:00:00,5.5,5.66,,15.1,15.0,15.2,17.1,20.4,23.0
2022-01-31,1018.5,1019.9,1019.8,2022-01-31 09:03:00,1016.5,2022-01-31 04:56:00,15.9,19.5,2022-01-31 12:50:00,11.8,2022-01-31 06:37:00,10.9,72.0,57.0,2022-01-31 10:40:00,2.0,50.0,12.9,60.0,2022-01-31 02:53:00,0.0,0.0,2022-01-31 00:00:00,0.0,2022-01-31 00:00:00,8.4,18.35,,16.0,15.9,15.6,16.2,19.2,22.7
2022-02-01,1018.4,1019.8,1019.5,2022-02-01 22:04:00,1016.7,2022-02-01 15:25:00,16.9,18.8,2022-02-01 15:55:00,15.1,2022-02-01 06:55:00,14.9,88.0,75.0,2022-02-01 00:51:00,1.4,60.0,9.0,60.0,2022-02-01 14:38:00,1.0,0.5,2022-02-01 04:05:00,0.5,2022-02-01 03:15:00,4.6,4.77,,16.8,16.7,16.7,17.5,19.3,22.4
2022-02-02,1018.3,1019.7,1019.6,2022-02-02 09:51:00,1016.9,2022-02-02 18:04:00,17.5,20.4,2022-02-02 12:36:00,16.4,2022-02-02 02:54:00,15.5,87.0,75.0,2022-02-02 12:37:00,1.5,60.0,10.4,60.0,2022-02-02 22:25:00,0.0,0.0,2022-02-02 00:00:00,0.0,2022-02-02 00:00:00,5.4,9.21,,17.8,17.8,17.8,18.3,19.5,22.2
2022-02-03,1016.9,1018.3,1018.1,2022-02-03 08:29:00,1015.6,2022-02-03 17:01:00,16.6,18.3,2022-02-03 14:14:00,14.8,2022-02-03 18:39:00,14.9,90.0,79.0,2022-02-03 11:21:00,1.9,60.0,11.3,80.0,2022-02-03 17:00:00,1.5,1.0,2022-02-03 17:27:00,1.0,2022-02-03 16:37:00,4.0,4.14,,16.7,16.6,16.8,17.8,19.7,22.1
2022-02-04,1018.9,1020.2,1021.1,2022-02-04 23:17:00,1017.4,2022-02-04 03:22:00,16.3,19.1,2022-02-04 11:17:00,14.6,2022-02-04 23:54:00,13.2,82.0,72.0,2022-02-04 13:44:00,2.1,60.0,13.0,70.0,2022-02-04 17:06:00,0.0,0.0,2022-02-04 00:00:00,0.0,2022-02-04 00:00:00,8.6,16.11,,16.6,16.6,16.9,17.8,19.4,22.1
2022-02-05,1022.1,1023.5,1023.6,2022-02-05 21:44:00,1020.1,2022-02-05 04:18:00,15.5,17.7,2022-02-05 11:42:00,14.2,2022-02-05 02:54:00,11.6,78.0,70.0,2022-02-05 11:43:00,1.9,60.0,12.5,60.0,2022-02-05 07:41:00,0.0,0.0,2022-02-05 00:00:00,0.0,2022-02-05 00:00:00,8.0,8.87,,15.7,15.6,15.8,16.9,19.2,22.0
2022-02-06,1021.6,1023.0,1024.1,2022-02-06 09:42:00,1019.3,2022-02-06 16:31:00,16.2,19.6,2022-02-06 12:23:00,13.9,2022-02-06 04:28:00,12.6,79.0,66.0,2022-02-06 12:29:00,1.7,50.0,11.8,80.0,2022-02-06 11:26:00,0.0,0.0,2022-02-06 00:00:00,0.0,2022-02-06 00:00:00,8.6,17.87,,16.6,16.6,17.1,17.9,19.1,21.9
2022-02-07,1017.3,1018.7,1020.2,2022-02-07 00:01:00,1013.3,2022-02-07 15:11:00,16.3,20.8,2022-02-07 11:00:00,13.7,2022-02-07 05:18:00,13.9,86.0,66.0,2022-02-07 10:03:00,1.5,40.0,10.8,60.0,2022-02-07 19:25:00,1.5,1.0,2022-02-07 20:16:00,1.5,2022-02-07 19:39:00,8.1,12.27,,16.7,16.8,17.4,18.3,19.6,21.9
2022-02-08,1017.9,1019.3,1019.9,2022-02-08 10:04:00,1016.3,2022-02-08 04:58:00,16.3,18.9,2022-02-08 14:10:00,15.2,2022-02-08 02:04:00,13.5,83.0,70.0,2022-02-08 14:13:00,1.7,50.0,12.2,90.0,2022-02-08 13:36:00,1.0,0.5,2022-02-08 00:24:00,1.0,2022-02-08 00:29:00,8.4,12.64,,16.5,16.3,16.6,17.7,19.6,21.9
2022-02-09,1018.4,1019.8,1021.1,2022-02-09 08:37:00,1016.2,2022-02-09 15:43:00,17.6,22.0,2022-02-09 13:18:00,15.8,2022-02-09 00:01:00,14.9,84.0,71.0,2022-02-09 13:08:00,1.3,50.0,8.1,340.0,2022-02-09 14:36:00,0.0,0.0,2022-02-09 00:00:00,0.0,2022-02-09 00:00:00,8.0,18.6,,18.1,18.1,18.6,19.0,19.7,21.9
2022-02-10,1017.5,1018.8,1020.0,2022-02-10 09:17:00,1015.0,2022-02-10 15:12:00,17.6,20.9,2022-02-10 12:51:00,16.3,2022-02-10 03:36:00,15.4,87.0,74.0,2022-02-10 12:54:00,1.5,50.0,9.4,100.0,2022-02-10 19:28:00,0.0,0.0,2022-02-10 00:00:00,0.0,2022-02-10 00:00:00,7.7,14.16,,18.2,18.3,19.1,19.9,20.5,22.0
2022-02-11,1017.0,1018.4,1019.3,2022-02-11 09:59:00,1015.8,2022-02-11 16:25:00,16.7,18.1,2022-02-11 11:18:00,15.5,2022-02-11 12:47:00,15.3,91.0,87.0,2022-02-11 14:37:00,1.2,30.0,8.3,290.0,2022-02-11 11:59:00,0.0,0.0,2022-02-11 00:00:00,0.0,2022-02-11 00:00:00,5.9,5.25,,17.1,17.2,17.9,19.2,20.8,22.1
2022-02-12,1015.3,1016.7,1017.9,2022-02-12 09:44:00,1013.8,2022-02-12 19:04:00,16.8,18.1,2022-02-12 12:00:00,15.7,2022-02-12 04:15:00,15.4,91.0,86.0,2022-02-12 10:08:00,1.2,50.0,8.7,80.0,2022-02-12 16:44:00,0.0,0.0,2022-02-12 00:00:00,0.0,2022-02-12 00:00:00,5.7,5.12,,17.1,17.1,17.7,18.8,20.5,22.2
2022-02-13,1013.5,1014.9,1015.6,2022-02-13 23:23:00,1011.5,2022-02-13 16:01:00,17.3,21.3,2022-02-13 12:04:00,15.0,2022-02-14 00:00:00,15.3,88.0,73.0,2022-02-13 12:06:00,1.3,50.0,10.9,50.0,2022-02-13 15:42:00,0.0,0.0,2022-02-13 00:00:00,0.0,2022-02-13 00:00:00,7.2,11.69,,17.9,17.9,18.7,19.5,20.4,22.2
2022-02-14,1015.8,1017.2,1018.0,2022-02-14 09:17:00,1014.1,2022-02-14 03:20:00,15.6,18.0,2022-02-14 11:41:00,14.6,2022-02-14 04:14:00,12.9,84.0,74.0,2022-02-14 12:00:00,1.8,60.0,13.3,60.0,2022-02-14 08:41:00,0.5,0.5,2022-02-14 00:47:00,0.5,2022-02-14 00:00:00,7.1,10.78,,15.9,15.9,16.6,18.3,20.5,22.2
2022-02-15,1016.8,1018.2,1019.1,2022-02-15 09:45:00,1015.5,2022-02-15 03:22:00,15.4,18.2,2022-02-15 10:55:00,11.7,2022-02-15 04:20:00,12.4,82.0,71.0,2022-02-15 13:19:00,1.2,30.0,9.4,330.0,2022-02-15 14:02:00,0.0,0.0,2022-02-15 00:00:00,0.0,2022-02-15 00:00:00,8.6,14.3,,15.8,15.9,16.8,18.0,20.0,22.2
2022-02-16,1015.6,1017.0,1018.3,2022-02-16 09:56:00,1013.1,2022-02-16 15:34:00,16.9,20.7,2022-02-16 12:48:00,15.0,2022-02-16 05:57:00,13.8,82.0,68.0,2022-02-16 13:54:00,1.4,40.0,9.3,60.0,2022-02-16 12:06:00,0.0,0.0,2022-02-16 00:00:00,0.0,2022-02-16 00:00:00,9.0,18.24,,17.4,17.5,18.4,19.3,20.1,22.1
2022-02-17,1014.7,1016.1,1015.9,2022-02-17 11:09:00,1012.5,2022-02-17 05:01:00,16.3,17.9,2022-02-17 09:53:00,15.2,2022-02-17 04:54:00,14.4,88.0,83.0,2022-02-17 09:58:00,1.4,40.0,10.1,80.0,2022-02-17 22:50:00,0.0,0.0,2022-02-17 00:00:00,0.0,2022-02-17 00:00:00,6.9,5.9,,16.5,16.6,17.3,18.8,20.5,22.1
2022-02-18,1015.2,1016.6,1017.0,2022-02-18 10:28:00,1013.6,2022-02-18 18:57:00,16.0,19.2,2022-02-18 11:53:00,14.8,2022-02-18 06:21:00,14.6,91.0,78.0,2022-02-18 12:52:00,1.5,50.0,9.6,50.0,2022-02-18 01:04:00,3.0,0.5,2022-02-18 01:00:00,1.0,2022-02-18 02:04:00,7.6,12.68,,16.5,16.6,17.4,18.6,20.2,22.2
2022-02-19,1015.6,1017.0,1017.4,2022-02-19 09:55:00,1013.9,2022-02-19 14:41:00,14.7,16.8,2022-02-19 12:42:00,12.2,2022-02-19 23:54:00,13.6,93.0,86.0,2022-02-19 12:43:00,1.9,60.0,15.6,40.0,2022-02-19 23:28:00,8.5,1.0,2022-02-19 17:18:00,2.0,2022-02-19 16:44:00,3.6,3.56,,14.8,14.8,15.5,17.3,20.0,22.1
2022-02-20,1019.2,1020.6,1021.7,2022-02-20 21:46:00,1016.7,2022-02-20 05:28:00,10.9,12.3,2022-02-20 00:01:00,10.2,2022-02-20 20:16:00,10.1,94.0,87.0,2022-02-20 12:15:00,2.7,60.0,18.3,40.0,2022-02-20 11:52:00,31.0,1.5,2022-02-20 01:28:00,6.5,2022-02-20 02:06:00,0.1,1.82,,10.8,10.8,11.7,13.9,18.6,22.0
2022-02-21,1020.4,1021.8,1021.9,2022-02-21 23:28:00,1018.9,2022-02-21 15:54:00,13.1,15.0,2022-02-21 23:38:00,10.4,2022-02-21 00:04:00,11.7,91.0,83.0,2022-02-21 12:56:00,1.9,60.0,11.9,60.0,2022-02-21 02:58:00,4.0,0.5,2022-02-21 00:18:00,1.5,2022-02-21 19:14:00,3.4,3.47,,13.1,13.0,13.0,13.8,16.7,21.6
2022-02-22,1019.5,1020.9,1021.1,2022-02-22 10:18:00,1017.6,2022-02-22 15:46:00,15.3,16.2,2022-02-22 15:32:00,14.4,2022-02-22 05:54:00,14.3,94.0,88.0,2022-02-22 17:11:00,1.5,60.0,11.8,70.0,2022-02-22 22:39:00,7.0,0.5,2022-02-22 01:04:00,1.5,2022-02-22 05:46:00,1.9,3.17,,15.3,15.2,15.2,15.5,16.8,21.1
2022-02-23,1020.9,1022.3,1023.1,2022-02-23 23:51:00,1018.8,2022-02-23 14:39:00,13.9,15.5,2022-02-23 00:03:00,12.8,2022-02-23 13:43:00,12.4,90.0,80.0,2022-02-23 22:21:00,2.3,60.0,13.5,50.0,2022-02-23 09:25:00,23.0,3.5,2022-02-23 12:17:00,9.0,2022-02-23 12:13:00,2.4,3.18,,13.9,13.8,14.0,15.1,17.1,20.8
2022-02-24,1022.9,1024.3,1024.3,2022-02-24 09:54:00,1021.5,2022-02-24 15:22:00,15.0,17.9,2022-02-24 15:21:00,13.3,2022-02-24 06:54:00,11.1,77.0,69.0,2022-02-24 15:32:00,2.1,60.0,12.9,30.0,2022-02-24 02:44:00,0.0,0.0,2022-02-24 00:00:00,0.0,2022-02-24 00:00:00,8.6,12.49,,15.2,15.0,14.6,15.2,16.8,20.4
2022-02-25,1022.6,1024.0,1025.1,2022-02-25 10:01:00,1020.9,2022-02-25 15:36:00,16.1,20.5,2022-02-25 12:38:00,12.3,2022-02-25 06:12:00,13.2,83.0,66.0,2022-02-25 10:04:00,1.3,40.0,8.2,330.0,2022-02-25 13:36:00,0.0,0.0,2022-02-25 00:00:00,0.0,2022-02-25 00:00:00,9.0,19.94,,16.5,16.5,16.5,16.6,17.3,20.1
2022-02-26,1020.7,1022.1,1023.4,2022-02-26 09:18:00,1018.7,2022-02-26 15:51:00,17.1,19.8,2022-02-26 13:07:00,14.2,2022-02-27 00:00:00,15.1,88.0,76.0,2022-02-26 13:28:00,1.3,40.0,8.2,340.0,2022-02-26 12:27:00,0.0,0.0,2022-02-26 00:00:00,0.0,2022-02-26 00:00:00,9.3,19.56,,17.5,17.6,17.9,18.3,18.4,20.2
2022-02-27,1019.0,1020.4,1021.5,2022-02-27 09:14:00,1016.7,2022-02-27 16:00:00,18.0,23.2,2022-02-27 13:52:00,14.1,2022-02-27 00:03:00,15.4,85.0,65.0,2022-02-27 13:38:00,1.1,10.0,7.7,60.0,2022-02-27 08:45:00,0.0,0.0,2022-02-27 00:00:00,0.0,2022-02-27 00:00:00,9.1,22.25,,18.5,18.5,18.9,19.1,19.1,20.4
2022-02-28,1018.3,1019.7,1021.4,2022-02-28 08:46:00,1016.1,2022-02-28 17:01:00,18.0,22.7,2022-02-28 14:51:00,14.7,2022-02-28 01:54:00,15.8,87.0,67.0,2022-02-28 11:13:00,0.9,360.0,6.6,70.0,2022-02-28 09:14:00,0.0,0.0,2022-02-28 00:00:00,0.0,2022-02-28 00:00:00,8.7,21.37,,18.6,18.8,19.5,19.9,19.9,20.8
2022-03-01,1016.7,1018.1,1019.0,2022-03-01 08:52:00,1014.6,2022-03-01 16:13:00,20.4,25.6,2022-03-01 12:51:00,15.8,2022-03-01 06:40:00,17.6,84.0,60.0,2022-03-01 09:38:00,0.6,350.0,5.2,320.0,2022-03-01 13:47:00,0.0,0.0,2022-03-01 00:00:00,0.0,2022-03-01 00:00:00,9.1,19.23,,21.0,21.1,21.5,21.5,20.8,21.1
2022-03-02,1016.9,1018.3,1019.0,2022-03-02 09:12:00,1015.0,2022-03-02 16:00:00,20.3,24.0,2022-03-02 12:56:00,18.6,2022-03-02 23:54:00,17.7,85.0,69.0,2022-03-02 12:56:00,1.0,40.0,8.7,70.0,2022-03-02 15:24:00,0.0,0.0,2022-03-02 00:00:00,0.0,2022-03-02 00:00:00,9.4,17.49,,20.9,20.9,21.4,22.0,21.8,21.5
2022-03-03,1016.3,1017.6,1019.0,2022-03-03 09:00:00,1013.9,2022-03-03 17:19:00,19.6,23.3,2022-03-03 11:26:00,17.8,2022-03-03 21:54:00,17.2,86.0,72.0,2022-03-03 10:24:00,1.0,20.0,7.3,80.0,2022-03-03 07:55:00,0.0,0.0,2022-03-03 00:00:00,0.0,2022-03-03 00:00:00,9.2,19.39,,20.3,20.4,21.2,22.0,22.1,21.9
2022-03-04,1014.1,1015.5,1016.7,2022-03-04 09:15:00,1011.8,2022-03-04 16:45:00,20.9,26.8,2022-03-04 14:20:00,17.0,2022-03-04 01:59:00,18.3,86.0,56.0,2022-03-04 14:24:00,0.6,330.0,4.1,320.0,2022-03-04 11:37:00,0.0,0.0,2022-03-04 00:00:00,0.0,2022-03-04 00:00:00,9.2,20.59,,21.7,21.9,22.7,23.1,22.6,22.2
2022-03-05,1013.4,1014.8,1015.3,2022-03-05 10:43:00,1011.7,2022-03-05 03:57:00,20.6,24.5,2022-03-05 14:00:00,18.5,2022-03-05 01:45:00,18.5,87.0,72.0,2022-03-05 14:01:00,0.9,10.0,7.0,60.0,2022-03-05 22:14:00,0.0,0.0,2022-03-05 00:00:00,0.0,2022-03-05 00:00:00,9.2,17.23,,21.2,21.2,22.1,23.1,23.2,22.5
2022-03-06,1014.9,1016.3,1016.8,2022-03-06 22:07:00,1012.8,2022-03-06 15:16:00,20.0,23.6,2022-03-06 10:55:00,17.9,2022-03-07 00:00:00,16.9,82.0,70.0,2022-03-06 10:38:00,1.2,20.0,8.1,330.0,2022-03-06 12:32:00,0.0,0.0,2022-03-06 00:00:00,0.0,2022-03-06 00:00:00,9.0,17.82,,20.6,20.8,21.7,22.8,23.2,22.8
2022-03-07,1016.0,1017.4,1018.2,2022-03-07 20:48:00,1012.8,2022-03-07 04:29:00,15.9,19.1,2022-03-07 01:49:00,12.9,2022-03-07 23:11:00,13.9,87.0,74.0,2022-03-07 21:30:00,1.7,50.0,12.3,50.0,2022-03-07 22:09:00,3.0,1.0,2022-03-07 08:20:00,2.5,2022-03-07 07:39:00,2.8,3.35,,16.0,16.1,16.9,19.7,22.8,23.0
2022-03-08,1016.1,1017.5,1017.7,2022-03-08 10:44:00,1014.3,2022-03-08 15:51:00,16.9,22.4,2022-03-08 12:44:00,13.1,2022-03-08 06:37:00,11.0,68.0,48.0,2022-03-08 12:36:00,2.1,60.0,12.0,60.0,2022-03-08 03:28:00,0.0,0.0,2022-03-08 00:00:00,0.0,2022-03-08 00:00:00,9.6,24.18,,17.4,17.4,17.8,18.8,21.1,22.9
2022-03-09,1017.0,1018.4,1019.0,2022-03-09 10:08:00,1015.0,2022-03-09 15:59:00,17.4,23.3,2022-03-09 12:58:00,11.7,2022-03-09 05:41:00,13.6,79.0,49.0,2022-03-09 13:00:00,0.9,20.0,7.2,340.0,2022-03-09 14:54:00,0.0,0.0,2022-03-09 00:00:00,0.0,2022-03-09 00:00:00,9.7,23.88,,18.1,18.3,19.6,20.5,21.4,22.6
2022-03-10,1016.1,1017.5,1018.7,2022-03-10 09:15:00,1014.1,2022-03-10 16:51:00,18.4,22.4,2022-03-10 13:16:00,14.7,2022-03-10 06:38:00,15.2,82.0,63.0,2022-03-10 11:37:00,0.9,330.0,5.9,20.0,2022-03-10 13:51:00,0.0,0.0,2022-03-10 00:00:00,0.0,2022-03-10 00:00:00,9.8,23.96,,19.3,19.5,21.0,22.0,22.1,22.5
2022-03-11,1013.9,1015.3,1016.1,2022-03-11 09:32:00,1012.0,2022-03-11 15:44:00,20.0,25.8,2022-03-11 14:17:00,14.9,2022-03-11 04:37:00,15.8,78.0,50.0,2022-03-11 14:18:00,0.9,20.0,6.7,330.0,2022-03-11 13:15:00,0.0,0.0,2022-03-11 00:00:00,0.0,2022-03-11 00:00:00,10.0,23.45,,20.6,20.9,22.1,22.8,22.7,22.6
2022-03-12,1013.3,1014.7,1014.9,2022-03-12 09:39:00,1012.0,2022-03-12 17:55:00,19.4,22.6,2022-03-12 11:37:00,15.7,2022-03-12 05:54:00,17.1,87.0,74.0,2022-03-12 12:30:00,0.8,340.0,6.9,320.0,2022-03-12 13:42:00,0.0,0.0,2022-03-12 00:00:00,0.0,2022-03-12 00:00:00,10.0,23.5,,20.4,20.7,22.4,23.4,23.3,22.9
2022-03-13,1012.8,1014.2,1015.1,2022-03-13 08:29:00,1010.1,2022-03-13 14:26:00,22.1,29.0,2022-03-13 14:26:00,17.7,2022-03-13 06:25:00,18.5,81.0,46.0,2022-03-13 14:27:00,0.8,330.0,6.0,330.0,2022-03-13 15:08:00,0.0,0.0,2022-03-13 00:00:00,0.0,2022-03-13 00:00:00,10.0,23.95,,23.1,23.3,24.6,25.0,23.9,23.1
2022-03-14,1011.9,1013.3,1014.5,2022-03-14 09:49:00,1010.1,2022-03-14 18:45:00,22.7,27.7,2022-03-14 14:04:00,18.9,2022-03-14 03:48:00,19.5,82.0,59.0,2022-03-14 13:47:00,0.7,360.0,5.5,330.0,2022-03-14 14:38:00,0.0,0.0,2022-03-14 00:00:00,0.0,2022-03-14 00:00:00,8.5,16.53,,23.4,23.5,24.6,25.2,24.6,23.4
2022-03-15,1010.7,1012.1,1012.2,2022-03-15 10:03:00,1009.2,2022-03-15 15:27:00,22.8,26.5,2022-03-15 11:08:00,19.9,2022-03-15 23:54:00,19.6,82.0,71.0,2022-03-15 11:08:00,1.2,30.0,7.7,20.0,2022-03-15 12:54:00,0.0,0.0,2022-03-15 00:00:00,0.0,2022-03-15 00:00:00,9.7,22.65,,23.8,24.0,25.4,26.0,25.0,23.7
2022-03-16,1011.6,1013.0,1013.0,2022-03-16 09:38:00,1010.0,2022-03-16 16:23:00,21.6,25.3,2022-03-16 12:09:00,19.2,2022-03-16 22:18:00,19.6,88.0,73.0,2022-03-16 12:11:00,0.7,340.0,5.2,330.0,2022-03-16 11:23:00,0.0,0.0,2022-03-16 00:00:00,0.0,2022-03-16 00:00:00,9.5,17.37,,22.6,22.9,24.5,25.6,25.4,24.0
2022-03-17,1009.2,1010.6,1011.8,2022-03-17 09:10:00,1006.9,2022-03-17 16:12:00,22.5,26.5,2022-03-17 14:45:00,19.3,2022-03-17 00:17:00,20.4,88.0,64.0,2022-03-17 11:50:00,0.5,340.0,5.0,300.0,2022-03-17 15:44:00,8.0,3.5,2022-03-17 20:01:00,8.0,2022-03-17 19:38:00,8.4,14.42,,23.2,23.4,24.5,25.2,25.3,24.3
2022-03-18,1008.1,1009.5,1009.8,2022-03-18 10:52:00,1006.9,2022-03-18 04:08:00,22.8,26.1,2022-03-18 15:12:00,19.6,2022-03-18 23:20:00,19.8,84.0,62.0,2022-03-18 13:41:00,0.8,20.0,7.3,90.0,2022-03-18 15:48:00,0.5,0.5,2022-03-18 01:04:00,0.5,2022-03-18 00:14:00,8.9,18.32,,23.4,23.5,24.0,24.9,25.3,24.4
2022-03-19,1010.4,1011.8,1013.0,2022-03-19 23:56:00,1008.7,2022-03-19 15:54:00,22.3,25.5,2022-03-19 14:39:00,19.2,2022-03-19 06:30:00,18.7,80.0,67.0,2022-03-19 15:01:00,1.1,10.0,7.0,320.0,2022-03-19 11:58:00,0.0,0.0,2022-03-19 00:00:00,0.0,2022-03-19 00:00:00,9.8,22.46,,23.0,23.1,23.7,24.4,24.9,24.5
2022-03-20,1013.3,1014.7,1015.2,2022-03-20 10:20:00,1011.9,2022-03-20 15:04:00,22.4,26.0,2022-03-20 11:29:00,20.7,2022-03-20 06:25:00,19.9,86.0,73.0,2022-03-20 11:30:00,1.4,20.0,8.4,70.0,2022-03-20 05:53:00,0.0,0.0,2022-03-20 00:00:00,0.0,2022-03-20 00:00:00,9.7,20.46,,23.3,23.4,24.3,25.0,25.0,24.5
2022-03-21,1013.7,1015.1,1015.7,2022-03-21 09:08:00,1011.6,2022-03-21 15:48:00,22.8,26.6,2022-03-21 12:17:00,21.1,2022-03-21 05:54:00,20.7,88.0,73.0,2022-03-21 10:38:00,1.0,30.0,6.6,360.0,2022-03-21 12:40:00,0.0,0.0,2022-03-21 00:00:00,0.0,2022-03-21 00:00:00,9.3,20.14,,23.6,23.9,24.9,25.6,25.3,24.5
2022-03-22,1013.3,1014.7,1015.0,2022-03-22 09:34:00,1011.9,2022-03-22 17:39:00,21.7,24.6,2022-03-22 13:41:00,19.2,2022-03-22 23:54:00,19.2,85.0,72.0,2022-03-22 13:43:00,1.2,60.0,9.4,80.0,2022-03-22 14:01:00,0.0,0.0,2022-03-22 00:00:00,0.0,2022-03-22 00:00:00,9.5,13.49,,22.4,22.6,23.6,24.9,25.5,24.7
2022-03-23,1014.0,1015.4,1016.2,2022-03-23 10:57:00,1011.9,2022-03-23 01:49:00,16.9,20.4,2022-03-23 03:08:00,14.9,2022-03-23 21:57:00,15.9,94.0,82.0,2022-03-23 00:01:00,2.0,60.0,10.5,50.0,2022-03-23 09:56:00,30.5,4.0,2022-03-23 05:03:00,9.0,2022-03-23 07:51:00,1.2,2.72,,17.0,17.1,18.2,20.9,24.5,24.7
2022-03-24,1015.0,1016.4,1017.3,2022-03-24 10:14:00,1013.7,2022-03-25 00:00:00,18.0,19.3,2022-03-24 21:45:00,15.4,2022-03-24 00:04:00,17.0,94.0,85.0,2022-03-24 05:04:00,1.4,70.0,7.7,80.0,2022-03-24 03:14:00,6.0,0.5,2022-03-24 02:24:00,1.5,2022-03-24 13:42:00,6.2,4.83,,18.0,18.0,18.4,19.5,22.4,24.4
2022-03-25,1011.5,1012.9,1013.7,2022-03-25 00:18:00,1008.5,2022-03-25 15:58:00,23.6,28.7,2022-03-25 15:38:00,18.9,2022-03-25 00:54:00,21.2,86.0,70.0,2022-03-25 16:57:00,0.9,230.0,8.5,250.0,2022-03-25 14:56:00,0.5,0.5,2022-03-25 03:10:00,0.5,2022-03-25 02:20:00,9.1,18.83,,24.1,24.1,23.7,22.9,22.3,23.9
2022-03-26,1011.8,1013.1,1013.5,2022-03-26 10:12:00,1010.2,2022-03-26 15:32:00,26.0,29.5,2022-03-26 12:44:00,24.3,2022-03-26 23:54:00,23.7,87.0,70.0,2022-03-26 12:48:00,0.9,220.0,6.9,190.0,2022-03-26 12:24:00,2.0,1.5,2022-03-26 20:44:00,1.5,2022-03-26 19:54:00,7.2,8.34,,25.9,25.7,25.3,25.0,23.8,23.7
2022-03-27,1013.5,1014.9,1015.3,2022-03-27 22:09:00,1011.5,2022-03-27 03:53:00,20.1,24.4,2022-03-27 01:03:00,18.2,2022-03-27 23:54:00,18.2,88.0,78.0,2022-03-27 15:09:00,1.6,60.0,10.0,50.0,2022-03-27 08:00:00,10.5,5.5,2022-03-27 02:12:00,9.5,2022-03-27 01:28:00,8.5,9.25,,20.6,20.6,21.2,23.0,24.2,23.9
2022-03-28,1016.8,1018.2,1019.3,2022-03-28 22:11:00,1014.3,2022-03-28 03:29:00,16.7,18.2,2022-03-28 00:06:00,15.1,2022-03-28 07:12:00,15.8,94.0,80.0,2022-03-28 03:56:00,2.0,70.0,12.1,80.0,2022-03-28 04:17:00,44.0,4.5,2022-03-28 13:01:00,10.0,2022-03-28 12:56:00,1.1,2.89,,16.8,16.8,17.3,19.3,22.7,24.0
2022-03-29,1016.4,1017.8,1018.7,2022-03-29 00:05:00,1014.2,2022-03-29 16:16:00,20.8,23.2,2022-03-29 13:19:00,17.7,2022-03-29 04:14:00,18.9,89.0,78.0,2022-03-29 13:20:00,1.7,60.0,9.7,60.0,2022-03-29 10:21:00,0.0,0.0,2022-03-29 00:00:00,0.0,2022-03-29 00:00:00,8.9,12.72,,21.1,21.0,20.7,20.7,21.5,23.4
2022-03-30,1015.9,1017.3,1018.2,2022-03-30 11:09:00,1013.4,2022-03-30 17:15:00,21.9,25.7,2022-03-30 16:40:00,19.3,2022-03-30 04:06:00,20.3,90.0,70.0,2022-03-30 16:03:00,1.3,30.0,8.9,80.0,2022-03-30 12:12:00,0.0,0.0,2022-03-30 00:00:00,0.0,2022-03-30 00:00:00,9.4,14.73,,22.3,22.2,22.1,22.1,22.2,23.1
2022-03-31,1016.3,1017.7,1018.6,2022-03-31 09:52:00,1014.3,2022-03-31 15:07:00,22.5,27.0,2022-03-31 12:31:00,19.4,2022-04-01 00:00:00,20.3,87.0,72.0,2022-03-31 12:46:00,1.3,50.0,11.8,40.0,2022-03-31 20:47:00,0.0,0.0,2022-03-31 00:00:00,0.0,2022-03-31 00:00:00,9.3,18.46,,23.1,23.1,23.3,23.4,22.9,23.2
2022-04-01,1019.0,1020.4,1020.9,2022-04-01 21:27:00,1017.5,2022-04-01 04:20:00,18.7,22.4,2022-04-01 11:03:00,16.4,2022-04-01 22:54:00,14.1,74.0,67.0,2022-04-01 10:38:00,2.5,60.0,16.2,60.0,2022-04-01 05:24:00,0.0,0.0,2022-04-01 00:00:00,0.0,2022-04-01 00:00:00,9.7,20.4,,19.4,19.5,20.1,21.7,23.1,23.3
2022-04-02,1020.2,1021.6,1021.8,2022-04-02 09:33:00,1018.9,2022-04-02 04:13:00,15.2,16.7,2022-04-02 00:03:00,13.8,2022-04-02 21:54:00,12.7,85.0,70.0,2022-04-02 02:17:00,2.9,60.0,15.8,50.0,2022-04-02 02:11:00,6.5,0.5,2022-04-02 13:36:00,2.0,2022-04-02 21:07:00,0.0,1.95,,15.0,15.0,15.7,18.3,22.2,23.4
2022-04-03,1020.1,1021.5,1021.5,2022-04-03 10:17:00,1018.5,2022-04-03 03:51:00,15.8,19.0,2022-04-03 15:04:00,13.1,2022-04-03 06:37:00,12.1,79.0,67.0,2022-04-03 16:10:00,2.4,60.0,13.8,70.0,2022-04-03 07:43:00,4.0,0.5,2022-04-03 00:12:00,1.5,2022-04-03 05:28:00,8.6,11.15,,15.7,15.5,15.4,17.0,20.6,23.2
2022-04-04,1020.6,1022.0,1021.7,2022-04-04 08:37:00,1019.5,2022-04-04 03:34:00,19.3,24.1,2022-04-04 12:23:00,14.3,2022-04-04 05:54:00,14.6,74.0,60.0,2022-04-04 11:32:00,1.6,50.0,10.8,340.0,2022-04-04 14:50:00,0.0,0.0,2022-04-04 00:00:00,0.0,2022-04-04 00:00:00,10.5,26.54,,19.7,19.7,19.2,19.1,20.1,22.7
2022-04-05,1019.1,1020.5,1021.9,2022-04-05 08:33:00,1016.1,2022-04-05 16:08:00,20.3,25.0,2022-04-05 13:15:00,17.0,2022-04-06 00:00:00,17.6,84.0,68.0,2022-04-05 13:16:00,1.0,20.0,7.6,340.0,2022-04-05 07:44:00,0.0,0.0,2022-04-05 00:00:00,0.0,2022-04-05 00:00:00,10.4,23.23,,20.9,20.9,21.3,21.4,21.2,22.5
2022-04-06,1016.7,1018.1,1018.6,2022-04-06 09:13:00,1014.9,2022-04-06 16:58:00,20.8,23.8,2022-04-06 12:29:00,16.9,2022-04-06 00:27:00,18.5,86.0,73.0,2022-04-06 12:31:00,1.1,340.0,7.1,320.0,2022-04-06 11:38:00,0.0,0.0,2022-04-06 00:00:00,0.0,2022-04-06 00:00:00,10.5,23.63,,21.6,21.7,22.1,22.4,22.2,22.6
2022-04-07,1015.1,1016.5,1016.8,2022-04-07 09:26:00,1013.5,2022-04-07 15:51:00,21.4,24.4,2022-04-07 11:39:00,19.7,2022-04-07 01:09:00,18.2,81.0,72.0,2022-04-07 11:19:00,1.4,60.0,9.4,90.0,2022-04-07 11:07:00,0.0,0.0,2022-04-07 00:00:00,0.0,2022-04-07 00:00:00,9.8,14.24,,21.7,21.6,21.6,22.3,22.8,22.8
2022-04-08,1013.4,1014.8,1014.9,2022-04-08 09:43:00,1011.9,2022-04-08 16:42:00,21.9,26.8,2022-04-08 11:47:00,18.2,2022-04-08 06:30:00,18.6,82.0,60.0,2022-04-08 11:31:00,0.8,10.0,7.1,360.0,2022-04-08 15:30:00,0.0,0.0,2022-04-08 00:00:00,0.0,2022-04-08 00:00:00,10.3,23.53,,22.6,22.7,23.3,23.4,23.0,23.1
2022-04-09,1012.6,1014.0,1013.9,2022-04-09 10:41:00,1010.8,2022-04-09 16:48:00,22.5,26.7,2022-04-09 11:01:00,18.9,2022-04-09 05:54:00,20.0,86.0,72.0,2022-04-09 12:14:00,0.7,340.0,6.6,320.0,2022-04-09 12:58:00,0.0,0.0,2022-04-09 00:00:00,0.0,2022-04-09 00:00:00,10.6,25.11,,23.4,23.6,24.4,24.7,23.9,23.3
2022-04-10,1011.8,1013.2,1013.4,2022-04-10 09:15:00,1010.2,2022-04-10 15:36:00,23.9,27.7,2022-04-10 15:11:00,20.8,2022-04-10 05:40:00,21.0,84.0,67.0,2022-04-10 15:49:00,0.7,340.0,6.5,340.0,2022-04-10 13:57:00,0.0,0.0,2022-04-10 00:00:00,0.0,2022-04-10 00:00:00,10.2,25.23,,24.8,25.1,25.9,26.1,24.9,23.7
2022-04-11,1010.6,1012.0,1012.7,2022-04-11 09:05:00,1008.9,2022-04-11 16:26:00,24.2,27.8,2022-04-11 14:14:00,21.4,2022-04-11 23:41:00,21.2,83.0,65.0,2022-04-11 14:38:00,0.8,340.0,6.1,360.0,2022-04-11 15:10:00,0.0,0.0,2022-04-11 00:00:00,0.0,2022-04-11 00:00:00,9.9,23.82,,25.2,25.3,26.4,26.9,25.8,24.1
2022-04-12,1008.8,1010.2,1010.7,2022-04-12 09:49:00,1006.9,2022-04-12 16:34:00,24.7,29.1,2022-04-12 14:05:00,21.3,2022-04-12 06:02:00,21.6,83.0,60.0,2022-04-12 14:06:00,0.8,330.0,6.1,320.0,2022-04-12 14:46:00,0.0,0.0,2022-04-12 00:00:00,0.0,2022-04-12 00:00:00,10.8,26.26,,25.7,25.9,26.8,27.3,26.4,24.6
2022-04-13,1006.9,1008.3,1008.3,2022-04-13 09:34:00,1005.0,2022-04-13 16:05:00,24.7,29.1,2022-04-13 13:40:00,21.5,2022-04-13 03:24:00,21.9,85.0,64.0,2022-04-13 14:26:00,0.8,310.0,5.8,300.0,2022-04-13 15:30:00,0.0,0.0,2022-04-13 00:00:00,0.0,2022-04-13 00:00:00,9.8,22.95,,25.7,25.9,27.1,27.7,26.9,25.0
2022-04-14,1007.7,1009.1,1009.7,2022-04-14 23:19:00,1005.9,2022-04-14 15:23:00,25.1,29.4,2022-04-14 11:56:00,22.6,2022-04-14 05:54:00,21.2,79.0,62.0,2022-04-14 15:36:00,1.1,30.0,11.3,60.0,2022-04-14 23:06:00,0.0,0.0,2022-04-14 00:00:00,0.0,2022-04-14 00:00:00,10.6,23.33,,26.0,26.2,27.1,27.9,27.3,25.3
2022-04-15,1011.0,1012.4,1013.4,2022-04-15 22:29:00,1009.3,2022-04-15 00:24:00,22.4,26.7,2022-04-15 14:03:00,19.7,2022-04-15 23:44:00,17.5,74.0,60.0,2022-04-15 10:53:00,2.1,60.0,11.5,30.0,2022-04-15 22:32:00,0.0,0.0,2022-04-15 00:00:00,0.0,2022-04-15 00:00:00,10.9,24.96,,23.5,23.7,25.1,26.7,27.2,25.6
2022-04-16,1012.6,1014.0,1014.9,2022-04-16 21:53:00,1011.0,2022-04-16 03:54:00,21.3,26.1,2022-04-16 14:01:00,18.4,2022-04-16 05:14:00,15.7,70.0,56.0,2022-04-16 11:13:00,1.9,60.0,10.4,60.0,2022-04-16 20:36:00,0.0,0.0,2022-04-16 00:00:00,0.0,2022-04-16 00:00:00,10.3,16.35,,22.2,22.4,23.7,25.5,26.8,25.8
2022-04-17,1015.3,1016.7,1017.1,2022-04-17 09:39:00,1013.8,2022-04-17 16:50:00,20.6,25.2,2022-04-17 12:59:00,17.9,2022-04-17 03:28:00,16.5,77.0,61.0,2022-04-17 13:00:00,1.6,60.0,8.6,60.0,2022-04-17 00:57:00,0.5,0.5,2022-04-17 06:27:00,0.5,2022-04-17 05:37:00,8.4,16.11,,21.5,21.7,23.1,24.8,26.2,25.7
2022-04-18,1015.8,1017.2,1017.5,2022-04-18 21:55:00,1014.4,2022-04-18 16:27:00,22.1,26.3,2022-04-18 14:43:00,18.3,2022-04-18 02:58:00,18.0,77.0,67.0,2022-04-18 14:39:00,1.5,60.0,7.7,320.0,2022-04-18 14:13:00,0.0,0.0,2022-04-18 00:00:00,0.0,2022-04-18 00:00:00,10.0,19.52,,23.0,23.2,24.4,25.3,25.9,25.6
2022-04-19,1016.3,1017.7,1017.8,2022-04-19 10:36:00,1014.9,2022-04-19 04:17:00,20.1,22.4,2022-04-19 11:33:00,17.7,2022-04-19 20:35:00,17.3,83.0,75.0,2022-04-19 11:04:00,1.5,60.0,10.5,60.0,2022-04-19 08:37:00,0.0,0.0,2022-04-19 00:00:00,0.0,2022-04-19 00:00:00,5.2,6.66,,20.5,20.6,21.8,24.0,25.9,25.5
2022-04-20,1014.7,1016.0,1016.9,2022-04-20 00:01:00,1012.8,2022-04-20 16:28:00,21.8,25.3,2022-04-20 15:29:00,19.2,2022-04-20 06:54:00,18.3,80.0,69.0,2022-04-20 15:16:00,1.3,30.0,9.2,80.0,2022-04-20 05:41:00,0.0,0.0,2022-04-20 00:00:00,0.0,2022-04-20 00:00:00,10.5,17.9,,22.5,22.6,23.3,24.1,25.0,25.4
2022-04-21,1013.3,1014.7,1015.0,2022-04-21 08:59:00,1011.6,2022-04-21 16:46:00,24.0,28.8,2022-04-21 13:00:00,20.5,2022-04-21 01:02:00,20.7,82.0,62.0,2022-04-21 12:39:00,0.9,20.0,5.9,330.0,2022-04-21 11:16:00,0.0,0.0,2022-04-21 00:00:00,0.0,2022-04-21 00:00:00,10.4,24.44,,24.9,25.1,26.2,26.3,25.5,25.2
2022-04-22,1012.5,1013.9,1014.4,2022-04-22 09:10:00,1010.4,2022-04-22 15:47:00,25.9,30.1,2022-04-22 12:46:00,21.8,2022-04-22 05:46:00,22.5,82.0,63.0,2022-04-22 11:07:00,0.7,340.0,4.8,300.0,2022-04-22 12:21:00,0.0,0.0,2022-04-22 00:00:00,0.0,2022-04-22 00:00:00,10.3,24.88,,27.0,27.2,28.3,28.2,26.6,25.3
2022-04-23,1011.8,,1012.4,2022-04-23 06:00:00,1011.2,2022-04-23 04:00:00,22.8,25.0,2022-04-23 01:00:00,21.5,2022-04-23 07:00:00,22.1,95.0,93.0,2022-04-23 03:00:00,0.1,,3.6,247.5,2022-04-23 03:00:00,9.5,,,,,0.0,0.01,,22.9,23.0,24.4,27.1,27.6,25.5
2022-04-24,,,,,,,,,,,,,,,,,,,,,,,,,,,,,,,,,,
2022-04-25,,,,,,,,,,,,,,,,,,,,,,,,,,,,,,,,,,
2022-04-26,,,,,,,,,,,,,,,,,,,,,,,,,,,,,,,,,,
2022-04-27,,,,,,,,,,,,,,,,,,,,,,,,,,,,,,,,,,
2022-04-28,,,,,,,,,,,,,,,,,,,,,,,,,,,,,,,,,,
2022-04-29,1011.2,1012.5,1013.3,2022-04-29 22:00:00,1009.0,2022-04-29 16:00:00,26.5,31.3,2022-04-29 10:00:00,23.6,2022-04-29 03:00:00,24.1,87.0,76.0,2022-04-29 10:00:00,0.9,330.0,7.5,10.0,2022-04-29 21:00:00,0.0,0.0,2022-04-29 00:00:00,0.0,2022-04-29 00:00:00,9.2,22.2,,27.5,27.7,29.1,30.2,29.5,27.3
2022-04-30,1012.6,1014.0,1014.0,2022-04-30 09:16:00,1011.0,2022-04-30 15:57:00,24.9,28.6,2022-04-30 11:35:00,22.6,2022-04-30 04:54:00,20.9,78.0,66.0,2022-04-30 11:05:00,1.7,30.0,9.2,100.0,2022-04-30 03:09:00,0.0,0.0,2022-04-30 00:00:00,0.0,2022-04-30 00:00:00,10.5,25.6,,26.0,26.3,28.1,29.6,29.7,27.5
2022-05-01,1012.2,1013.6,1014.2,2022-05-01 23:32:00,1010.9,2022-05-01 16:43:00,22.1,24.7,2022-05-01 11:07:00,19.6,2022-05-01 22:36:00,18.1,77.0,67.0,2022-05-01 12:52:00,2.4,50.0,13.6,40.0,2022-05-01 20:00:00,0.0,0.0,2022-05-01 00:00:00,0.0,2022-05-01 00:00:00,9.5,12.7,,22.8,23.1,24.9,27.5,29.2,27.6
2022-05-02,1013.4,1014.8,1015.1,2022-05-02 21:19:00,1012.3,2022-05-02 04:32:00,17.4,19.9,2022-05-02 00:18:00,16.3,2022-05-02 07:30:00,16.5,94.0,83.0,2022-05-02 01:09:00,2.1,50.0,13.0,30.0,2022-05-02 01:07:00,20.0,1.5,2022-05-02 06:38:00,5.5,2022-05-02 06:05:00,6.0,4.8,,17.4,17.5,19.0,22.5,27.4,27.5
2022-05-03,1014.0,1015.4,1015.2,2022-05-03 10:16:00,1012.8,2022-05-03 04:29:00,20.9,24.2,2022-05-03 12:34:00,17.3,2022-05-03 03:21:00,18.1,84.0,68.0,2022-05-03 11:45:00,1.2,50.0,8.1,60.0,2022-05-03 01:16:00,0.5,0.5,2022-05-03 00:42:00,0.5,2022-05-03 00:00:00,8.9,12.38,,21.4,21.2,21.3,22.2,25.2,27.0
2022-05-04,1012.3,1013.7,1014.1,2022-05-04 00:01:00,1011.0,2022-05-04 16:45:00,23.9,27.2,2022-05-04 15:39:00,20.9,2022-05-04 00:02:00,21.6,87.0,70.0,2022-05-04 14:12:00,1.0,340.0,6.8,340.0,2022-05-04 14:24:00,0.5,0.5,2022-05-04 07:55:00,0.5,2022-05-04 07:05:00,10.4,19.48,,24.3,24.2,24.3,24.7,25.3,26.4
2022-05-05,1010.9,1012.3,1012.3,2022-05-05 10:05:00,1009.5,2022-05-05 16:59:00,24.0,26.3,2022-05-05 16:04:00,22.6,2022-05-05 23:58:00,21.9,88.0,78.0,2022-05-05 16:00:00,1.1,10.0,6.8,310.0,2022-05-05 09:58:00,0.0,0.0,2022-05-05 00:00:00,0.0,2022-05-05 00:00:00,8.3,8.31,,24.1,23.9,23.8,24.6,25.6,26.1
2022-05-06,1011.3,1012.7,1012.5,2022-05-06 10:50:00,1010.1,2022-05-06 03:19:00,25.0,28.5,2022-05-06 10:20:00,22.2,2022-05-06 01:12:00,22.2,84.0,69.0,2022-05-06 09:58:00,1.4,20.0,7.6,60.0,2022-05-06 06:22:00,0.0,0.0,2022-05-06 00:00:00,0.0,2022-05-06 00:00:00,10.9,25.65,,25.6,25.5,25.5,25.6,25.6,25.9
2022-05-07,1012.3,1013.6,1013.8,2022-05-07 22:11:00,1010.8,2022-05-07 16:50:00,25.5,29.1,2022-05-07 13:35:00,23.6,2022-05-07 00:12:00,22.4,83.0,69.0,2022-05-07 13:35:00,1.1,10.0,7.3,310.0,2022-05-07 12:03:00,0.0,0.0,2022-05-07 00:00:00,0.0,2022-05-07 00:00:00,10.3,21.56,,26.0,26.0,26.1,26.4,26.2,25.9
2022-05-08,1012.5,1013.9,1013.7,2022-05-08 10:26:00,1011.5,2022-05-08 16:36:00,24.9,29.3,2022-05-08 11:27:00,23.4,2022-05-08 07:31:00,22.0,84.0,70.0,2022-05-08 11:16:00,1.5,40.0,9.0,50.0,2022-05-08 12:13:00,0.0,0.0,2022-05-08 00:00:00,0.0,2022-05-08 00:00:00,9.0,15.93,,25.5,25.4,25.7,26.4,26.6,26.0
2022-05-09,1012.2,1013.6,1014.0,2022-05-09 11:33:00,1010.7,2022-05-09 16:40:00,24.9,28.1,2022-05-09 12:48:00,23.6,2022-05-09 03:54:00,22.6,87.0,74.0,2022-05-09 12:53:00,0.9,30.0,7.6,40.0,2022-05-09 13:16:00,0.0,0.0,2022-05-09 00:00:00,0.0,2022-05-09 00:00:00,8.4,12.22,,25.4,25.3,25.7,26.4,26.7,26.1
2022-05-10,1010.3,1011.7,1012.1,2022-05-10 00:26:00,1008.7,2022-05-10 14:57:00,25.1,28.6,2022-05-10 13:09:00,23.2,2022-05-10 04:08:00,22.9,87.0,70.0,2022-05-10 13:37:00,1.0,350.0,6.8,330.0,2022-05-10 12:08:00,0.0,0.0,2022-05-10 00:00:00,0.0,2022-05-10 00:00:00,9.0,21.63,,26.2,26.4,27.5,27.8,27.0,26.2
2022-05-11,1009.3,1010.6,1011.1,2022-05-11 09:20:00,1007.9,2022-05-11 03:15:00,25.5,30.1,2022-05-11 13:18:00,23.0,2022-05-11 05:54:00,23.6,89.0,69.0,2022-05-11 13:01:00,0.8,10.0,6.6,50.0,2022-05-11 09:38:00,3.0,0.5,2022-05-11 05:04:00,2.0,2022-05-11 05:00:00,8.4,16.53,,26.0,26.1,26.7,27.6,27.6,26.3
2022-05-12,1008.4,1009.8,1009.5,2022-05-12 10:34:00,1007.6,2022-05-12 17:21:00,24.6,28.1,2022-05-12 09:42:00,22.9,2022-05-12 16:16:00,23.5,93.0,79.0,2022-05-12 09:30:00,0.5,340.0,4.8,50.0,2022-05-12 01:53:00,12.0,2.5,2022-05-12 14:55:00,7.5,2022-05-12 14:32:00,6.6,7.7,,25.0,25.0,25.6,26.6,27.4,26.5
2022-05-13,1007.2,1008.6,1008.4,2022-05-13 21:09:00,1006.2,2022-05-13 16:32:00,25.2,29.2,2022-05-13 11:56:00,22.6,2022-05-13 04:26:00,23.9,92.0,76.0,2022-05-13 12:02:00,0.5,200.0,6.4,230.0,2022-05-13 14:07:00,2.5,0.5,2022-05-13 01:31:00,0.5,2022-05-13 00:41:00,7.7,8.45,,25.4,25.4,25.7,26.2,26.9,26.5
2022-05-14,1009.2,1010.6,1011.6,2022-05-14 22:20:00,1006.5,2022-05-14 01:47:00,22.9,24.9,2022-05-14 00:05:00,21.9,2022-05-14 23:54:00,22.6,98.0,94.0,2022-05-14 16:32:00,0.5,80.0,4.8,60.0,2022-05-14 03:39:00,100.0,8.5,2022-05-14 06:36:00,29.5,2022-05-14 05:55:00,4.7,4.8,,23.2,23.3,23.8,24.7,26.1,26.4
2022-05-15,1010.7,1012.1,1012.2,2022-05-15 09:18:00,1009.1,2022-05-15 16:29:00,20.5,22.3,2022-05-15 11:38:00,18.1,2022-05-16 00:00:00,19.4,93.0,84.0,2022-05-15 10:56:00,2.1,50.0,11.2,50.0,2022-05-15 19:05:00,13.5,3.5,2022-05-15 23:07:00,6.5,2022-05-15 22:17:00,6.0,5.1,,20.6,20.6,21.2,23.0,25.3,26.1
2022-05-16,1011.2,1012.6,1012.8,2022-05-16 22:31:00,1009.9,2022-05-16 16:47:00,17.7,18.2,2022-05-16 11:35:00,17.0,2022-05-16 09:11:00,17.3,97.0,93.0,2022-05-16 08:49:00,2.4,50.0,12.7,40.0,2022-05-16 06:27:00,52.0,3.5,2022-05-16 08:55:00,10.0,2022-05-16 16:39:00,2.9,3.42,,17.7,17.7,18.4,20.2,23.8,25.7
2022-05-17,1012.5,1013.9,1014.1,2022-05-17 21:46:00,1011.0,2022-05-17 04:02:00,20.8,24.7,2022-05-17 15:47:00,16.8,2022-05-17 01:54:00,17.6,82.0,70.0,2022-05-17 16:07:00,1.7,50.0,11.7,60.0,2022-05-17 07:56:00,5.0,1.0,2022-05-17 01:25:00,4.0,2022-05-17 01:28:00,9.9,15.06,,21.0,20.7,20.4,20.9,22.3,24.8
2022-05-18,1012.9,1014.3,1014.6,2022-05-18 09:05:00,1011.6,2022-05-18 16:12:00,23.6,28.7,2022-05-18 12:21:00,18.9,2022-05-18 04:34:00,20.3,82.0,67.0,2022-05-18 11:55:00,1.4,40.0,8.9,80.0,2022-05-18 11:00:00,0.0,0.0,2022-05-18 00:00:00,0.0,2022-05-18 00:00:00,10.5,23.63,,24.1,23.9,23.4,23.2,23.0,24.4
2022-05-19,1010.7,1012.0,1012.5,2022-05-19 07:49:00,1008.4,2022-05-19 16:54:00,25.1,28.3,2022-05-19 14:37:00,22.7,2022-05-19 04:14:00,23.1,88.0,77.0,2022-05-19 14:34:00,1.0,340.0,7.1,320.0,2022-05-19 16:00:00,0.0,0.0,2022-05-19 00:00:00,0.0,2022-05-19 00:00:00,10.4,23.42,,25.7,25.7,25.6,25.4,24.4,24.5
2022-05-20,1007.5,1008.8,1009.9,2022-05-20 00:06:00,1005.5,2022-05-20 16:48:00,25.3,28.3,2022-05-20 13:18:00,23.0,2022-05-20 01:54:00,22.9,86.0,73.0,2022-05-20 14:26:00,1.3,360.0,7.3,330.0,2022-05-20 11:15:00,0.0,0.0,2022-05-20 00:00:00,0.0,2022-05-20 00:00:00,11.1,23.6,,25.9,25.8,25.8,26.1,25.4,24.8
2022-05-21,1007.5,1008.9,1009.0,2022-05-21 22:34:00,1006.2,2022-05-21 01:25:00,25.1,28.8,2022-05-21 10:29:00,23.0,2022-05-21 05:54:00,21.9,82.0,70.0,2022-05-21 14:07:00,1.3,30.0,7.9,50.0,2022-05-21 17:44:00,0.0,0.0,2022-05-21 00:00:00,0.0,2022-05-21 00:00:00,10.1,22.25,,25.9,26.0,26.2,26.5,25.9,25.1
2022-05-22,1007.7,1009.1,1009.1,2022-05-22 21:53:00,1006.4,2022-05-22 16:26:00,24.9,28.2,2022-05-22 13:45:00,22.2,2022-05-22 05:13:00,22.2,85.0,73.0,2022-05-22 13:45:00,0.8,350.0,6.3,310.0,2022-05-22 13:38:00,0.0,0.0,2022-05-22 00:00:00,0.0,2022-05-22 00:00:00,11.0,20.8,,25.8,25.9,26.5,27.0,26.5,25.4
2022-05-23,1008.6,1009.9,1010.6,2022-05-23 22:22:00,1007.0,2022-05-23 02:40:00,25.1,28.9,2022-05-23 14:28:00,23.6,2022-05-23 05:21:00,22.9,87.0,73.0,2022-05-23 14:29:00,1.0,20.0,7.4,50.0,2022-05-23 18:01:00,0.0,0.0,2022-05-23 00:00:00,0.0,2022-05-23 00:00:00,9.8,14.55,,25.8,25.8,26.0,26.7,26.9,25.7
2022-05-24,1010.3,1011.6,1011.9,2022-05-24 22:37:00,1009.2,2022-05-24 02:54:00,25.1,29.2,2022-05-24 12:10:00,24.0,2022-05-24 23:54:00,23.6,91.0,74.0,2022-05-24 12:10:00,1.0,30.0,5.5,50.0,2022-05-24 06:12:00,21.5,3.0,2022-05-24 20:19:00,7.5,2022-05-24 14:12:00,6.3,9.45,,25.5,25.5,25.9,26.5,26.8,25.9
2022-05-25,1008.5,1009.9,1010.3,2022-05-25 00:09:00,1006.8,2022-05-25 16:31:00,25.3,28.0,2022-05-25 12:28:00,23.9,2022-05-25 02:20:00,24.7,96.0,84.0,2022-05-25 12:21:00,0.4,230.0,6.1,210.0,2022-05-25 13:57:00,14.0,6.5,2022-05-25 18:17:00,8.0,2022-05-25 17:33:00,9.7,9.77,,25.6,25.7,26.2,26.6,26.7,25.9
2022-05-26,1005.6,1007.0,1008.1,2022-05-26 00:01:00,1003.7,2022-05-26 17:01:00,26.1,30.3,2022-05-26 12:25:00,24.1,2022-05-26 00:01:00,24.9,93.0,74.0,2022-05-26 12:26:00,0.5,190.0,8.4,170.0,2022-05-26 14:17:00,5.5,3.0,2022-05-26 14:03:00,4.0,2022-05-26 13:13:00,7.4,14.2,,26.6,26.7,27.0,27.3,26.9,26.0
2022-05-27,1005.9,1007.3,1008.7,2022-05-27 22:42:00,1004.0,2022-05-27 15:20:00,25.7,27.8,2022-05-27 10:52:00,24.2,2022-05-27 01:22:00,25.3,97.0,93.0,2022-05-27 09:41:00,0.5,230.0,6.6,260.0,2022-05-27 15:25:00,31.0,5.0,2022-05-27 00:22:00,9.5,2022-05-27 00:00:00,7.1,8.56,,26.0,26.1,26.6,27.1,27.1,26.1
2022-05-28,1007.5,1008.8,1008.9,2022-05-28 22:17:00,1006.2,2022-05-28 03:14:00,27.3,31.8,2022-05-28 12:30:00,24.2,2022-05-28 03:12:00,25.4,90.0,70.0,2022-05-28 12:33:00,0.8,220.0,6.8,220.0,2022-05-28 14:04:00,0.5,0.5,2022-05-28 06:41:00,0.5,2022-05-28 05:51:00,10.0,22.19,,27.7,27.6,27.7,27.9,27.2,26.3
2022-05-29,1007.3,1008.7,1008.2,2022-05-29 00:01:00,1006.2,2022-05-29 15:59:00,28.0,32.4,2022-05-29 12:58:00,25.0,2022-05-29 05:55:00,26.0,89.0,73.0,2022-05-29 12:58:00,0.7,230.0,7.0,220.0,2022-05-29 11:05:00,0.0,0.0,2022-05-29 00:00:00,0.0,2022-05-29 00:00:00,10.3,24.51,,28.7,28.7,29.0,29.0,27.8,26.4
2022-05-30,1007.2,1008.6,1009.1,2022-05-30 10:04:00,1005.6,2022-05-30 02:37:00,27.4,31.0,2022-05-30 14:05:00,25.2,2022-05-30 04:54:00,25.8,91.0,77.0,2022-05-30 14:05:00,0.7,230.0,5.9,230.0,2022-05-30 08:35:00,8.0,2.5,2022-05-30 09:58:00,4.5,2022-05-30 09:17:00,10.6,20.12,,27.7,27.7,28.2,28.7,28.3,26.5
2022-05-31,1008.3,1009.6,1009.7,2022-05-31 09:49:00,1006.2,2022-05-31 03:22:00,28.2,32.1,2022-05-31 14:40:00,25.1,2022-05-31 04:54:00,26.3,89.0,71.0,2022-05-31 11:34:00,0.8,230.0,7.6,240.0,2022-05-31 11:39:00,3.5,3.0,2022-05-31 06:56:00,3.5,2022-05-31 06:06:00,10.6,24.28,,28.8,28.7,28.9,29.1,28.4,26.7
2022-06-01,1008.0,1009.3,1009.5,2022-06-01 09:16:00,1006.1,2022-06-01 17:34:00,28.5,32.5,2022-06-01 12:14:00,25.6,2022-06-01 04:54:00,26.2,87.0,74.0,2022-06-01 12:15:00,1.0,230.0,5.9,280.0,2022-06-01 14:17:00,0.0,0.0,2022-06-01 00:00:00,0.0,2022-06-01 00:00:00,11.2,22.98,,28.9,28.9,29.0,29.4,28.7,26.9
2022-06-02,1007.1,1008.5,1008.6,2022-06-02 23:20:00,1005.8,2022-06-02 16:37:00,28.5,32.3,2022-06-02 13:26:00,25.6,2022-06-02 05:19:00,25.7,84.0,69.0,2022-06-02 13:41:00,1.0,230.0,6.8,220.0,2022-06-02 13:38:00,0.0,0.0,2022-06-02 00:00:00,0.0,2022-06-02 00:00:00,11.2,24.61,,29.1,29.1,29.1,29.5,28.8,27.1
2022-06-03,1007.6,1009.0,1008.8,2022-06-03 22:01:00,1006.2,2022-06-03 15:43:00,28.9,32.8,2022-06-03 13:26:00,25.9,2022-06-03 05:35:00,25.5,82.0,66.0,2022-06-03 11:38:00,1.1,230.0,6.6,220.0,2022-06-03 10:52:00,0.0,0.0,2022-06-03 00:00:00,0.0,2022-06-03 00:00:00,11.3,26.25,,29.7,29.6,29.8,30.1,29.2,27.2
2022-06-04,1008.0,1009.3,1009.4,2022-06-04 09:04:00,1006.8,2022-06-04 16:08:00,28.1,32.1,2022-06-04 13:00:00,25.7,2022-06-04 06:11:00,25.7,86.0,74.0,2022-06-04 13:02:00,0.8,220.0,6.9,210.0,2022-06-04 14:57:00,7.5,7.0,2022-06-04 05:57:00,7.5,2022-06-04 05:08:00,10.8,23.61,,28.9,28.9,29.2,30.0,29.5,27.4
2022-06-05,1006.2,1007.6,1007.6,2022-06-05 00:01:00,1004.7,2022-06-05 15:37:00,29.2,32.9,2022-06-05 13:25:00,26.0,2022-06-05 05:27:00,25.3,80.0,67.0,2022-06-05 14:57:00,1.0,200.0,7.9,180.0,2022-06-05 08:17:00,0.0,0.0,2022-06-05 00:00:00,0.0,2022-06-05 00:00:00,11.2,25.68,,29.9,29.8,29.6,30.0,29.6,27.6
2022-06-06,1005.1,1006.5,1006.3,2022-06-06 22:46:00,1003.9,2022-06-06 16:42:00,27.8,32.5,2022-06-06 13:16:00,26.1,2022-06-06 20:54:00,25.6,88.0,67.0,2022-06-06 13:25:00,0.7,200.0,5.9,200.0,2022-06-06 12:51:00,2.5,1.5,2022-06-06 14:54:00,2.0,2022-06-06 14:04:00,9.0,15.09,,28.3,28.3,28.8,29.6,29.7,27.8
2022-06-07,1006.5,1007.8,1008.8,2022-06-07 22:39:00,1004.5,2022-06-07 04:13:00,25.6,26.8,2022-06-07 07:55:00,23.8,2022-06-07 12:33:00,25.3,97.0,93.0,2022-06-07 07:58:00,0.0,0.0,4.9,230.0,2022-06-07 12:14:00,81.5,12.5,2022-06-07 11:18:00,33.0,2022-06-07 11:20:00,6.1,6.57,,26.1,26.1,26.7,27.9,29.1,27.9
2022-06-08,1008.0,1009.4,1009.5,2022-06-08 21:59:00,1006.5,2022-06-08 15:35:00,24.4,25.4,2022-06-08 10:45:00,23.1,2022-06-08 19:23:00,24.2,98.0,98.0,2022-06-08 11:24:00,0.3,100.0,5.0,40.0,2022-06-08 11:39:00,79.0,11.5,2022-06-08 16:41:00,25.5,2022-06-08 15:51:00,1.4,2.26,,24.6,24.7,25.1,26.3,28.1,27.8
2022-06-09,1008.0,1009.4,1009.1,2022-06-09 00:05:00,1006.4,2022-06-09 15:54:00,26.1,29.3,2022-06-09 12:48:00,23.4,2022-06-09 01:05:00,25.0,94.0,79.0,2022-06-09 12:51:00,0.5,200.0,5.9,220.0,2022-06-09 13:01:00,1.5,1.0,2022-06-09 00:03:00,1.0,2022-06-09 00:00:00,7.1,7.26,,26.3,26.2,26.2,26.4,27.1,27.5
2022-06-10,1007.3,1008.6,1009.0,2022-06-10 22:56:00,1005.8,2022-06-10 16:22:00,27.4,31.1,2022-06-10 15:55:00,25.4,2022-06-10 01:22:00,25.4,88.0,69.0,2022-06-10 15:58:00,0.6,190.0,6.6,180.0,2022-06-10 12:01:00,1.5,0.5,2022-06-10 07:58:00,1.5,2022-06-10 07:34:00,8.9,13.3,,27.5,27.4,27.2,27.4,27.3,27.2
2022-06-11,1008.5,1009.9,1010.3,2022-06-11 21:59:00,1006.9,2022-06-11 16:14:00,27.8,32.4,2022-06-11 13:24:00,24.2,2022-06-11 18:12:00,25.0,85.0,63.0,2022-06-11 13:25:00,0.8,200.0,10.2,230.0,2022-06-11 17:45:00,10.5,2.5,2022-06-11 17:48:00,4.5,2022-06-11 17:24:00,8.9,20.37,,28.5,28.4,28.5,28.8,27.9,27.1
2022-06-12,1009.0,1010.4,1010.5,2022-06-12 01:36:00,1007.6,2022-06-12 16:07:00,27.3,31.9,2022-06-12 13:16:00,23.4,2022-06-12 04:54:00,25.2,88.0,71.0,2022-06-12 13:16:00,0.8,230.0,5.7,220.0,2022-06-12 16:26:00,10.5,2.5,2022-06-12 01:29:00,6.5,2022-06-12 00:48:00,10.4,21.89,,27.9,27.8,28.0,28.5,28.3,27.2
2022-06-13,1007.4,1008.8,1008.8,2022-06-13 00:01:00,1006.5,2022-06-13 16:14:00,28.5,32.6,2022-06-13 14:10:00,25.5,2022-06-13 04:18:00,25.6,84.0,66.0,2022-06-13 14:07:00,1.1,210.0,8.4,150.0,2022-06-13 08:21:00,0.0,0.0,2022-06-13 00:00:00,0.0,2022-06-13 00:00:00,10.7,22.6,,29.1,29.0,28.9,29.3,28.6,27.4
2022-06-14,1008.4,1009.8,1010.9,2022-06-14 22:00:00,1006.8,2022-06-14 04:04:00,28.8,32.9,2022-06-14 12:42:00,26.2,2022-06-14 05:54:00,25.3,82.0,59.0,2022-06-14 10:46:00,1.0,220.0,7.9,190.0,2022-06-14 11:09:00,0.0,0.0,2022-06-14 00:00:00,0.0,2022-06-14 00:00:00,10.7,22.75,,29.3,29.2,29.1,29.5,29.0,27.5
2022-06-15,1010.0,1011.3,1011.9,2022-06-15 22:23:00,1008.5,2022-06-15 05:50:00,28.1,32.8,2022-06-15 12:15:00,26.0,2022-06-15 01:10:00,25.5,86.0,65.0,2022-06-15 11:18:00,0.5,240.0,5.3,230.0,2022-06-15 14:41:00,0.0,0.0,2022-06-15 00:00:00,0.0,2022-06-15 00:00:00,9.4,15.36,,28.5,28.4,28.6,29.3,29.1,27.6
2022-06-16,1010.1,1011.4,1011.5,2022-06-16 07:01:00,1008.6,2022-06-16 17:08:00,27.7,30.9,2022-06-16 11:31:00,25.6,2022-06-16 04:54:00,25.8,89.0,76.0,2022-06-16 08:47:00,0.6,260.0,4.9,250.0,2022-06-16 07:31:00,0.0,0.0,2022-06-16 00:00:00,0.0,2022-06-16 00:00:00,9.1,15.2,,28.4,28.4,28.7,29.3,29.1,27.8
2022-06-17,1009.1,1010.4,1010.0,2022-06-17 10:58:00,1008.2,2022-06-17 15:38:00,28.3,32.4,2022-06-17 10:22:00,25.6,2022-06-17 23:54:00,25.5,84.0,67.0,2022-06-17 09:24:00,0.8,230.0,7.1,210.0,2022-06-17 11:02:00,0.0,0.0,2022-06-17 00:00:00,0.0,2022-06-17 00:00:00,10.7,20.14,,28.9,28.8,29.0,29.6,29.2,27.9
2022-06-18,1008.5,1009.9,1009.6,2022-06-18 10:49:00,1007.7,2022-06-18 15:11:00,28.8,33.2,2022-06-18 12:37:00,24.8,2022-06-18 04:54:00,25.8,84.0,65.0,2022-06-18 09:45:00,0.9,230.0,6.8,230.0,2022-06-18 14:00:00,0.0,0.0,2022-06-18 00:00:00,0.0,2022-06-18 00:00:00,11.1,26.23,,29.6,29.7,30.2,30.5,29.6,27.9
2022-06-19,1008.0,1009.4,1008.8,2022-06-19 10:58:00,1006.9,2022-06-19 16:36:00,29.2,33.5,2022-06-19 13:53:00,25.8,2022-06-19 05:16:00,26.3,84.0,70.0,2022-06-19 12:46:00,0.9,230.0,6.2,230.0,2022-06-19 15:21:00,0.0,0.0,2022-06-19 00:00:00,0.0,2022-06-19 00:00:00,11.0,25.08,,30.2,30.3,31.1,31.5,30.3,28.1
2022-06-20,1006.6,1008.0,1007.6,2022-06-20 08:59:00,1005.3,2022-06-20 16:58:00,29.4,33.6,2022-06-20 14:18:00,25.9,2022-06-20 04:30:00,26.1,83.0,65.0,2022-06-20 10:48:00,0.9,230.0,7.1,220.0,2022-06-20 13:25:00,0.0,0.0,2022-06-20 00:00:00,0.0,2022-06-20 00:00:00,11.4,27.47,,30.5,30.6,31.7,32.2,31.0,28.4
2022-06-21,1007.4,1008.8,1009.7,2022-06-21 22:20:00,1005.1,2022-06-21 02:09:00,29.3,33.3,2022-06-21 09:18:00,26.0,2022-06-21 05:26:00,25.8,82.0,66.0,2022-06-21 09:18:00,0.7,240.0,5.4,280.0,2022-06-21 13:52:00,0.0,0.0,2022-06-21 00:00:00,0.0,2022-06-21 00:00:00,10.4,23.91,,30.4,30.5,31.7,32.4,31.5,28.7
2022-06-22,1010.5,1011.8,1012.5,2022-06-22 22:15:00,1008.3,2022-06-22 03:47:00,29.5,33.7,2022-06-22 10:51:00,26.1,2022-06-22 05:09:00,26.1,82.0,66.0,2022-06-22 10:51:00,0.7,260.0,5.6,270.0,2022-06-22 15:40:00,0.0,0.0,2022-06-22 00:00:00,0.0,2022-06-22 00:00:00,12.0,28.11,,30.9,31.1,32.6,33.2,31.8,29.0
2022-06-23,1010.9,1012.3,1012.5,2022-06-23 08:17:00,1008.1,2022-06-23 15:48:00,29.4,34.1,2022-06-23 11:50:00,26.1,2022-06-23 20:52:00,26.0,82.0,65.0,2022-06-23 09:19:00,0.7,250.0,7.3,280.0,2022-06-23 15:45:00,0.0,0.0,2022-06-23 00:00:00,0.0,2022-06-23 00:00:00,10.5,26.24,,30.8,31.2,32.9,33.7,32.4,29.2
2022-06-24,1009.1,1010.5,1010.5,2022-06-24 00:01:00,1007.2,2022-06-24 15:11:00,28.1,34.0,2022-06-24 12:34:00,23.4,2022-06-24 18:45:00,25.3,85.0,63.0,2022-06-24 13:08:00,0.8,240.0,7.0,270.0,2022-06-24 14:41:00,12.5,4.5,2022-06-24 18:10:00,7.5,2022-06-24 18:04:00,9.0,21.24,,29.5,29.8,31.5,32.9,32.6,29.5
2022-06-25,1008.5,1009.9,1010.3,2022-06-25 20:52:00,1006.5,2022-06-25 02:03:00,28.1,32.7,2022-06-25 11:03:00,24.5,2022-06-25 03:54:00,25.5,86.0,64.0,2022-06-25 13:56:00,0.7,220.0,7.3,220.0,2022-06-25 12:27:00,0.0,0.0,2022-06-25 00:00:00,0.0,2022-06-25 00:00:00,9.9,22.82,,29.1,29.1,29.6,31.0,31.9,29.7
2022-06-26,1010.3,1011.7,1012.2,2022-06-26 10:42:00,1008.3,2022-06-26 01:18:00,28.4,32.4,2022-06-26 14:10:00,25.3,2022-06-26 04:58:00,25.3,83.0,68.0,2022-06-26 13:49:00,0.5,270.0,4.3,300.0,2022-06-26 15:20:00,0.5,0.5,2022-06-26 06:31:00,0.5,2022-06-26 05:41:00,11.1,23.54,,29.1,29.0,29.5,30.7,31.4,29.7
2022-06-27,1008.8,1010.2,1010.7,2022-06-27 10:22:00,1006.8,2022-06-27 16:10:00,28.9,32.6,2022-06-27 13:04:00,25.3,2022-06-27 04:54:00,25.4,82.0,65.0,2022-06-27 14:27:00,0.7,310.0,5.8,310.0,2022-06-27 14:08:00,0.0,0.0,2022-06-27 00:00:00,0.0,2022-06-27 00:00:00,11.6,26.87,,29.7,29.8,30.6,31.4,31.2,29.5
2022-06-28,1005.8,1007.1,1007.7,2022-06-28 00:01:00,1004.0,2022-06-28 16:07:00,29.0,32.4,2022-06-28 12:50:00,26.0,2022-06-28 05:23:00,25.9,84.0,70.0,2022-06-28 09:25:00,0.8,320.0,6.6,330.0,2022-06-28 15:02:00,0.0,0.0,2022-06-28 00:00:00,0.0,2022-06-28 00:00:00,11.9,26.25,,30.0,30.2,31.3,32.1,31.6,29.5
2022-06-29,1004.7,1006.1,1005.9,2022-06-29 18:46:00,1003.6,2022-06-29 13:19:00,27.4,32.7,2022-06-29 13:43:00,24.8,2022-06-29 20:39:00,25.5,89.0,64.0,2022-06-29 14:21:00,0.5,340.0,5.4,300.0,2022-06-29 13:04:00,11.0,3.5,2022-06-29 18:38:00,5.0,2022-06-29 17:51:00,7.9,17.12,,28.5,28.7,30.2,31.6,31.8,29.6
2022-06-30,1004.5,1005.8,1005.9,2022-06-30 22:13:00,1002.5,2022-06-30 16:38:00,28.2,31.8,2022-06-30 14:03:00,24.1,2022-06-30 04:46:00,25.6,86.0,71.0,2022-06-30 10:04:00,0.8,340.0,5.5,50.0,2022-06-30 09:30:00,0.5,0.5,2022-06-30 04:06:00,0.5,2022-06-30 03:16:00,11.8,26.33,,28.9,28.9,29.4,30.5,31.4,29.7
2022-07-01,1005.5,1006.8,1007.5,2022-07-01 22:02:00,1003.9,2022-07-01 03:45:00,28.7,32.4,2022-07-01 14:06:00,25.3,2022-07-01 04:25:00,25.6,83.0,68.0,2022-07-01 14:07:00,0.5,270.0,4.1,270.0,2022-07-01 14:32:00,0.0,0.0,2022-07-01 00:00:00,0.0,2022-07-01 00:00:00,10.7,21.52,,29.3,29.3,29.5,30.5,31.0,29.6
2022-07-02,1006.8,1008.1,1008.7,2022-07-02 22:27:00,1005.7,2022-07-02 16:52:00,27.9,32.6,2022-07-02 10:47:00,24.0,2022-07-02 20:24:00,24.9,84.0,61.0,2022-07-02 10:56:00,0.4,220.0,5.8,240.0,2022-07-02 18:55:00,16.0,5.0,2022-07-02 19:09:00,10.5,2022-07-02 19:05:00,9.5,14.36,,28.8,28.7,29.1,30.3,30.9,29.5
2022-07-03,1006.1,1007.5,1007.8,2022-07-03 00:01:00,1004.8,2022-07-03 17:28:00,28.5,32.9,2022-07-03 13:43:00,24.6,2022-07-03 00:54:00,25.7,85.0,67.0,2022-07-03 13:08:00,0.7,210.0,7.1,220.0,2022-07-03 19:47:00,0.0,0.0,2022-07-03 00:00:00,0.0,2022-07-03 00:00:00,9.7,21.7,,29.2,29.1,29.2,30.0,30.5,29.4
2022-07-04,1005.5,1006.9,1007.2,2022-07-04 21:46:00,1004.6,2022-07-04 04:50:00,29.0,34.0,2022-07-04 14:00:00,25.3,2022-07-04 16:38:00,25.2,81.0,60.0,2022-07-04 14:05:00,0.8,200.0,10.0,260.0,2022-07-04 16:01:00,1.5,1.0,2022-07-04 16:20:00,1.0,2022-07-04 15:30:00,9.4,24.47,,29.7,29.6,29.7,30.6,30.6,29.3
2022-07-05,1006.8,1008.2,1008.0,2022-07-05 23:19:00,1005.7,2022-07-05 01:34:00,28.9,33.7,2022-07-05 10:49:00,26.3,2022-07-05 05:14:00,24.9,79.0,61.0,2022-07-05 10:51:00,0.7,190.0,9.1,230.0,2022-07-05 13:11:00,0.0,0.0,2022-07-05 00:00:00,0.0,2022-07-05 00:00:00,10.7,20.61,,29.7,29.5,29.4,30.4,30.7,29.3
2022-07-06,1008.1,1009.5,1009.6,2022-07-06 09:47:00,1006.7,2022-07-06 02:50:00,29.3,33.7,2022-07-06 14:39:00,26.0,2022-07-06 05:06:00,25.1,78.0,55.0,2022-07-06 10:51:00,1.0,220.0,9.4,220.0,2022-07-06 13:59:00,0.0,0.0,2022-07-06 00:00:00,0.0,2022-07-06 00:00:00,10.2,26.01,,30.1,30.1,30.3,30.9,30.7,29.3
2022-07-07,1009.3,1010.7,1010.3,2022-07-07 23:38:00,1007.9,2022-07-07 16:43:00,29.3,33.3,2022-07-07 13:16:00,25.9,2022-07-07 05:33:00,25.9,82.0,66.0,2022-07-07 11:42:00,0.7,260.0,5.9,270.0,2022-07-07 14:17:00,0.0,0.0,2022-07-07 00:00:00,0.0,2022-07-07 00:00:00,10.2,22.71,,30.4,30.4,31.4,32.0,31.2,29.3
2022-07-08,1008.1,1009.5,1010.1,2022-07-08 00:01:00,1006.4,2022-07-08 16:14:00,29.0,33.0,2022-07-08 13:56:00,26.2,2022-07-08 05:24:00,26.4,86.0,71.0,2022-07-08 13:57:00,0.7,320.0,5.2,330.0,2022-07-08 14:23:00,0.0,0.0,2022-07-08 00:00:00,0.0,2022-07-08 00:00:00,9.0,20.74,,30.0,30.2,31.4,32.2,31.8,29.5
2022-07-09,1006.7,1008.1,1008.2,2022-07-09 22:38:00,1005.2,2022-07-09 15:49:00,29.7,32.9,2022-07-09 13:12:00,26.6,2022-07-09 03:54:00,26.5,83.0,66.0,2022-07-09 16:22:00,0.8,270.0,5.4,290.0,2022-07-09 15:47:00,0.0,0.0,2022-07-09 00:00:00,0.0,2022-07-09 00:00:00,11.7,24.96,,30.7,30.9,32.0,32.6,32.0,29.7
2022-07-10,1007.2,1008.6,1008.2,2022-07-10 23:21:00,1006.2,2022-07-10 16:08:00,30.0,33.3,2022-07-10 12:55:00,26.9,2022-07-10 05:25:00,26.8,83.0,66.0,2022-07-10 11:16:00,0.9,250.0,6.8,200.0,2022-07-10 15:34:00,1.5,1.5,2022-07-10 01:34:00,1.5,2022-07-10 00:44:00,11.9,28.06,,31.1,31.3,32.5,33.4,32.5,29.9
2022-07-11,1007.8,1009.2,1009.4,2022-07-11 22:54:00,1006.8,2022-07-11 15:32:00,30.1,33.9,2022-07-11 12:45:00,26.9,2022-07-11 05:35:00,26.3,80.0,62.0,2022-07-11 13:10:00,0.9,250.0,6.1,280.0,2022-07-11 15:43:00,0.0,0.0,2022-07-11 00:00:00,0.0,2022-07-11 00:00:00,11.6,26.62,,31.2,31.4,32.7,33.6,32.8,30.1
2022-07-12,1007.6,1008.9,1008.8,2022-07-12 09:56:00,1005.9,2022-07-12 17:48:00,30.2,34.0,2022-07-12 12:36:00,27.8,2022-07-12 22:30:00,26.0,78.0,60.0,2022-07-12 10:50:00,1.1,250.0,6.5,260.0,2022-07-12 14:21:00,0.0,0.0,2022-07-12 00:00:00,0.0,2022-07-12 00:00:00,10.6,26.7,,31.3,31.6,33.3,34.1,33.2,30.3
2022-07-13,1006.0,1007.4,1007.7,2022-07-13 10:14:00,1004.0,2022-07-13 17:31:00,29.6,32.8,2022-07-13 13:11:00,26.7,2022-07-13 23:54:00,26.3,82.0,70.0,2022-07-13 12:08:00,0.9,310.0,6.2,300.0,2022-07-13 14:41:00,0.0,0.0,2022-07-13 00:00:00,0.0,2022-07-13 00:00:00,10.7,26.08,,30.8,31.2,33.0,34.1,33.4,30.5
2022-07-14,1005.3,1006.7,1007.1,2022-07-14 21:48:00,1004.1,2022-07-14 03:25:00,29.9,33.8,2022-07-14 11:37:00,25.8,2022-07-14 05:31:00,25.6,78.0,60.0,2022-07-14 10:26:00,0.9,260.0,4.9,220.0,2022-07-14 19:59:00,0.0,0.0,2022-07-14 00:00:00,0.0,2022-07-14 00:00:00,11.7,26.91,,31.1,31.4,33.3,34.3,33.5,30.7
2022-07-15,1006.5,1007.9,1007.9,2022-07-15 10:39:00,1005.2,2022-07-15 03:00:00,29.7,34.1,2022-07-15 15:08:00,27.3,2022-07-15 05:54:00,24.7,74.0,56.0,2022-07-15 14:29:00,0.5,200.0,4.9,220.0,2022-07-15 14:38:00,0.0,0.0,2022-07-15 00:00:00,0.0,2022-07-15 00:00:00,10.3,17.06,,31.1,31.3,32.8,33.9,33.6,30.8
2022-07-16,1006.1,1007.5,1007.3,2022-07-16 10:25:00,1004.8,2022-07-16 03:21:00,30.3,34.5,2022-07-16 15:02:00,27.2,2022-07-16 05:32:00,26.1,78.0,64.0,2022-07-16 15:55:00,0.8,210.0,6.0,240.0,2022-07-16 17:45:00,0.0,0.0,2022-07-16 00:00:00,0.0,2022-07-16 00:00:00,11.4,24.17,,31.7,32.0,33.7,34.2,33.5,30.9
2022-07-17,1006.2,1007.5,1007.4,2022-07-17 08:36:00,1004.3,2022-07-17 16:57:00,29.7,32.7,2022-07-17 12:17:00,25.8,2022-07-17 06:42:00,26.4,83.0,72.0,2022-07-17 10:26:00,0.8,210.0,6.9,220.0,2022-07-17 17:20:00,6.0,4.5,2022-07-17 05:46:00,6.0,2022-07-17 05:09:00,10.5,22.4,,30.5,30.6,31.4,33.2,33.5,30.9
2022-07-18,1006.4,1007.8,1008.3,2022-07-18 22:58:00,1005.0,2022-07-18 17:05:00,29.8,33.7,2022-07-18 13:58:00,26.9,2022-07-18 05:07:00,26.3,81.0,68.0,2022-07-18 14:00:00,0.9,210.0,7.2,200.0,2022-07-18 08:57:00,0.5,0.5,2022-07-18 08:57:00,0.5,2022-07-18 08:07:00,10.6,21.51,,30.3,30.3,30.7,31.9,32.8,30.9
2022-07-19,1008.4,1009.8,1010.6,2022-07-19 22:38:00,1007.0,2022-07-19 05:30:00,29.9,33.9,2022-07-19 12:54:00,27.1,2022-07-19 04:54:00,26.8,83.0,65.0,2022-07-19 13:19:00,0.7,230.0,7.3,210.0,2022-07-19 10:31:00,0.0,0.0,2022-07-19 00:00:00,0.0,2022-07-19 00:00:00,10.7,20.37,,31.1,31.2,32.4,32.8,32.5,30.7
2022-07-20,1010.8,1012.2,1012.7,2022-07-20 21:49:00,1009.4,2022-07-20 02:52:00,30.3,35.0,2022-07-20 12:37:00,26.9,2022-07-20 05:49:00,26.7,81.0,61.0,2022-07-20 09:08:00,0.8,230.0,8.3,240.0,2022-07-20 11:15:00,0.0,0.0,2022-07-20 00:00:00,0.0,2022-07-20 00:00:00,9.8,24.96,,31.6,31.9,33.5,34.0,32.9,30.6
2022-07-21,1012.1,1013.5,1013.1,2022-07-21 09:00:00,1011.0,2022-07-21 16:31:00,30.1,34.3,2022-07-21 12:53:00,26.7,2022-07-21 05:38:00,26.7,82.0,66.0,2022-07-21 10:19:00,0.7,250.0,5.8,280.0,2022-07-21 12:27:00,0.0,0.0,2022-07-21 00:00:00,0.0,2022-07-21 00:00:00,11.4,27.05,,31.4,31.7,33.6,34.3,33.4,30.7
2022-07-22,1010.6,1012.0,1012.1,2022-07-22 00:01:00,1009.1,2022-07-22 16:07:00,30.3,33.7,2022-07-22 09:53:00,27.1,2022-07-22 04:37:00,26.7,81.0,67.0,2022-07-22 14:52:00,1.0,250.0,7.1,220.0,2022-07-22 14:12:00,0.0,0.0,2022-07-22 00:00:00,0.0,2022-07-22 00:00:00,11.5,28.09,,31.7,32.1,34.0,34.8,33.7,30.9
2022-07-23,1008.8,1010.2,1010.5,2022-07-23 00:01:00,1007.4,2022-07-23 15:55:00,30.4,34.6,2022-07-23 10:52:00,27.0,2022-07-23 05:36:00,25.9,78.0,60.0,2022-07-23 13:53:00,1.0,240.0,5.5,270.0,2022-07-23 14:39:00,0.0,0.0,2022-07-23 00:00:00,0.0,2022-07-23 00:00:00,11.6,27.83,,31.6,32.0,34.2,35.0,34.0,31.0
2022-07-24,1007.3,1008.7,1008.7,2022-07-24 09:24:00,1005.3,2022-07-24 16:56:00,30.4,34.2,2022-07-24 13:45:00,27.6,2022-07-24 23:54:00,25.9,77.0,61.0,2022-07-24 16:02:00,1.0,250.0,5.2,240.0,2022-07-24 13:01:00,0.0,0.0,2022-07-24 00:00:00,0.0,2022-07-24 00:00:00,10.6,26.98,,31.7,32.1,34.1,34.9,34.1,31.2
2022-07-25,1008.3,1009.7,1009.7,2022-07-25 08:38:00,1006.7,2022-07-25 17:05:00,30.2,34.0,2022-07-25 12:55:00,27.7,2022-07-25 21:54:00,26.0,78.0,63.0,2022-07-25 13:43:00,1.0,270.0,5.6,250.0,2022-07-25 14:29:00,0.0,0.0,2022-07-25 00:00:00,0.0,2022-07-25 00:00:00,10.5,27.39,,31.5,31.9,34.1,34.9,34.2,31.3
2022-07-26,1008.1,1009.5,1009.5,2022-07-26 10:23:00,1006.4,2022-07-26 18:03:00,29.1,32.3,2022-07-26 13:50:00,27.2,2022-07-26 22:42:00,26.5,85.0,72.0,2022-07-26 15:57:00,0.7,280.0,5.2,250.0,2022-07-26 15:39:00,8.0,3.0,2022-07-26 08:00:00,8.0,2022-07-26 07:25:00,9.2,21.1,,29.6,29.8,30.9,33.1,34.0,31.4
2022-07-27,1007.3,1008.7,1008.5,2022-07-27 10:46:00,1006.1,2022-07-27 15:27:00,29.4,33.5,2022-07-27 13:27:00,26.5,2022-07-27 05:41:00,26.3,84.0,66.0,2022-07-27 13:27:00,0.6,280.0,5.3,280.0,2022-07-27 14:24:00,0.0,0.0,2022-07-27 00:00:00,0.0,2022-07-27 00:00:00,10.6,25.18,,30.3,30.5,31.6,32.6,33.1,31.3
2022-07-28,1006.4,1007.8,1007.7,2022-07-28 07:37:00,1004.4,2022-07-28 16:56:00,29.2,33.0,2022-07-28 12:46:00,26.2,2022-07-28 05:54:00,25.3,80.0,60.0,2022-07-28 14:16:00,0.7,290.0,5.6,260.0,2022-07-28 13:57:00,0.0,0.0,2022-07-28 00:00:00,0.0,2022-07-28 00:00:00,10.9,26.64,,30.2,30.5,32.1,33.1,33.1,31.2
2022-07-29,1004.9,1006.2,1006.3,2022-07-29 00:01:00,1002.5,2022-07-29 16:49:00,29.8,33.0,2022-07-29 12:51:00,26.8,2022-07-29 05:52:00,25.6,78.0,68.0,2022-07-29 15:59:00,1.1,320.0,6.1,320.0,2022-07-29 14:26:00,0.0,0.0,2022-07-29 00:00:00,0.0,2022-07-29 00:00:00,11.2,25.56,,30.9,31.2,32.7,33.5,33.2,31.1
2022-07-30,1002.8,1004.2,1004.9,2022-07-30 00:01:00,1001.5,2022-07-30 17:05:00,30.1,33.1,2022-07-30 13:36:00,27.2,2022-07-30 05:26:00,26.3,80.0,68.0,2022-07-30 13:36:00,1.2,320.0,6.9,360.0,2022-07-30 13:45:00,0.0,0.0,2022-07-30 00:00:00,0.0,2022-07-30 00:00:00,10.6,25.28,,31.3,31.7,33.4,34.0,33.4,31.0
2022-07-31,1003.9,1005.3,1005.6,2022-07-31 23:21:00,1002.4,2022-07-31 04:19:00,29.7,33.3,2022-07-31 14:13:00,24.7,2022-07-31 06:39:00,26.4,82.0,65.0,2022-07-31 14:13:00,0.9,250.0,5.7,300.0,2022-07-31 04:09:00,6.0,2.0,2022-07-31 05:28:00,5.0,2022-07-31 05:24:00,10.1,23.33,,30.5,30.6,31.6,33.3,33.6,31.1
2022-08-01,1006.4,1007.8,1007.7,2022-08-01 22:18:00,1004.9,2022-08-01 02:34:00,29.4,33.8,2022-08-01 12:36:00,27.2,2022-08-01 05:19:00,25.7,80.0,63.0,2022-08-01 12:37:00,0.4,220.0,5.7,260.0,2022-08-01 13:28:00,0.0,0.0,2022-08-01 00:00:00,0.0,2022-08-01 00:00:00,8.4,16.42,,30.4,30.6,31.6,32.6,33.1,31.1
2022-08-02,1008.3,1009.7,1009.9,2022-08-02 11:20:00,1006.3,2022-08-02 16:46:00,27.3,30.0,2022-08-02 11:13:00,26.0,2022-08-02 05:17:00,25.0,87.0,75.0,2022-08-02 13:29:00,0.5,220.0,8.5,190.0,2022-08-02 08:10:00,0.0,0.0,2022-08-02 00:00:00,0.0,2022-08-02 00:00:00,8.0,10.3,,28.1,28.2,29.3,31.2,32.7,31.0
