,StnPres,Tx,RH,WS,WD,WSGust,WDGust,Precp
2022-01-01 01:00:00,1022.4,15.6,81,3.0,358.0,,,0.0
2022-01-01 02:00:00,1022.0,15.4,82,3.4,355.0,,,0.0
2022-01-01 03:00:00,1021.5,15.6,84,3.0,2.0,,,0.0
2022-01-01 04:00:00,1021.0,15.2,85,3.4,8.0,,,0.0
2022-01-01 05:00:00,1020.9,15.1,84,2.8,20.0,,,0.0
2022-01-01 06:00:00,1021.0,15.1,83,2.2,5.0,,,0.0
2022-01-01 07:00:00,1021.4,15.4,80,2.5,29.0,,,0.0
2022-01-01 08:00:00,-9999.7,-99.7,-9997,-99.7,-999.7,,,0.0
2022-01-01 09:00:00,1022.3,17.1,75,3.5,6.0,,,0.0
2022-01-01 10:00:00,1022.2,19.1,66,4.7,360.0,,,0.0
2022-01-01 11:00:00,1021.7,21.0,57,5.1,4.0,,,0.0
2022-01-01 12:00:00,1020.5,23.0,42,5.6,5.0,,,0.0
2022-01-01 13:00:00,1019.3,23.3,38,6.3,355.0,,,0.0
2022-01-01 14:00:00,1018.6,24.2,33,4.3,7.0,,,0.0
2022-01-01 15:00:00,1018.3,24.5,32,4.7,4.0,,,0.0
2022-01-01 16:00:00,1018.1,24.8,30,3.2,355.0,,,0.0
2022-01-01 17:00:00,1018.4,23.8,40,2.8,343.0,,,0.0
2022-01-01 18:00:00,1018.9,21.0,62,2.4,344.0,,,0.0
2022-01-01 19:00:00,1019.3,19.9,64,3.2,354.0,,,0.0
2022-01-01 20:00:00,1019.8,18.3,81,3.8,356.0,,,0.0
2022-01-01 21:00:00,1020.0,17.7,90,2.4,357.0,,,0.0
2022-01-01 22:00:00,1019.9,17.3,90,3.1,6.0,,,0.0
2022-01-01 23:00:00,1020.0,16.8,91,2.4,2.0,,,0.0
2022-01-02 00:00:00,1019.8,16.5,91,2.7,3.0,,,0.0
2022-01-02 01:00:00,1019.5,16.3,91,2.8,1.0,,,0.0
2022-01-02 02:00:00,1019.1,15.8,93,1.8,353.0,,,0.0
2022-01-02 03:00:00,1018.6,15.4,94,1.4,360.0,,,0.0
2022-01-02 04:00:00,1018.7,15.1,95,2.8,351.0,,,0.0
2022-01-02 05:00:00,1018.9,15.0,95,2.7,4.0,,,0.0
2022-01-02 06:00:00,1019.3,14.8,94,2.5,14.0,,,0.0
2022-01-02 07:00:00,1019.8,14.8,93,2.3,20.0,,,0.0
2022-01-02 08:00:00,1020.3,15.3,90,2.8,355.0,,,0.0
2022-01-02 09:00:00,1020.6,17.3,79,3.3,1.0,,,0.0
2022-01-02 10:00:00,1020.4,19.4,65,3.1,22.0,,,0.0
2022-01-02 11:00:00,1019.6,21.4,57,3.1,2.0,,,0.0
2022-01-02 12:00:00,1018.7,22.9,50,3.2,356.0,,,0.0
2022-01-02 13:00:00,1017.6,24.1,44,3.5,347.0,,,0.0
2022-01-02 14:00:00,1017.0,23.5,59,4.2,330.0,,,0.0
2022-01-02 15:00:00,1016.5,23.6,60,3.3,324.0,,,0.0
2022-01-02 16:00:00,1016.8,22.5,65,4.0,338.0,,,-999.6
2022-01-02 17:00:00,1017.3,21.4,70,2.4,331.0,,,0.0
2022-01-02 18:00:00,1018.0,20.2,74,2.8,345.0,,,0.0
2022-01-02 19:00:00,1018.5,18.7,78,3.5,356.0,,,0.0
2022-01-02 20:00:00,1018.7,18.0,81,2.5,356.0,,,0.0
2022-01-02 21:00:00,1019.1,17.5,83,3.5,352.0,,,0.0
2022-01-02 22:00:00,1019.1,17.1,83,2.9,1.0,,,0.0
2022-01-02 23:00:00,1019.0,16.7,84,2.7,360.0,,,0.0
2022-01-03 00:00:00,1019.2,16.4,85,2.5,360.0,,,0.0
2022-01-03 01:00:00,1019.1,16.0,86,2.5,357.0,,,0.0
2022-01-03 02:00:00,1018.5,15.7,87,2.4,360.0,,,0.0
2022-01-03 03:00:00,1018.1,15.4,88,2.4,356.0,,,0.0
2022-01-03 04:00:00,1017.6,15.3,88,2.6,360.0,,,0.0
2022-01-03 05:00:00,1017.5,15.3,89,2.0,2.0,,,0.0
2022-01-03 06:00:00,1017.9,15.0,90,2.5,353.0,,,0.0
2022-01-03 07:00:00,1018.6,14.9,90,2.1,354.0,,,0.0
2022-01-03 08:00:00,1019.1,15.3,90,3.5,3.0,,,0.0
2022-01-03 09:00:00,1019.2,17.0,82,3.2,352.0,,,0.0
2022-01-03 10:00:00,1019.3,19.0,73,3.9,350.0,,,0.0
2022-01-03 11:00:00,1018.8,21.7,61,4.1,356.0,,,0.0
2022-01-03 12:00:00,1017.7,23.1,50,4.6,354.0,,,0.0
2022-01-03 13:00:00,1016.4,24.2,46,4.8,351.0,,,0.0
2022-01-03 14:00:00,1015.7,24.3,44,4.6,352.0,,,0.0
2022-01-03 15:00:00,1015.3,24.4,43,3.5,340.0,,,0.0
2022-01-03 16:00:00,1015.3,24.2,43,3.4,350.0,,,0.0
2022-01-03 17:00:00,1015.7,23.2,49,3.0,345.0,,,0.0
2022-01-03 18:00:00,1016.2,21.5,59,3.2,350.0,,,0.0
2022-01-03 19:00:00,1016.5,20.0,72,2.4,358.0,,,0.0
2022-01-03 20:00:00,1016.9,18.8,81,2.5,1.0,,,0.0
2022-01-03 21:00:00,1017.2,18.2,84,2.7,355.0,,,0.0
2022-01-03 22:00:00,1017.8,17.6,87,3.2,2.0,,,0.0
2022-01-03 23:00:00,1017.7,17.4,88,2.4,356.0,,,0.0
2022-01-04 00:00:00,1017.7,17.0,89,1.8,1.0,,,0.0
2022-01-04 01:00:00,1017.6,16.8,90,3.0,358.0,,,0.0
2022-01-04 02:00:00,1017.2,16.6,89,2.9,4.0,,,0.0
2022-01-04 03:00:00,1017.0,16.5,88,2.7,2.0,,,0.0
2022-01-04 04:00:00,1016.9,16.2,89,2.2,1.0,,,0.0
2022-01-04 05:00:00,1016.6,15.9,90,2.3,3.0,,,0.0
2022-01-04 06:00:00,1017.1,15.8,91,2.1,360.0,,,0.0
2022-01-04 07:00:00,1017.6,15.6,92,2.2,357.0,,,0.0
2022-01-04 08:00:00,1018.2,15.9,91,1.8,13.0,,,0.0
2022-01-04 09:00:00,1018.6,17.3,85,2.3,360.0,,,0.0
2022-01-04 10:00:00,1018.3,18.8,77,2.2,10.0,,,0.0
2022-01-04 11:00:00,1017.5,21.1,67,1.6,30.0,,,-999.6
2022-01-04 12:00:00,1016.7,23.3,59,1.7,311.0,,,0.0
2022-01-04 13:00:00,1015.8,24.4,55,2.2,309.0,,,0.0
2022-01-04 14:00:00,1015.0,24.2,63,3.2,292.0,,,0.0
2022-01-04 15:00:00,1014.3,24.2,62,3.6,293.0,,,0.0
2022-01-04 16:00:00,1014.5,23.7,66,2.8,301.0,,,0.0
2022-01-04 17:00:00,1015.0,21.9,73,3.0,322.0,,,0.0
2022-01-04 18:00:00,1015.7,21.0,79,1.7,338.0,,,0.0
2022-01-04 19:00:00,1016.1,20.4,84,1.9,8.0,,,0.0
2022-01-04 20:00:00,1016.2,19.9,83,3.0,356.0,,,0.0
2022-01-04 21:00:00,1016.4,19.1,88,2.1,351.0,,,0.0
2022-01-04 22:00:00,1016.6,18.8,90,2.2,16.0,,,0.0
2022-01-04 23:00:00,1016.5,18.5,91,2.5,352.0,,,0.0
2022-01-05 00:00:00,1016.0,18.2,93,2.0,352.0,,,0.0
2022-01-05 01:00:00,1015.7,18.0,94,1.6,15.0,,,0.0
2022-01-05 02:00:00,1015.2,18.0,94,1.6,351.0,,,0.0
2022-01-05 03:00:00,1014.7,18.0,94,1.1,351.0,,,0.0
2022-01-05 04:00:00,1014.7,18.1,94,0.9,304.0,,,0.0
2022-01-05 05:00:00,1014.6,18.3,94,0.0,0.0,,,0.0
2022-01-05 06:00:00,1014.9,18.3,94,1.6,359.0,,,0.0
2022-01-05 07:00:00,-9999.7,-99.7,-9997,-99.7,-999.7,,,0.0
2022-01-05 08:00:00,1014.9,18.9,88,2.8,14.0,,,0.0
2022-01-05 09:00:00,1015.6,19.2,87,2.4,354.0,,,0.0
2022-01-05 10:00:00,1015.7,20.2,82,3.1,6.0,,,0.0
2022-01-05 11:00:00,-9999.7,-99.7,-9997,-99.7,-999.7,,,-999.6
2022-01-05 12:00:00,1014.1,22.7,70,3.2,358.0,,,0.0
2022-01-05 13:00:00,1013.1,23.7,64,3.5,352.0,,,0.0
2022-01-05 14:00:00,1012.5,23.3,66,3.6,355.0,,,0.0
2022-01-05 15:00:00,1012.1,24.1,64,2.6,359.0,,,0.0
2022-01-05 16:00:00,1012.6,21.2,81,2.9,346.0,,,0.0
2022-01-05 17:00:00,1013.0,21.4,80,3.7,4.0,,,0.0
2022-01-05 18:00:00,1013.6,21.2,80,3.0,353.0,,,0.0
2022-01-05 19:00:00,1014.5,20.2,83,4.4,356.0,,,0.0
2022-01-05 20:00:00,1014.3,20.0,81,3.3,3.0,,,0.0
2022-01-05 21:00:00,1014.7,20.0,82,3.3,360.0,,,0.0
2022-01-05 22:00:00,1014.9,20.0,79,3.6,5.0,,,0.0
2022-01-05 23:00:00,1015.0,20.2,76,3.6,355.0,,,0.0
2022-01-06 00:00:00,1014.5,20.2,74,3.4,2.0,,,0.0
2022-01-06 01:00:00,1014.2,19.9,75,3.4,359.0,,,0.0
2022-01-06 02:00:00,1013.6,20.0,73,2.5,354.0,,,0.0
2022-01-06 03:00:00,1013.5,19.7,76,3.3,355.0,,,0.0
2022-01-06 04:00:00,1013.5,19.7,76,2.8,355.0,,,0.0
2022-01-06 05:00:00,1013.4,19.5,79,3.1,3.0,,,0.0
2022-01-06 06:00:00,1013.8,19.1,84,3.2,353.0,,,0.0
2022-01-06 07:00:00,1014.4,18.8,87,3.4,356.0,,,0.0
2022-01-06 08:00:00,1015.1,19.0,86,4.4,356.0,,,0.0
2022-01-06 09:00:00,1015.7,19.9,78,3.8,358.0,,,0.0
2022-01-06 10:00:00,1016.1,20.7,74,4.1,357.0,,,0.0
2022-01-06 11:00:00,1015.9,21.5,67,4.5,348.0,,,0.0
2022-01-06 12:00:00,1015.1,21.3,64,3.3,347.0,,,0.0
2022-01-06 13:00:00,1014.3,21.7,63,2.6,338.0,,,0.0
2022-01-06 14:00:00,1014.3,20.6,67,4.0,332.0,,,0.0
2022-01-06 15:00:00,1014.2,20.5,69,4.0,348.0,,,0.0
2022-01-06 16:00:00,1014.7,19.8,74,5.3,358.0,,,0.0
2022-01-06 17:00:00,1014.8,19.5,75,3.9,358.0,,,0.0
2022-01-06 18:00:00,1015.8,18.8,77,4.8,354.0,,,0.0
2022-01-06 19:00:00,1016.2,18.1,81,4.1,353.0,,,0.0
2022-01-06 20:00:00,1017.1,17.8,83,4.1,349.0,,,0.0
2022-01-06 21:00:00,1017.6,17.6,83,4.9,350.0,,,0.0
2022-01-06 22:00:00,1017.9,17.3,85,3.4,350.0,,,0.0
2022-01-06 23:00:00,1017.6,17.0,85,3.3,356.0,,,0.0
2022-01-07 00:00:00,1017.6,16.7,86,3.9,359.0,,,0.0
2022-01-07 01:00:00,1017.8,16.6,87,2.2,354.0,,,0.0
2022-01-07 02:00:00,1017.7,16.2,90,3.8,352.0,,,0.0
2022-01-07 03:00:00,1017.0,16.2,88,3.9,357.0,,,0.0
2022-01-07 04:00:00,1017.0,16.1,88,4.2,34.0,,,0.0
2022-01-07 05:00:00,1017.5,15.8,90,4.0,356.0,,,0.0
2022-01-07 06:00:00,1017.8,15.8,92,3.0,2.0,,,0.0
2022-01-07 07:00:00,1018.1,15.6,94,2.4,360.0,,,0.0
2022-01-07 08:00:00,1018.6,15.6,93,4.2,357.0,,,0.0
2022-01-07 09:00:00,1019.3,16.9,86,2.5,5.0,,,0.0
2022-01-07 10:00:00,1018.9,18.6,79,3.0,10.0,,,0.0
2022-01-07 11:00:00,1018.3,19.7,75,3.1,7.0,,,0.0
2022-01-07 12:00:00,1017.4,19.7,74,4.9,355.0,,,0.0
2022-01-07 13:00:00,1016.4,20.6,69,4.3,3.0,,,0.0
2022-01-07 14:00:00,1015.7,20.3,69,4.0,353.0,,,0.0
2022-01-07 15:00:00,1015.4,20.8,65,3.9,348.0,,,0.0
2022-01-07 16:00:00,1015.2,20.4,68,3.7,355.0,,,0.0
2022-01-07 17:00:00,1015.8,19.6,69,4.6,357.0,,,0.0
2022-01-07 18:00:00,1016.0,19.1,71,3.0,9.0,,,0.0
2022-01-07 19:00:00,1016.5,18.6,74,3.4,348.0,,,0.0
2022-01-07 20:00:00,1017.1,17.8,78,3.4,353.0,,,0.0
2022-01-07 21:00:00,1017.5,17.4,77,3.1,354.0,,,0.0
2022-01-07 22:00:00,1018.0,17.3,76,3.3,336.0,,,0.0
2022-01-07 23:00:00,1018.0,16.8,79,2.5,4.0,,,0.0
2022-01-08 00:00:00,1017.8,16.4,81,3.3,30.0,,,0.0
2022-01-08 01:00:00,1017.7,16.0,82,3.7,351.0,,,0.0
2022-01-08 02:00:00,1016.6,16.0,80,3.2,23.0,,,0.0
2022-01-08 03:00:00,1016.0,16.0,80,3.8,357.0,,,0.0
2022-01-08 04:00:00,1016.3,15.9,82,3.0,356.0,,,0.0
2022-01-08 05:00:00,1016.1,15.5,84,2.7,353.0,,,0.0
2022-01-08 06:00:00,1016.6,15.2,86,2.8,354.0,,,0.0
2022-01-08 07:00:00,1016.9,15.2,88,2.1,7.0,,,0.0
2022-01-08 08:00:00,1017.1,15.4,86,3.4,360.0,,,0.0
2022-01-08 09:00:00,1017.6,16.3,82,3.4,4.0,,,0.0
2022-01-08 10:00:00,1017.3,18.0,75,2.5,5.0,,,0.0
2022-01-08 11:00:00,1016.9,20.1,65,3.0,353.0,,,0.0
2022-01-08 12:00:00,1015.9,21.6,61,2.7,345.0,,,0.0
2022-01-08 13:00:00,1014.9,22.7,57,3.2,331.0,,,0.0
2022-01-08 14:00:00,1014.2,22.9,58,3.3,319.0,,,0.0
2022-01-08 15:00:00,1013.7,23.0,59,2.9,340.0,,,0.0
2022-01-08 16:00:00,1013.6,22.6,60,4.1,338.0,,,0.0
2022-01-08 17:00:00,1013.7,21.3,65,2.5,327.0,,,0.0
2022-01-08 18:00:00,1014.2,20.1,70,2.3,344.0,,,0.0
2022-01-08 19:00:00,1015.0,19.1,73,2.6,353.0,,,0.0
2022-01-08 20:00:00,1015.6,18.4,77,2.1,348.0,,,0.0
2022-01-08 21:00:00,1015.7,17.8,79,1.8,2.0,,,0.0
2022-01-08 22:00:00,1015.6,17.4,80,1.7,354.0,,,0.0
2022-01-08 23:00:00,1015.5,17.0,81,2.8,353.0,,,0.0
2022-01-09 00:00:00,1015.3,16.7,81,2.5,352.0,,,0.0
2022-01-09 01:00:00,1015.4,16.3,81,2.8,358.0,,,0.0
2022-01-09 02:00:00,1015.2,16.3,81,2.5,355.0,,,0.0
2022-01-09 03:00:00,1015.0,16.2,82,1.9,353.0,,,0.0
2022-01-09 04:00:00,1014.5,16.1,82,2.8,355.0,,,0.0
2022-01-09 05:00:00,1014.2,16.2,83,2.8,359.0,,,0.0
2022-01-09 06:00:00,-9999.7,-99.7,-9997,-99.7,-999.7,,,0.0
2022-01-09 07:00:00,1015.0,15.4,86,2.4,1.0,,,0.0
2022-01-09 08:00:00,1015.5,15.7,86,2.8,2.0,,,0.0
2022-01-09 09:00:00,1015.2,17.9,76,1.7,36.0,,,0.0
2022-01-09 10:00:00,1015.2,19.7,71,0.9,6.0,,,0.0
2022-01-09 11:00:00,1014.7,21.1,66,3.5,311.0,,,0.0
2022-01-09 12:00:00,1013.6,21.4,65,3.4,324.0,,,0.0
2022-01-09 13:00:00,1012.4,22.7,62,2.6,342.0,,,0.0
2022-01-09 14:00:00,1011.9,23.1,62,3.6,318.0,,,0.0
2022-01-09 15:00:00,1011.6,22.7,64,3.7,328.0,,,0.0
2022-01-09 16:00:00,1012.0,21.7,68,3.5,338.0,,,0.0
2022-01-09 17:00:00,1012.6,20.5,72,3.7,352.0,,,0.0
2022-01-09 18:00:00,1013.2,19.6,74,3.0,349.0,,,0.0
2022-01-09 19:00:00,1013.6,18.6,78,4.0,353.0,,,0.0
2022-01-09 20:00:00,1013.9,18.0,82,3.9,354.0,,,0.0
2022-01-09 21:00:00,1014.0,17.6,84,3.7,2.0,,,0.0
2022-01-09 22:00:00,1013.9,17.3,85,3.0,357.0,,,-999.6
2022-01-09 23:00:00,1013.9,16.9,86,3.4,354.0,,,0.0
2022-01-10 00:00:00,1013.6,16.6,88,3.0,2.0,,,0.0
2022-01-10 01:00:00,1013.7,16.3,90,2.5,352.0,,,0.0
2022-01-10 02:00:00,1013.1,15.9,91,3.2,358.0,,,0.0
2022-01-10 03:00:00,1013.0,15.8,91,2.9,356.0,,,0.0
2022-01-10 04:00:00,1013.0,15.6,91,2.8,354.0,,,0.0
2022-01-10 05:00:00,1012.9,15.4,92,2.5,2.0,,,0.0
2022-01-10 06:00:00,1013.2,15.2,92,2.6,353.0,,,0.0
2022-01-10 07:00:00,1013.9,15.3,92,2.0,353.0,,,0.0
2022-01-10 08:00:00,1014.4,15.8,91,2.0,357.0,,,0.0
2022-01-10 09:00:00,1015.1,17.0,85,2.9,360.0,,,-999.6
2022-01-10 10:00:00,1014.9,18.6,77,2.2,358.0,,,0.0
2022-01-10 11:00:00,1014.3,20.0,71,3.3,355.0,,,0.0
2022-01-10 12:00:00,1013.1,21.4,65,3.3,339.0,,,0.0
2022-01-10 13:00:00,1012.1,22.5,62,3.4,327.0,,,0.0
2022-01-10 14:00:00,1011.3,22.4,65,3.7,324.0,,,0.0
2022-01-10 15:00:00,1010.9,22.2,66,3.7,319.0,,,0.0
2022-01-10 16:00:00,1011.2,21.4,68,3.5,326.0,,,0.0
2022-01-10 17:00:00,1012.1,20.1,75,4.4,335.0,,,0.0
2022-01-10 18:00:00,1012.9,19.2,80,3.2,345.0,,,0.0
2022-01-10 19:00:00,1013.8,18.9,82,4.9,358.0,,,0.0
2022-01-10 20:00:00,1014.3,18.6,85,3.8,355.0,,,0.0
2022-01-10 21:00:00,1014.4,18.4,86,3.6,352.0,,,0.0
2022-01-10 22:00:00,1014.6,18.1,89,3.8,344.0,,,0.0
2022-01-10 23:00:00,1013.9,17.9,89,3.0,359.0,,,0.0
2022-01-11 00:00:00,1013.6,17.5,91,2.5,342.0,,,0.0
2022-01-11 01:00:00,1013.0,17.3,92,3.4,353.0,,,0.0
2022-01-11 02:00:00,1012.8,17.2,92,2.1,345.0,,,0.0
2022-01-11 03:00:00,1012.7,17.2,92,4.0,350.0,,,0.0
2022-01-11 04:00:00,1012.9,17.3,90,3.5,360.0,,,0.0
2022-01-11 05:00:00,1013.2,17.0,88,5.4,358.0,,,0.0
2022-01-11 06:00:00,1013.5,16.9,88,5.5,358.0,,,0.0
2022-01-11 07:00:00,1014.0,16.9,84,5.1,353.0,,,0.0
2022-01-11 08:00:00,1014.9,17.3,80,6.5,353.0,,,0.0
2022-01-11 09:00:00,1015.7,17.9,75,7.0,360.0,,,0.0
2022-01-11 10:00:00,1016.1,18.4,69,5.3,2.0,,,0.0
2022-01-11 11:00:00,1016.2,18.5,64,4.9,354.0,,,0.0
2022-01-11 12:00:00,1015.3,19.1,62,4.2,351.0,,,0.0
2022-01-11 13:00:00,1014.6,18.8,61,4.5,1.0,,,0.0
2022-01-11 14:00:00,1014.1,19.1,58,5.3,350.0,,,-999.6
2022-01-11 15:00:00,1013.8,19.0,55,4.5,354.0,,,0.0
2022-01-11 16:00:00,1014.2,18.6,55,4.4,355.0,,,0.0
2022-01-11 17:00:00,1014.6,17.3,61,4.6,342.0,,,0.0
2022-01-11 18:00:00,1015.7,16.0,63,5.6,356.0,,,0.0
2022-01-11 19:00:00,1016.6,15.3,63,5.0,355.0,,,0.0
2022-01-11 20:00:00,1017.0,14.9,64,4.6,358.0,,,0.0
2022-01-11 21:00:00,1017.5,14.6,66,4.6,348.0,,,0.0
2022-01-11 22:00:00,1017.6,14.2,67,2.8,356.0,,,0.0
2022-01-11 23:00:00,1017.2,14.2,67,2.6,325.0,,,0.0
2022-01-12 00:00:00,1017.2,14.1,67,1.7,329.0,,,0.0
2022-01-12 01:00:00,1016.8,14.1,70,2.7,351.0,,,0.0
2022-01-12 02:00:00,1016.4,14.0,70,2.7,4.0,,,0.0
2022-01-12 03:00:00,1016.6,14.1,69,2.2,11.0,,,0.0
2022-01-12 04:00:00,1016.3,14.4,69,2.9,16.0,,,0.0
2022-01-12 05:00:00,1016.4,14.2,67,3.1,6.0,,,0.0
2022-01-12 06:00:00,1016.8,14.3,66,3.2,3.0,,,0.0
2022-01-12 07:00:00,1017.3,14.3,66,3.7,353.0,,,0.0
2022-01-12 08:00:00,1018.3,14.3,68,4.0,355.0,,,0.0
2022-01-12 09:00:00,1019.1,14.4,67,3.1,9.0,,,0.0
2022-01-12 10:00:00,1019.1,15.1,64,3.7,16.0,,,0.0
2022-01-12 11:00:00,1018.7,15.8,63,3.2,357.0,,,0.0
2022-01-12 12:00:00,1018.1,16.1,61,4.2,360.0,,,0.0
2022-01-12 13:00:00,1017.3,16.7,60,3.0,352.0,,,0.0
2022-01-12 14:00:00,1016.5,17.3,60,3.5,359.0,,,0.0
2022-01-12 15:00:00,1016.0,18.3,56,2.7,9.0,,,0.0
2022-01-12 16:00:00,1016.1,18.3,56,2.7,354.0,,,0.0
2022-01-12 17:00:00,1016.7,18.1,59,3.0,346.0,,,0.0
2022-01-12 18:00:00,1017.1,17.3,65,3.0,341.0,,,0.0
2022-01-12 19:00:00,1017.6,16.6,73,2.0,357.0,,,0.0
2022-01-12 20:00:00,1018.0,16.2,76,3.0,356.0,,,0.0
2022-01-12 21:00:00,1018.5,15.7,78,4.0,354.0,,,0.0
2022-01-12 22:00:00,1018.9,15.3,79,3.2,354.0,,,0.0
2022-01-12 23:00:00,1018.9,14.9,81,2.9,357.0,,,0.0
2022-01-13 00:00:00,1018.4,14.4,83,2.4,8.0,,,0.0
2022-01-13 01:00:00,1018.1,14.1,83,2.2,1.0,,,0.0
2022-01-13 02:00:00,1017.5,13.8,82,3.0,360.0,,,0.0
2022-01-13 03:00:00,1017.6,14.0,83,3.0,344.0,,,0.0
2022-01-13 04:00:00,1017.8,14.5,77,3.2,355.0,,,0.0
2022-01-13 05:00:00,1017.7,15.0,74,3.5,6.0,,,0.0
2022-01-13 06:00:00,1018.0,15.0,74,3.3,2.0,,,0.0
2022-01-13 07:00:00,1018.4,15.0,74,3.3,11.0,,,0.0
2022-01-13 08:00:00,1018.8,15.5,71,2.9,359.0,,,0.0
2022-01-13 09:00:00,1019.4,17.2,66,3.7,357.0,,,0.0
2022-01-13 10:00:00,1019.6,18.2,62,5.6,358.0,,,0.0
2022-01-13 11:00:00,1018.5,19.3,58,4.0,11.0,,,0.0
2022-01-13 12:00:00,1017.1,20.2,52,4.8,351.0,,,0.0
2022-01-13 13:00:00,1015.7,21.2,48,4.1,352.0,,,0.0
2022-01-13 14:00:00,1015.0,21.5,52,4.8,336.0,,,0.0
2022-01-13 15:00:00,1015.2,18.9,64,6.7,338.0,,,-999.6
2022-01-13 16:00:00,-9999.7,-99.7,-9997,-99.7,-999.7,,,0.0
2022-01-13 17:00:00,1016.2,17.6,66,3.6,341.0,,,0.0
2022-01-13 18:00:00,1016.8,16.2,67,5.7,353.0,,,0.0
2022-01-13 19:00:00,1017.3,15.3,65,5.1,353.0,,,0.0
2022-01-13 20:00:00,1018.0,14.6,63,5.0,2.0,,,0.0
2022-01-13 21:00:00,1018.1,13.9,65,4.0,359.0,,,0.0
2022-01-13 22:00:00,-9999.7,-99.7,-9997,-99.7,-999.7,,,0.0
2022-01-13 23:00:00,1018.0,12.9,68,4.5,354.0,,,0.0
2022-01-14 00:00:00,1017.9,12.6,71,3.2,355.0,,,0.0
2022-01-14 01:00:00,1018.1,12.5,71,2.8,10.0,,,0.0
2022-01-14 02:00:00,1018.1,12.3,71,3.4,4.0,,,0.0
2022-01-14 03:00:00,1017.6,12.0,73,2.9,10.0,,,0.0
2022-01-14 04:00:00,1017.4,11.7,74,2.6,7.0,,,0.0
2022-01-14 05:00:00,1017.6,11.5,77,2.9,354.0,,,0.0
2022-01-14 06:00:00,1018.2,11.3,77,1.9,357.0,,,0.0
2022-01-14 07:00:00,1018.7,11.2,77,2.8,6.0,,,0.0
2022-01-14 08:00:00,1019.4,11.6,76,3.0,360.0,,,0.0
2022-01-14 09:00:00,1019.7,13.2,68,2.5,358.0,,,0.0
2022-01-14 10:00:00,1019.7,15.3,63,2.7,16.0,,,0.0
2022-01-14 11:00:00,1019.4,17.6,57,2.2,323.0,,,0.0
2022-01-14 12:00:00,1018.2,19.1,53,1.8,300.0,,,0.0
2022-01-14 13:00:00,1017.1,19.9,49,2.7,291.0,,,0.0
2022-01-14 14:00:00,1016.1,20.4,46,3.4,297.0,,,0.0
2022-01-14 15:00:00,1015.7,20.7,49,2.0,315.0,,,0.0
2022-01-14 16:00:00,1015.2,20.8,49,1.9,310.0,,,0.0
2022-01-14 17:00:00,1015.7,20.7,51,1.7,279.0,,,-999.6
2022-01-14 18:00:00,1016.3,18.6,61,1.8,323.0,,,0.0
2022-01-14 19:00:00,1017.2,17.3,72,2.7,3.0,,,0.0
2022-01-14 20:00:00,1017.6,16.7,74,2.5,11.0,,,0.0
2022-01-14 21:00:00,1018.0,16.3,76,1.9,355.0,,,0.0
2022-01-14 22:00:00,1018.6,15.9,79,1.7,339.0,,,0.0
2022-01-14 23:00:00,1018.6,15.8,81,2.5,351.0,,,0.0
2022-01-15 00:00:00,1018.2,15.9,80,2.0,18.0,,,0.0
2022-01-15 01:00:00,1018.2,15.6,82,2.2,15.0,,,0.0
2022-01-15 02:00:00,1018.1,15.7,77,2.2,357.0,,,0.0
2022-01-15 03:00:00,1017.8,15.5,77,2.4,4.0,,,0.0
2022-01-15 04:00:00,1017.2,15.7,74,2.8,34.0,,,0.0
2022-01-15 05:00:00,1017.3,15.5,78,1.6,30.0,,,0.0
2022-01-15 06:00:00,1018.1,14.6,83,1.8,356.0,,,0.0
2022-01-15 07:00:00,1018.4,14.7,82,2.1,27.0,,,0.0
2022-01-15 08:00:00,1019.2,15.4,79,2.0,350.0,,,0.0
2022-01-15 09:00:00,1019.2,17.3,70,3.3,17.0,,,0.0
2022-01-15 10:00:00,1019.3,19.0,63,3.7,33.0,,,0.0
2022-01-15 11:00:00,1018.3,20.8,58,2.4,347.0,,,0.0
2022-01-15 12:00:00,1017.3,22.0,55,2.5,349.0,,,0.0
2022-01-15 13:00:00,1016.1,23.0,53,3.9,356.0,,,0.0
2022-01-15 14:00:00,1015.5,22.7,57,4.3,332.0,,,0.0
2022-01-15 15:00:00,1015.1,22.7,55,4.2,351.0,,,0.0
2022-01-15 16:00:00,1015.2,22.6,59,3.2,341.0,,,0.0
2022-01-15 17:00:00,1015.7,21.2,66,3.8,331.0,,,0.0
2022-01-15 18:00:00,1016.7,20.4,67,2.1,348.0,,,0.0
2022-01-15 19:00:00,1017.4,19.5,69,2.7,357.0,,,0.0
2022-01-15 20:00:00,1019.3,18.5,78,2.0,358.0,,,0.0
2022-01-15 21:00:00,1018.2,17.8,84,2.0,358.0,,,0.0
2022-01-15 22:00:00,1018.2,17.2,86,1.8,2.0,,,0.0
2022-01-15 23:00:00,1018.5,16.8,87,1.9,7.0,,,0.0
2022-01-16 00:00:00,1018.0,16.7,88,1.3,3.0,,,0.0
2022-01-16 01:00:00,1018.1,16.6,88,0.8,359.0,,,0.0
2022-01-16 02:00:00,1018.2,16.3,89,1.8,356.0,,,0.0
2022-01-16 03:00:00,1017.9,15.9,90,1.6,351.0,,,0.0
2022-01-16 04:00:00,1017.7,16.0,91,1.4,34.0,,,0.0
2022-01-16 05:00:00,1017.7,15.5,92,2.5,352.0,,,0.0
2022-01-16 06:00:00,1017.8,15.7,92,1.8,16.0,,,0.0
2022-01-16 07:00:00,1017.8,15.7,92,0.8,18.0,,,0.0
2022-01-16 08:00:00,1018.6,16.4,90,2.1,350.0,,,0.0
2022-01-16 09:00:00,1019.1,17.4,85,2.9,18.0,,,0.0
2022-01-16 10:00:00,1018.9,20.2,70,3.0,355.0,,,0.0
2022-01-16 11:00:00,1018.1,22.9,59,1.5,14.0,,,0.0
2022-01-16 12:00:00,1017.1,23.9,55,3.9,335.0,,,0.0
2022-01-16 13:00:00,1015.8,24.4,54,3.1,333.0,,,0.0
2022-01-16 14:00:00,1014.8,23.4,66,4.0,333.0,,,0.0
2022-01-16 15:00:00,1014.6,24.0,64,2.1,324.0,,,-999.6
2022-01-16 16:00:00,1014.6,23.9,63,3.1,325.0,,,0.0
2022-01-16 17:00:00,1015.5,21.9,73,3.4,341.0,,,0.0
2022-01-16 18:00:00,1016.3,20.4,82,3.4,340.0,,,0.0
2022-01-16 19:00:00,1016.9,19.8,83,2.9,350.0,,,0.0
2022-01-16 20:00:00,1017.3,19.1,86,3.5,353.0,,,0.0
2022-01-16 21:00:00,1017.6,18.7,88,3.4,355.0,,,0.0
2022-01-16 22:00:00,1017.4,18.6,90,3.6,352.0,,,0.0
2022-01-16 23:00:00,1017.5,18.5,90,3.7,353.0,,,0.0
2022-01-17 00:00:00,1017.3,18.3,89,3.1,354.0,,,0.0
2022-01-17 01:00:00,1017.0,18.2,89,3.0,355.0,,,-999.6
2022-01-17 02:00:00,1016.5,17.9,89,3.2,355.0,,,-999.6
2022-01-17 03:00:00,1016.6,17.8,89,3.3,349.0,,,-999.6
2022-01-17 04:00:00,1016.6,17.8,88,3.2,359.0,,,0.0
2022-01-17 05:00:00,1016.6,17.8,88,4.3,359.0,,,0.0
2022-01-17 06:00:00,1016.8,17.7,88,3.3,349.0,,,0.0
2022-01-17 07:00:00,1016.9,17.5,89,3.2,354.0,,,0.0
2022-01-17 08:00:00,1016.9,17.8,87,4.4,351.0,,,0.0
2022-01-17 09:00:00,1017.6,18.7,82,3.8,360.0,,,0.0
2022-01-17 10:00:00,1017.8,20.3,75,3.9,356.0,,,0.0
2022-01-17 11:00:00,1017.4,21.8,69,3.4,6.0,,,0.0
2022-01-17 12:00:00,1016.3,22.7,64,4.3,344.0,,,0.0
2022-01-17 13:00:00,1015.4,23.5,63,3.7,346.0,,,-999.6
2022-01-17 14:00:00,1014.6,23.0,64,2.9,338.0,,,0.0
2022-01-17 15:00:00,1014.4,22.1,69,4.2,343.0,,,0.0
2022-01-17 16:00:00,1014.4,21.7,71,3.7,343.0,,,0.0
2022-01-17 17:00:00,1014.7,21.5,71,2.5,348.0,,,0.0
2022-01-17 18:00:00,1015.1,20.1,78,4.2,353.0,,,0.0
2022-01-17 19:00:00,1015.7,19.0,83,4.8,355.0,,,0.0
2022-01-17 20:00:00,1016.5,18.8,83,3.5,352.0,,,0.0
2022-01-17 21:00:00,1016.7,18.5,84,4.1,357.0,,,0.0
2022-01-17 22:00:00,1017.0,18.1,86,3.0,1.0,,,0.0
2022-01-17 23:00:00,1017.1,17.8,90,2.9,345.0,,,1.0
2022-01-18 00:00:00,1017.1,17.2,95,1.4,354.0,,,2.0
2022-01-18 01:00:00,1017.1,16.8,97,3.1,336.0,,,1.0
2022-01-18 02:00:00,1017.1,16.6,98,2.0,347.0,,,1.0
2022-01-18 03:00:00,1016.8,16.4,98,3.0,14.0,,,1.0
2022-01-18 04:00:00,1016.2,16.4,99,2.8,23.0,,,1.0
2022-01-18 05:00:00,1015.9,16.3,99,3.3,353.0,,,0.0
2022-01-18 06:00:00,1015.8,16.3,98,2.6,352.0,,,0.0
2022-01-18 07:00:00,1015.7,16.4,97,2.7,354.0,,,0.0
2022-01-18 08:00:00,1016.1,16.6,95,3.2,4.0,,,0.0
2022-01-18 09:00:00,1017.1,17.0,93,3.7,355.0,,,0.0
2022-01-18 10:00:00,1017.2,18.0,89,3.3,357.0,,,0.0
2022-01-18 11:00:00,1017.1,18.5,84,4.3,356.0,,,0.0
2022-01-18 12:00:00,1016.2,19.4,81,2.9,360.0,,,0.0
2022-01-18 13:00:00,1015.2,20.2,77,2.4,1.0,,,0.0
2022-01-18 14:00:00,1014.7,19.8,82,2.7,341.0,,,0.0
2022-01-18 15:00:00,1014.2,19.6,83,2.7,351.0,,,0.0
2022-01-18 16:00:00,1013.7,19.7,82,3.1,340.0,,,0.0
2022-01-18 17:00:00,1014.1,19.4,85,3.4,355.0,,,0.0
2022-01-18 18:00:00,-9999.7,-99.7,-9997,-99.7,-999.7,,,0.0
2022-01-18 19:00:00,1014.7,18.2,87,2.9,359.0,,,0.0
2022-01-18 20:00:00,1015.0,18.0,88,3.3,354.0,,,0.0
2022-01-18 21:00:00,1015.5,17.8,88,3.7,355.0,,,0.0
2022-01-18 22:00:00,1015.6,17.7,87,2.0,3.0,,,0.0
2022-01-18 23:00:00,1015.7,17.6,86,2.9,355.0,,,0.0
2022-01-19 00:00:00,1015.9,17.5,87,2.7,345.0,,,0.0
2022-01-19 01:00:00,1015.9,17.4,88,3.0,339.0,,,0.0
2022-01-19 02:00:00,1015.1,17.3,87,3.1,354.0,,,0.0
2022-01-19 03:00:00,1014.6,17.2,87,3.0,360.0,,,0.0
2022-01-19 04:00:00,1014.2,16.9,88,4.0,351.0,,,0.0
2022-01-19 05:00:00,1014.0,16.8,88,3.2,356.0,,,0.0
2022-01-19 06:00:00,1013.9,16.8,87,3.2,354.0,,,0.0
2022-01-19 07:00:00,1014.4,16.7,86,3.8,353.0,,,0.0
2022-01-19 08:00:00,1014.9,17.0,85,3.1,357.0,,,0.0
2022-01-19 09:00:00,1015.4,17.4,84,4.1,353.0,,,0.0
2022-01-19 10:00:00,1015.8,17.8,83,3.4,359.0,,,-999.6
2022-01-19 11:00:00,1015.3,19.0,79,3.3,357.0,,,0.0
2022-01-19 12:00:00,1014.3,20.6,75,3.6,334.0,,,0.0
2022-01-19 13:00:00,1013.3,21.0,73,4.0,339.0,,,0.0
2022-01-19 14:00:00,1012.9,21.4,70,3.2,337.0,,,0.0
2022-01-19 15:00:00,1012.4,21.7,70,3.8,347.0,,,0.0
2022-01-19 16:00:00,1011.5,20.8,74,3.9,334.0,,,0.0
2022-01-19 17:00:00,1011.8,20.2,78,3.0,341.0,,,0.0
2022-01-19 18:00:00,1012.5,19.3,82,3.3,337.0,,,0.0
2022-01-19 19:00:00,1012.9,18.7,84,3.1,350.0,,,0.0
2022-01-19 20:00:00,-9999.7,-99.7,-9997,-99.7,-999.7,,,0.0
2022-01-19 21:00:00,1013.1,17.4,90,2.8,1.0,,,0.0
2022-01-19 22:00:00,1013.3,17.1,90,2.7,350.0,,,0.0
2022-01-19 23:00:00,1013.4,16.8,90,3.3,355.0,,,0.0
2022-01-20 00:00:00,1013.3,16.4,90,3.4,359.0,,,0.0
2022-01-20 01:00:00,1013.2,16.1,90,2.8,353.0,,,0.0
2022-01-20 02:00:00,1013.0,15.8,91,2.3,359.0,,,0.0
2022-01-20 03:00:00,1012.4,15.6,91,2.0,2.0,,,0.0
2022-01-20 04:00:00,1012.2,15.5,91,2.5,356.0,,,0.0
2022-01-20 05:00:00,1012.4,15.3,92,2.2,351.0,,,0.0
2022-01-20 06:00:00,1012.8,15.2,93,1.8,350.0,,,0.0
2022-01-20 07:00:00,1013.2,15.4,93,2.0,8.0,,,0.0
2022-01-20 08:00:00,1014.0,16.1,90,1.8,14.0,,,0.0
2022-01-20 09:00:00,1014.4,17.5,84,2.1,3.0,,,0.0
2022-01-20 10:00:00,1014.7,19.5,77,1.3,41.0,,,0.0
2022-01-20 11:00:00,1014.3,21.6,70,1.3,18.0,,,0.0
2022-01-20 12:00:00,1013.3,22.6,67,2.3,307.0,,,0.0
2022-01-20 13:00:00,1012.1,23.6,63,2.6,285.0,,,0.0
2022-01-20 14:00:00,-9999.7,-99.7,-9997,-99.7,-999.7,,,0.0
2022-01-20 15:00:00,1011.4,22.7,67,2.7,310.0,,,0.0
2022-01-20 16:00:00,1011.4,22.3,69,2.4,320.0,,,0.0
2022-01-20 17:00:00,1011.7,21.3,72,3.0,338.0,,,0.0
2022-01-20 18:00:00,1012.2,20.7,77,2.0,350.0,,,0.0
2022-01-20 19:00:00,1012.6,20.1,74,3.3,357.0,,,0.0
2022-01-20 20:00:00,1013.0,19.7,77,2.6,353.0,,,0.0
2022-01-20 21:00:00,1013.5,19.1,81,2.8,357.0,,,0.0
2022-01-20 22:00:00,1013.4,18.8,82,2.8,350.0,,,0.0
2022-01-20 23:00:00,1013.3,18.3,82,2.8,356.0,,,0.0
2022-01-21 00:00:00,1013.2,18.1,84,2.4,355.0,,,0.0
2022-01-21 01:00:00,1013.2,17.9,85,1.8,351.0,,,0.0
2022-01-21 02:00:00,1013.3,17.6,87,1.1,339.0,,,0.0
2022-01-21 03:00:00,1013.1,17.6,88,2.0,360.0,,,0.0
2022-01-21 04:00:00,1012.8,17.5,89,3.3,359.0,,,0.0
2022-01-21 05:00:00,1012.5,17.3,89,2.4,357.0,,,0.0
2022-01-21 06:00:00,1013.4,17.0,91,2.8,349.0,,,0.0
2022-01-21 07:00:00,1014.5,17.2,90,2.5,6.0,,,0.0
2022-01-21 08:00:00,1015.2,18.0,86,2.8,4.0,,,0.0
2022-01-21 09:00:00,1015.3,18.7,82,4.4,30.0,,,0.0
2022-01-21 10:00:00,1015.0,20.8,72,3.3,8.0,,,0.0
2022-01-21 11:00:00,1014.4,22.9,63,3.0,352.0,,,0.0
2022-01-21 12:00:00,1014.1,22.9,64,3.6,2.0,,,0.0
2022-01-21 13:00:00,1013.4,22.0,75,3.3,328.0,,,0.0
2022-01-21 14:00:00,1012.5,22.9,70,3.8,337.0,,,0.0
2022-01-21 15:00:00,1012.3,21.5,75,2.8,335.0,,,0.0
2022-01-21 16:00:00,1012.1,21.9,72,2.9,347.0,,,0.0
2022-01-21 17:00:00,1011.9,21.7,73,2.9,2.0,,,0.0
2022-01-21 18:00:00,1012.3,21.0,76,4.1,360.0,,,0.0
2022-01-21 19:00:00,1012.8,20.7,78,3.1,16.0,,,0.0
2022-01-21 20:00:00,1013.2,19.6,84,3.8,356.0,,,0.0
2022-01-21 21:00:00,1013.4,19.0,88,3.7,1.0,,,0.0
2022-01-21 22:00:00,1013.2,18.7,90,3.4,354.0,,,0.0
2022-01-21 23:00:00,1013.1,18.6,90,3.0,354.0,,,0.0
2022-01-22 00:00:00,1013.3,18.6,90,3.4,357.0,,,0.0
2022-01-22 01:00:00,1012.7,18.5,91,2.8,6.0,,,0.0
2022-01-22 02:00:00,1012.4,18.5,91,3.5,353.0,,,-999.6
2022-01-22 03:00:00,1012.0,18.7,89,2.3,5.0,,,0.0
2022-01-22 04:00:00,1011.4,18.5,91,2.2,8.0,,,0.0
2022-01-22 05:00:00,1011.2,18.3,92,2.5,4.0,,,0.0
2022-01-22 06:00:00,1011.4,18.3,90,3.7,9.0,,,0.0
2022-01-22 07:00:00,1012.6,18.3,92,3.0,359.0,,,0.0
2022-01-22 08:00:00,1013.5,18.2,94,3.0,353.0,,,1.5
2022-01-22 09:00:00,1012.3,18.2,96,3.4,17.0,,,2.0
2022-01-22 10:00:00,1012.0,18.9,90,2.2,24.0,,,0.5
2022-01-22 11:00:00,1011.0,19.9,85,1.6,24.0,,,0.0
2022-01-22 12:00:00,1010.6,19.9,86,2.5,333.0,,,0.0
2022-01-22 13:00:00,1009.8,20.1,87,1.8,10.0,,,0.0
2022-01-22 14:00:00,1008.8,21.1,81,2.9,359.0,,,0.0
2022-01-22 15:00:00,1007.9,21.5,77,3.8,344.0,,,0.0
2022-01-22 16:00:00,1008.9,19.4,89,3.4,330.0,,,1.0
2022-01-22 17:00:00,1009.5,18.1,94,4.4,358.0,,,0.0
2022-01-22 18:00:00,1009.9,17.9,94,4.2,14.0,,,2.0
2022-01-22 19:00:00,1009.2,18.1,94,4.3,360.0,,,0.5
2022-01-22 20:00:00,1009.8,18.1,96,3.7,349.0,,,1.0
2022-01-22 21:00:00,1010.2,17.6,97,3.1,355.0,,,1.5
2022-01-22 22:00:00,1009.6,17.7,97,3.3,30.0,,,0.0
2022-01-22 23:00:00,1009.4,17.6,98,1.7,357.0,,,0.0
2022-01-23 00:00:00,1009.2,17.5,98,1.7,359.0,,,0.0
2022-01-23 01:00:00,1009.0,17.5,99,1.4,69.0,,,0.0
2022-01-23 02:00:00,1008.7,17.8,99,0.8,337.0,,,0.0
2022-01-23 03:00:00,1008.5,17.8,99,0.6,35.0,,,0.0
2022-01-23 04:00:00,1008.1,17.8,98,0.7,33.0,,,0.0
2022-01-23 05:00:00,1008.3,17.9,99,0.8,21.0,,,0.0
2022-01-23 06:00:00,1008.4,18.1,98,0.2,0.0,,,0.0
2022-01-23 07:00:00,1008.6,18.0,99,1.7,360.0,,,0.0
2022-01-23 08:00:00,1008.9,18.6,97,2.0,67.0,,,0.0
2022-01-23 09:00:00,1009.7,19.2,95,1.7,17.0,,,0.0
2022-01-23 10:00:00,1010.2,20.6,88,2.1,339.0,,,0.0
2022-01-23 11:00:00,1009.7,21.9,85,1.4,7.0,,,0.0
2022-01-23 12:00:00,1008.9,23.6,80,1.1,279.0,,,0.0
2022-01-23 13:00:00,1008.0,24.4,78,0.8,230.0,,,0.0
2022-01-23 14:00:00,1007.5,24.7,76,2.2,293.0,,,0.0
2022-01-23 15:00:00,1007.4,23.7,80,3.1,312.0,,,0.0
2022-01-23 16:00:00,1007.8,22.5,86,3.6,332.0,,,0.0
2022-01-23 17:00:00,1008.1,22.0,88,3.1,347.0,,,0.0
2022-01-23 18:00:00,1008.7,20.8,91,3.3,350.0,,,0.0
2022-01-23 19:00:00,1009.0,20.5,91,2.9,3.0,,,0.0
2022-01-23 20:00:00,1009.4,19.7,94,3.3,31.0,,,0.0
2022-01-23 21:00:00,1009.7,19.4,95,2.4,337.0,,,0.0
2022-01-23 22:00:00,1009.6,19.7,93,1.3,348.0,,,0.0
2022-01-23 23:00:00,1009.8,19.6,93,2.0,324.0,,,0.0
2022-01-24 00:00:00,1009.7,19.3,95,1.6,351.0,,,0.0
2022-01-24 01:00:00,1010.0,19.0,97,1.7,338.0,,,0.0
2022-01-24 02:00:00,1009.7,18.9,98,2.6,346.0,,,0.0
2022-01-24 03:00:00,1009.5,18.9,99,2.8,10.0,,,0.0
2022-01-24 04:00:00,1009.1,18.8,99,3.9,360.0,,,0.0
2022-01-24 05:00:00,1008.9,18.8,99,3.0,8.0,,,0.0
2022-01-24 06:00:00,1009.0,19.0,96,2.4,10.0,,,0.0
2022-01-24 07:00:00,1009.1,18.8,97,2.4,357.0,,,0.0
2022-01-24 08:00:00,1009.6,19.1,96,2.3,8.0,,,0.0
2022-01-24 09:00:00,1010.7,19.6,93,3.9,335.0,,,0.0
2022-01-24 10:00:00,1010.9,20.4,88,2.7,20.0,,,0.0
2022-01-24 11:00:00,1011.0,21.0,84,4.3,359.0,,,0.0
2022-01-24 12:00:00,1010.4,21.9,77,3.2,15.0,,,0.0
2022-01-24 13:00:00,1009.8,22.2,74,4.0,359.0,,,0.0
2022-01-24 14:00:00,1009.2,21.9,75,4.2,352.0,,,0.0
2022-01-24 15:00:00,1009.2,22.1,75,4.4,349.0,,,0.0
2022-01-24 16:00:00,1009.5,21.6,77,3.3,346.0,,,0.0
2022-01-24 17:00:00,1009.8,20.4,82,4.1,351.0,,,0.0
2022-01-24 18:00:00,1009.6,19.6,87,3.1,356.0,,,0.0
2022-01-24 19:00:00,1009.8,19.5,88,1.9,355.0,,,0.0
2022-01-24 20:00:00,1010.0,19.2,89,3.0,334.0,,,0.0
2022-01-24 21:00:00,1010.9,18.6,91,2.5,343.0,,,0.0
2022-01-24 22:00:00,1011.4,18.1,91,2.9,355.0,,,0.0
2022-01-24 23:00:00,1011.4,17.8,92,2.8,359.0,,,0.0
2022-01-25 00:00:00,1011.8,17.5,93,2.8,355.0,,,0.0
2022-01-25 01:00:00,1011.7,17.4,92,2.6,2.0,,,0.0
2022-01-25 02:00:00,1011.6,17.3,91,3.1,3.0,,,0.0
2022-01-25 03:00:00,1011.5,17.3,91,3.1,352.0,,,0.0
2022-01-25 04:00:00,1011.5,17.4,90,2.2,4.0,,,0.0
2022-01-25 05:00:00,1011.5,17.5,89,3.5,2.0,,,0.0
2022-01-25 06:00:00,1012.2,17.3,90,3.5,359.0,,,0.0
2022-01-25 07:00:00,1012.4,17.3,90,2.8,359.0,,,0.0
2022-01-25 08:00:00,1013.1,17.5,91,2.6,353.0,,,0.0
2022-01-25 09:00:00,1014.0,18.1,89,3.6,355.0,,,0.0
2022-01-25 10:00:00,1014.1,19.3,83,4.2,360.0,,,0.0
2022-01-25 11:00:00,1013.6,20.9,77,3.5,4.0,,,0.0
2022-01-25 12:00:00,1012.5,23.2,68,2.4,21.0,,,0.0
2022-01-25 13:00:00,1011.4,24.5,61,2.1,337.0,,,0.0
2022-01-25 14:00:00,1010.4,25.5,57,2.2,337.0,,,0.0
2022-01-25 15:00:00,1010.2,23.8,71,3.9,321.0,,,0.0
2022-01-25 16:00:00,1010.4,22.5,75,4.8,332.0,,,0.0
2022-01-25 17:00:00,1010.9,21.3,78,4.4,337.0,,,0.0
2022-01-25 18:00:00,1011.6,20.6,80,4.0,353.0,,,0.0
2022-01-25 19:00:00,1012.4,19.6,84,2.6,348.0,,,0.0
2022-01-25 20:00:00,1012.8,19.0,87,3.8,356.0,,,0.0
2022-01-25 21:00:00,1012.9,18.8,89,1.3,355.0,,,0.0
2022-01-25 22:00:00,1013.3,18.4,91,2.1,355.0,,,0.0
2022-01-25 23:00:00,1013.3,18.3,93,1.2,357.0,,,0.0
2022-01-26 00:00:00,1013.4,18.2,93,1.3,354.0,,,0.0
2022-01-26 01:00:00,-9999.7,-99.7,-9997,-99.7,-999.7,,,0.0
2022-01-26 02:00:00,1013.3,18.4,95,2.1,358.0,,,0.0
2022-01-26 03:00:00,1013.0,18.6,94,2.6,2.0,,,0.0
2022-01-26 04:00:00,1012.8,18.7,93,1.7,8.0,,,0.0
2022-01-26 05:00:00,1012.8,18.6,93,1.8,6.0,,,0.0
2022-01-26 06:00:00,1013.4,18.4,94,2.4,352.0,,,0.0
2022-01-26 07:00:00,1013.9,18.3,95,1.6,357.0,,,0.0
2022-01-26 08:00:00,1014.5,18.7,93,2.3,352.0,,,0.0
2022-01-26 09:00:00,1014.8,20.1,85,2.9,360.0,,,0.0
2022-01-26 10:00:00,1014.7,21.3,80,2.8,349.0,,,0.0
2022-01-26 11:00:00,1014.1,22.7,74,2.4,354.0,,,0.0
2022-01-26 12:00:00,1013.4,24.0,68,2.4,7.0,,,0.0
2022-01-26 13:00:00,1012.0,25.3,64,3.1,351.0,,,0.0
2022-01-26 14:00:00,1011.4,24.6,72,3.1,309.0,,,0.0
2022-01-26 15:00:00,1011.3,23.9,75,3.0,322.0,,,0.0
2022-01-26 16:00:00,1011.3,22.8,78,2.6,325.0,,,0.0
2022-01-26 17:00:00,1011.8,22.0,80,1.7,325.0,,,0.0
2022-01-26 18:00:00,1012.2,20.8,86,3.1,333.0,,,0.0
2022-01-26 19:00:00,1012.6,20.3,89,1.2,347.0,,,0.0
2022-01-26 20:00:00,1013.3,19.5,89,2.9,358.0,,,0.0
2022-01-26 21:00:00,1013.8,19.2,91,2.4,357.0,,,0.0
2022-01-26 22:00:00,1013.9,19.4,92,2.4,352.0,,,0.0
2022-01-26 23:00:00,1013.7,19.4,93,2.1,351.0,,,0.0
2022-01-27 00:00:00,1013.6,19.3,94,2.7,341.0,,,-999.6
2022-01-27 01:00:00,1013.6,19.4,94,3.5,350.0,,,0.0
2022-01-27 02:00:00,1013.2,19.4,94,1.8,1.0,,,0.0
2022-01-27 03:00:00,1013.0,19.2,95,2.5,355.0,,,0.0
2022-01-27 04:00:00,1012.9,18.8,98,2.7,354.0,,,0.0
2022-01-27 05:00:00,1013.0,18.8,98,1.9,357.0,,,0.0
2022-01-27 06:00:00,1013.3,19.0,95,2.9,17.0,,,0.0
2022-01-27 07:00:00,1013.8,19.3,93,2.0,20.0,,,0.0
2022-01-27 08:00:00,1014.2,19.6,91,2.2,357.0,,,0.0
2022-01-27 09:00:00,1014.4,19.8,89,2.0,13.0,,,0.0
2022-01-27 10:00:00,1014.5,20.6,85,2.2,40.0,,,0.0
2022-01-27 11:00:00,1013.7,22.7,73,2.4,357.0,,,0.0
2022-01-27 12:00:00,1012.9,24.2,66,1.5,13.0,,,-999.6
2022-01-27 13:00:00,1011.7,26.0,56,1.6,336.0,,,0.0
2022-01-27 14:00:00,1011.2,24.9,69,2.8,308.0,,,0.0
2022-01-27 15:00:00,1010.8,23.9,75,3.9,296.0,,,0.0
2022-01-27 16:00:00,1011.0,22.8,78,4.4,317.0,,,0.0
2022-01-27 17:00:00,1011.5,22.0,81,2.0,323.0,,,0.0
2022-01-27 18:00:00,1012.1,21.6,80,3.0,357.0,,,0.0
2022-01-27 19:00:00,1012.5,20.3,86,2.5,359.0,,,0.0
2022-01-27 20:00:00,1012.8,20.2,88,2.1,355.0,,,0.0
2022-01-27 21:00:00,1013.1,20.0,90,3.1,353.0,,,0.0
2022-01-27 22:00:00,1013.5,19.9,92,2.5,357.0,,,0.0
2022-01-27 23:00:00,1013.3,19.5,93,3.6,350.0,,,0.0
2022-01-28 00:00:00,1012.9,19.4,93,3.9,360.0,,,0.0
2022-01-28 01:00:00,1013.2,19.2,94,3.5,359.0,,,0.0
2022-01-28 02:00:00,1012.9,19.2,93,3.2,358.0,,,0.0
2022-01-28 03:00:00,1012.6,19.3,91,3.6,355.0,,,0.0
2022-01-28 04:00:00,1012.0,19.6,88,3.0,2.0,,,0.0
2022-01-28 05:00:00,1011.7,19.4,88,3.6,355.0,,,0.0
2022-01-28 06:00:00,1012.0,19.3,89,2.6,360.0,,,0.0
2022-01-28 07:00:00,1012.1,19.2,89,2.7,355.0,,,0.0
2022-01-28 08:00:00,1012.6,19.2,89,2.5,3.0,,,0.0
2022-01-28 09:00:00,1013.1,19.4,87,3.3,359.0,,,0.0
2022-01-28 10:00:00,1013.4,19.6,86,3.4,353.0,,,0.0
2022-01-28 11:00:00,1012.7,20.9,80,2.3,10.0,,,0.0
2022-01-28 12:00:00,1012.2,21.2,79,2.5,354.0,,,0.0
2022-01-28 13:00:00,1011.2,21.8,76,2.3,15.0,,,0.0
2022-01-28 14:00:00,1010.7,21.7,77,3.2,342.0,,,0.0
2022-01-28 15:00:00,1010.2,21.5,79,2.1,2.0,,,0.0
2022-01-28 16:00:00,1010.0,20.7,86,1.8,337.0,,,0.0
2022-01-28 17:00:00,1010.7,19.8,90,2.3,345.0,,,0.5
2022-01-28 18:00:00,1011.5,19.3,94,2.4,347.0,,,3.0
2022-01-28 19:00:00,1011.8,19.1,95,1.9,345.0,,,0.5
2022-01-28 20:00:00,1012.7,18.9,96,1.5,343.0,,,2.0
2022-01-28 21:00:00,1012.2,18.6,97,1.9,356.0,,,2.0
2022-01-28 22:00:00,1012.1,18.5,98,2.6,332.0,,,0.5
2022-01-28 23:00:00,1012.0,18.3,97,1.7,347.0,,,0.0
2022-01-29 00:00:00,1011.8,18.1,97,2.7,360.0,,,0.0
2022-01-29 01:00:00,1011.6,18.2,96,2.1,37.0,,,0.5
2022-01-29 02:00:00,1010.1,18.3,96,2.5,53.0,,,0.0
2022-01-29 03:00:00,1009.5,18.1,97,2.9,338.0,,,0.0
2022-01-29 04:00:00,1009.9,18.1,98,2.7,354.0,,,0.0
2022-01-29 05:00:00,1009.0,17.8,98,3.1,359.0,,,1.5
2022-01-29 06:00:00,1008.9,17.9,98,3.2,3.0,,,0.0
2022-01-29 07:00:00,1009.5,17.7,98,3.2,357.0,,,2.0
2022-01-29 08:00:00,1010.2,17.6,99,2.1,1.0,,,2.0
2022-01-29 09:00:00,1011.3,17.4,99,2.1,360.0,,,3.5
2022-01-29 10:00:00,1011.1,17.8,98,3.2,353.0,,,1.5
2022-01-29 11:00:00,1010.6,17.9,96,3.1,346.0,,,1.0
2022-01-29 12:00:00,1009.0,18.0,96,3.1,4.0,,,0.0
2022-01-29 13:00:00,1008.3,18.5,90,4.3,1.0,,,0.0
2022-01-29 14:00:00,1007.3,18.2,91,4.0,349.0,,,0.0
2022-01-29 15:00:00,1006.7,18.2,89,3.5,1.0,,,0.0
2022-01-29 16:00:00,1006.5,18.4,88,2.7,358.0,,,0.0
2022-01-29 17:00:00,1007.0,18.5,88,3.2,339.0,,,0.0
2022-01-29 18:00:00,1006.7,18.1,87,3.0,8.0,,,0.0
2022-01-29 19:00:00,1007.1,18.0,86,3.2,355.0,,,0.0
2022-01-29 20:00:00,1007.9,17.7,87,3.2,360.0,,,0.0
2022-01-29 21:00:00,1008.6,17.5,87,2.9,349.0,,,0.0
2022-01-29 22:00:00,1008.9,17.1,88,3.8,354.0,,,0.0
2022-01-29 23:00:00,1009.0,17.2,88,3.6,353.0,,,0.0
2022-01-30 00:00:00,1008.8,17.0,89,2.5,360.0,,,0.0
2022-01-30 01:00:00,1008.7,16.7,89,2.7,353.0,,,0.0
2022-01-30 02:00:00,1008.7,16.6,89,4.0,357.0,,,0.0
2022-01-30 03:00:00,1008.4,16.6,89,3.7,352.0,,,0.0
2022-01-30 04:00:00,1008.5,16.6,89,3.0,356.0,,,0.0
2022-01-30 05:00:00,1009.2,16.7,86,4.2,352.0,,,0.0
2022-01-30 06:00:00,1009.9,16.5,85,3.4,356.0,,,0.0
2022-01-30 07:00:00,1010.9,16.2,87,4.5,354.0,,,0.0
2022-01-30 08:00:00,1011.8,16.5,85,4.6,352.0,,,0.0
2022-01-30 09:00:00,1012.6,16.7,85,5.5,351.0,,,0.0
2022-01-30 10:00:00,1013.2,17.4,82,4.8,1.0,,,0.0
2022-01-30 11:00:00,1012.8,17.7,80,4.1,351.0,,,0.0
2022-01-30 12:00:00,1012.3,18.0,77,5.4,351.0,,,0.0
2022-01-30 13:00:00,1011.9,17.0,80,5.7,353.0,,,0.0
2022-01-30 14:00:00,1011.7,15.5,82,5.6,352.0,,,0.0
2022-01-30 15:00:00,1011.7,15.3,80,4.4,360.0,,,0.5
2022-01-30 16:00:00,1011.5,16.3,72,6.3,9.0,,,0.0
2022-01-30 17:00:00,1012.1,16.5,70,5.6,358.0,,,0.0
2022-01-30 18:00:00,1012.8,15.4,72,6.1,353.0,,,0.0
2022-01-30 19:00:00,1013.7,14.0,77,5.4,355.0,,,0.0
2022-01-30 20:00:00,1014.9,13.4,79,4.2,356.0,,,0.0
2022-01-30 21:00:00,-9999.7,-99.7,-9997,-99.7,-999.7,,,0.0
2022-01-30 22:00:00,1015.4,12.4,83,4.5,356.0,,,0.0
2022-01-30 23:00:00,1015.7,12.2,84,3.5,359.0,,,0.0
2022-01-31 00:00:00,1015.1,12.3,83,3.5,360.0,,,0.0
2022-01-31 01:00:00,1015.0,12.6,82,2.7,4.0,,,0.0
2022-01-31 02:00:00,1014.7,12.4,85,2.3,5.0,,,0.0
2022-01-31 03:00:00,1014.1,11.6,87,2.8,357.0,,,0.0
2022-01-31 04:00:00,1014.1,11.6,88,2.4,358.0,,,0.0
2022-01-31 05:00:00,1013.8,12.2,85,1.2,15.0,,,0.0
2022-01-31 06:00:00,1014.0,12.3,87,1.4,40.0,,,0.0
2022-01-31 07:00:00,1015.6,12.0,90,1.6,319.0,,,0.0
2022-01-31 08:00:00,1016.2,12.2,87,1.8,12.0,,,0.0
2022-01-31 09:00:00,1016.6,13.6,85,0.7,49.0,,,0.0
2022-01-31 10:00:00,1016.2,15.5,80,0.9,2.0,,,0.0
2022-01-31 11:00:00,1016.1,16.9,72,2.7,295.0,,,0.0
2022-01-31 12:00:00,1015.9,18.2,61,3.9,310.0,,,0.0
2022-01-31 13:00:00,1015.5,19.0,59,4.4,346.0,,,0.0
2022-01-31 14:00:00,1015.2,19.5,56,2.7,333.0,,,0.0
2022-01-31 15:00:00,1014.5,19.7,58,3.6,350.0,,,0.0
2022-01-31 16:00:00,1014.4,20.5,56,3.6,352.0,,,0.0
2022-01-31 17:00:00,1014.1,19.4,62,4.8,354.0,,,0.0
2022-01-31 18:00:00,1014.0,19.2,66,3.4,360.0,,,0.0
2022-01-31 19:00:00,1014.9,18.3,69,2.9,355.0,,,0.0
2022-01-31 20:00:00,1015.8,18.0,70,2.1,347.0,,,0.0
2022-01-31 21:00:00,1015.4,17.6,73,1.6,11.0,,,0.0
2022-01-31 22:00:00,1015.6,17.3,75,1.3,349.0,,,0.0
2022-01-31 23:00:00,1016.1,17.2,73,2.7,353.0,,,0.0
2022-02-01 00:00:00,1015.9,17.0,76,3.2,25.0,,,0.0
2022-02-01 01:00:00,1016.0,16.9,76,1.5,39.0,,,0.0
2022-02-01 02:00:00,1015.7,17.0,76,2.8,345.0,,,0.0
2022-02-01 03:00:00,1015.1,16.7,79,2.4,4.0,,,0.0
2022-02-01 04:00:00,1015.1,16.7,78,1.1,6.0,,,0.0
2022-02-01 05:00:00,1014.7,16.5,79,2.0,359.0,,,0.0
2022-02-01 06:00:00,1014.6,16.4,80,2.1,27.0,,,0.0
2022-02-01 07:00:00,1014.5,16.4,81,1.5,44.0,,,0.0
2022-02-01 08:00:00,1014.8,16.7,81,1.4,359.0,,,0.0
2022-02-01 09:00:00,1015.4,17.8,75,2.1,353.0,,,0.0
2022-02-01 10:00:00,1015.7,18.9,71,2.5,353.0,,,0.0
2022-02-01 11:00:00,1015.9,19.9,68,3.2,360.0,,,-999.6
2022-02-01 12:00:00,1015.2,20.2,66,4.0,357.0,,,0.0
2022-02-01 13:00:00,1014.2,20.4,66,3.3,358.0,,,0.0
2022-02-01 14:00:00,1013.0,20.6,65,2.7,26.0,,,0.0
2022-02-01 15:00:00,1013.1,21.3,65,3.5,335.0,,,0.0
2022-02-01 16:00:00,1013.0,20.4,67,4.2,360.0,,,0.0
2022-02-01 17:00:00,1013.4,20.0,69,4.1,2.0,,,0.0
2022-02-01 18:00:00,1013.6,19.2,73,3.2,360.0,,,0.0
2022-02-01 19:00:00,1014.0,18.6,78,3.7,354.0,,,0.0
2022-02-01 20:00:00,1014.7,18.0,83,3.3,357.0,,,0.0
2022-02-01 21:00:00,1015.6,17.8,84,4.2,352.0,,,0.0
2022-02-01 22:00:00,1015.6,17.7,86,3.3,359.0,,,0.0
2022-02-01 23:00:00,1015.9,17.3,89,3.2,353.0,,,0.0
2022-02-02 00:00:00,1015.7,17.3,89,3.7,1.0,,,0.0
2022-02-02 01:00:00,1015.4,17.3,89,2.0,2.0,,,0.0
2022-02-02 02:00:00,1015.0,17.0,91,2.5,10.0,,,0.0
2022-02-02 03:00:00,1015.0,16.9,92,3.1,353.0,,,0.0
2022-02-02 04:00:00,1015.1,16.7,93,3.0,350.0,,,0.0
2022-02-02 05:00:00,1015.0,16.4,94,2.3,3.0,,,0.0
2022-02-02 06:00:00,1015.0,16.4,95,3.1,19.0,,,0.0
2022-02-02 07:00:00,1015.6,16.3,95,3.1,3.0,,,0.0
2022-02-02 08:00:00,1015.4,16.7,93,2.9,30.0,,,0.0
2022-02-02 09:00:00,1015.8,18.0,88,4.1,352.0,,,0.0
2022-02-02 10:00:00,1016.0,19.4,81,2.4,359.0,,,0.0
2022-02-02 11:00:00,1015.5,20.6,75,3.1,2.0,,,0.0
2022-02-02 12:00:00,1015.0,21.6,72,3.6,349.0,,,0.0
2022-02-02 13:00:00,1014.2,22.1,70,4.6,352.0,,,0.0
2022-02-02 14:00:00,1013.6,22.6,69,4.9,333.0,,,0.0
2022-02-02 15:00:00,1013.3,21.1,73,5.2,354.0,,,0.0
2022-02-02 16:00:00,1013.1,20.1,79,5.1,352.0,,,0.0
2022-02-02 17:00:00,1013.3,20.1,79,3.2,355.0,,,0.0
2022-02-02 18:00:00,1013.5,19.2,83,3.2,353.0,,,0.0
2022-02-02 19:00:00,1013.8,18.6,87,2.8,357.0,,,0.0
2022-02-02 20:00:00,1014.1,18.4,88,2.5,1.0,,,0.0
2022-02-02 21:00:00,1014.4,18.2,89,2.8,2.0,,,0.0
2022-02-02 22:00:00,1014.2,17.7,90,3.3,3.0,,,0.0
2022-02-02 23:00:00,1013.8,17.4,91,2.9,2.0,,,0.0
2022-02-03 00:00:00,1013.7,17.1,94,3.6,359.0,,,0.0
2022-02-03 01:00:00,1013.7,16.8,95,2.3,3.0,,,0.0
2022-02-03 02:00:00,1013.3,16.8,95,2.8,349.0,,,0.0
2022-02-03 03:00:00,1012.7,16.7,96,2.7,2.0,,,0.0
2022-02-03 04:00:00,1012.6,16.6,96,3.2,358.0,,,0.0
2022-02-03 05:00:00,1013.0,16.6,96,2.2,351.0,,,0.0
2022-02-03 06:00:00,1013.4,16.7,96,2.5,360.0,,,0.0
2022-02-03 07:00:00,1014.0,16.8,96,2.6,359.0,,,0.0
2022-02-03 08:00:00,1014.0,17.0,93,3.7,1.0,,,0.0
2022-02-03 09:00:00,1014.2,17.5,87,2.6,1.0,,,0.0
2022-02-03 10:00:00,1013.8,18.8,80,3.3,15.0,,,0.0
2022-02-03 11:00:00,1013.7,20.2,74,3.1,29.0,,,0.0
2022-02-03 12:00:00,1013.3,21.2,71,3.3,358.0,,,0.0
2022-02-03 13:00:00,1012.9,21.0,72,4.3,345.0,,,0.0
2022-02-03 14:00:00,1012.4,20.6,76,3.0,349.0,,,0.0
2022-02-03 15:00:00,1011.5,21.0,75,3.6,359.0,,,0.0
2022-02-03 16:00:00,1012.2,19.6,83,2.5,342.0,,,0.5
2022-02-03 17:00:00,1012.5,18.9,86,4.6,355.0,,,0.5
2022-02-03 18:00:00,1012.6,17.7,88,4.6,360.0,,,0.0
2022-02-03 19:00:00,1012.8,17.4,88,3.6,360.0,,,0.0
2022-02-03 20:00:00,1013.1,17.7,86,2.3,21.0,,,0.0
2022-02-03 21:00:00,1013.8,17.2,89,3.4,354.0,,,0.0
2022-02-03 22:00:00,1014.0,16.6,92,3.6,359.0,,,0.0
2022-02-03 23:00:00,1014.1,16.3,92,4.1,356.0,,,0.0
2022-02-04 00:00:00,1013.8,16.0,92,3.0,359.0,,,0.0
2022-02-04 01:00:00,1014.1,16.0,92,3.2,349.0,,,0.0
2022-02-04 02:00:00,1014.0,16.2,92,3.7,355.0,,,0.0
2022-02-04 03:00:00,1013.7,16.3,91,3.9,355.0,,,0.0
2022-02-04 04:00:00,1013.5,16.2,90,4.1,360.0,,,0.0
2022-02-04 05:00:00,1013.6,16.0,88,4.6,358.0,,,0.0
2022-02-04 06:00:00,1013.9,16.0,88,5.5,356.0,,,0.0
2022-02-04 07:00:00,1014.4,16.0,88,4.8,1.0,,,0.0
2022-02-04 08:00:00,1014.8,16.5,86,3.4,9.0,,,0.0
2022-02-04 09:00:00,1015.6,16.9,85,3.8,359.0,,,0.0
2022-02-04 10:00:00,1015.8,18.2,79,3.3,25.0,,,0.0
2022-02-04 11:00:00,1015.4,20.0,72,3.4,9.0,,,0.0
2022-02-04 12:00:00,1014.7,21.4,68,3.9,353.0,,,0.0
2022-02-04 13:00:00,1014.3,20.6,70,5.2,331.0,,,0.0
2022-02-04 14:00:00,1013.6,21.2,66,5.7,356.0,,,0.0
2022-02-04 15:00:00,1013.5,21.3,65,3.3,348.0,,,0.0
2022-02-04 16:00:00,1013.7,20.8,66,4.9,357.0,,,0.0
2022-02-04 17:00:00,1014.1,20.3,68,3.5,350.0,,,0.0
2022-02-04 18:00:00,1014.7,18.5,73,3.1,340.0,,,0.0
2022-02-04 19:00:00,1015.4,17.1,78,4.9,354.0,,,0.0
2022-02-04 20:00:00,1016.2,16.0,82,3.6,357.0,,,0.0
2022-02-04 21:00:00,1016.9,15.5,82,3.2,357.0,,,0.0
2022-02-04 22:00:00,1017.2,15.1,82,3.8,351.0,,,0.0
2022-02-04 23:00:00,-9999.7,-99.7,-9997,-99.7,-999.7,,,0.0
2022-02-05 00:00:00,1017.1,14.6,83,2.7,348.0,,,0.0
2022-02-05 01:00:00,1017.1,14.5,84,3.1,360.0,,,0.0
2022-02-05 02:00:00,1017.0,14.3,85,2.9,354.0,,,0.0
2022-02-05 03:00:00,1016.8,14.0,86,2.8,355.0,,,0.0
2022-02-05 04:00:00,1016.7,13.8,87,3.0,351.0,,,0.0
2022-02-05 05:00:00,1016.9,13.9,86,2.4,353.0,,,0.0
2022-02-05 06:00:00,1017.2,14.2,85,3.0,353.0,,,0.0
2022-02-05 07:00:00,1017.8,14.3,86,3.2,354.0,,,0.0
2022-02-05 08:00:00,1018.4,14.7,81,3.2,356.0,,,0.0
2022-02-05 09:00:00,1019.1,15.5,77,3.6,355.0,,,0.0
2022-02-05 10:00:00,1019.7,16.4,73,4.0,353.0,,,0.0
2022-02-05 11:00:00,1019.6,17.8,68,3.4,350.0,,,0.0
2022-02-05 12:00:00,1018.9,18.7,65,3.6,348.0,,,0.0
2022-02-05 13:00:00,1018.3,19.7,62,4.7,339.0,,,0.0
2022-02-05 14:00:00,1017.8,20.0,59,4.1,350.0,,,0.0
2022-02-05 15:00:00,1017.5,19.6,62,5.2,345.0,,,0.0
2022-02-05 16:00:00,1017.3,19.0,64,5.1,349.0,,,0.0
2022-02-05 17:00:00,-9999.7,-99.7,-9997,-99.7,-999.7,,,0.0
2022-02-05 18:00:00,1017.9,17.5,69,4.3,352.0,,,0.0
2022-02-05 19:00:00,1018.7,16.8,72,4.4,355.0,,,0.0
2022-02-05 20:00:00,1019.3,16.3,74,4.8,350.0,,,0.0
2022-02-05 21:00:00,1019.8,16.0,76,4.5,354.0,,,0.0
2022-02-05 22:00:00,1019.8,15.7,78,3.0,360.0,,,0.0
2022-02-05 23:00:00,1019.6,15.2,80,3.3,359.0,,,0.0
2022-02-06 00:00:00,1019.7,14.8,81,3.2,1.0,,,0.0
2022-02-06 01:00:00,1019.9,14.6,82,2.4,1.0,,,0.0
2022-02-06 02:00:00,1019.6,14.2,82,3.1,357.0,,,0.0
2022-02-06 03:00:00,1019.2,14.2,82,2.6,8.0,,,0.0
2022-02-06 04:00:00,1018.9,13.6,85,2.6,358.0,,,0.0
2022-02-06 05:00:00,1018.4,13.5,85,2.7,355.0,,,0.0
2022-02-06 06:00:00,1018.8,13.4,86,3.2,2.0,,,0.0
2022-02-06 07:00:00,1019.2,13.1,88,2.6,1.0,,,0.0
2022-02-06 08:00:00,1019.7,13.9,86,3.4,3.0,,,0.0
2022-02-06 09:00:00,1019.8,15.9,77,4.3,360.0,,,0.0
2022-02-06 10:00:00,1020.0,17.1,70,4.2,5.0,,,0.0
2022-02-06 11:00:00,1019.2,18.7,66,4.7,360.0,,,0.0
2022-02-06 12:00:00,1017.8,20.4,58,4.1,339.0,,,0.0
2022-02-06 13:00:00,1016.6,21.0,56,3.1,354.0,,,0.0
2022-02-06 14:00:00,1015.9,21.4,59,3.6,331.0,,,0.0
2022-02-06 15:00:00,1015.5,21.2,60,3.3,339.0,,,0.0
2022-02-06 16:00:00,1015.3,20.7,62,3.6,336.0,,,0.0
2022-02-06 17:00:00,1015.6,19.5,65,3.7,345.0,,,0.0
2022-02-06 18:00:00,1016.1,18.2,72,3.2,354.0,,,0.0
2022-02-06 19:00:00,1016.6,17.3,77,3.3,352.0,,,0.0
2022-02-06 20:00:00,1017.1,16.6,80,3.6,352.0,,,0.0
2022-02-06 21:00:00,1017.3,16.3,81,3.4,2.0,,,0.0
2022-02-06 22:00:00,1017.6,16.0,83,2.8,357.0,,,0.0
2022-02-06 23:00:00,1017.2,15.7,85,3.0,354.0,,,0.0
2022-02-07 00:00:00,1016.7,15.3,86,2.8,354.0,,,0.0
2022-02-07 01:00:00,1016.6,15.1,87,2.9,354.0,,,0.0
2022-02-07 02:00:00,1016.2,14.8,88,2.7,353.0,,,0.0
2022-02-07 03:00:00,1015.7,14.7,88,2.2,7.0,,,0.0
2022-02-07 04:00:00,1015.2,14.9,87,1.8,12.0,,,0.0
2022-02-07 05:00:00,1014.4,15.1,86,2.0,5.0,,,0.0
2022-02-07 06:00:00,1014.5,15.1,85,2.3,36.0,,,0.0
2022-02-07 07:00:00,1014.7,15.4,84,2.3,24.0,,,0.0
2022-02-07 08:00:00,1014.5,15.8,83,1.1,10.0,,,0.0
2022-02-07 09:00:00,1014.4,16.6,79,1.0,53.0,,,0.0
2022-02-07 10:00:00,1014.4,18.5,71,1.0,56.0,,,0.0
2022-02-07 11:00:00,1013.7,20.2,64,0.5,239.0,,,0.0
2022-02-07 12:00:00,1012.6,22.3,61,1.2,257.0,,,0.0
2022-02-07 13:00:00,1011.7,21.9,67,1.7,257.0,,,0.0
2022-02-07 14:00:00,1010.6,22.3,65,1.6,283.0,,,0.0
2022-02-07 15:00:00,1010.4,22.6,67,1.6,277.0,,,0.0
2022-02-07 16:00:00,1010.2,22.4,70,1.2,293.0,,,0.0
2022-02-07 17:00:00,1010.8,22.6,72,1.6,272.0,,,0.0
2022-02-07 18:00:00,1012.2,19.6,85,3.3,338.0,,,0.0
2022-02-07 19:00:00,1013.0,17.1,90,6.6,352.0,,,0.0
2022-02-07 20:00:00,1013.5,15.4,95,4.7,2.0,,,0.0
2022-02-07 21:00:00,1014.0,15.1,95,5.3,359.0,,,3.5
2022-02-07 22:00:00,1014.6,15.6,91,5.1,356.0,,,0.5
2022-02-07 23:00:00,1014.5,15.8,91,4.2,10.0,,,2.0
2022-02-08 00:00:00,1014.3,16.6,83,3.7,5.0,,,0.0
2022-02-08 01:00:00,1013.8,17.7,77,4.3,10.0,,,0.0
2022-02-08 02:00:00,1013.7,17.8,78,4.4,354.0,,,0.5
2022-02-08 03:00:00,1012.4,18.1,82,3.6,5.0,,,0.0
2022-02-08 04:00:00,1012.1,17.5,84,2.9,357.0,,,0.0
2022-02-08 05:00:00,1012.4,16.9,86,3.7,355.0,,,0.0
2022-02-08 06:00:00,1013.2,16.7,85,4.6,351.0,,,0.0
2022-02-08 07:00:00,1014.1,16.6,89,5.4,356.0,,,0.0
2022-02-08 08:00:00,1014.8,16.6,87,5.6,356.0,,,0.0
2022-02-08 09:00:00,1015.2,17.5,81,4.5,7.0,,,0.0
2022-02-08 10:00:00,1015.4,18.4,79,4.7,355.0,,,0.0
2022-02-08 11:00:00,1014.9,19.3,74,5.1,359.0,,,0.0
2022-02-08 12:00:00,1014.1,19.3,73,4.5,3.0,,,0.0
2022-02-08 13:00:00,-9999.7,-99.7,-9997,-99.7,-999.7,,,0.0
2022-02-08 14:00:00,1012.8,21.2,67,2.4,343.0,,,0.0
2022-02-08 15:00:00,1012.8,21.6,64,2.8,348.0,,,0.0
2022-02-08 16:00:00,1012.6,21.3,65,3.3,341.0,,,0.0
2022-02-08 17:00:00,1013.1,20.4,67,3.9,341.0,,,0.0
2022-02-08 18:00:00,1013.4,18.9,74,3.3,352.0,,,0.0
2022-02-08 19:00:00,1014.0,17.7,79,3.8,359.0,,,0.0
2022-02-08 20:00:00,1014.9,17.0,81,3.9,350.0,,,0.0
2022-02-08 21:00:00,1015.3,16.9,82,2.4,356.0,,,0.0
2022-02-08 22:00:00,1015.2,16.8,82,3.1,350.0,,,0.0
2022-02-08 23:00:00,1015.3,16.8,81,2.1,3.0,,,0.0
2022-02-09 00:00:00,1015.2,16.9,81,2.3,360.0,,,0.0
2022-02-09 01:00:00,1015.1,16.8,82,2.9,355.0,,,0.0
2022-02-09 02:00:00,1014.9,16.3,84,2.4,357.0,,,0.0
2022-02-09 03:00:00,1014.8,16.2,85,1.9,360.0,,,0.0
2022-02-09 04:00:00,1014.9,16.3,84,2.2,360.0,,,0.0
2022-02-09 05:00:00,1015.4,16.4,83,2.5,356.0,,,0.0
2022-02-09 06:00:00,1015.8,16.6,84,2.0,7.0,,,0.0
2022-02-09 07:00:00,1016.4,16.6,84,2.0,355.0,,,0.0
2022-02-09 08:00:00,1017.1,17.1,82,2.0,346.0,,,0.0
2022-02-09 09:00:00,1017.5,18.2,77,3.5,351.0,,,0.0
2022-02-09 10:00:00,1017.3,19.5,72,3.5,338.0,,,0.0
2022-02-09 11:00:00,1016.5,21.0,69,3.0,18.0,,,0.0
2022-02-09 12:00:00,1015.5,22.4,65,2.7,352.0,,,0.0
2022-02-09 13:00:00,1014.0,23.8,61,2.8,336.0,,,0.0
2022-02-09 14:00:00,1012.7,24.9,57,2.3,358.0,,,0.0
2022-02-09 15:00:00,1012.0,22.8,70,4.5,312.0,,,0.0
2022-02-09 16:00:00,1012.1,21.2,76,3.6,334.0,,,0.0
2022-02-09 17:00:00,1012.5,20.7,75,3.0,339.0,,,0.0
2022-02-09 18:00:00,1012.7,20.4,75,2.5,335.0,,,0.0
2022-02-09 19:00:00,1013.1,19.6,82,2.6,347.0,,,0.0
2022-02-09 20:00:00,1014.2,18.5,83,3.9,352.0,,,0.0
2022-02-09 21:00:00,1014.7,17.9,86,2.7,357.0,,,0.0
2022-02-09 22:00:00,1014.8,17.5,89,2.5,352.0,,,0.0
2022-02-09 23:00:00,1014.9,17.1,91,3.0,356.0,,,0.0
2022-02-10 00:00:00,1014.5,16.8,93,2.3,21.0,,,0.0
2022-02-10 01:00:00,1014.3,16.7,93,2.5,350.0,,,0.0
2022-02-10 02:00:00,1014.0,16.4,95,2.4,357.0,,,0.0
2022-02-10 03:00:00,1014.6,16.7,95,3.1,345.0,,,0.0
2022-02-10 04:00:00,1014.8,16.8,95,2.8,358.0,,,0.0
2022-02-10 05:00:00,1014.8,16.8,95,3.9,353.0,,,0.0
2022-02-10 06:00:00,1014.9,16.9,95,4.1,359.0,,,0.0
2022-02-10 07:00:00,1015.4,16.8,95,2.6,19.0,,,0.0
2022-02-10 08:00:00,1015.7,16.9,94,3.7,5.0,,,0.0
2022-02-10 09:00:00,1016.1,17.4,90,3.1,13.0,,,0.0
2022-02-10 10:00:00,-9999.7,-99.7,-9997,-99.7,-999.7,,,0.0
2022-02-10 11:00:00,1015.3,19.9,78,3.5,356.0,,,0.0
2022-02-10 12:00:00,1013.9,22.1,68,3.5,360.0,,,0.0
2022-02-10 13:00:00,1012.7,23.8,61,3.3,12.0,,,0.0
2022-02-10 14:00:00,1011.9,23.8,66,2.8,331.0,,,0.0
2022-02-10 15:00:00,1010.9,24.1,66,2.6,334.0,,,0.0
2022-02-10 16:00:00,1010.7,24.2,66,4.6,298.0,,,0.0
2022-02-10 17:00:00,1011.5,20.4,80,4.1,327.0,,,0.0
2022-02-10 18:00:00,1012.2,19.2,84,1.7,338.0,,,0.0
2022-02-10 19:00:00,1012.5,18.8,82,3.6,358.0,,,0.0
2022-02-10 20:00:00,1013.2,17.7,88,3.1,6.0,,,0.0
2022-02-10 21:00:00,1013.5,17.3,91,2.4,357.0,,,0.0
2022-02-10 22:00:00,1013.6,17.1,92,2.2,348.0,,,0.0
2022-02-10 23:00:00,1013.5,17.0,93,1.6,352.0,,,0.0
2022-02-11 00:00:00,1013.3,16.8,93,2.4,355.0,,,0.0
2022-02-11 01:00:00,1013.2,16.7,94,1.9,1.0,,,0.0
2022-02-11 02:00:00,1012.8,16.5,95,1.9,360.0,,,0.0
2022-02-11 03:00:00,1012.7,16.4,95,2.1,346.0,,,0.0
2022-02-11 04:00:00,1013.1,16.2,97,3.2,360.0,,,0.0
2022-02-11 05:00:00,1013.5,16.3,98,2.6,353.0,,,0.0
2022-02-11 06:00:00,1014.2,16.6,97,2.7,5.0,,,0.0
2022-02-11 07:00:00,1014.6,16.8,95,3.1,354.0,,,0.0
2022-02-11 08:00:00,1015.2,17.1,95,3.0,359.0,,,0.0
2022-02-11 09:00:00,1015.6,17.7,93,2.4,351.0,,,0.0
2022-02-11 10:00:00,1015.9,18.2,89,1.6,14.0,,,0.0
2022-02-11 11:00:00,1015.2,19.4,84,2.3,339.0,,,0.0
2022-02-11 12:00:00,-9999.7,-99.7,-9997,-99.7,-999.7,,,0.0
2022-02-11 13:00:00,1013.5,20.3,81,3.0,329.0,,,0.0
2022-02-11 14:00:00,1012.5,21.1,76,2.9,332.0,,,0.0
2022-02-11 15:00:00,1011.7,21.3,74,3.7,332.0,,,0.0
2022-02-11 16:00:00,1011.6,21.3,74,4.6,345.0,,,0.0
2022-02-11 17:00:00,1011.6,21.2,74,3.6,354.0,,,0.0
2022-02-11 18:00:00,1011.8,19.6,82,4.1,352.0,,,0.0
2022-02-11 19:00:00,1012.2,18.6,87,3.7,353.0,,,0.0
2022-02-11 20:00:00,1012.7,17.7,91,2.9,354.0,,,0.0
2022-02-11 21:00:00,1013.0,17.1,95,3.7,355.0,,,0.0
2022-02-11 22:00:00,1013.2,17.0,96,2.4,20.0,,,0.0
2022-02-11 23:00:00,1013.0,16.7,98,3.1,356.0,,,0.0
2022-02-12 00:00:00,1012.8,16.6,99,2.9,23.0,,,0.0
2022-02-12 01:00:00,1012.4,16.5,99,2.2,10.0,,,0.0
2022-02-12 02:00:00,1011.8,16.5,99,2.4,357.0,,,0.0
2022-02-12 03:00:00,-9999.7,-99.7,-9997,-99.7,-999.7,,,0.0
2022-02-12 04:00:00,1011.2,16.3,99,2.8,2.0,,,0.0
2022-02-12 05:00:00,1011.5,16.3,99,3.8,352.0,,,0.0
2022-02-12 06:00:00,1012.0,16.2,99,3.6,3.0,,,0.0
2022-02-12 07:00:00,1012.6,16.5,99,3.8,5.0,,,0.0
2022-02-12 08:00:00,1013.3,16.9,96,3.8,360.0,,,0.0
2022-02-12 09:00:00,1013.8,17.5,89,4.5,1.0,,,0.0
2022-02-12 10:00:00,1013.7,19.0,81,4.2,345.0,,,0.0
2022-02-12 11:00:00,1013.1,20.4,75,4.2,4.0,,,0.0
2022-02-12 12:00:00,1012.3,21.5,72,4.5,352.0,,,0.0
2022-02-12 13:00:00,1011.1,21.9,70,4.4,342.0,,,0.0
2022-02-12 14:00:00,1010.0,22.3,69,3.8,355.0,,,0.0
2022-02-12 15:00:00,1009.5,22.3,69,3.8,352.0,,,0.0
2022-02-12 16:00:00,1009.9,20.8,74,5.2,359.0,,,0.0
2022-02-12 17:00:00,1009.9,19.6,80,4.5,356.0,,,0.0
2022-02-12 18:00:00,1009.7,19.3,82,4.3,357.0,,,0.0
2022-02-12 19:00:00,1010.0,18.7,85,3.2,356.0,,,0.0
2022-02-12 20:00:00,1010.5,18.2,88,4.1,356.0,,,0.0
2022-02-12 21:00:00,1011.0,17.7,91,3.0,357.0,,,0.0
2022-02-12 22:00:00,1011.0,17.5,92,2.9,355.0,,,0.0
2022-02-12 23:00:00,1011.1,17.3,93,1.5,349.0,,,0.0
2022-02-13 00:00:00,1011.1,17.2,93,2.6,349.0,,,0.0
2022-02-13 01:00:00,1011.0,17.0,95,2.8,356.0,,,0.0
2022-02-13 02:00:00,1010.4,17.0,97,2.3,6.0,,,0.0
2022-02-13 03:00:00,1010.2,17.2,95,2.2,354.0,,,0.0
2022-02-13 04:00:00,1009.8,17.3,95,2.7,353.0,,,0.0
2022-02-13 05:00:00,1009.7,17.3,94,2.8,355.0,,,0.0
2022-02-13 06:00:00,1010.2,17.4,94,2.2,352.0,,,0.0
2022-02-13 07:00:00,1010.5,17.3,94,2.3,9.0,,,0.0
2022-02-13 08:00:00,1010.6,17.5,93,1.6,8.0,,,0.0
2022-02-13 09:00:00,1010.3,18.3,90,2.6,13.0,,,0.0
2022-02-13 10:00:00,1010.7,19.4,85,2.3,344.0,,,0.0
2022-02-13 11:00:00,1010.1,21.5,76,1.6,308.0,,,0.0
2022-02-13 12:00:00,1009.9,22.9,71,3.1,303.0,,,0.0
2022-02-13 13:00:00,1009.0,22.8,71,2.6,317.0,,,0.0
2022-02-13 14:00:00,1007.9,23.9,67,2.6,286.0,,,0.0
2022-02-13 15:00:00,1007.7,22.2,74,3.5,311.0,,,0.0
2022-02-13 16:00:00,1007.2,23.1,69,2.5,351.0,,,0.0
2022-02-13 17:00:00,1007.6,21.7,73,3.6,359.0,,,0.0
2022-02-13 18:00:00,1008.4,19.4,81,3.6,352.0,,,0.0
2022-02-13 19:00:00,1009.2,18.7,84,4.1,351.0,,,0.0
2022-02-13 20:00:00,1010.0,18.5,85,3.0,350.0,,,0.0
2022-02-13 21:00:00,1010.5,18.3,87,4.4,353.0,,,0.0
2022-02-13 22:00:00,1010.9,17.8,90,5.4,356.0,,,0.0
2022-02-13 23:00:00,1010.8,17.6,92,3.9,360.0,,,0.0
2022-02-14 00:00:00,1010.7,17.2,92,5.1,356.0,,,0.0
2022-02-14 01:00:00,1010.7,16.9,91,4.4,1.0,,,0.0
2022-02-14 02:00:00,1010.4,16.7,90,4.4,2.0,,,0.0
2022-02-14 03:00:00,1010.5,16.3,90,5.7,352.0,,,0.0
2022-02-14 04:00:00,1010.0,15.9,93,4.0,1.0,,,0.0
2022-02-14 05:00:00,1010.6,15.9,93,3.2,352.0,,,0.0
2022-02-14 06:00:00,1010.6,15.9,93,4.5,2.0,,,0.0
2022-02-14 07:00:00,1010.7,15.8,93,2.9,8.0,,,0.0
2022-02-14 08:00:00,1011.6,16.2,92,4.9,352.0,,,0.0
2022-02-14 09:00:00,1012.5,16.7,87,6.1,356.0,,,0.0
2022-02-14 10:00:00,1012.9,17.1,84,6.8,3.0,,,0.0
2022-02-14 11:00:00,1012.6,17.7,78,5.9,3.0,,,0.0
2022-02-14 12:00:00,1012.3,17.8,78,5.3,1.0,,,0.0
2022-02-14 13:00:00,1011.6,18.9,73,5.3,348.0,,,0.0
2022-02-14 14:00:00,1011.2,18.1,75,4.9,356.0,,,0.0
2022-02-14 15:00:00,1010.9,18.3,71,4.4,3.0,,,0.0
2022-02-14 16:00:00,1010.7,18.6,72,3.4,6.0,,,0.0
2022-02-14 17:00:00,1011.0,18.7,73,2.9,12.0,,,0.0
2022-02-14 18:00:00,1011.3,18.3,75,3.4,353.0,,,0.0
2022-02-14 19:00:00,1011.7,17.4,78,3.4,360.0,,,0.0
2022-02-14 20:00:00,1012.1,16.6,80,3.1,355.0,,,0.0
2022-02-14 21:00:00,1012.6,16.0,82,3.1,346.0,,,0.0
2022-02-14 22:00:00,1013.2,15.5,83,2.9,344.0,,,0.0
2022-02-14 23:00:00,1013.7,15.1,85,3.1,356.0,,,0.0
2022-02-15 00:00:00,1013.8,14.7,85,2.3,353.0,,,0.0
2022-02-15 01:00:00,1013.6,14.8,86,1.9,339.0,,,0.0
2022-02-15 02:00:00,1013.0,15.2,83,1.8,358.0,,,0.0
2022-02-15 03:00:00,1012.6,15.4,80,2.1,345.0,,,0.0
2022-02-15 04:00:00,1012.5,15.5,79,1.3,347.0,,,0.0
2022-02-15 05:00:00,1012.8,15.5,80,1.4,342.0,,,0.0
2022-02-15 06:00:00,1013.2,15.4,82,2.2,360.0,,,0.0
2022-02-15 07:00:00,1013.8,15.3,84,2.5,342.0,,,0.0
2022-02-15 08:00:00,1014.5,15.4,83,2.5,24.0,,,0.0
2022-02-15 09:00:00,1015.5,16.3,79,2.1,356.0,,,0.0
2022-02-15 10:00:00,1015.7,17.1,79,3.3,350.0,,,0.0
2022-02-15 11:00:00,1015.1,18.2,72,3.3,355.0,,,0.0
2022-02-15 12:00:00,1014.3,19.5,68,2.8,323.0,,,0.0
2022-02-15 13:00:00,1013.3,19.7,70,3.9,341.0,,,0.0
2022-02-15 14:00:00,1012.4,19.0,72,4.2,327.0,,,0.0
2022-02-15 15:00:00,1011.9,19.2,72,3.3,332.0,,,0.0
2022-02-15 16:00:00,1011.8,18.5,74,3.2,334.0,,,0.0
2022-02-15 17:00:00,1012.1,17.8,76,2.5,344.0,,,0.0
2022-02-15 18:00:00,1012.4,17.1,78,4.1,357.0,,,0.0
2022-02-15 19:00:00,1012.7,16.6,80,2.3,357.0,,,0.0
2022-02-15 20:00:00,1013.0,15.9,82,3.4,5.0,,,0.0
2022-02-15 21:00:00,1013.4,15.7,83,3.6,355.0,,,0.0
2022-02-15 22:00:00,1013.5,15.7,85,3.1,358.0,,,0.0
2022-02-15 23:00:00,1013.3,15.7,87,3.1,1.0,,,0.0
2022-02-16 00:00:00,1013.2,15.8,88,3.2,351.0,,,0.0
2022-02-16 01:00:00,1013.3,15.5,91,2.2,354.0,,,0.0
2022-02-16 02:00:00,1012.8,15.4,92,1.8,349.0,,,0.0
2022-02-16 03:00:00,1012.6,15.2,92,3.1,356.0,,,0.0
2022-02-16 04:00:00,1012.4,15.0,92,3.1,354.0,,,0.0
2022-02-16 05:00:00,1012.9,14.9,92,3.1,359.0,,,0.0
2022-02-16 06:00:00,1013.3,15.0,92,3.0,6.0,,,0.0
2022-02-16 07:00:00,1013.8,15.2,92,3.9,5.0,,,0.0
2022-02-16 08:00:00,1013.7,15.5,91,4.0,38.0,,,0.0
2022-02-16 09:00:00,1013.8,16.6,88,2.9,26.0,,,0.0
2022-02-16 10:00:00,1014.4,18.4,79,4.0,332.0,,,0.0
2022-02-16 11:00:00,1014.0,19.2,74,4.4,336.0,,,0.0
2022-02-16 12:00:00,1012.9,20.2,69,4.1,356.0,,,0.0
2022-02-16 13:00:00,1011.0,22.1,59,2.9,23.0,,,0.0
2022-02-16 14:00:00,1010.1,23.0,56,2.8,339.0,,,0.0
2022-02-16 15:00:00,1009.5,22.5,63,4.2,315.0,,,0.0
2022-02-16 16:00:00,1009.2,22.4,64,2.8,336.0,,,0.0
2022-02-16 17:00:00,1009.5,21.2,69,2.8,331.0,,,0.0
2022-02-16 18:00:00,1009.6,19.7,76,2.7,332.0,,,0.0
2022-02-16 19:00:00,1010.0,18.8,79,3.0,353.0,,,0.0
2022-02-16 20:00:00,1011.0,17.7,83,2.4,350.0,,,0.0
2022-02-16 21:00:00,1011.4,16.9,87,3.4,353.0,,,0.0
2022-02-16 22:00:00,1011.7,16.6,89,3.3,358.0,,,0.0
2022-02-16 23:00:00,1011.7,16.5,89,2.3,12.0,,,0.0
2022-02-17 00:00:00,1011.5,16.2,90,2.4,355.0,,,0.0
2022-02-17 01:00:00,1011.5,15.9,92,2.2,354.0,,,0.0
2022-02-17 02:00:00,1011.2,15.7,93,2.7,2.0,,,0.0
2022-02-17 03:00:00,1010.7,15.6,93,2.5,359.0,,,0.0
2022-02-17 04:00:00,1010.0,15.7,91,2.1,33.0,,,-999.6
2022-02-17 05:00:00,1009.5,15.5,92,2.3,354.0,,,0.0
2022-02-17 06:00:00,1009.4,15.3,93,2.2,1.0,,,0.0
2022-02-17 07:00:00,1010.7,15.3,95,2.7,349.0,,,0.0
2022-02-17 08:00:00,1011.6,16.2,93,3.3,354.0,,,0.0
2022-02-17 09:00:00,1011.9,17.0,87,3.5,4.0,,,0.0
2022-02-17 10:00:00,1011.8,18.4,80,2.7,2.0,,,-999.6
2022-02-17 11:00:00,1012.3,19.7,74,2.5,348.0,,,0.0
2022-02-17 12:00:00,1012.3,18.6,82,3.0,322.0,,,0.0
2022-02-17 13:00:00,1011.8,18.9,83,2.3,338.0,,,0.0
2022-02-17 14:00:00,1010.4,19.5,78,2.8,349.0,,,0.0
2022-02-17 15:00:00,1010.3,19.5,79,3.1,357.0,,,0.0
2022-02-17 16:00:00,1010.2,19.3,80,2.0,338.0,,,0.0
2022-02-17 17:00:00,1010.8,18.4,84,3.7,336.0,,,0.0
2022-02-17 18:00:00,1011.0,18.0,87,3.3,352.0,,,0.0
2022-02-17 19:00:00,1010.8,17.6,89,3.2,24.0,,,0.0
2022-02-17 20:00:00,1010.6,17.4,90,3.1,360.0,,,0.0
2022-02-17 21:00:00,1011.0,17.0,91,3.8,356.0,,,0.0
2022-02-17 22:00:00,1011.3,17.0,91,3.9,352.0,,,0.0
2022-02-17 23:00:00,1010.9,16.9,91,3.8,5.0,,,0.0
2022-02-18 00:00:00,1011.0,16.9,90,4.3,355.0,,,0.0
2022-02-18 01:00:00,1011.2,16.8,91,3.8,357.0,,,0.0
2022-02-18 02:00:00,1010.9,16.6,92,3.5,359.0,,,0.0
2022-02-18 03:00:00,1010.9,16.4,93,3.8,4.0,,,0.0
2022-02-18 04:00:00,1010.7,16.2,95,3.6,1.0,,,0.0
2022-02-18 05:00:00,1011.3,16.0,96,3.5,359.0,,,0.0
2022-02-18 06:00:00,1012.4,15.9,96,3.5,358.0,,,1.0
2022-02-18 07:00:00,1012.6,15.9,96,3.4,6.0,,,0.5
2022-02-18 08:00:00,1013.0,16.1,96,3.1,5.0,,,0.0
2022-02-18 09:00:00,1013.2,16.6,94,2.6,27.0,,,0.0
2022-02-18 10:00:00,1013.2,18.4,87,2.5,21.0,,,0.0
2022-02-18 11:00:00,1012.9,20.4,78,2.4,351.0,,,0.0
2022-02-18 12:00:00,1012.1,21.2,76,3.3,320.0,,,0.0
2022-02-18 13:00:00,1011.5,20.5,76,4.1,317.0,,,0.0
2022-02-18 14:00:00,1010.5,20.8,76,3.1,340.0,,,0.0
2022-02-18 15:00:00,1009.8,22.4,69,3.8,345.0,,,0.0
2022-02-18 16:00:00,1009.7,22.0,71,3.2,327.0,,,0.0
2022-02-18 17:00:00,1009.6,19.9,79,4.2,352.0,,,0.0
2022-02-18 18:00:00,1009.6,19.3,83,3.6,4.0,,,0.0
2022-02-18 19:00:00,1009.7,18.2,89,3.2,351.0,,,0.0
2022-02-18 20:00:00,1010.5,17.7,92,3.9,353.0,,,0.0
2022-02-18 21:00:00,1010.8,17.0,93,3.6,348.0,,,0.0
2022-02-18 22:00:00,1011.2,16.9,94,5.1,355.0,,,0.0
2022-02-18 23:00:00,1010.8,17.1,94,3.5,359.0,,,0.0
2022-02-19 00:00:00,1011.0,17.2,93,3.5,350.0,,,0.0
2022-02-19 01:00:00,1011.4,16.5,95,3.0,351.0,,,0.0
2022-02-19 02:00:00,1010.9,16.1,96,3.7,360.0,,,0.0
2022-02-19 03:00:00,1010.6,16.2,95,3.3,11.0,,,0.0
2022-02-19 04:00:00,1010.6,16.4,95,4.2,356.0,,,0.0
2022-02-19 05:00:00,1011.1,16.3,95,3.7,355.0,,,0.0
2022-02-19 06:00:00,1011.1,16.3,95,3.5,2.0,,,0.0
2022-02-19 07:00:00,1011.7,16.5,94,4.4,360.0,,,0.0
2022-02-19 08:00:00,1012.1,16.7,93,4.3,356.0,,,0.0
2022-02-19 09:00:00,1012.7,16.8,92,5.4,352.0,,,0.0
2022-02-19 10:00:00,1013.3,17.4,89,4.4,2.0,,,0.0
2022-02-19 11:00:00,1013.0,18.6,82,3.9,9.0,,,0.0
2022-02-19 12:00:00,1011.4,20.1,76,3.2,357.0,,,0.0
2022-02-19 13:00:00,1010.7,21.6,71,2.2,346.0,,,0.0
2022-02-19 14:00:00,1009.9,21.2,73,4.2,342.0,,,0.0
2022-02-19 15:00:00,1009.5,18.8,84,3.7,356.0,,,0.0
2022-02-19 16:00:00,1010.0,17.8,88,4.6,356.0,,,0.0
2022-02-19 17:00:00,1010.7,17.2,92,4.1,358.0,,,0.0
2022-02-19 18:00:00,1011.5,15.8,96,4.1,1.0,,,1.5
2022-02-19 19:00:00,1011.7,15.4,97,4.6,1.0,,,1.0
2022-02-19 20:00:00,1011.8,15.3,97,3.6,2.0,,,1.5
2022-02-19 21:00:00,1012.0,14.7,98,4.3,1.0,,,0.5
2022-02-19 22:00:00,1012.0,14.3,98,4.9,2.0,,,2.0
2022-02-19 23:00:00,1012.1,14.1,98,5.4,356.0,,,3.0
2022-02-20 00:00:00,1012.6,13.6,98,5.0,352.0,,,4.5
2022-02-20 01:00:00,1012.9,13.1,97,4.9,1.0,,,3.0
2022-02-20 02:00:00,1012.9,12.9,96,5.2,356.0,,,0.0
2022-02-20 03:00:00,1012.9,12.5,97,6.3,356.0,,,0.5
2022-02-20 04:00:00,1012.7,12.4,97,6.7,360.0,,,0.5
2022-02-20 05:00:00,1012.8,12.2,97,5.1,9.0,,,2.5
2022-02-20 06:00:00,1012.9,12.0,98,5.1,356.0,,,2.5
2022-02-20 07:00:00,1014.2,11.9,98,5.1,355.0,,,0.5
2022-02-20 08:00:00,1014.9,11.6,98,5.1,1.0,,,1.5
2022-02-20 09:00:00,1015.9,11.7,97,5.7,355.0,,,0.0
2022-02-20 10:00:00,1016.7,11.3,96,4.9,3.0,,,0.5
2022-02-20 11:00:00,1016.2,11.3,96,5.0,360.0,,,0.5
2022-02-20 12:00:00,1015.9,11.2,95,5.8,353.0,,,0.0
2022-02-20 13:00:00,1014.9,11.2,94,5.9,2.0,,,0.0
2022-02-20 14:00:00,1014.2,11.2,93,5.6,355.0,,,0.0
2022-02-20 15:00:00,1014.2,10.8,96,5.4,354.0,,,0.0
2022-02-20 16:00:00,1014.4,10.7,97,5.3,357.0,,,0.5
2022-02-20 17:00:00,1015.5,10.7,98,4.9,2.0,,,0.5
2022-02-20 18:00:00,1015.8,10.8,97,6.1,353.0,,,0.0
2022-02-20 19:00:00,1016.6,10.6,98,5.2,352.0,,,0.5
2022-02-20 20:00:00,1017.0,10.6,98,3.8,1.0,,,0.0
2022-02-20 21:00:00,1017.6,10.5,99,4.2,353.0,,,0.5
2022-02-20 22:00:00,1017.9,10.5,99,4.3,2.0,,,0.5
2022-02-20 23:00:00,1017.4,10.5,99,4.2,1.0,,,0.5
2022-02-21 00:00:00,1017.3,10.6,99,2.6,355.0,,,0.0
2022-02-21 01:00:00,1017.3,10.5,100,2.3,346.0,,,0.5
2022-02-21 02:00:00,1017.0,10.5,100,2.6,358.0,,,0.5
2022-02-21 03:00:00,1016.8,10.5,100,2.4,352.0,,,0.5
2022-02-21 04:00:00,1016.4,10.6,100,2.5,5.0,,,0.5
2022-02-21 05:00:00,1016.4,10.8,100,3.3,352.0,,,0.5
2022-02-21 06:00:00,1016.4,10.8,99,2.4,354.0,,,1.0
2022-02-21 07:00:00,1017.1,11.0,99,2.3,355.0,,,0.5
2022-02-21 08:00:00,1017.6,11.1,99,2.8,351.0,,,0.5
2022-02-21 09:00:00,1018.1,11.2,99,3.3,357.0,,,0.5
2022-02-21 10:00:00,1018.5,11.4,99,2.4,354.0,,,0.5
2022-02-21 11:00:00,1017.8,11.7,100,1.7,359.0,,,0.0
2022-02-21 12:00:00,1017.2,12.3,100,2.1,357.0,,,0.5
2022-02-21 13:00:00,1016.8,12.6,99,2.4,355.0,,,0.0
2022-02-21 14:00:00,1015.9,12.9,98,1.9,29.0,,,0.0
2022-02-21 15:00:00,1015.9,13.4,97,2.3,352.0,,,0.0
2022-02-21 16:00:00,1015.6,13.8,94,1.9,6.0,,,0.0
2022-02-21 17:00:00,1015.9,14.2,92,2.5,360.0,,,0.0
2022-02-21 18:00:00,1016.3,14.2,92,2.7,355.0,,,0.0
2022-02-21 19:00:00,1016.9,14.2,92,2.1,351.0,,,0.0
2022-02-21 20:00:00,1017.6,14.2,92,2.8,6.0,,,0.0
2022-02-21 21:00:00,1018.3,14.3,93,2.7,354.0,,,0.0
2022-02-21 22:00:00,1018.5,14.4,94,3.2,351.0,,,0.0
2022-02-21 23:00:00,1018.4,14.5,95,2.9,360.0,,,0.0
2022-02-22 00:00:00,1017.8,14.6,97,3.6,354.0,,,0.0
2022-02-22 01:00:00,1017.5,14.6,98,2.2,6.0,,,0.0
2022-02-22 02:00:00,1017.0,14.7,98,2.3,2.0,,,0.0
2022-02-22 03:00:00,1016.1,14.6,98,2.3,356.0,,,0.0
2022-02-22 04:00:00,1015.8,14.7,98,1.8,12.0,,,0.0
2022-02-22 05:00:00,1015.4,14.7,98,2.7,19.0,,,0.0
2022-02-22 06:00:00,1015.7,14.6,98,2.2,354.0,,,0.0
2022-02-22 07:00:00,1016.2,14.7,98,2.1,2.0,,,0.0
2022-02-22 08:00:00,1017.1,15.0,98,2.7,357.0,,,0.0
2022-02-22 09:00:00,1017.5,15.6,96,3.5,3.0,,,0.0
2022-02-22 10:00:00,1017.5,15.9,95,2.7,13.0,,,0.0
2022-02-22 11:00:00,1017.3,16.5,93,2.8,355.0,,,0.0
2022-02-22 12:00:00,1016.8,17.0,90,3.4,349.0,,,0.0
2022-02-22 13:00:00,1015.7,17.6,88,2.7,10.0,,,0.0
2022-02-22 14:00:00,1014.6,17.8,88,3.0,359.0,,,0.0
2022-02-22 15:00:00,1014.5,17.4,90,3.0,339.0,,,0.0
2022-02-22 16:00:00,1014.5,17.2,91,2.5,331.0,,,0.0
2022-02-22 17:00:00,1014.8,17.0,93,2.3,351.0,,,0.0
2022-02-22 18:00:00,1014.9,17.1,93,2.8,352.0,,,0.0
2022-02-22 19:00:00,-9999.7,-99.7,-9997,-99.7,-999.7,,,0.0
2022-02-22 20:00:00,1015.7,16.5,94,2.6,360.0,,,0.0
2022-02-22 21:00:00,1016.1,16.4,93,2.1,348.0,,,0.0
2022-02-22 22:00:00,1016.5,16.3,92,3.0,355.0,,,0.0
2022-02-22 23:00:00,1016.4,16.1,93,2.3,356.0,,,0.0
2022-02-23 00:00:00,1016.5,16.0,94,3.4,357.0,,,0.0
2022-02-23 01:00:00,1016.2,15.9,94,2.5,6.0,,,0.0
2022-02-23 02:00:00,1015.6,15.8,93,2.6,5.0,,,0.0
2022-02-23 03:00:00,-9999.7,-99.7,-9997,-99.7,-999.7,,,0.0
2022-02-23 04:00:00,1015.2,15.5,92,4.5,358.0,,,0.0
2022-02-23 05:00:00,1015.2,15.3,93,4.0,4.0,,,0.0
2022-02-23 06:00:00,1015.7,14.9,94,3.3,356.0,,,0.0
2022-02-23 07:00:00,1016.9,14.7,94,5.0,353.0,,,0.0
2022-02-23 08:00:00,1017.6,14.4,94,4.8,1.0,,,1.0
2022-02-23 09:00:00,1018.0,14.0,95,6.6,359.0,,,0.5
2022-02-23 10:00:00,1017.8,13.8,96,5.8,1.0,,,-999.6
2022-02-23 11:00:00,1017.3,14.1,96,4.7,353.0,,,0.0
2022-02-23 12:00:00,1016.7,13.9,97,5.2,355.0,,,0.0
2022-02-23 13:00:00,1016.2,14.3,96,3.5,353.0,,,0.5
2022-02-23 14:00:00,1015.4,13.9,98,4.1,5.0,,,3.5
2022-02-23 15:00:00,1015.5,14.0,98,3.2,358.0,,,4.0
2022-02-23 16:00:00,1016.1,14.2,98,3.2,351.0,,,0.5
2022-02-23 17:00:00,1016.6,14.1,98,4.3,2.0,,,1.0
2022-02-23 18:00:00,1017.3,14.0,98,2.8,354.0,,,0.0
2022-02-23 19:00:00,1017.5,13.8,95,4.6,356.0,,,0.0
2022-02-23 20:00:00,1018.2,13.6,93,4.6,353.0,,,0.0
2022-02-23 21:00:00,1018.5,13.4,93,3.3,357.0,,,0.0
2022-02-23 22:00:00,1019.0,13.5,91,4.4,356.0,,,0.0
2022-02-23 23:00:00,1019.5,13.5,89,3.7,353.0,,,0.0
2022-02-24 00:00:00,1019.2,13.5,88,4.2,356.0,,,0.0
2022-02-24 01:00:00,1019.1,13.6,86,3.2,358.0,,,0.0
2022-02-24 02:00:00,1018.6,13.5,86,4.5,351.0,,,0.0
2022-02-24 03:00:00,1018.4,13.4,86,4.2,359.0,,,0.0
2022-02-24 04:00:00,1018.4,13.4,86,3.9,4.0,,,0.0
2022-02-24 05:00:00,1018.3,13.3,88,3.2,2.0,,,0.0
2022-02-24 06:00:00,1018.9,13.2,88,3.2,3.0,,,0.0
2022-02-24 07:00:00,1019.5,13.4,87,3.9,2.0,,,0.0
2022-02-24 08:00:00,1019.9,13.6,84,2.6,3.0,,,0.0
2022-02-24 09:00:00,1020.8,14.4,81,2.5,29.0,,,0.0
2022-02-24 10:00:00,1020.8,15.2,78,3.6,358.0,,,0.0
2022-02-24 11:00:00,1020.5,15.8,76,3.5,350.0,,,0.0
2022-02-24 12:00:00,1019.7,16.8,73,3.6,357.0,,,0.0
2022-02-24 13:00:00,1019.1,18.0,71,2.4,22.0,,,0.0
2022-02-24 14:00:00,1018.2,18.8,69,2.3,347.0,,,0.0
2022-02-24 15:00:00,1017.8,19.0,70,2.0,339.0,,,0.0
2022-02-24 16:00:00,1017.9,19.2,70,1.5,358.0,,,0.0
2022-02-24 17:00:00,1018.4,18.9,72,2.1,23.0,,,0.0
2022-02-24 18:00:00,1018.7,18.1,73,2.5,345.0,,,0.0
2022-02-24 19:00:00,1019.3,17.4,76,2.5,339.0,,,0.0
2022-02-24 20:00:00,1019.8,17.0,76,2.0,349.0,,,0.0
2022-02-24 21:00:00,1020.0,16.3,78,2.9,353.0,,,0.0
2022-02-24 22:00:00,1020.2,15.8,80,2.7,353.0,,,0.0
2022-02-24 23:00:00,1020.3,15.5,80,2.2,354.0,,,0.0
2022-02-25 00:00:00,1020.1,15.0,82,2.9,352.0,,,0.0
2022-02-25 01:00:00,1019.7,14.7,84,2.4,358.0,,,0.0
2022-02-25 02:00:00,1019.3,14.4,85,2.3,1.0,,,-999.6
2022-02-25 03:00:00,1018.6,14.5,85,1.2,14.0,,,0.0
2022-02-25 04:00:00,1018.7,13.8,88,1.9,328.0,,,0.0
2022-02-25 05:00:00,1019.3,13.4,89,1.4,353.0,,,0.0
2022-02-25 06:00:00,1020.2,13.2,90,2.3,357.0,,,0.0
2022-02-25 07:00:00,1020.9,13.1,91,1.5,351.0,,,0.0
2022-02-25 08:00:00,1021.0,14.6,86,1.5,358.0,,,0.0
2022-02-25 09:00:00,1021.4,15.8,80,2.1,355.0,,,0.0
2022-02-25 10:00:00,1021.6,18.1,75,3.3,352.0,,,0.0
2022-02-25 11:00:00,1021.0,19.9,67,2.7,342.0,,,0.0
2022-02-25 12:00:00,1019.8,20.9,65,2.8,331.0,,,0.0
2022-02-25 13:00:00,1018.5,21.1,66,4.0,328.0,,,0.0
2022-02-25 14:00:00,1017.4,21.4,67,3.9,319.0,,,0.0
2022-02-25 15:00:00,1016.8,20.4,73,4.2,328.0,,,0.0
2022-02-25 16:00:00,1016.7,20.2,75,4.6,332.0,,,0.0
2022-02-25 17:00:00,1016.9,19.9,76,3.3,336.0,,,0.0
2022-02-25 18:00:00,1017.3,18.7,79,3.8,353.0,,,0.0
2022-02-25 19:00:00,1018.0,17.5,86,3.8,353.0,,,0.0
2022-02-25 20:00:00,1018.4,16.9,90,3.1,355.0,,,0.0
2022-02-25 21:00:00,1018.6,16.6,92,2.7,1.0,,,0.0
2022-02-25 22:00:00,1018.9,16.4,94,2.8,354.0,,,0.0
2022-02-25 23:00:00,1018.9,16.3,95,2.3,355.0,,,0.0
2022-02-26 00:00:00,1018.5,16.1,96,1.5,356.0,,,0.0
2022-02-26 01:00:00,1018.0,15.9,97,1.4,359.0,,,0.0
2022-02-26 02:00:00,1017.8,15.5,99,2.4,359.0,,,0.0
2022-02-26 03:00:00,1017.3,15.5,99,3.4,351.0,,,0.0
2022-02-26 04:00:00,1017.2,15.8,99,3.1,353.0,,,0.0
2022-02-26 05:00:00,1017.6,16.1,99,3.9,8.0,,,0.0
2022-02-26 06:00:00,1018.0,16.3,97,2.6,356.0,,,0.0
2022-02-26 07:00:00,1018.7,16.1,96,2.9,10.0,,,0.0
2022-02-26 08:00:00,1019.3,16.4,95,3.3,1.0,,,0.0
2022-02-26 09:00:00,1019.6,18.0,87,3.4,38.0,,,0.0
2022-02-26 10:00:00,1019.4,20.1,75,2.4,360.0,,,0.0
2022-02-26 11:00:00,1018.6,21.9,65,2.7,349.0,,,0.0
2022-02-26 12:00:00,-9999.7,-99.7,-9997,-99.7,-999.7,,,0.0
2022-02-26 13:00:00,1016.2,22.3,74,3.8,329.0,,,0.0
2022-02-26 14:00:00,1015.1,22.6,71,3.7,328.0,,,0.0
2022-02-26 15:00:00,1014.8,22.1,72,3.2,323.0,,,0.0
2022-02-26 16:00:00,1014.7,21.5,74,3.3,319.0,,,0.0
2022-02-26 17:00:00,1015.0,20.9,76,2.5,330.0,,,0.0
2022-02-26 18:00:00,1015.1,19.9,81,1.7,323.0,,,0.0
2022-02-26 19:00:00,1015.7,18.7,86,1.6,333.0,,,0.0
2022-02-26 20:00:00,1016.3,18.3,87,1.9,354.0,,,0.0
2022-02-26 21:00:00,1016.6,18.2,88,1.2,355.0,,,0.0
2022-02-26 22:00:00,1016.7,18.1,89,1.6,357.0,,,0.0
2022-02-26 23:00:00,1016.7,18.4,89,1.6,50.0,,,0.0
2022-02-27 00:00:00,1016.3,18.2,90,1.3,39.0,,,0.0
2022-02-27 01:00:00,1015.8,18.0,91,0.6,56.0,,,0.0
2022-02-27 02:00:00,1015.3,17.3,93,1.2,354.0,,,0.0
2022-02-27 03:00:00,1015.3,16.5,96,1.9,346.0,,,0.0
2022-02-27 04:00:00,1015.4,16.6,98,2.0,26.0,,,-999.6
2022-02-27 05:00:00,1015.7,16.3,97,1.4,22.0,,,0.0
2022-02-27 06:00:00,1016.4,15.5,97,2.8,354.0,,,0.0
2022-02-27 07:00:00,1016.9,15.1,99,3.7,354.0,,,0.0
2022-02-27 08:00:00,1017.6,15.4,99,2.3,360.0,,,0.0
2022-02-27 09:00:00,1018.1,16.8,97,2.9,36.0,,,-999.6
2022-02-27 10:00:00,1018.0,19.4,81,1.9,15.0,,,0.0
2022-02-27 11:00:00,1017.4,22.0,67,2.0,45.0,,,0.0
2022-02-27 12:00:00,1016.3,24.3,54,1.6,48.0,,,0.0
2022-02-27 13:00:00,1015.1,26.2,43,2.4,304.0,,,0.0
2022-02-27 14:00:00,1014.1,25.6,60,2.8,283.0,,,0.0
2022-02-27 15:00:00,1013.3,25.4,58,2.1,279.0,,,0.0
2022-02-27 16:00:00,1013.0,24.5,57,3.4,308.0,,,0.0
2022-02-27 17:00:00,1013.4,23.8,59,2.8,327.0,,,0.0
2022-02-27 18:00:00,1013.8,22.6,64,1.6,331.0,,,0.0
2022-02-27 19:00:00,1014.2,21.4,69,2.3,351.0,,,0.0
2022-02-27 20:00:00,1015.0,20.8,68,1.5,8.0,,,0.0
2022-02-27 21:00:00,1015.5,20.3,67,1.1,6.0,,,0.0
2022-02-27 22:00:00,1015.8,19.7,70,1.1,7.0,,,0.0
2022-02-27 23:00:00,1015.7,19.0,76,1.7,356.0,,,0.0
2022-02-28 00:00:00,1015.2,19.0,77,0.0,0.0,,,0.0
2022-02-28 01:00:00,1015.0,18.9,78,0.0,0.0,,,0.0
2022-02-28 02:00:00,1014.7,18.8,80,0.1,0.0,,,0.0
2022-02-28 03:00:00,1014.3,17.5,87,1.2,351.0,,,0.0
2022-02-28 04:00:00,1014.6,17.3,88,1.7,1.0,,,0.0
2022-02-28 05:00:00,1015.4,16.9,93,2.3,18.0,,,0.0
2022-02-28 06:00:00,1016.3,16.4,94,1.6,355.0,,,0.0
2022-02-28 07:00:00,1016.8,16.7,95,1.8,23.0,,,0.0
2022-02-28 08:00:00,1017.3,18.0,90,1.2,4.0,,,0.0
2022-02-28 09:00:00,1017.6,19.6,80,2.0,6.0,,,0.0
2022-02-28 10:00:00,1017.4,22.0,68,2.1,345.0,,,0.0
2022-02-28 11:00:00,1016.8,24.3,58,2.1,21.0,,,0.0
2022-02-28 12:00:00,1015.6,25.6,46,3.1,1.0,,,0.0
2022-02-28 13:00:00,1014.7,26.7,43,1.7,342.0,,,0.0
2022-02-28 14:00:00,1013.5,28.0,41,1.9,318.0,,,0.0
2022-02-28 15:00:00,1012.7,27.2,50,3.5,299.0,,,0.0
2022-02-28 16:00:00,1012.5,26.9,48,2.2,312.0,,,0.0
2022-02-28 17:00:00,1012.5,25.7,48,2.7,312.0,,,0.0
2022-02-28 18:00:00,1012.8,24.3,52,1.7,315.0,,,0.0
2022-02-28 19:00:00,1013.4,23.3,54,1.2,325.0,,,0.0
2022-02-28 20:00:00,1014.0,22.9,56,0.0,0.0,,,0.0
2022-02-28 21:00:00,1014.1,22.8,58,1.0,2.0,,,0.0
2022-02-28 22:00:00,1014.1,22.5,61,0.8,9.0,,,0.0
2022-02-28 23:00:00,1013.9,22.1,65,0.7,2.0,,,0.0
2022-03-01 00:00:00,1013.9,21.4,69,1.0,5.0,,,0.0
2022-03-01 01:00:00,1013.5,21.4,71,0.2,0.0,,,0.0
2022-03-01 02:00:00,1013.2,20.9,75,1.1,79.0,,,0.0
2022-03-01 03:00:00,1012.9,20.8,77,0.9,90.0,,,0.0
2022-03-01 04:00:00,1012.8,20.6,79,0.5,90.0,,,0.0
2022-03-01 05:00:00,1013.0,20.4,80,0.2,0.0,,,0.0
2022-03-01 06:00:00,1013.8,20.3,79,0.6,108.0,,,0.0
2022-03-01 07:00:00,1014.5,20.7,75,1.4,85.0,,,0.0
2022-03-01 08:00:00,1015.1,22.6,66,1.4,53.0,,,0.0
2022-03-01 09:00:00,1015.6,24.0,60,2.0,63.0,,,0.0
2022-03-01 10:00:00,1015.6,25.5,56,1.6,53.0,,,0.0
2022-03-01 11:00:00,1015.0,26.7,51,2.2,346.0,,,0.0
2022-03-01 12:00:00,1014.0,27.6,49,0.5,336.0,,,0.0
2022-03-01 13:00:00,1012.7,28.5,46,2.0,324.0,,,0.0
2022-03-01 14:00:00,1011.9,27.5,55,4.4,286.0,,,0.0
2022-03-01 15:00:00,1011.3,27.3,56,3.5,306.0,,,0.0
2022-03-01 16:00:00,1011.0,26.7,59,4.1,300.0,,,0.0
2022-03-01 17:00:00,1011.2,26.3,60,2.9,305.0,,,0.0
2022-03-01 18:00:00,1011.4,24.4,70,2.6,340.0,,,0.0
2022-03-01 19:00:00,1011.9,23.7,74,1.2,325.0,,,0.0
2022-03-01 20:00:00,1013.0,23.3,78,0.8,319.0,,,0.0
2022-03-01 21:00:00,1013.7,23.2,78,0.9,352.0,,,0.0
2022-03-01 22:00:00,1014.1,23.2,80,0.9,346.0,,,0.0
2022-03-01 23:00:00,1014.1,23.0,80,1.1,351.0,,,0.0
2022-03-02 00:00:00,1014.1,23.1,80,1.4,12.0,,,0.0
2022-03-02 01:00:00,1013.9,22.9,81,1.1,63.0,,,0.0
2022-03-02 02:00:00,1013.4,22.8,82,0.8,38.0,,,0.0
2022-03-02 03:00:00,1013.2,22.7,82,0.7,22.0,,,0.0
2022-03-02 04:00:00,1012.9,21.9,85,2.3,356.0,,,0.0
2022-03-02 05:00:00,1013.3,20.5,92,3.1,4.0,,,0.0
2022-03-02 06:00:00,1013.6,20.3,90,2.9,4.0,,,0.0
2022-03-02 07:00:00,1014.2,20.1,90,1.9,356.0,,,0.0
2022-03-02 08:00:00,1014.8,21.0,86,2.5,353.0,,,0.0
2022-03-02 09:00:00,1015.0,23.2,78,3.7,357.0,,,0.0
2022-03-02 10:00:00,1014.7,25.2,67,2.7,356.0,,,0.0
2022-03-02 11:00:00,1014.0,25.9,64,3.7,353.0,,,0.0
2022-03-02 12:00:00,1013.1,26.8,59,3.8,331.0,,,0.0
2022-03-02 13:00:00,1012.5,25.6,69,4.4,336.0,,,0.0
2022-03-02 14:00:00,1011.7,25.8,65,3.6,331.0,,,0.0
2022-03-02 15:00:00,1011.3,25.9,64,2.8,315.0,,,0.0
2022-03-02 16:00:00,1011.4,25.4,67,3.4,333.0,,,0.0
2022-03-02 17:00:00,1011.6,25.1,68,3.1,330.0,,,0.0
2022-03-02 18:00:00,1011.9,23.7,76,3.0,315.0,,,0.0
2022-03-02 19:00:00,1012.4,21.6,85,1.7,324.0,,,0.0
2022-03-02 20:00:00,1013.0,21.2,86,2.2,338.0,,,0.0
2022-03-02 21:00:00,1013.4,20.4,85,2.5,356.0,,,-999.6
2022-03-02 22:00:00,1013.6,19.7,86,2.1,359.0,,,0.0
2022-03-02 23:00:00,1013.7,19.3,87,2.9,356.0,,,0.0
2022-03-03 00:00:00,1013.6,19.5,87,1.5,5.0,,,0.0
2022-03-03 01:00:00,1013.2,19.5,88,1.7,356.0,,,0.0
2022-03-03 02:00:00,1013.1,19.4,89,1.8,359.0,,,0.0
2022-03-03 03:00:00,1012.9,19.2,90,2.2,358.0,,,0.0
2022-03-03 04:00:00,1012.6,19.1,91,2.5,357.0,,,0.0
2022-03-03 05:00:00,1013.4,19.0,92,1.9,350.0,,,0.0
2022-03-03 06:00:00,1014.4,18.8,92,1.8,356.0,,,0.0
2022-03-03 07:00:00,1014.9,18.7,93,2.9,358.0,,,0.0
2022-03-03 08:00:00,1015.1,19.1,92,3.3,357.0,,,0.0
2022-03-03 09:00:00,1015.4,20.6,84,2.6,352.0,,,0.0
2022-03-03 10:00:00,1015.6,22.7,75,2.2,4.0,,,0.0
2022-03-03 11:00:00,1014.8,24.9,66,2.2,18.0,,,0.0
2022-03-03 12:00:00,1013.6,26.5,55,1.9,341.0,,,0.0
2022-03-03 13:00:00,1012.5,27.2,51,2.5,357.0,,,0.0
2022-03-03 14:00:00,1011.2,27.7,46,3.4,302.0,,,0.0
2022-03-03 15:00:00,1010.4,26.6,60,4.3,306.0,,,0.0
2022-03-03 16:00:00,1010.2,25.4,68,3.7,307.0,,,0.0
2022-03-03 17:00:00,1010.4,23.4,76,3.2,324.0,,,0.0
2022-03-03 18:00:00,1010.6,22.0,81,2.9,327.0,,,0.0
2022-03-03 19:00:00,1011.0,21.5,80,1.5,316.0,,,0.0
2022-03-03 20:00:00,1011.7,21.0,82,1.2,307.0,,,0.0
2022-03-03 21:00:00,1012.0,20.8,87,1.5,330.0,,,0.0
2022-03-03 22:00:00,1012.4,20.7,85,1.7,347.0,,,0.0
2022-03-03 23:00:00,1012.5,20.8,84,0.9,38.0,,,0.0
2022-03-04 00:00:00,1012.4,20.7,84,1.2,354.0,,,0.0
2022-03-04 01:00:00,1012.2,20.4,85,1.3,352.0,,,0.0
2022-03-04 02:00:00,1011.9,19.9,87,1.5,347.0,,,0.0
2022-03-04 03:00:00,1011.7,19.6,90,0.9,10.0,,,-999.6
2022-03-04 04:00:00,1011.3,19.6,91,0.6,344.0,,,0.0
2022-03-04 05:00:00,1011.6,19.3,91,1.6,357.0,,,0.0
2022-03-04 06:00:00,1012.3,19.3,93,0.2,0.0,,,0.0
2022-03-04 07:00:00,1012.7,19.8,92,0.7,57.0,,,0.0
2022-03-04 08:00:00,1013.1,21.1,86,0.9,6.0,,,0.0
2022-03-04 09:00:00,1013.2,22.8,78,1.0,356.0,,,0.0
2022-03-04 10:00:00,1013.1,24.3,68,2.4,352.0,,,0.0
2022-03-04 11:00:00,1012.4,25.7,55,3.0,318.0,,,0.0
2022-03-04 12:00:00,1011.5,26.9,50,3.4,328.0,,,0.0
2022-03-04 13:00:00,1010.3,27.7,47,2.2,354.0,,,0.0
2022-03-04 14:00:00,1009.3,28.0,46,2.5,297.0,,,0.0
2022-03-04 15:00:00,1008.5,27.9,50,4.1,300.0,,,0.0
2022-03-04 16:00:00,1008.5,27.5,52,3.6,293.0,,,0.0
2022-03-04 17:00:00,1008.4,27.0,54,2.9,306.0,,,0.0
2022-03-04 18:00:00,-9999.7,-99.7,-9997,-99.7,-999.7,,,0.0
2022-03-04 19:00:00,1009.0,24.1,72,2.3,333.0,,,0.0
2022-03-04 20:00:00,1009.4,23.4,74,1.9,360.0,,,0.0
2022-03-04 21:00:00,1009.4,23.2,74,2.1,357.0,,,0.0
2022-03-04 22:00:00,1009.5,23.0,74,2.5,345.0,,,0.0
2022-03-04 23:00:00,1009.5,22.5,80,1.3,358.0,,,0.0
2022-03-05 00:00:00,1009.1,22.1,80,1.4,356.0,,,0.0
2022-03-05 01:00:00,1008.8,22.0,77,2.3,357.0,,,0.0
2022-03-05 02:00:00,1008.6,21.7,79,1.7,354.0,,,0.0
2022-03-05 03:00:00,1008.4,21.2,82,1.5,358.0,,,0.0
2022-03-05 04:00:00,1008.5,21.1,82,1.9,353.0,,,0.0
2022-03-05 05:00:00,1009.1,20.7,84,1.8,5.0,,,0.0
2022-03-05 06:00:00,1009.8,20.7,85,1.5,358.0,,,0.0
2022-03-05 07:00:00,1010.4,20.6,86,1.9,346.0,,,0.0
2022-03-05 08:00:00,-9999.7,-99.7,-9997,-99.7,-999.7,,,0.0
2022-03-05 09:00:00,1011.5,23.3,71,2.7,353.0,,,0.0
2022-03-05 10:00:00,1011.3,24.7,64,3.6,355.0,,,0.0
2022-03-05 11:00:00,1011.0,26.5,58,2.4,325.0,,,0.0
2022-03-05 12:00:00,1010.1,26.8,61,2.3,7.0,,,0.0
2022-03-05 13:00:00,1009.4,26.2,70,4.2,319.0,,,0.0
2022-03-05 14:00:00,1008.7,26.5,67,3.9,327.0,,,0.0
2022-03-05 15:00:00,1008.3,25.5,70,3.2,333.0,,,0.0
2022-03-05 16:00:00,1008.1,26.3,63,3.6,348.0,,,0.0
2022-03-05 17:00:00,1008.4,26.2,64,2.9,334.0,,,0.0
2022-03-05 18:00:00,-9999.7,-99.7,-9997,-99.7,-999.7,,,0.0
2022-03-05 19:00:00,1009.6,23.3,80,2.1,333.0,,,0.0
2022-03-05 20:00:00,1010.3,22.8,80,2.3,6.0,,,0.0
2022-03-05 21:00:00,1010.8,22.5,80,2.5,3.0,,,0.0
2022-03-05 22:00:00,1011.2,21.5,84,2.4,358.0,,,0.0
2022-03-05 23:00:00,1011.2,21.1,87,2.1,359.0,,,0.0
2022-03-06 00:00:00,1010.8,20.8,89,2.3,3.0,,,0.0
2022-03-06 01:00:00,1010.7,20.5,90,1.7,347.0,,,0.0
2022-03-06 02:00:00,1010.9,20.3,92,1.7,339.0,,,0.0
2022-03-06 03:00:00,1010.9,20.0,91,1.2,8.0,,,0.0
2022-03-06 04:00:00,1011.0,20.1,89,1.4,350.0,,,0.0
2022-03-06 05:00:00,1011.2,19.9,87,2.1,19.0,,,0.0
2022-03-06 06:00:00,1011.5,19.9,86,1.3,358.0,,,0.0
2022-03-06 07:00:00,1012.0,20.2,87,1.2,54.0,,,0.0
2022-03-06 08:00:00,1012.8,21.3,85,1.4,341.0,,,0.0
2022-03-06 09:00:00,1013.4,22.1,80,2.0,357.0,,,0.0
2022-03-06 10:00:00,1012.8,24.9,70,1.0,348.0,,,0.0
2022-03-06 11:00:00,1012.0,26.2,66,2.1,282.0,,,0.0
2022-03-06 12:00:00,1011.4,25.9,65,3.4,299.0,,,0.0
2022-03-06 13:00:00,1010.7,25.0,68,3.3,303.0,,,0.0
2022-03-06 14:00:00,1009.5,24.8,70,3.7,297.0,,,0.0
2022-03-06 15:00:00,1009.2,25.4,65,2.8,309.0,,,0.0
2022-03-06 16:00:00,1009.1,25.7,63,2.4,299.0,,,0.0
2022-03-06 17:00:00,1009.6,24.6,70,4.3,296.0,,,0.0
2022-03-06 18:00:00,1010.1,22.2,82,3.7,339.0,,,0.0
2022-03-06 19:00:00,1010.6,22.1,82,2.4,352.0,,,0.0
2022-03-06 20:00:00,1011.6,21.6,82,3.8,356.0,,,0.0
2022-03-06 21:00:00,1012.3,20.4,83,3.1,3.0,,,0.0
2022-03-06 22:00:00,1012.6,20.3,85,2.3,355.0,,,0.0
2022-03-06 23:00:00,1013.0,19.6,86,2.9,356.0,,,0.0
2022-03-07 00:00:00,1012.4,19.4,87,2.7,5.0,,,0.0
