,StnPres,Tx,RH,WS,WD,WSGust,WDGust,Precp,SunShine,GloblRad,TxSoil0cm,TxSoil10cm,TxSoil20cm,TxSoil50cm,TxSoil100cm
2025-01-01 01:00:00,1013.2,15.8,62.0,0.7,38.0,3.6,333.0,0.0,-99.8,-99.8,-99.8,-99.8,-99.8,-99.8,-99.8
2025-01-01 02:00:00,1013.3,15.8,62.0,0.8,328.0,2.4,312.0,0.0,-99.8,-99.8,-99.8,-99.8,-99.8,-99.8,-99.8
2025-01-01 03:00:00,1012.9,15.5,63.0,0.9,335.0,2.8,325.0,0.0,-99.8,-99.8,-99.8,-99.8,-99.8,-99.8,-99.8
2025-01-01 04:00:00,1012.7,15.4,65.0,1.0,359.0,3.9,351.0,0.0,-99.8,-99.8,-99.8,-99.8,-99.8,-99.8,-99.8
2025-01-01 05:00:00,1012.9,15.5,65.0,0.7,357.0,2.9,345.0,0.0,-99.8,-99.8,-99.8,-99.8,-99.8,-99.8,-99.8
2025-01-01 06:00:00,1013.1,15.5,66.0,0.8,354.0,2.5,359.0,0.0,-99.8,-99.8,-99.8,-99.8,-99.8,-99.8,-99.8
2025-01-01 07:00:00,1013.5,15.6,67.0,0.9,20.0,2.3,37.0,0.0,-99.8,-99.8,-99.8,-99.8,-99.8,-99.8,-99.8
2025-01-01 08:00:00,1013.9,15.6,68.0,0.8,354.0,2.6,330.0,0.0,-99.8,-99.8,-99.8,-99.8,-99.8,-99.8,-99.8
2025-01-01 09:00:00,1014.2,16.1,67.0,1.2,2.0,3.5,352.0,0.0,-99.8,-99.8,-99.8,-99.8,-99.8,-99.8,-99.8
2025-01-01 10:00:00,1014.2,16.8,69.0,1.2,342.0,2.9,341.0,0.0,-99.8,-99.8,-99.8,-99.8,-99.8,-99.8,-99.8
2025-01-01 11:00:00,1013.7,18.0,66.0,1.1,2.0,4.1,1.0,0.0,-99.8,-99.8,-99.8,-99.8,-99.8,-99.8,-99.8
2025-01-01 12:00:00,1012.9,18.4,65.0,1.4,25.0,3.5,342.0,0.0,-99.8,-99.8,-99.8,-99.8,-99.8,-99.8,-99.8
2025-01-01 13:00:00,1012.1,18.6,66.0,1.9,5.0,4.3,37.0,0.0,-99.8,-99.8,-99.8,-99.8,-99.8,-99.8,-99.8
2025-01-01 14:00:00,1011.5,18.9,69.0,1.7,352.0,4.0,342.0,0.0,-99.8,-99.8,-99.8,-99.8,-99.8,-99.8,-99.8
2025-01-01 15:00:00,1011.4,18.5,70.0,2.2,333.0,4.7,330.0,0.0,-99.8,-99.8,-99.8,-99.8,-99.8,-99.8,-99.8
2025-01-01 16:00:00,1011.9,18.6,69.0,1.9,347.0,4.7,345.0,0.0,-99.8,-99.8,-99.8,-99.8,-99.8,-99.8,-99.8
2025-01-01 17:00:00,1012.5,18.3,73.0,1.2,29.0,3.6,11.0,0.0,-99.8,-99.8,-99.8,-99.8,-99.8,-99.8,-99.8
2025-01-01 18:00:00,1013.0,16.6,89.0,0.7,53.0,3.2,35.0,0.0,-99.8,-99.8,-99.8,-99.8,-99.8,-99.8,-99.8
2025-01-01 19:00:00,1013.9,16.3,93.0,1.5,3.0,3.4,4.0,0.5,-99.8,-99.8,-99.8,-99.8,-99.8,-99.8,-99.8
2025-01-01 20:00:00,1014.2,16.3,96.0,0.8,2.0,2.8,342.0,1.0,-99.8,-99.8,-99.8,-99.8,-99.8,-99.8,-99.8
2025-01-01 21:00:00,1014.1,16.4,97.0,1.0,1.0,2.7,5.0,0.5,-99.8,-99.8,-99.8,-99.8,-99.8,-99.8,-99.8
2025-01-01 22:00:00,1014.1,16.3,99.0,1.0,336.0,2.6,3.0,2.0,-99.8,-99.8,-99.8,-99.8,-99.8,-99.8,-99.8
2025-01-01 23:00:00,1014.0,16.1,99.0,0.9,343.0,2.6,2.0,1.5,-99.8,-99.8,-99.8,-99.8,-99.8,-99.8,-99.8
2025-01-02 00:00:00,1014.0,16.1,99.0,1.1,359.0,2.6,2.0,2.5,-99.8,-99.8,-99.8,-99.8,-99.8,-99.8,-99.8
2025-01-02 01:00:00,1013.9,16.1,99.0,1.4,353.0,3.6,5.0,2.5,-99.8,-99.8,-99.8,-99.8,-99.8,-99.8,-99.8
2025-01-02 02:00:00,1013.6,16.0,99.0,1.9,351.0,4.3,5.0,2.0,-99.8,-99.8,-99.8,-99.8,-99.8,-99.8,-99.8
2025-01-02 03:00:00,1013.3,16.0,99.0,0.4,49.0,3.7,358.0,4.0,-99.8,-99.8,-99.8,-99.8,-99.8,-99.8,-99.8
2025-01-02 04:00:00,1012.6,16.0,99.0,1.7,349.0,4.0,3.0,1.5,-99.8,-99.8,-99.8,-99.8,-99.8,-99.8,-99.8
2025-01-02 05:00:00,1013.1,16.1,99.0,1.5,359.0,4.3,356.0,0.0,-99.8,-99.8,-99.8,-99.8,-99.8,-99.8,-99.8
2025-01-02 06:00:00,1013.3,16.2,97.0,1.4,339.0,3.8,347.0,0.5,-99.8,-99.8,-99.8,-99.8,-99.8,-99.8,-99.8
2025-01-02 07:00:00,1013.7,15.9,96.0,2.0,359.0,4.7,335.0,0.0,-99.8,-99.8,-99.8,-99.8,-99.8,-99.8,-99.8
2025-01-02 08:00:00,1014.1,15.9,95.0,1.7,356.0,3.7,350.0,0.5,-99.8,-99.8,-99.8,-99.8,-99.8,-99.8,-99.8
2025-01-02 09:00:00,1014.5,16.0,94.0,1.6,327.0,3.9,328.0,0.0,-99.8,-99.8,-99.8,-99.8,-99.8,-99.8,-99.8
2025-01-02 10:00:00,1014.6,16.4,91.0,1.9,17.0,5.4,312.0,0.0,-99.8,-99.8,-99.8,-99.8,-99.8,-99.8,-99.8
2025-01-02 11:00:00,1013.9,17.1,88.0,1.6,360.0,4.4,10.0,0.0,-99.8,-99.8,-99.8,-99.8,-99.8,-99.8,-99.8
2025-01-02 12:00:00,1012.7,17.7,86.0,1.6,6.0,4.2,7.0,0.0,-99.8,-99.8,-99.8,-99.8,-99.8,-99.8,-99.8
2025-01-02 13:00:00,1011.5,18.1,85.0,1.3,341.0,4.1,323.0,0.0,-99.8,-99.8,-99.8,-99.8,-99.8,-99.8,-99.8
2025-01-02 14:00:00,1011.0,18.2,83.0,1.3,345.0,3.5,350.0,0.0,-99.8,-99.8,-99.8,-99.8,-99.8,-99.8,-99.8
2025-01-02 15:00:00,1010.5,18.3,83.0,1.3,357.0,3.3,35.0,0.0,-99.8,-99.8,-99.8,-99.8,-99.8,-99.8,-99.8
2025-01-02 16:00:00,1010.5,18.6,82.0,1.2,9.0,3.9,349.0,0.0,-99.8,-99.8,-99.8,-99.8,-99.8,-99.8,-99.8
2025-01-02 17:00:00,1011.1,18.6,82.0,1.0,4.0,3.5,3.0,0.0,-99.8,-99.8,-99.8,-99.8,-99.8,-99.8,-99.8
2025-01-02 18:00:00,1011.6,18.2,82.0,1.0,358.0,3.0,2.0,0.0,-99.8,-99.8,-99.8,-99.8,-99.8,-99.8,-99.8
2025-01-02 19:00:00,1012.4,17.8,82.0,1.4,340.0,3.6,349.0,0.0,-99.8,-99.8,-99.8,-99.8,-99.8,-99.8,-99.8
2025-01-02 20:00:00,1012.6,17.5,84.0,1.0,353.0,3.6,341.0,0.0,-99.8,-99.8,-99.8,-99.8,-99.8,-99.8,-99.8
2025-01-02 21:00:00,1013.1,17.3,82.0,1.7,5.0,4.9,348.0,0.0,-99.8,-99.8,-99.8,-99.8,-99.8,-99.8,-99.8
2025-01-02 22:00:00,1013.4,17.3,80.0,1.9,358.0,4.1,355.0,0.0,-99.8,-99.8,-99.8,-99.8,-99.8,-99.8,-99.8
2025-01-02 23:00:00,1013.2,17.2,79.0,1.6,16.0,3.9,340.0,0.0,-99.8,-99.8,-99.8,-99.8,-99.8,-99.8,-99.8
2025-01-03 00:00:00,1012.9,17.0,81.0,1.5,352.0,3.7,359.0,0.0,-99.8,-99.8,-99.8,-99.8,-99.8,-99.8,-99.8
2025-01-03 01:00:00,1013.0,16.8,84.0,2.0,356.0,4.8,8.0,0.0,-99.8,-99.8,-99.8,-99.8,-99.8,-99.8,-99.8
2025-01-03 02:00:00,1012.7,16.6,87.0,2.0,2.0,6.1,358.0,0.0,-99.8,-99.8,-99.8,-99.8,-99.8,-99.8,-99.8
2025-01-03 03:00:00,1012.1,16.5,86.0,2.2,1.0,5.4,6.0,0.0,-99.8,-99.8,-99.8,-99.8,-99.8,-99.8,-99.8
2025-01-03 04:00:00,1012.2,16.5,86.0,1.3,2.0,5.2,354.0,0.0,-99.8,-99.8,-99.8,-99.8,-99.8,-99.8,-99.8
2025-01-03 05:00:00,1012.1,16.3,86.0,2.2,358.0,4.7,356.0,0.0,-99.8,-99.8,-99.8,-99.8,-99.8,-99.8,-99.8
2025-01-03 06:00:00,1012.3,16.1,84.0,1.7,1.0,6.1,7.0,0.0,-99.8,-99.8,-99.8,-99.8,-99.8,-99.8,-99.8
2025-01-03 07:00:00,1012.9,16.0,83.0,2.0,348.0,5.8,5.0,0.0,-99.8,-99.8,-99.8,-99.8,-99.8,-99.8,-99.8
2025-01-03 08:00:00,1013.5,16.2,78.0,1.8,2.0,4.9,355.0,0.0,-99.8,-99.8,-99.8,-99.8,-99.8,-99.8,-99.8
2025-01-03 09:00:00,1014.3,16.6,75.0,2.2,360.0,5.7,351.0,0.0,-99.8,-99.8,-99.8,-99.8,-99.8,-99.8,-99.8
2025-01-03 10:00:00,1014.3,17.2,70.0,2.3,352.0,5.9,360.0,0.0,-99.8,-99.8,-99.8,-99.8,-99.8,-99.8,-99.8
2025-01-03 11:00:00,1013.7,17.9,68.0,2.4,356.0,6.4,349.0,0.0,-99.8,-99.8,-99.8,-99.8,-99.8,-99.8,-99.8
2025-01-03 12:00:00,1013.1,18.7,64.0,2.5,348.0,5.9,360.0,0.0,-99.8,-99.8,-99.8,-99.8,-99.8,-99.8,-99.8
2025-01-03 13:00:00,1012.1,20.1,59.0,1.7,358.0,6.3,358.0,0.0,-99.8,-99.8,-99.8,-99.8,-99.8,-99.8,-99.8
2025-01-03 14:00:00,1011.4,20.3,59.0,2.4,348.0,6.7,297.0,0.0,-99.8,-99.8,-99.8,-99.8,-99.8,-99.8,-99.8
2025-01-03 15:00:00,1011.1,19.6,59.0,3.4,341.0,7.5,336.0,0.0,-99.8,-99.8,-99.8,-99.8,-99.8,-99.8,-99.8
2025-01-03 16:00:00,1011.6,19.2,59.0,3.0,347.0,8.6,323.0,0.0,-99.8,-99.8,-99.8,-99.8,-99.8,-99.8,-99.8
2025-01-03 17:00:00,1011.8,18.4,60.0,2.0,3.0,6.4,6.0,0.0,-99.8,-99.8,-99.8,-99.8,-99.8,-99.8,-99.8
2025-01-03 18:00:00,1012.5,17.2,63.0,1.4,359.0,5.3,349.0,0.0,-99.8,-99.8,-99.8,-99.8,-99.8,-99.8,-99.8
2025-01-03 19:00:00,1012.6,16.2,65.0,1.3,359.0,4.2,5.0,0.0,-99.8,-99.8,-99.8,-99.8,-99.8,-99.8,-99.8
2025-01-03 20:00:00,1012.9,15.7,66.0,1.4,331.0,3.4,360.0,0.0,-99.8,-99.8,-99.8,-99.8,-99.8,-99.8,-99.8
2025-01-03 21:00:00,1013.6,15.2,68.0,1.0,4.0,2.9,6.0,0.0,-99.8,-99.8,-99.8,-99.8,-99.8,-99.8,-99.8
2025-01-03 22:00:00,1013.7,14.8,70.0,0.7,5.0,2.1,354.0,0.0,-99.8,-99.8,-99.8,-99.8,-99.8,-99.8,-99.8
2025-01-03 23:00:00,1013.5,14.5,71.0,0.5,13.0,2.4,349.0,0.0,-99.8,-99.8,-99.8,-99.8,-99.8,-99.8,-99.8
2025-01-04 00:00:00,1012.9,13.7,78.0,0.0,0.0,1.8,39.0,0.0,-99.8,-99.8,-99.8,-99.8,-99.8,-99.8,-99.8
2025-01-04 01:00:00,1013.0,13.8,78.0,0.6,36.0,3.1,11.0,0.0,-99.8,-99.8,-99.8,-99.8,-99.8,-99.8,-99.8
2025-01-04 02:00:00,1012.7,14.2,78.0,0.4,89.0,2.6,100.0,0.0,-99.8,-99.8,-99.8,-99.8,-99.8,-99.8,-99.8
2025-01-04 03:00:00,1012.6,14.4,78.0,0.0,0.0,1.0,93.0,0.0,-99.8,-99.8,-99.8,-99.8,-99.8,-99.8,-99.8
2025-01-04 04:00:00,1012.5,14.2,82.0,0.4,37.0,1.6,31.0,0.0,-99.8,-99.8,-99.8,-99.8,-99.8,-99.8,-99.8
2025-01-04 05:00:00,1012.7,13.9,85.0,0.4,42.0,2.4,2.0,0.0,-99.8,-99.8,-99.8,-99.8,-99.8,-99.8,-99.8
2025-01-04 06:00:00,1013.1,13.9,87.0,0.3,356.0,1.5,61.0,0.0,-99.8,-99.8,-99.8,-99.8,-99.8,-99.8,-99.8
2025-01-04 07:00:00,1014.3,13.1,82.0,1.5,356.0,3.9,295.0,0.0,-99.8,-99.8,-99.8,-99.8,-99.8,-99.8,-99.8
2025-01-04 08:00:00,1014.9,14.3,81.0,0.6,59.0,2.5,41.0,0.0,-99.8,-99.8,-99.8,-99.8,-99.8,-99.8,-99.8
2025-01-04 09:00:00,1015.1,15.7,77.0,0.5,54.0,2.2,47.0,0.0,-99.8,-99.8,-99.8,-99.8,-99.8,-99.8,-99.8
2025-01-04 10:00:00,1015.4,18.1,70.0,0.3,19.0,2.2,112.0,0.0,-99.8,-99.8,-99.8,-99.8,-99.8,-99.8,-99.8
2025-01-04 11:00:00,1015.2,20.0,70.0,1.0,61.0,3.5,29.0,0.0,-99.8,-99.8,-99.8,-99.8,-99.8,-99.8,-99.8
2025-01-04 12:00:00,1014.1,22.3,60.0,0.6,20.0,4.3,20.0,0.0,-99.8,-99.8,-99.8,-99.8,-99.8,-99.8,-99.8
2025-01-04 13:00:00,1013.1,23.0,57.0,1.0,350.0,2.9,45.0,0.0,-99.8,-99.8,-99.8,-99.8,-99.8,-99.8,-99.8
2025-01-04 14:00:00,1012.3,23.6,55.0,1.3,289.0,4.7,316.0,0.0,-99.8,-99.8,-99.8,-99.8,-99.8,-99.8,-99.8
2025-01-04 15:00:00,1011.9,23.9,56.0,1.3,316.0,3.4,310.0,0.0,-99.8,-99.8,-99.8,-99.8,-99.8,-99.8,-99.8
2025-01-04 16:00:00,1011.9,21.9,63.0,2.3,302.0,6.2,288.0,0.0,-99.8,-99.8,-99.8,-99.8,-99.8,-99.8,-99.8
2025-01-04 17:00:00,1012.1,20.8,64.0,1.7,329.0,4.3,299.0,0.0,-99.8,-99.8,-99.8,-99.8,-99.8,-99.8,-99.8
2025-01-04 18:00:00,1012.5,19.0,74.0,1.4,296.0,4.4,329.0,0.0,-99.8,-99.8,-99.8,-99.8,-99.8,-99.8,-99.8
2025-01-04 19:00:00,1013.4,17.8,83.0,0.9,271.0,2.9,306.0,0.0,-99.8,-99.8,-99.8,-99.8,-99.8,-99.8,-99.8
2025-01-04 20:00:00,1014.4,17.3,87.0,0.8,279.0,2.1,288.0,0.0,-99.8,-99.8,-99.8,-99.8,-99.8,-99.8,-99.8
2025-01-04 21:00:00,1014.8,16.6,90.0,0.7,128.0,1.6,288.0,0.0,-99.8,-99.8,-99.8,-99.8,-99.8,-99.8,-99.8
2025-01-04 22:00:00,1014.4,16.4,90.0,1.4,125.0,3.0,125.0,0.0,-99.8,-99.8,-99.8,-99.8,-99.8,-99.8,-99.8
2025-01-04 23:00:00,1014.2,16.3,90.0,0.4,244.0,2.7,170.0,0.0,-99.8,-99.8,-99.8,-99.8,-99.8,-99.8,-99.8
2025-01-05 00:00:00,1015.4,15.6,92.0,0.5,255.0,4.2,249.0,0.0,-99.8,-99.8,-99.8,-99.8,-99.8,-99.8,-99.8
2025-01-05 01:00:00,1016.5,16.0,92.0,0.4,110.0,1.7,130.0,0.0,-99.8,-99.8,-99.8,-99.8,-99.8,-99.8,-99.8
2025-01-05 02:00:00,1016.0,15.8,93.0,0.9,119.0,1.7,119.0,0.0,-99.8,-99.8,-99.8,-99.8,-99.8,-99.8,-99.8
2025-01-05 03:00:00,1015.0,16.3,90.0,0.6,78.0,1.7,85.0,0.0,-99.8,-99.8,-99.8,-99.8,-99.8,-99.8,-99.8
2025-01-05 04:00:00,1014.8,16.1,92.0,1.0,299.0,2.0,289.0,0.0,-99.8,-99.8,-99.8,-99.8,-99.8,-99.8,-99.8
2025-01-05 05:00:00,1015.1,16.1,91.0,1.0,357.0,3.2,327.0,0.0,-99.8,-99.8,-99.8,-99.8,-99.8,-99.8,-99.8
2025-01-05 06:00:00,1015.4,15.7,93.0,0.6,34.0,2.3,349.0,0.0,-99.8,-99.8,-99.8,-99.8,-99.8,-99.8,-99.8
2025-01-05 07:00:00,1015.1,15.3,94.0,1.3,35.0,4.1,21.0,0.0,-99.8,-99.8,-99.8,-99.8,-99.8,-99.8,-99.8
2025-01-05 08:00:00,1015.2,15.9,93.0,1.3,22.0,4.1,352.0,0.0,-99.8,-99.8,-99.8,-99.8,-99.8,-99.8,-99.8
2025-01-05 09:00:00,1015.3,17.1,88.0,1.7,347.0,3.7,344.0,0.0,-99.8,-99.8,-99.8,-99.8,-99.8,-99.8,-99.8
2025-01-05 10:00:00,1015.4,18.7,81.0,0.9,19.0,3.2,317.0,0.0,-99.8,-99.8,-99.8,-99.8,-99.8,-99.8,-99.8
2025-01-05 11:00:00,1014.9,20.5,73.0,0.6,343.0,2.6,354.0,0.0,-99.8,-99.8,-99.8,-99.8,-99.8,-99.8,-99.8
2025-01-05 12:00:00,1014.3,20.4,73.0,1.8,337.0,4.2,296.0,0.0,-99.8,-99.8,-99.8,-99.8,-99.8,-99.8,-99.8
2025-01-05 13:00:00,1012.9,20.8,73.0,2.1,324.0,4.8,323.0,0.0,-99.8,-99.8,-99.8,-99.8,-99.8,-99.8,-99.8
2025-01-05 14:00:00,1012.0,21.2,72.0,2.1,341.0,5.8,3.0,0.0,-99.8,-99.8,-99.8,-99.8,-99.8,-99.8,-99.8
2025-01-05 15:00:00,1011.6,19.2,78.0,3.7,330.0,8.3,324.0,0.0,-99.8,-99.8,-99.8,-99.8,-99.8,-99.8,-99.8
2025-01-05 16:00:00,1012.2,18.8,77.0,2.5,350.0,8.8,348.0,0.0,-99.8,-99.8,-99.8,-99.8,-99.8,-99.8,-99.8
2025-01-05 17:00:00,1012.4,18.3,79.0,2.4,358.0,6.3,350.0,0.0,-99.8,-99.8,-99.8,-99.8,-99.8,-99.8,-99.8
2025-01-05 18:00:00,1012.7,17.4,82.0,2.2,348.0,5.6,358.0,0.0,-99.8,-99.8,-99.8,-99.8,-99.8,-99.8,-99.8
2025-01-05 19:00:00,1012.9,17.4,82.0,0.9,37.0,5.2,42.0,0.0,-99.8,-99.8,-99.8,-99.8,-99.8,-99.8,-99.8
2025-01-05 20:00:00,1013.0,17.3,84.0,0.9,19.0,4.2,347.0,0.0,-99.8,-99.8,-99.8,-99.8,-99.8,-99.8,-99.8
2025-01-05 21:00:00,1013.5,16.9,85.0,1.8,348.0,4.1,315.0,0.0,-99.8,-99.8,-99.8,-99.8,-99.8,-99.8,-99.8
2025-01-05 22:00:00,1014.1,16.5,86.0,2.0,356.0,4.6,4.0,0.0,-99.8,-99.8,-99.8,-99.8,-99.8,-99.8,-99.8
2025-01-05 23:00:00,1014.4,16.2,87.0,1.6,4.0,4.3,350.0,0.0,-99.8,-99.8,-99.8,-99.8,-99.8,-99.8,-99.8
2025-01-06 00:00:00,1013.9,16.2,87.0,1.0,19.0,3.7,358.0,0.0,-99.8,-99.8,-99.8,-99.8,-99.8,-99.8,-99.8
2025-01-06 01:00:00,1013.8,16.3,83.0,2.2,356.0,5.3,360.0,0.0,-99.8,-99.8,-99.8,-99.8,-99.8,-99.8,-99.8
2025-01-06 02:00:00,1013.2,15.7,84.0,1.8,27.0,5.2,2.0,0.0,-99.8,-99.8,-99.8,-99.8,-99.8,-99.8,-99.8
2025-01-06 03:00:00,1013.0,15.2,84.0,2.4,360.0,5.0,4.0,0.0,-99.8,-99.8,-99.8,-99.8,-99.8,-99.8,-99.8
2025-01-06 04:00:00,1013.1,15.0,89.0,1.7,10.0,4.6,2.0,0.0,-99.8,-99.8,-99.8,-99.8,-99.8,-99.8,-99.8
2025-01-06 05:00:00,1013.2,14.9,89.0,1.6,13.0,4.9,9.0,0.0,-99.8,-99.8,-99.8,-99.8,-99.8,-99.8,-99.8
2025-01-06 06:00:00,1013.5,14.5,90.0,1.5,4.0,4.1,40.0,0.0,-99.8,-99.8,-99.8,-99.8,-99.8,-99.8,-99.8
2025-01-06 07:00:00,1014.1,14.3,90.0,1.5,4.0,4.1,355.0,0.0,-99.8,-99.8,-99.8,-99.8,-99.8,-99.8,-99.8
2025-01-06 08:00:00,1014.4,15.3,85.0,1.6,22.0,4.7,37.0,0.0,-99.8,-99.8,-99.8,-99.8,-99.8,-99.8,-99.8
2025-01-06 09:00:00,1014.4,16.9,76.0,1.6,16.0,5.3,342.0,0.0,-99.8,-99.8,-99.8,-99.8,-99.8,-99.8,-99.8
2025-01-06 10:00:00,1014.5,18.6,68.0,2.1,349.0,4.6,1.0,0.0,-99.8,-99.8,-99.8,-99.8,-99.8,-99.8,-99.8
2025-01-06 11:00:00,1014.4,20.4,60.0,2.2,338.0,6.3,5.0,0.0,-99.8,-99.8,-99.8,-99.8,-99.8,-99.8,-99.8
2025-01-06 12:00:00,1013.0,21.6,51.0,2.3,355.0,6.4,14.0,0.0,-99.8,-99.8,-99.8,-99.8,-99.8,-99.8,-99.8
2025-01-06 13:00:00,1011.9,22.1,50.0,2.3,341.0,6.6,342.0,0.0,-99.8,-99.8,-99.8,-99.8,-99.8,-99.8,-99.8
2025-01-06 14:00:00,1011.5,21.5,52.0,3.1,344.0,7.6,317.0,0.0,-99.8,-99.8,-99.8,-99.8,-99.8,-99.8,-99.8
2025-01-06 15:00:00,1011.6,20.7,53.0,2.8,320.0,7.1,313.0,0.0,-99.8,-99.8,-99.8,-99.8,-99.8,-99.8,-99.8
2025-01-06 16:00:00,1011.2,19.8,56.0,2.8,358.0,7.3,2.0,0.0,-99.8,-99.8,-99.8,-99.8,-99.8,-99.8,-99.8
2025-01-06 17:00:00,1010.7,19.3,57.0,2.2,359.0,6.1,5.0,0.0,-99.8,-99.8,-99.8,-99.8,-99.8,-99.8,-99.8
2025-01-06 18:00:00,1012.7,17.5,62.0,2.3,351.0,5.0,319.0,0.0,-99.8,-99.8,-99.8,-99.8,-99.8,-99.8,-99.8
2025-01-06 19:00:00,1013.2,17.1,64.0,0.4,36.0,4.9,350.0,0.0,-99.8,-99.8,-99.8,-99.8,-99.8,-99.8,-99.8
2025-01-06 20:00:00,1013.5,16.3,65.0,1.5,356.0,3.1,7.0,0.0,-99.8,-99.8,-99.8,-99.8,-99.8,-99.8,-99.8
2025-01-06 21:00:00,1013.9,15.6,66.0,0.8,346.0,2.4,1.0,0.0,-99.8,-99.8,-99.8,-99.8,-99.8,-99.8,-99.8
2025-01-06 22:00:00,1014.3,14.8,66.0,0.6,10.0,3.3,18.0,0.0,-99.8,-99.8,-99.8,-99.8,-99.8,-99.8,-99.8
2025-01-06 23:00:00,1014.0,14.4,67.0,0.8,337.0,2.8,354.0,0.0,-99.8,-99.8,-99.8,-99.8,-99.8,-99.8,-99.8
2025-01-07 00:00:00,1013.7,14.0,69.0,0.9,327.0,1.7,7.0,0.0,-99.8,-99.8,-99.8,-99.8,-99.8,-99.8,-99.8
2025-01-07 01:00:00,1014.0,13.5,71.0,0.5,314.0,1.5,285.0,0.0,-99.8,-99.8,-99.8,-99.8,-99.8,-99.8,-99.8
2025-01-07 02:00:00,1013.8,13.2,74.0,0.3,112.0,1.5,353.0,0.0,-99.8,-99.8,-99.8,-99.8,-99.8,-99.8,-99.8
2025-01-07 03:00:00,1013.6,12.8,79.0,0.0,0.0,1.0,101.0,0.0,-99.8,-99.8,-99.8,-99.8,-99.8,-99.8,-99.8
2025-01-07 04:00:00,1013.2,12.4,85.0,0.0,0.0,1.8,74.0,0.0,-99.8,-99.8,-99.8,-99.8,-99.8,-99.8,-99.8
2025-01-07 05:00:00,1013.2,12.6,82.0,0.7,345.0,1.3,354.0,0.0,-99.8,-99.8,-99.8,-99.8,-99.8,-99.8,-99.8
2025-01-07 06:00:00,1013.6,11.9,87.0,0.0,0.0,1.2,345.0,0.0,-99.8,-99.8,-99.8,-99.8,-99.8,-99.8,-99.8
2025-01-07 07:00:00,1014.3,11.6,86.0,0.0,0.0,1.3,306.0,0.0,-99.8,-99.8,-99.8,-99.8,-99.8,-99.8,-99.8
2025-01-07 08:00:00,1015.0,12.9,84.0,0.4,96.0,1.7,78.0,0.0,-99.8,-99.8,-99.8,-99.8,-99.8,-99.8,-99.8
2025-01-07 09:00:00,1015.7,15.9,71.0,0.4,200.0,1.3,119.0,0.0,-99.8,-99.8,-99.8,-99.8,-99.8,-99.8,-99.8
2025-01-07 10:00:00,1015.9,17.1,66.0,0.9,234.0,3.0,273.0,0.0,-99.8,-99.8,-99.8,-99.8,-99.8,-99.8,-99.8
2025-01-07 11:00:00,1015.5,19.9,58.0,1.1,201.0,3.1,213.0,0.0,-99.8,-99.8,-99.8,-99.8,-99.8,-99.8,-99.8
2025-01-07 12:00:00,1014.5,21.0,54.0,2.0,266.0,4.3,266.0,0.0,-99.8,-99.8,-99.8,-99.8,-99.8,-99.8,-99.8
2025-01-07 13:00:00,1013.4,21.8,48.0,1.9,282.0,5.4,255.0,0.0,-99.8,-99.8,-99.8,-99.8,-99.8,-99.8,-99.8
2025-01-07 14:00:00,1013.1,22.1,50.0,2.5,309.0,4.8,303.0,0.0,-99.8,-99.8,-99.8,-99.8,-99.8,-99.8,-99.8
2025-01-07 15:00:00,1013.2,21.2,53.0,1.7,340.0,5.3,310.0,0.0,-99.8,-99.8,-99.8,-99.8,-99.8,-99.8,-99.8
2025-01-07 16:00:00,1013.4,20.7,54.0,2.2,346.0,4.9,2.0,0.0,-99.8,-99.8,-99.8,-99.8,-99.8,-99.8,-99.8
2025-01-07 17:00:00,1013.7,20.1,57.0,2.2,359.0,4.7,4.0,0.0,-99.8,-99.8,-99.8,-99.8,-99.8,-99.8,-99.8
2025-01-07 18:00:00,1014.4,18.9,61.0,2.2,321.0,5.0,8.0,0.0,-99.8,-99.8,-99.8,-99.8,-99.8,-99.8,-99.8
2025-01-07 19:00:00,1014.9,17.8,66.0,1.3,7.0,4.9,324.0,0.0,-99.8,-99.8,-99.8,-99.8,-99.8,-99.8,-99.8
2025-01-07 20:00:00,1015.4,17.5,67.0,1.3,2.0,4.1,344.0,0.0,-99.8,-99.8,-99.8,-99.8,-99.8,-99.8,-99.8
2025-01-07 21:00:00,1015.1,17.2,65.0,0.9,354.0,4.4,34.0,0.0,-99.8,-99.8,-99.8,-99.8,-99.8,-99.8,-99.8
2025-01-07 22:00:00,1014.7,16.7,65.0,1.4,345.0,3.1,331.0,0.0,-99.8,-99.8,-99.8,-99.8,-99.8,-99.8,-99.8
2025-01-07 23:00:00,1015.0,16.1,66.0,1.0,359.0,3.5,323.0,0.0,-99.8,-99.8,-99.8,-99.8,-99.8,-99.8,-99.8
2025-01-08 00:00:00,1014.9,15.9,65.0,0.9,359.0,2.6,352.0,0.0,-99.8,-99.8,-99.8,-99.8,-99.8,-99.8,-99.8
2025-01-08 01:00:00,1014.2,15.6,67.0,0.9,344.0,3.0,358.0,0.0,-99.8,-99.8,-99.8,-99.8,-99.8,-99.8,-99.8
2025-01-08 02:00:00,1014.1,15.5,68.0,1.0,340.0,2.3,350.0,0.0,-99.8,-99.8,-99.8,-99.8,-99.8,-99.8,-99.8
2025-01-08 03:00:00,1014.5,15.3,71.0,1.0,337.0,2.4,307.0,0.0,-99.8,-99.8,-99.8,-99.8,-99.8,-99.8,-99.8
2025-01-08 04:00:00,1014.3,15.2,72.0,0.6,340.0,2.8,11.0,0.0,-99.8,-99.8,-99.8,-99.8,-99.8,-99.8,-99.8
2025-01-08 05:00:00,1014.6,14.8,74.0,0.8,317.0,2.6,339.0,0.0,-99.8,-99.8,-99.8,-99.8,-99.8,-99.8,-99.8
2025-01-08 06:00:00,1015.1,14.9,73.0,0.4,75.0,2.6,344.0,0.0,-99.8,-99.8,-99.8,-99.8,-99.8,-99.8,-99.8
2025-01-08 07:00:00,1015.6,15.0,73.0,0.5,31.0,2.3,32.0,0.0,-99.8,-99.8,-99.8,-99.8,-99.8,-99.8,-99.8
2025-01-08 08:00:00,1015.8,15.2,71.0,1.1,44.0,3.2,48.0,0.0,-99.8,-99.8,-99.8,-99.8,-99.8,-99.8,-99.8
2025-01-08 09:00:00,1016.0,15.8,70.0,1.6,31.0,3.2,33.0,0.0,-99.8,-99.8,-99.8,-99.8,-99.8,-99.8,-99.8
2025-01-08 10:00:00,1016.3,17.4,64.0,1.6,345.0,4.3,320.0,0.0,-99.8,-99.8,-99.8,-99.8,-99.8,-99.8,-99.8
2025-01-08 11:00:00,1015.5,19.1,60.0,1.1,2.0,4.8,323.0,0.0,-99.8,-99.8,-99.8,-99.8,-99.8,-99.8,-99.8
2025-01-08 12:00:00,1014.6,20.2,56.0,1.4,337.0,3.7,356.0,0.0,-99.8,-99.8,-99.8,-99.8,-99.8,-99.8,-99.8
2025-01-08 13:00:00,1013.4,21.8,52.0,0.5,360.0,3.5,39.0,0.0,-99.8,-99.8,-99.8,-99.8,-99.8,-99.8,-99.8
2025-01-08 14:00:00,1012.8,22.3,49.0,1.4,324.0,4.3,327.0,0.0,-99.8,-99.8,-99.8,-99.8,-99.8,-99.8,-99.8
2025-01-08 15:00:00,1013.1,21.3,57.0,2.5,322.0,6.8,296.0,0.0,-99.8,-99.8,-99.8,-99.8,-99.8,-99.8,-99.8
2025-01-08 16:00:00,1013.5,20.1,60.0,2.7,342.0,6.9,327.0,0.0,-99.8,-99.8,-99.8,-99.8,-99.8,-99.8,-99.8
2025-01-08 17:00:00,1014.0,19.1,67.0,1.6,355.0,6.6,1.0,0.0,-99.8,-99.8,-99.8,-99.8,-99.8,-99.8,-99.8
2025-01-08 18:00:00,1014.6,17.7,75.0,1.8,345.0,5.4,334.0,0.0,-99.8,-99.8,-99.8,-99.8,-99.8,-99.8,-99.8
2025-01-08 19:00:00,1015.4,17.3,76.0,1.0,1.0,4.9,353.0,0.0,-99.8,-99.8,-99.8,-99.8,-99.8,-99.8,-99.8
2025-01-08 20:00:00,1015.8,17.1,78.0,0.9,1.0,2.9,348.0,0.0,-99.8,-99.8,-99.8,-99.8,-99.8,-99.8,-99.8
2025-01-08 21:00:00,1016.1,16.9,79.0,1.2,353.0,3.0,360.0,0.0,-99.8,-99.8,-99.8,-99.8,-99.8,-99.8,-99.8
2025-01-08 22:00:00,1016.1,16.7,80.0,1.1,339.0,3.4,4.0,0.0,-99.8,-99.8,-99.8,-99.8,-99.8,-99.8,-99.8
2025-01-08 23:00:00,1016.4,16.6,81.0,1.6,2.0,3.6,349.0,0.0,-99.8,-99.8,-99.8,-99.8,-99.8,-99.8,-99.8
2025-01-09 00:00:00,1016.4,16.5,82.0,1.5,359.0,3.3,354.0,0.0,-99.8,-99.8,-99.8,-99.8,-99.8,-99.8,-99.8
2025-01-09 01:00:00,1015.7,16.2,81.0,1.3,4.0,4.0,341.0,0.0,-99.8,-99.8,-99.8,-99.8,-99.8,-99.8,-99.8
2025-01-09 02:00:00,1015.5,16.0,81.0,1.5,357.0,4.3,360.0,0.0,-99.8,-99.8,-99.8,-99.8,-99.8,-99.8,-99.8
2025-01-09 03:00:00,1015.2,15.8,81.0,1.7,358.0,3.8,350.0,0.0,-99.8,-99.8,-99.8,-99.8,-99.8,-99.8,-99.8
2025-01-09 04:00:00,1015.1,15.7,80.0,1.8,357.0,3.8,347.0,0.0,-99.8,-99.8,-99.8,-99.8,-99.8,-99.8,-99.8
2025-01-09 05:00:00,1015.1,15.5,80.0,1.4,13.0,4.2,345.0,0.0,-99.8,-99.8,-99.8,-99.8,-99.8,-99.8,-99.8
2025-01-09 06:00:00,1015.3,15.5,80.0,1.6,360.0,3.9,347.0,0.0,-99.8,-99.8,-99.8,-99.8,-99.8,-99.8,-99.8
2025-01-09 07:00:00,1015.7,15.6,80.0,1.6,7.0,3.9,353.0,0.0,-99.8,-99.8,-99.8,-99.8,-99.8,-99.8,-99.8
2025-01-09 08:00:00,1016.4,15.8,80.0,1.5,336.0,4.8,354.0,0.0,-99.8,-99.8,-99.8,-99.8,-99.8,-99.8,-99.8
2025-01-09 09:00:00,1017.1,16.5,73.0,2.2,359.0,5.0,5.0,0.0,-99.8,-99.8,-99.8,-99.8,-99.8,-99.8,-99.8
2025-01-09 10:00:00,1016.9,17.7,67.0,2.0,352.0,5.2,358.0,0.0,-99.8,-99.8,-99.8,-99.8,-99.8,-99.8,-99.8
2025-01-09 11:00:00,1016.1,18.8,65.0,2.2,335.0,5.2,322.0,0.0,-99.8,-99.8,-99.8,-99.8,-99.8,-99.8,-99.8
2025-01-09 12:00:00,1015.5,19.8,57.0,2.2,348.0,5.7,321.0,0.0,-99.8,-99.8,-99.8,-99.8,-99.8,-99.8,-99.8
2025-01-09 13:00:00,1014.7,20.5,53.0,2.2,354.0,5.8,312.0,0.0,-99.8,-99.8,-99.8,-99.8,-99.8,-99.8,-99.8
2025-01-09 14:00:00,1014.0,21.1,50.0,1.8,328.0,5.6,322.0,0.0,-99.8,-99.8,-99.8,-99.8,-99.8,-99.8,-99.8
2025-01-09 15:00:00,1013.9,19.7,54.0,2.8,336.0,6.6,319.0,0.0,-99.8,-99.8,-99.8,-99.8,-99.8,-99.8,-99.8
2025-01-09 16:00:00,1014.7,18.4,59.0,2.3,334.0,7.1,342.0,0.0,-99.8,-99.8,-99.8,-99.8,-99.8,-99.8,-99.8
2025-01-09 17:00:00,1015.6,17.3,60.0,3.2,347.0,7.6,1.0,0.0,-99.8,-99.8,-99.8,-99.8,-99.8,-99.8,-99.8
2025-01-09 18:00:00,1016.2,16.6,61.0,2.8,351.0,6.5,348.0,0.0,-99.8,-99.8,-99.8,-99.8,-99.8,-99.8,-99.8
2025-01-09 19:00:00,1017.1,15.8,64.0,2.0,353.0,7.1,4.0,0.0,-99.8,-99.8,-99.8,-99.8,-99.8,-99.8,-99.8
2025-01-09 20:00:00,1018.5,15.0,67.0,2.6,13.0,7.7,353.0,0.0,-99.8,-99.8,-99.8,-99.8,-99.8,-99.8,-99.8
2025-01-09 21:00:00,1019.2,14.7,69.0,2.1,354.0,6.9,1.0,0.0,-99.8,-99.8,-99.8,-99.8,-99.8,-99.8,-99.8
2025-01-09 22:00:00,1019.5,14.3,69.0,2.1,360.0,6.5,343.0,0.0,-99.8,-99.8,-99.8,-99.8,-99.8,-99.8,-99.8
2025-01-09 23:00:00,1019.9,13.9,69.0,2.0,358.0,5.6,347.0,0.0,-99.8,-99.8,-99.8,-99.8,-99.8,-99.8,-99.8
2025-01-10 00:00:00,1020.1,13.5,69.0,2.0,350.0,5.6,360.0,0.0,-99.8,-99.8,-99.8,-99.8,-99.8,-99.8,-99.8
2025-01-10 01:00:00,1020.1,13.2,67.0,3.2,4.0,9.6,349.0,0.0,-99.8,-99.8,-99.8,-99.8,-99.8,-99.8,-99.8
2025-01-10 02:00:00,1019.9,13.0,68.0,2.3,358.0,7.9,356.0,0.0,-99.8,-99.8,-99.8,-99.8,-99.8,-99.8,-99.8
2025-01-10 03:00:00,1019.8,12.9,68.0,2.3,1.0,6.4,1.0,0.0,-99.8,-99.8,-99.8,-99.8,-99.8,-99.8,-99.8
2025-01-10 04:00:00,1020.0,12.7,68.0,3.1,359.0,6.5,3.0,0.0,-99.8,-99.8,-99.8,-99.8,-99.8,-99.8,-99.8
2025-01-10 05:00:00,1020.7,12.1,70.0,2.1,358.0,7.1,7.0,0.0,-99.8,-99.8,-99.8,-99.8,-99.8,-99.8,-99.8
2025-01-10 06:00:00,1021.1,11.9,69.0,2.1,19.0,8.1,1.0,0.0,-99.8,-99.8,-99.8,-99.8,-99.8,-99.8,-99.8
2025-01-10 07:00:00,1021.7,11.9,66.0,2.3,360.0,7.1,2.0,0.0,-99.8,-99.8,-99.8,-99.8,-99.8,-99.8,-99.8
2025-01-10 08:00:00,1022.7,12.0,65.0,2.7,5.0,8.2,356.0,0.0,-99.8,-99.8,-99.8,-99.8,-99.8,-99.8,-99.8
2025-01-10 09:00:00,1022.7,13.2,61.0,3.2,4.0,8.3,357.0,0.0,-99.8,-99.8,-99.8,-99.8,-99.8,-99.8,-99.8
2025-01-10 10:00:00,1022.8,14.5,58.0,2.8,352.0,8.1,357.0,0.0,-99.8,-99.8,-99.8,-99.8,-99.8,-99.8,-99.8
2025-01-10 11:00:00,1021.9,15.6,55.0,2.8,2.0,7.3,344.0,0.0,-99.8,-99.8,-99.8,-99.8,-99.8,-99.8,-99.8
2025-01-10 12:00:00,1020.9,16.9,52.0,2.6,360.0,7.0,351.0,0.0,-99.8,-99.8,-99.8,-99.8,-99.8,-99.8,-99.8
2025-01-10 13:00:00,1020.0,17.6,50.0,2.8,344.0,6.5,322.0,0.0,-99.8,-99.8,-99.8,-99.8,-99.8,-99.8,-99.8
2025-01-10 14:00:00,1019.2,17.8,52.0,3.4,343.0,6.9,336.0,0.0,-99.8,-99.8,-99.8,-99.8,-99.8,-99.8,-99.8
2025-01-10 15:00:00,1018.7,16.4,57.0,3.5,337.0,8.5,336.0,0.0,-99.8,-99.8,-99.8,-99.8,-99.8,-99.8,-99.8
2025-01-10 16:00:00,1019.2,15.6,58.0,3.9,340.0,8.5,8.0,0.0,-99.8,-99.8,-99.8,-99.8,-99.8,-99.8,-99.8
2025-01-10 17:00:00,1019.8,14.6,58.0,3.5,354.0,8.5,2.0,0.0,-99.8,-99.8,-99.8,-99.8,-99.8,-99.8,-99.8
2025-01-10 18:00:00,1020.7,13.8,60.0,2.7,354.0,7.7,346.0,0.0,-99.8,-99.8,-99.8,-99.8,-99.8,-99.8,-99.8
2025-01-10 19:00:00,1021.6,13.1,63.0,2.3,351.0,6.6,355.0,0.0,-99.8,-99.8,-99.8,-99.8,-99.8,-99.8,-99.8
2025-01-10 20:00:00,1022.0,12.6,66.0,1.9,8.0,6.1,360.0,0.0,-99.8,-99.8,-99.8,-99.8,-99.8,-99.8,-99.8
2025-01-10 21:00:00,1022.2,12.4,67.0,2.2,2.0,6.1,353.0,0.0,-99.8,-99.8,-99.8,-99.8,-99.8,-99.8,-99.8
2025-01-10 22:00:00,1022.3,12.5,69.0,1.6,9.0,5.1,10.0,0.0,-99.8,-99.8,-99.8,-99.8,-99.8,-99.8,-99.8
2025-01-10 23:00:00,1022.4,12.6,70.0,1.0,360.0,3.9,355.0,0.0,-99.8,-99.8,-99.8,-99.8,-99.8,-99.8,-99.8
2025-01-11 00:00:00,1022.0,12.2,76.0,0.9,28.0,3.3,5.0,0.0,-99.8,-99.8,-99.8,-99.8,-99.8,-99.8,-99.8
2025-01-11 01:00:00,1022.0,12.3,75.0,0.9,8.0,3.0,5.0,0.0,-99.8,-99.8,-99.8,-99.8,-99.8,-99.8,-99.8
2025-01-11 02:00:00,1021.3,12.4,75.0,1.3,3.0,3.3,359.0,0.0,-99.8,-99.8,-99.8,-99.8,-99.8,-99.8,-99.8
2025-01-11 03:00:00,1021.2,12.3,75.0,1.3,15.0,3.3,353.0,0.0,-99.8,-99.8,-99.8,-99.8,-99.8,-99.8,-99.8
2025-01-11 04:00:00,1021.4,12.3,75.0,0.9,18.0,3.6,35.0,0.0,-99.8,-99.8,-99.8,-99.8,-99.8,-99.8,-99.8
2025-01-11 05:00:00,1021.3,12.2,75.0,1.6,338.0,3.8,354.0,0.0,-99.8,-99.8,-99.8,-99.8,-99.8,-99.8,-99.8
2025-01-11 06:00:00,1021.6,12.0,75.0,1.1,18.0,4.1,340.0,0.0,-99.8,-99.8,-99.8,-99.8,-99.8,-99.8,-99.8
2025-01-11 07:00:00,1021.7,12.0,74.0,1.4,356.0,3.0,41.0,0.0,-99.8,-99.8,-99.8,-99.8,-99.8,-99.8,-99.8
2025-01-11 08:00:00,1022.2,12.1,72.0,1.3,2.0,4.2,354.0,0.0,-99.8,-99.8,-99.8,-99.8,-99.8,-99.8,-99.8
2025-01-11 09:00:00,1023.0,14.0,64.0,1.5,10.0,4.3,350.0,0.0,-99.8,-99.8,-99.8,-99.8,-99.8,-99.8,-99.8
2025-01-11 10:00:00,1022.9,14.9,62.0,1.8,360.0,4.6,359.0,0.0,-99.8,-99.8,-99.8,-99.8,-99.8,-99.8,-99.8
2025-01-11 11:00:00,1022.3,16.5,57.0,1.7,2.0,5.9,51.0,0.0,-99.8,-99.8,-99.8,-99.8,-99.8,-99.8,-99.8
2025-01-11 12:00:00,1021.4,17.6,56.0,1.6,337.0,4.5,351.0,0.0,-99.8,-99.8,-99.8,-99.8,-99.8,-99.8,-99.8
2025-01-11 13:00:00,1020.6,18.4,53.0,1.7,337.0,4.7,353.0,0.0,-99.8,-99.8,-99.8,-99.8,-99.8,-99.8,-99.8
2025-01-11 14:00:00,1020.3,17.2,57.0,2.8,335.0,7.0,320.0,0.0,-99.8,-99.8,-99.8,-99.8,-99.8,-99.8,-99.8
2025-01-11 15:00:00,1019.8,17.1,57.0,2.7,353.0,8.0,326.0,0.0,-99.8,-99.8,-99.8,-99.8,-99.8,-99.8,-99.8
2025-01-11 16:00:00,1020.0,17.0,58.0,2.1,352.0,7.4,2.0,0.0,-99.8,-99.8,-99.8,-99.8,-99.8,-99.8,-99.8
2025-01-11 17:00:00,1020.4,15.6,65.0,2.6,336.0,7.1,325.0,0.0,-99.8,-99.8,-99.8,-99.8,-99.8,-99.8,-99.8
2025-01-11 18:00:00,1021.0,14.4,69.0,3.3,357.0,7.9,323.0,0.0,-99.8,-99.8,-99.8,-99.8,-99.8,-99.8,-99.8
2025-01-11 19:00:00,1021.6,13.9,71.0,3.0,4.0,6.9,13.0,0.0,-99.8,-99.8,-99.8,-99.8,-99.8,-99.8,-99.8
2025-01-11 20:00:00,1022.0,13.6,72.0,3.2,357.0,7.0,343.0,0.0,-99.8,-99.8,-99.8,-99.8,-99.8,-99.8,-99.8
2025-01-11 21:00:00,1022.3,13.5,72.0,2.4,358.0,7.5,1.0,0.0,-99.8,-99.8,-99.8,-99.8,-99.8,-99.8,-99.8
2025-01-11 22:00:00,1022.4,13.3,73.0,3.1,2.0,8.2,353.0,0.0,-99.8,-99.8,-99.8,-99.8,-99.8,-99.8,-99.8
2025-01-11 23:00:00,1022.7,12.9,74.0,2.2,11.0,6.7,351.0,0.0,-99.8,-99.8,-99.8,-99.8,-99.8,-99.8,-99.8
2025-01-12 00:00:00,1022.2,12.8,75.0,1.2,10.0,6.1,344.0,0.0,-99.8,-99.8,-99.8,-99.8,-99.8,-99.8,-99.8
2025-01-12 01:00:00,1021.4,12.4,74.0,1.8,356.0,4.9,357.0,0.0,-99.8,-99.8,-99.8,-99.8,-99.8,-99.8,-99.8
2025-01-12 02:00:00,1020.7,11.8,78.0,1.7,21.0,6.0,360.0,0.0,-99.8,-99.8,-99.8,-99.8,-99.8,-99.8,-99.8
2025-01-12 03:00:00,1020.2,11.4,80.0,2.0,359.0,5.2,357.0,0.0,-99.8,-99.8,-99.8,-99.8,-99.8,-99.8,-99.8
2025-01-12 04:00:00,1020.1,11.1,81.0,2.0,357.0,4.3,11.0,0.0,-99.8,-99.8,-99.8,-99.8,-99.8,-99.8,-99.8
2025-01-12 05:00:00,1020.5,11.0,78.0,1.6,7.0,4.3,346.0,0.0,-99.8,-99.8,-99.8,-99.8,-99.8,-99.8,-99.8
2025-01-12 06:00:00,1020.6,11.6,72.0,2.1,7.0,4.9,2.0,0.0,-99.8,-99.8,-99.8,-99.8,-99.8,-99.8,-99.8
2025-01-12 07:00:00,1020.8,12.0,66.0,2.3,7.0,6.1,324.0,0.0,-99.8,-99.8,-99.8,-99.8,-99.8,-99.8,-99.8
2025-01-12 08:00:00,1021.3,12.7,64.0,2.1,5.0,6.7,38.0,0.0,-99.8,-99.8,-99.8,-99.8,-99.8,-99.8,-99.8
2025-01-12 09:00:00,1021.7,14.1,59.0,2.6,3.0,8.5,357.0,0.0,-99.8,-99.8,-99.8,-99.8,-99.8,-99.8,-99.8
2025-01-12 10:00:00,1021.6,15.1,56.0,2.9,2.0,7.3,4.0,0.0,-99.8,-99.8,-99.8,-99.8,-99.8,-99.8,-99.8
2025-01-12 11:00:00,1021.1,16.6,52.0,3.2,353.0,8.8,3.0,0.0,-99.8,-99.8,-99.8,-99.8,-99.8,-99.8,-99.8
2025-01-12 12:00:00,1020.1,17.8,45.0,3.0,356.0,7.6,6.0,0.0,-99.8,-99.8,-99.8,-99.8,-99.8,-99.8,-99.8
2025-01-12 13:00:00,1018.9,18.8,38.0,2.5,8.0,8.4,334.0,0.0,-99.8,-99.8,-99.8,-99.8,-99.8,-99.8,-99.8
2025-01-12 14:00:00,1017.7,19.0,35.0,3.3,343.0,7.1,347.0,0.0,-99.8,-99.8,-99.8,-99.8,-99.8,-99.8,-99.8
2025-01-12 15:00:00,1016.8,19.1,36.0,3.0,356.0,7.2,38.0,0.0,-99.8,-99.8,-99.8,-99.8,-99.8,-99.8,-99.8
2025-01-12 16:00:00,1017.2,18.5,34.0,3.0,349.0,8.6,324.0,0.0,-99.8,-99.8,-99.8,-99.8,-99.8,-99.8,-99.8
2025-01-12 17:00:00,1018.0,17.3,29.0,3.0,355.0,8.0,4.0,0.0,-99.8,-99.8,-99.8,-99.8,-99.8,-99.8,-99.8
2025-01-12 18:00:00,1018.8,15.7,31.0,2.6,355.0,6.0,357.0,0.0,-99.8,-99.8,-99.8,-99.8,-99.8,-99.8,-99.8
2025-01-12 19:00:00,1019.6,14.7,31.0,2.0,360.0,5.6,348.0,0.0,-99.8,-99.8,-99.8,-99.8,-99.8,-99.8,-99.8
2025-01-12 20:00:00,1019.8,14.0,35.0,1.4,11.0,4.4,348.0,0.0,-99.8,-99.8,-99.8,-99.8,-99.8,-99.8,-99.8
2025-01-12 21:00:00,1019.9,13.2,37.0,0.6,14.0,3.5,342.0,0.0,-99.8,-99.8,-99.8,-99.8,-99.8,-99.8,-99.8
2025-01-12 22:00:00,1020.0,12.8,39.0,0.6,12.0,2.6,357.0,0.0,-99.8,-99.8,-99.8,-99.8,-99.8,-99.8,-99.8
2025-01-12 23:00:00,1019.8,12.2,42.0,0.8,344.0,2.4,1.0,0.0,-99.8,-99.8,-99.8,-99.8,-99.8,-99.8,-99.8
2025-01-13 00:00:00,1019.8,10.8,59.0,0.4,119.0,1.9,360.0,0.0,-99.8,-99.8,-99.8,-99.8,-99.8,-99.8,-99.8
2025-01-13 01:00:00,1019.7,10.6,61.0,0.0,0.0,1.3,131.0,0.0,-99.8,-99.8,-99.8,-99.8,-99.8,-99.8,-99.8
2025-01-13 02:00:00,1018.9,10.1,67.0,0.0,0.0,1.0,128.0,0.0,-99.8,-99.8,-99.8,-99.8,-99.8,-99.8,-99.8
2025-01-13 03:00:00,1018.4,9.5,72.0,0.0,0.0,0.9,47.0,0.0,-99.8,-99.8,-99.8,-99.8,-99.8,-99.8,-99.8
2025-01-13 04:00:00,1018.4,9.4,76.0,0.0,0.0,1.2,19.0,0.0,-99.8,-99.8,-99.8,-99.8,-99.8,-99.8,-99.8
2025-01-13 05:00:00,1018.7,8.9,79.0,0.4,281.0,1.1,283.0,0.0,-99.8,-99.8,-99.8,-99.8,-99.8,-99.8,-99.8
2025-01-13 06:00:00,1019.2,8.7,82.0,0.0,0.0,1.0,114.0,0.0,-99.8,-99.8,-99.8,-99.8,-99.8,-99.8,-99.8
2025-01-13 07:00:00,1019.6,8.5,83.0,0.0,0.0,1.1,115.0,0.0,-99.8,-99.8,-99.8,-99.8,-99.8,-99.8,-99.8
2025-01-13 08:00:00,1020.2,10.7,67.0,0.9,26.0,1.6,27.0,0.0,-99.8,-99.8,-99.8,-99.8,-99.8,-99.8,-99.8
2025-01-13 09:00:00,1020.6,13.8,60.0,0.5,75.0,1.7,13.0,0.0,-99.8,-99.8,-99.8,-99.8,-99.8,-99.8,-99.8
2025-01-13 10:00:00,1020.3,16.0,56.0,0.9,360.0,2.2,315.0,0.0,-99.8,-99.8,-99.8,-99.8,-99.8,-99.8,-99.8
2025-01-13 11:00:00,1019.4,18.1,48.0,2.1,351.0,4.1,1.0,0.0,-99.8,-99.8,-99.8,-99.8,-99.8,-99.8,-99.8
2025-01-13 12:00:00,1018.2,19.9,46.0,2.0,332.0,4.8,332.0,0.0,-99.8,-99.8,-99.8,-99.8,-99.8,-99.8,-99.8
2025-01-13 13:00:00,1017.0,21.3,41.0,1.8,359.0,4.4,333.0,0.0,-99.8,-99.8,-99.8,-99.8,-99.8,-99.8,-99.8
2025-01-13 14:00:00,1016.4,22.3,37.0,1.0,318.0,4.6,326.0,0.0,-99.8,-99.8,-99.8,-99.8,-99.8,-99.8,-99.8
2025-01-13 15:00:00,1016.1,21.6,40.0,2.0,299.0,5.0,329.0,0.0,-99.8,-99.8,-99.8,-99.8,-99.8,-99.8,-99.8
2025-01-13 16:00:00,1016.2,21.0,41.0,2.4,297.0,5.4,293.0,0.0,-99.8,-99.8,-99.8,-99.8,-99.8,-99.8,-99.8
2025-01-13 17:00:00,1016.6,19.4,43.0,1.6,302.0,5.3,295.0,0.0,-99.8,-99.8,-99.8,-99.8,-99.8,-99.8,-99.8
2025-01-13 18:00:00,1017.2,18.3,53.0,0.6,333.0,3.8,310.0,0.0,-99.8,-99.8,-99.8,-99.8,-99.8,-99.8,-99.8
2025-01-13 19:00:00,1017.7,17.9,55.0,0.7,351.0,2.4,359.0,0.0,-99.8,-99.8,-99.8,-99.8,-99.8,-99.8,-99.8
2025-01-13 20:00:00,1017.8,17.3,60.0,0.7,360.0,1.9,354.0,-999.6,-99.8,-99.8,-99.8,-99.8,-99.8,-99.8,-99.8
2025-01-13 21:00:00,1018.0,17.0,65.0,0.0,0.0,2.0,344.0,0.0,-99.8,-99.8,-99.8,-99.8,-99.8,-99.8,-99.8
2025-01-13 22:00:00,1018.1,16.4,69.0,0.0,0.0,1.2,244.0,0.0,-99.8,-99.8,-99.8,-99.8,-99.8,-99.8,-99.8
2025-01-13 23:00:00,1018.1,16.0,72.0,0.0,0.0,1.1,112.0,0.0,-99.8,-99.8,-99.8,-99.8,-99.8,-99.8,-99.8
2025-01-14 00:00:00,1017.9,15.3,74.0,0.5,114.0,1.5,162.0,0.0,-99.8,-99.8,-99.8,-99.8,-99.8,-99.8,-99.8
2025-01-14 01:00:00,1017.7,14.8,77.0,0.0,0.0,1.3,141.0,0.0,-99.8,-99.8,-99.8,-99.8,-99.8,-99.8,-99.8
2025-01-14 02:00:00,1017.6,14.5,80.0,0.0,0.0,0.8,285.0,0.0,-99.8,-99.8,-99.8,-99.8,-99.8,-99.8,-99.8
2025-01-14 03:00:00,1017.5,13.3,85.0,0.5,78.0,1.5,87.0,0.0,-99.8,-99.8,-99.8,-99.8,-99.8,-99.8,-99.8
2025-01-14 04:00:00,1017.0,13.0,85.0,0.3,71.0,1.3,69.0,0.0,-99.8,-99.8,-99.8,-99.8,-99.8,-99.8,-99.8
2025-01-14 05:00:00,1017.3,12.9,83.0,0.4,79.0,1.8,53.0,0.0,-99.8,-99.8,-99.8,-99.8,-99.8,-99.8,-99.8
2025-01-14 06:00:00,1017.6,13.1,79.0,0.0,0.0,2.1,69.0,0.0,-99.8,-99.8,-99.8,-99.8,-99.8,-99.8,-99.8
2025-01-14 07:00:00,1018.1,12.6,84.0,0.4,141.0,1.5,187.0,0.0,-99.8,-99.8,-99.8,-99.8,-99.8,-99.8,-99.8
2025-01-14 08:00:00,1018.9,14.0,77.0,0.6,345.0,1.5,8.0,0.0,-99.8,-99.8,-99.8,-99.8,-99.8,-99.8,-99.8
2025-01-14 09:00:00,1019.4,16.1,69.0,0.6,347.0,2.1,1.0,0.0,-99.8,-99.8,-99.8,-99.8,-99.8,-99.8,-99.8
2025-01-14 10:00:00,1019.5,19.2,59.0,0.8,308.0,2.6,354.0,0.0,-99.8,-99.8,-99.8,-99.8,-99.8,-99.8,-99.8
2025-01-14 11:00:00,1019.0,20.8,46.0,0.9,340.0,2.7,289.0,0.0,-99.8,-99.8,-99.8,-99.8,-99.8,-99.8,-99.8
2025-01-14 12:00:00,1017.9,21.7,45.0,1.5,326.0,3.7,327.0,0.0,-99.8,-99.8,-99.8,-99.8,-99.8,-99.8,-99.8
2025-01-14 13:00:00,1016.9,22.1,49.0,1.5,315.0,4.5,332.0,0.0,-99.8,-99.8,-99.8,-99.8,-99.8,-99.8,-99.8
2025-01-14 14:00:00,1016.0,21.1,59.0,2.7,300.0,5.5,300.0,0.0,-99.8,-99.8,-99.8,-99.8,-99.8,-99.8,-99.8
2025-01-14 15:00:00,1015.8,20.2,59.0,3.1,297.0,6.0,280.0,0.0,-99.8,-99.8,-99.8,-99.8,-99.8,-99.8,-99.8
2025-01-14 16:00:00,1016.9,18.5,67.0,2.5,301.0,6.0,293.0,0.0,-99.8,-99.8,-99.8,-99.8,-99.8,-99.8,-99.8
2025-01-14 17:00:00,1017.3,18.0,72.0,1.5,331.0,4.6,333.0,0.0,-99.8,-99.8,-99.8,-99.8,-99.8,-99.8,-99.8
2025-01-14 18:00:00,1017.7,17.8,73.0,1.5,357.0,4.8,5.0,0.0,-99.8,-99.8,-99.8,-99.8,-99.8,-99.8,-99.8
2025-01-14 19:00:00,1017.7,17.2,82.0,0.4,36.0,4.2,6.0,0.0,-99.8,-99.8,-99.8,-99.8,-99.8,-99.8,-99.8
2025-01-14 20:00:00,1018.9,16.9,87.0,0.9,308.0,1.9,341.0,0.5,-99.8,-99.8,-99.8,-99.8,-99.8,-99.8,-99.8
2025-01-14 21:00:00,1019.7,16.2,92.0,1.9,301.0,3.0,295.0,1.5,-99.8,-99.8,-99.8,-99.8,-99.8,-99.8,-99.8
2025-01-14 22:00:00,1019.2,15.3,78.0,0.5,83.0,3.1,285.0,1.0,-99.8,-99.8,-99.8,-99.8,-99.8,-99.8,-99.8
2025-01-14 23:00:00,1018.7,15.5,85.0,0.9,25.0,2.1,76.0,0.0,-99.8,-99.8,-99.8,-99.8,-99.8,-99.8,-99.8
2025-01-15 00:00:00,1019.1,15.8,92.0,0.6,330.0,2.4,313.0,0.5,-99.8,-99.8,-99.8,-99.8,-99.8,-99.8,-99.8
2025-01-15 01:00:00,1019.2,14.9,87.0,1.4,355.0,4.1,342.0,2.0,-99.8,-99.8,-99.8,-99.8,-99.8,-99.8,-99.8
2025-01-15 02:00:00,1019.2,14.3,88.0,2.2,356.0,4.7,358.0,0.0,-99.8,-99.8,-99.8,-99.8,-99.8,-99.8,-99.8
2025-01-15 03:00:00,1018.8,14.2,89.0,0.8,49.0,5.3,3.0,0.5,-99.8,-99.8,-99.8,-99.8,-99.8,-99.8,-99.8
2025-01-15 04:00:00,1017.4,13.9,91.0,1.7,32.0,4.6,65.0,0.0,-99.8,-99.8,-99.8,-99.8,-99.8,-99.8,-99.8
2025-01-15 05:00:00,1016.1,15.1,88.0,1.2,36.0,4.7,83.0,0.0,-99.8,-99.8,-99.8,-99.8,-99.8,-99.8,-99.8
2025-01-15 06:00:00,1016.3,15.4,87.0,0.4,359.0,3.6,34.0,0.0,-99.8,-99.8,-99.8,-99.8,-99.8,-99.8,-99.8
2025-01-15 07:00:00,1017.0,15.6,86.0,0.6,336.0,2.8,323.0,0.0,-99.8,-99.8,-99.8,-99.8,-99.8,-99.8,-99.8
2025-01-15 08:00:00,1018.2,16.0,76.0,1.4,346.0,4.1,326.0,0.0,-99.8,-99.8,-99.8,-99.8,-99.8,-99.8,-99.8
2025-01-15 09:00:00,1019.0,16.3,72.0,1.4,22.0,5.1,33.0,0.0,-99.8,-99.8,-99.8,-99.8,-99.8,-99.8,-99.8
2025-01-15 10:00:00,1019.5,16.5,79.0,2.3,20.0,5.5,4.0,0.0,-99.8,-99.8,-99.8,-99.8,-99.8,-99.8,-99.8
2025-01-15 11:00:00,1018.3,16.6,83.0,2.1,16.0,7.2,6.0,0.0,-99.8,-99.8,-99.8,-99.8,-99.8,-99.8,-99.8
2025-01-15 12:00:00,1018.0,16.6,81.0,2.4,1.0,7.4,345.0,0.0,-99.8,-99.8,-99.8,-99.8,-99.8,-99.8,-99.8
2025-01-15 13:00:00,1017.2,15.8,83.0,2.8,355.0,6.4,3.0,0.0,-99.8,-99.8,-99.8,-99.8,-99.8,-99.8,-99.8
2025-01-15 14:00:00,1017.0,15.6,81.0,2.1,350.0,6.1,5.0,0.0,-99.8,-99.8,-99.8,-99.8,-99.8,-99.8,-99.8
2025-01-15 15:00:00,1016.5,15.1,84.0,3.0,352.0,6.5,347.0,1.0,-99.8,-99.8,-99.8,-99.8,-99.8,-99.8,-99.8
2025-01-15 16:00:00,1016.5,15.5,76.0,2.2,360.0,7.1,340.0,0.0,-99.8,-99.8,-99.8,-99.8,-99.8,-99.8,-99.8
2025-01-15 17:00:00,1017.3,15.1,74.0,1.9,4.0,7.8,4.0,0.0,-99.8,-99.8,-99.8,-99.8,-99.8,-99.8,-99.8
2025-01-15 18:00:00,1017.5,14.7,73.0,2.7,356.0,5.3,6.0,0.0,-99.8,-99.8,-99.8,-99.8,-99.8,-99.8,-99.8
2025-01-15 19:00:00,1018.2,13.6,76.0,2.1,349.0,6.2,351.0,0.0,-99.8,-99.8,-99.8,-99.8,-99.8,-99.8,-99.8
2025-01-15 20:00:00,1018.7,13.0,78.0,1.6,356.0,5.2,349.0,0.0,-99.8,-99.8,-99.8,-99.8,-99.8,-99.8,-99.8
2025-01-15 21:00:00,1019.1,12.7,78.0,1.9,357.0,4.1,12.0,0.0,-99.8,-99.8,-99.8,-99.8,-99.8,-99.8,-99.8
2025-01-15 22:00:00,1019.4,12.4,76.0,1.1,355.0,4.1,347.0,0.0,-99.8,-99.8,-99.8,-99.8,-99.8,-99.8,-99.8
2025-01-15 23:00:00,1019.2,12.1,74.0,1.0,6.0,3.2,1.0,0.0,-99.8,-99.8,-99.8,-99.8,-99.8,-99.8,-99.8
2025-01-16 00:00:00,1019.2,12.3,72.0,1.4,354.0,3.2,1.0,0.0,-99.8,-99.8,-99.8,-99.8,-99.8,-99.8,-99.8
2025-01-16 01:00:00,1018.9,12.1,72.0,0.6,23.0,3.0,2.0,0.0,-99.8,-99.8,-99.8,-99.8,-99.8,-99.8,-99.8
2025-01-16 02:00:00,1018.5,11.9,74.0,1.3,347.0,2.6,5.0,0.0,-99.8,-99.8,-99.8,-99.8,-99.8,-99.8,-99.8
2025-01-16 03:00:00,1018.2,11.7,72.0,1.6,357.0,3.5,356.0,0.0,-99.8,-99.8,-99.8,-99.8,-99.8,-99.8,-99.8
2025-01-16 04:00:00,1018.1,11.7,73.0,1.3,358.0,3.1,357.0,0.0,-99.8,-99.8,-99.8,-99.8,-99.8,-99.8,-99.8
2025-01-16 05:00:00,1018.2,11.6,68.0,1.7,356.0,4.1,16.0,0.0,-99.8,-99.8,-99.8,-99.8,-99.8,-99.8,-99.8
2025-01-16 06:00:00,1018.7,11.0,70.0,1.4,354.0,3.8,352.0,0.0,-99.8,-99.8,-99.8,-99.8,-99.8,-99.8,-99.8
2025-01-16 07:00:00,1019.3,10.8,72.0,0.9,17.0,3.3,4.0,0.0,-99.8,-99.8,-99.8,-99.8,-99.8,-99.8,-99.8
2025-01-16 08:00:00,1019.7,11.9,67.0,1.2,15.0,3.5,12.0,0.0,-99.8,-99.8,-99.8,-99.8,-99.8,-99.8,-99.8
2025-01-16 09:00:00,1020.0,12.8,65.0,1.9,358.0,4.5,351.0,0.0,-99.8,-99.8,-99.8,-99.8,-99.8,-99.8,-99.8
2025-01-16 10:00:00,1020.1,13.6,64.0,2.1,352.0,4.3,351.0,0.0,-99.8,-99.8,-99.8,-99.8,-99.8,-99.8,-99.8
2025-01-16 11:00:00,1019.5,15.1,63.0,0.5,33.0,3.5,14.0,0.0,-99.8,-99.8,-99.8,-99.8,-99.8,-99.8,-99.8
2025-01-16 12:00:00,1018.8,15.1,60.0,2.0,333.0,3.8,322.0,0.0,-99.8,-99.8,-99.8,-99.8,-99.8,-99.8,-99.8
2025-01-16 13:00:00,1018.1,15.6,58.0,2.4,355.0,5.8,351.0,0.0,-99.8,-99.8,-99.8,-99.8,-99.8,-99.8,-99.8
2025-01-16 14:00:00,1017.2,15.5,62.0,2.5,352.0,5.6,4.0,0.0,-99.8,-99.8,-99.8,-99.8,-99.8,-99.8,-99.8
2025-01-16 15:00:00,1016.9,15.2,65.0,2.6,348.0,6.5,3.0,0.0,-99.8,-99.8,-99.8,-99.8,-99.8,-99.8,-99.8
2025-01-16 16:00:00,1017.4,14.8,66.0,2.6,359.0,8.4,351.0,0.0,-99.8,-99.8,-99.8,-99.8,-99.8,-99.8,-99.8
2025-01-16 17:00:00,1018.1,14.3,68.0,2.4,358.0,8.1,356.0,0.0,-99.8,-99.8,-99.8,-99.8,-99.8,-99.8,-99.8
2025-01-16 18:00:00,1018.6,13.4,70.0,2.7,358.0,6.8,355.0,0.0,-99.8,-99.8,-99.8,-99.8,-99.8,-99.8,-99.8
2025-01-16 19:00:00,1018.8,12.6,73.0,1.9,350.0,5.8,8.0,0.0,-99.8,-99.8,-99.8,-99.8,-99.8,-99.8,-99.8
2025-01-16 20:00:00,1019.5,11.9,76.0,1.5,4.0,4.4,7.0,0.0,-99.8,-99.8,-99.8,-99.8,-99.8,-99.8,-99.8
2025-01-16 21:00:00,1019.8,11.7,78.0,1.0,337.0,3.6,12.0,0.0,-99.8,-99.8,-99.8,-99.8,-99.8,-99.8,-99.8
2025-01-16 22:00:00,1019.7,11.7,79.0,0.5,334.0,2.2,55.0,0.0,-99.8,-99.8,-99.8,-99.8,-99.8,-99.8,-99.8
2025-01-16 23:00:00,1019.9,11.4,81.0,1.8,357.0,3.4,358.0,0.0,-99.8,-99.8,-99.8,-99.8,-99.8,-99.8,-99.8
2025-01-17 00:00:00,1019.4,11.6,82.0,0.9,33.0,3.4,358.0,0.0,-99.8,-99.8,-99.8,-99.8,-99.8,-99.8,-99.8
2025-01-17 01:00:00,1019.1,11.2,84.0,1.2,340.0,3.3,336.0,0.0,-99.8,-99.8,-99.8,-99.8,-99.8,-99.8,-99.8
2025-01-17 02:00:00,1018.4,10.7,86.0,1.6,355.0,3.1,334.0,0.0,-99.8,-99.8,-99.8,-99.8,-99.8,-99.8,-99.8
2025-01-17 03:00:00,1018.0,11.0,85.0,1.2,12.0,3.8,343.0,0.0,-99.8,-99.8,-99.8,-99.8,-99.8,-99.8,-99.8
2025-01-17 04:00:00,1018.0,11.0,85.0,0.8,9.0,2.8,18.0,0.0,-99.8,-99.8,-99.8,-99.8,-99.8,-99.8,-99.8
2025-01-17 05:00:00,1018.1,11.2,84.0,1.0,25.0,3.0,356.0,0.0,-99.8,-99.8,-99.8,-99.8,-99.8,-99.8,-99.8
2025-01-17 06:00:00,1018.5,10.8,85.0,1.0,358.0,3.5,341.0,0.0,-99.8,-99.8,-99.8,-99.8,-99.8,-99.8,-99.8
2025-01-17 07:00:00,1019.0,10.6,83.0,0.7,8.0,2.9,354.0,0.0,-99.8,-99.8,-99.8,-99.8,-99.8,-99.8,-99.8
2025-01-17 08:00:00,1018.8,11.4,78.0,1.1,3.0,3.0,360.0,0.0,-99.8,-99.8,-99.8,-99.8,-99.8,-99.8,-99.8
2025-01-17 09:00:00,1018.7,13.0,70.0,2.2,356.0,4.7,351.0,0.0,-99.8,-99.8,-99.8,-99.8,-99.8,-99.8,-99.8
2025-01-17 10:00:00,1018.1,14.6,66.0,1.9,349.0,4.7,353.0,0.0,-99.8,-99.8,-99.8,-99.8,-99.8,-99.8,-99.8
2025-01-17 11:00:00,1017.7,16.5,58.0,1.4,331.0,4.7,358.0,0.0,-99.8,-99.8,-99.8,-99.8,-99.8,-99.8,-99.8
2025-01-17 12:00:00,1016.6,17.7,54.0,1.3,320.0,4.9,7.0,0.0,-99.8,-99.8,-99.8,-99.8,-99.8,-99.8,-99.8
2025-01-17 13:00:00,1015.5,18.7,49.0,1.4,317.0,4.3,14.0,0.0,-99.8,-99.8,-99.8,-99.8,-99.8,-99.8,-99.8
2025-01-17 14:00:00,1014.8,19.6,46.0,1.3,356.0,4.3,7.0,0.0,-99.8,-99.8,-99.8,-99.8,-99.8,-99.8,-99.8
2025-01-17 15:00:00,1014.2,19.4,47.0,2.4,340.0,6.3,6.0,0.0,-99.8,-99.8,-99.8,-99.8,-99.8,-99.8,-99.8
2025-01-17 16:00:00,1014.3,18.5,52.0,2.7,347.0,6.3,12.0,0.0,-99.8,-99.8,-99.8,-99.8,-99.8,-99.8,-99.8
2025-01-17 17:00:00,1014.8,17.6,56.0,2.4,333.0,5.8,318.0,0.0,-99.8,-99.8,-99.8,-99.8,-99.8,-99.8,-99.8
2025-01-17 18:00:00,1015.4,16.1,59.0,2.0,350.0,5.8,2.0,0.0,-99.8,-99.8,-99.8,-99.8,-99.8,-99.8,-99.8
2025-01-17 19:00:00,1015.8,15.2,64.0,0.9,343.0,4.1,6.0,0.0,-99.8,-99.8,-99.8,-99.8,-99.8,-99.8,-99.8
2025-01-17 20:00:00,1016.2,14.5,66.0,1.3,352.0,3.2,350.0,0.0,-99.8,-99.8,-99.8,-99.8,-99.8,-99.8,-99.8
2025-01-17 21:00:00,1016.0,13.9,64.0,1.7,352.0,3.3,346.0,0.0,-99.8,-99.8,-99.8,-99.8,-99.8,-99.8,-99.8
2025-01-17 22:00:00,1015.9,13.3,66.0,0.7,336.0,3.8,11.0,0.0,-99.8,-99.8,-99.8,-99.8,-99.8,-99.8,-99.8
2025-01-17 23:00:00,1015.8,12.9,68.0,0.8,340.0,2.4,352.0,0.0,-99.8,-99.8,-99.8,-99.8,-99.8,-99.8,-99.8
2025-01-18 00:00:00,1015.0,12.3,73.0,1.6,24.0,3.0,355.0,0.0,-99.8,-99.8,-99.8,-99.8,-99.8,-99.8,-99.8
2025-01-18 01:00:00,1015.6,12.0,73.0,0.0,0.0,3.6,36.0,0.0,-99.8,-99.8,-99.8,-99.8,-99.8,-99.8,-99.8
2025-01-18 02:00:00,1015.5,12.2,72.0,0.3,23.0,2.1,297.0,0.0,-99.8,-99.8,-99.8,-99.8,-99.8,-99.8,-99.8
2025-01-18 03:00:00,1014.9,12.2,72.0,1.0,19.0,2.1,3.0,0.0,-99.8,-99.8,-99.8,-99.8,-99.8,-99.8,-99.8
2025-01-18 04:00:00,1014.9,12.3,75.0,0.7,47.0,2.4,61.0,0.0,-99.8,-99.8,-99.8,-99.8,-99.8,-99.8,-99.8
2025-01-18 05:00:00,1014.6,12.3,80.0,0.9,40.0,3.0,11.0,0.0,-99.8,-99.8,-99.8,-99.8,-99.8,-99.8,-99.8
2025-01-18 06:00:00,1014.7,12.4,82.0,1.6,352.0,3.0,20.0,0.0,-99.8,-99.8,-99.8,-99.8,-99.8,-99.8,-99.8
2025-01-18 07:00:00,1014.8,12.5,76.0,1.3,7.0,3.7,321.0,0.0,-99.8,-99.8,-99.8,-99.8,-99.8,-99.8,-99.8
2025-01-18 08:00:00,1015.3,13.1,77.0,0.2,0.0,2.7,349.0,0.0,-99.8,-99.8,-99.8,-99.8,-99.8,-99.8,-99.8
2025-01-18 09:00:00,1015.4,14.2,73.0,0.7,350.0,2.4,4.0,0.0,-99.8,-99.8,-99.8,-99.8,-99.8,-99.8,-99.8
2025-01-18 10:00:00,1015.9,15.8,65.0,0.7,323.0,2.3,313.0,0.0,-99.8,-99.8,-99.8,-99.8,-99.8,-99.8,-99.8
2025-01-18 11:00:00,1015.5,17.4,57.0,0.8,305.0,2.3,284.0,0.0,-99.8,-99.8,-99.8,-99.8,-99.8,-99.8,-99.8
2025-01-18 12:00:00,1014.8,18.0,55.0,0.4,313.0,2.8,289.0,0.0,-99.8,-99.8,-99.8,-99.8,-99.8,-99.8,-99.8
2025-01-18 13:00:00,1013.5,18.8,54.0,0.6,345.0,2.3,307.0,0.0,-99.8,-99.8,-99.8,-99.8,-99.8,-99.8,-99.8
2025-01-18 14:00:00,1012.7,19.1,56.0,1.3,317.0,3.2,286.0,0.0,-99.8,-99.8,-99.8,-99.8,-99.8,-99.8,-99.8
2025-01-18 15:00:00,1012.0,19.5,55.0,1.8,333.0,4.4,299.0,0.0,-99.8,-99.8,-99.8,-99.8,-99.8,-99.8,-99.8
2025-01-18 16:00:00,1011.9,19.0,64.0,1.9,348.0,4.5,354.0,0.0,-99.8,-99.8,-99.8,-99.8,-99.8,-99.8,-99.8
2025-01-18 17:00:00,1012.1,17.8,75.0,2.1,338.0,5.7,301.0,0.0,-99.8,-99.8,-99.8,-99.8,-99.8,-99.8,-99.8
2025-01-18 18:00:00,1012.8,16.9,79.0,2.0,325.0,4.5,353.0,0.0,-99.8,-99.8,-99.8,-99.8,-99.8,-99.8,-99.8
2025-01-18 19:00:00,1013.4,16.1,84.0,1.6,354.0,4.9,314.0,0.0,-99.8,-99.8,-99.8,-99.8,-99.8,-99.8,-99.8
2025-01-18 20:00:00,1013.7,15.7,85.0,1.8,358.0,5.8,341.0,0.0,-99.8,-99.8,-99.8,-99.8,-99.8,-99.8,-99.8
2025-01-18 21:00:00,1013.6,15.6,86.0,1.8,11.0,4.9,1.0,0.0,-99.8,-99.8,-99.8,-99.8,-99.8,-99.8,-99.8
2025-01-18 22:00:00,1013.8,15.5,87.0,1.6,353.0,3.9,360.0,0.0,-99.8,-99.8,-99.8,-99.8,-99.8,-99.8,-99.8
2025-01-18 23:00:00,1013.8,15.5,87.0,1.8,352.0,4.7,358.0,0.0,-99.8,-99.8,-99.8,-99.8,-99.8,-99.8,-99.8
2025-01-19 00:00:00,1012.9,15.6,87.0,2.4,360.0,4.7,358.0,0.0,-99.8,-99.8,-99.8,-99.8,-99.8,-99.8,-99.8
2025-01-19 01:00:00,-99.8,-99.8,-99.8,-99.8,-99.8,5.2,355.0,0.0,-99.8,-99.8,-99.8,-99.8,-99.8,-99.8,-99.8
2025-01-19 02:00:00,1012.2,15.4,88.0,1.3,25.0,5.0,346.0,0.0,-99.8,-99.8,-99.8,-99.8,-99.8,-99.8,-99.8
2025-01-19 03:00:00,1011.8,15.5,88.0,1.2,351.0,4.2,358.0,0.0,-99.8,-99.8,-99.8,-99.8,-99.8,-99.8,-99.8
2025-01-19 04:00:00,1011.8,15.6,88.0,1.5,26.0,4.1,9.0,0.0,-99.8,-99.8,-99.8,-99.8,-99.8,-99.8,-99.8
2025-01-19 05:00:00,1012.2,15.5,90.0,1.5,357.0,4.5,3.0,0.0,-99.8,-99.8,-99.8,-99.8,-99.8,-99.8,-99.8
2025-01-19 06:00:00,-99.8,-99.8,-99.8,-99.8,-99.8,4.4,347.0,0.0,-99.8,-99.8,-99.8,-99.8,-99.8,-99.8,-99.8
2025-01-19 07:00:00,1012.1,15.5,90.0,1.2,339.0,4.3,35.0,0.0,-99.8,-99.8,-99.8,-99.8,-99.8,-99.8,-99.8
2025-01-19 08:00:00,1012.0,15.0,93.0,2.1,354.0,5.0,1.0,0.0,-99.8,-99.8,-99.8,-99.8,-99.8,-99.8,-99.8
2025-01-19 09:00:00,1012.5,16.1,87.0,2.0,351.0,4.7,14.0,0.0,-99.8,-99.8,-99.8,-99.8,-99.8,-99.8,-99.8
2025-01-19 10:00:00,1012.2,17.3,80.0,2.5,1.0,6.2,351.0,0.0,-99.8,-99.8,-99.8,-99.8,-99.8,-99.8,-99.8
2025-01-19 11:00:00,1012.0,17.9,76.0,2.2,9.0,6.3,341.0,0.0,-99.8,-99.8,-99.8,-99.8,-99.8,-99.8,-99.8
2025-01-19 12:00:00,1010.6,19.6,69.0,2.2,18.0,6.3,42.0,0.0,-99.8,-99.8,-99.8,-99.8,-99.8,-99.8,-99.8
2025-01-19 13:00:00,1009.7,19.6,71.0,2.6,348.0,6.4,327.0,0.0,-99.8,-99.8,-99.8,-99.8,-99.8,-99.8,-99.8
2025-01-19 14:00:00,1008.9,20.1,67.0,2.4,7.0,6.6,9.0,0.0,-99.8,-99.8,-99.8,-99.8,-99.8,-99.8,-99.8
2025-01-19 15:00:00,1008.2,20.6,65.0,2.8,340.0,5.8,2.0,0.0,-99.8,-99.8,-99.8,-99.8,-99.8,-99.8,-99.8
2025-01-19 16:00:00,1008.1,20.3,64.0,2.6,338.0,5.8,317.0,0.0,-99.8,-99.8,-99.8,-99.8,-99.8,-99.8,-99.8
2025-01-19 17:00:00,1008.6,18.7,69.0,2.4,335.0,5.6,351.0,0.0,-99.8,-99.8,-99.8,-99.8,-99.8,-99.8,-99.8
2025-01-19 18:00:00,1009.1,17.3,74.0,2.1,343.0,6.0,346.0,0.0,-99.8,-99.8,-99.8,-99.8,-99.8,-99.8,-99.8
2025-01-19 19:00:00,1009.8,16.5,75.0,1.8,351.0,4.2,343.0,0.0,-99.8,-99.8,-99.8,-99.8,-99.8,-99.8,-99.8
2025-01-19 20:00:00,1010.2,15.9,78.0,1.7,357.0,4.2,20.0,0.0,-99.8,-99.8,-99.8,-99.8,-99.8,-99.8,-99.8
2025-01-19 21:00:00,1010.4,15.4,80.0,1.2,28.0,3.6,7.0,0.0,-99.8,-99.8,-99.8,-99.8,-99.8,-99.8,-99.8
2025-01-19 22:00:00,1010.5,15.0,81.0,0.8,335.0,3.1,349.0,0.0,-99.8,-99.8,-99.8,-99.8,-99.8,-99.8,-99.8
2025-01-19 23:00:00,1010.7,14.6,83.0,0.8,4.0,2.5,5.0,0.0,-99.8,-99.8,-99.8,-99.8,-99.8,-99.8,-99.8
2025-01-20 00:00:00,1010.4,14.2,85.0,1.1,356.0,2.7,28.0,0.0,-99.8,-99.8,-99.8,-99.8,-99.8,-99.8,-99.8
2025-01-20 01:00:00,1010.2,13.8,86.0,1.1,350.0,2.9,349.0,0.0,-99.8,-99.8,-99.8,-99.8,-99.8,-99.8,-99.8
2025-01-20 02:00:00,1010.0,13.6,86.0,0.9,2.0,3.0,349.0,0.0,-99.8,-99.8,-99.8,-99.8,-99.8,-99.8,-99.8
2025-01-20 03:00:00,1009.5,13.3,87.0,0.6,355.0,3.0,31.0,0.0,-99.8,-99.8,-99.8,-99.8,-99.8,-99.8,-99.8
2025-01-20 04:00:00,1009.3,13.0,84.0,1.1,5.0,2.7,359.0,0.0,-99.8,-99.8,-99.8,-99.8,-99.8,-99.8,-99.8
2025-01-20 05:00:00,1009.1,12.7,85.0,0.4,46.0,2.3,11.0,0.0,-99.8,-99.8,-99.8,-99.8,-99.8,-99.8,-99.8
2025-01-20 06:00:00,1009.6,12.5,88.0,0.6,41.0,2.0,19.0,0.0,-99.8,-99.8,-99.8,-99.8,-99.8,-99.8,-99.8
2025-01-20 07:00:00,1009.6,12.6,90.0,0.0,0.0,1.5,31.0,0.0,-99.8,-99.8,-99.8,-99.8,-99.8,-99.8,-99.8
2025-01-20 08:00:00,1010.0,14.4,84.0,0.0,0.0,1.0,353.0,0.0,-99.8,-99.8,-99.8,-99.8,-99.8,-99.8,-99.8
2025-01-20 09:00:00,1010.6,16.0,77.0,0.3,247.0,1.1,316.0,0.0,-99.8,-99.8,-99.8,-99.8,-99.8,-99.8,-99.8
2025-01-20 10:00:00,1010.8,17.7,70.0,0.8,290.0,2.2,351.0,0.0,-99.8,-99.8,-99.8,-99.8,-99.8,-99.8,-99.8
2025-01-20 11:00:00,1010.4,20.2,62.0,0.8,315.0,3.2,294.0,0.0,-99.8,-99.8,-99.8,-99.8,-99.8,-99.8,-99.8
2025-01-20 12:00:00,1009.8,21.4,56.0,1.3,344.0,3.9,305.0,0.0,-99.8,-99.8,-99.8,-99.8,-99.8,-99.8,-99.8
2025-01-20 13:00:00,1008.8,22.0,52.0,1.9,319.0,4.9,294.0,0.0,-99.8,-99.8,-99.8,-99.8,-99.8,-99.8,-99.8
2025-01-20 14:00:00,1008.6,22.2,53.0,1.9,321.0,4.9,302.0,0.0,-99.8,-99.8,-99.8,-99.8,-99.8,-99.8,-99.8
2025-01-20 15:00:00,1008.6,21.8,52.0,2.6,323.0,6.1,314.0,0.0,-99.8,-99.8,-99.8,-99.8,-99.8,-99.8,-99.8
2025-01-20 16:00:00,1008.9,21.2,53.0,1.5,325.0,5.6,323.0,0.0,-99.8,-99.8,-99.8,-99.8,-99.8,-99.8,-99.8
2025-01-20 17:00:00,1009.3,19.7,57.0,2.1,327.0,4.9,355.0,0.0,-99.8,-99.8,-99.8,-99.8,-99.8,-99.8,-99.8
2025-01-20 18:00:00,1010.1,18.1,62.0,1.6,341.0,5.4,356.0,0.0,-99.8,-99.8,-99.8,-99.8,-99.8,-99.8,-99.8
2025-01-20 19:00:00,1011.0,17.3,65.0,1.6,359.0,3.9,324.0,0.0,-99.8,-99.8,-99.8,-99.8,-99.8,-99.8,-99.8
2025-01-20 20:00:00,1011.2,16.5,65.0,1.0,357.0,3.8,11.0,0.0,-99.8,-99.8,-99.8,-99.8,-99.8,-99.8,-99.8
2025-01-20 21:00:00,1011.6,15.9,68.0,1.2,334.0,3.5,340.0,0.0,-99.8,-99.8,-99.8,-99.8,-99.8,-99.8,-99.8
2025-01-20 22:00:00,1011.7,15.2,69.0,1.0,21.0,3.0,330.0,0.0,-99.8,-99.8,-99.8,-99.8,-99.8,-99.8,-99.8
2025-01-20 23:00:00,1012.0,14.7,72.0,1.1,355.0,2.7,38.0,0.0,-99.8,-99.8,-99.8,-99.8,-99.8,-99.8,-99.8
2025-01-21 00:00:00,1011.8,14.3,72.0,0.5,30.0,2.6,45.0,0.0,-99.8,-99.8,-99.8,-99.8,-99.8,-99.8,-99.8
2025-01-21 01:00:00,1012.0,13.7,77.0,0.0,0.0,1.8,69.0,0.0,-99.8,-99.8,-99.8,-99.8,-99.8,-99.8,-99.8
2025-01-21 02:00:00,1011.8,13.3,81.0,0.0,0.0,1.4,84.0,0.0,-99.8,-99.8,-99.8,-99.8,-99.8,-99.8,-99.8
2025-01-21 03:00:00,1012.2,13.2,78.0,0.7,9.0,2.5,310.0,0.0,-99.8,-99.8,-99.8,-99.8,-99.8,-99.8,-99.8
2025-01-21 04:00:00,1012.7,13.1,79.0,0.3,54.0,2.0,35.0,0.0,-99.8,-99.8,-99.8,-99.8,-99.8,-99.8,-99.8
2025-01-21 05:00:00,1012.3,13.0,78.0,0.6,39.0,2.3,21.0,0.0,-99.8,-99.8,-99.8,-99.8,-99.8,-99.8,-99.8
2025-01-21 06:00:00,1012.3,12.3,83.0,0.3,95.0,1.9,27.0,0.0,-99.8,-99.8,-99.8,-99.8,-99.8,-99.8,-99.8
2025-01-21 07:00:00,1012.3,11.8,86.0,0.0,0.0,1.3,95.0,0.0,-99.8,-99.8,-99.8,-99.8,-99.8,-99.8,-99.8
2025-01-21 08:00:00,1012.8,13.3,78.0,0.8,354.0,1.9,5.0,0.0,-99.8,-99.8,-99.8,-99.8,-99.8,-99.8,-99.8
2025-01-21 09:00:00,1013.3,15.0,74.0,1.0,327.0,2.1,337.0,0.0,-99.8,-99.8,-99.8,-99.8,-99.8,-99.8,-99.8
2025-01-21 10:00:00,1013.2,17.2,68.0,0.8,321.0,2.3,4.0,0.0,-99.8,-99.8,-99.8,-99.8,-99.8,-99.8,-99.8
2025-01-21 11:00:00,1012.7,19.2,62.0,1.1,350.0,3.5,334.0,0.0,-99.8,-99.8,-99.8,-99.8,-99.8,-99.8,-99.8
2025-01-21 12:00:00,1011.7,20.7,57.0,1.2,340.0,3.2,352.0,0.0,-99.8,-99.8,-99.8,-99.8,-99.8,-99.8,-99.8
2025-01-21 13:00:00,1010.7,22.4,53.0,0.5,47.0,2.7,317.0,0.0,-99.8,-99.8,-99.8,-99.8,-99.8,-99.8,-99.8
2025-01-21 14:00:00,1009.9,23.1,51.0,1.2,337.0,3.8,289.0,0.0,-99.8,-99.8,-99.8,-99.8,-99.8,-99.8,-99.8
2025-01-21 15:00:00,1009.7,22.4,54.0,2.7,300.0,5.3,314.0,0.0,-99.8,-99.8,-99.8,-99.8,-99.8,-99.8,-99.8
2025-01-21 16:00:00,1010.2,21.9,57.0,3.0,298.0,5.4,284.0,0.0,-99.8,-99.8,-99.8,-99.8,-99.8,-99.8,-99.8
2025-01-21 17:00:00,1010.9,20.0,64.0,2.2,300.0,5.2,317.0,0.0,-99.8,-99.8,-99.8,-99.8,-99.8,-99.8,-99.8
2025-01-21 18:00:00,1011.6,18.3,73.0,1.8,312.0,5.0,312.0,0.0,-99.8,-99.8,-99.8,-99.8,-99.8,-99.8,-99.8
2025-01-21 19:00:00,1012.5,17.7,76.0,0.7,338.0,4.2,313.0,0.0,-99.8,-99.8,-99.8,-99.8,-99.8,-99.8,-99.8
2025-01-21 20:00:00,1012.8,17.6,77.0,0.7,341.0,1.9,6.0,0.0,-99.8,-99.8,-99.8,-99.8,-99.8,-99.8,-99.8
2025-01-21 21:00:00,1012.8,17.4,79.0,0.8,341.0,2.1,315.0,0.0,-99.8,-99.8,-99.8,-99.8,-99.8,-99.8,-99.8
2025-01-21 22:00:00,1012.9,17.2,80.0,0.7,304.0,2.4,311.0,0.0,-99.8,-99.8,-99.8,-99.8,-99.8,-99.8,-99.8
2025-01-21 23:00:00,1013.3,16.7,83.0,0.3,247.0,2.5,337.0,0.0,-99.8,-99.8,-99.8,-99.8,-99.8,-99.8,-99.8
2025-01-22 00:00:00,1013.1,16.4,85.0,0.3,269.0,1.4,275.0,0.0,-99.8,-99.8,-99.8,-99.8,-99.8,-99.8,-99.8
2025-01-22 01:00:00,1013.1,16.4,87.0,0.5,296.0,1.0,300.0,0.0,-99.8,-99.8,-99.8,-99.8,-99.8,-99.8,-99.8
2025-01-22 02:00:00,1012.6,16.3,88.0,0.6,85.0,1.5,86.0,0.0,-99.8,-99.8,-99.8,-99.8,-99.8,-99.8,-99.8
2025-01-22 03:00:00,1012.9,16.3,88.0,0.6,278.0,1.9,282.0,0.0,-99.8,-99.8,-99.8,-99.8,-99.8,-99.8,-99.8
2025-01-22 04:00:00,1012.4,16.0,90.0,0.0,0.0,1.4,268.0,0.0,-99.8,-99.8,-99.8,-99.8,-99.8,-99.8,-99.8
2025-01-22 05:00:00,1012.8,15.7,92.0,0.0,0.0,2.7,283.0,0.0,-99.8,-99.8,-99.8,-99.8,-99.8,-99.8,-99.8
2025-01-22 06:00:00,1013.5,15.7,92.0,0.7,88.0,1.6,83.0,0.0,-99.8,-99.8,-99.8,-99.8,-99.8,-99.8,-99.8
2025-01-22 07:00:00,1014.2,15.8,92.0,0.5,296.0,1.9,123.0,0.0,-99.8,-99.8,-99.8,-99.8,-99.8,-99.8,-99.8
2025-01-22 08:00:00,1014.4,16.3,90.0,0.9,317.0,2.4,285.0,0.0,-99.8,-99.8,-99.8,-99.8,-99.8,-99.8,-99.8
2025-01-22 09:00:00,1014.7,17.1,87.0,1.1,334.0,2.2,335.0,0.0,-99.8,-99.8,-99.8,-99.8,-99.8,-99.8,-99.8
2025-01-22 10:00:00,1014.4,18.7,80.0,1.2,315.0,2.5,348.0,0.0,-99.8,-99.8,-99.8,-99.8,-99.8,-99.8,-99.8
2025-01-22 11:00:00,1014.0,20.4,72.0,1.1,315.0,3.6,288.0,0.0,-99.8,-99.8,-99.8,-99.8,-99.8,-99.8,-99.8
2025-01-22 12:00:00,1013.4,22.6,55.0,1.3,324.0,3.5,323.0,0.0,-99.8,-99.8,-99.8,-99.8,-99.8,-99.8,-99.8
2025-01-22 13:00:00,1012.4,23.5,47.0,1.7,329.0,3.8,322.0,0.0,-99.8,-99.8,-99.8,-99.8,-99.8,-99.8,-99.8
2025-01-22 14:00:00,1011.8,22.0,59.0,2.4,310.0,4.9,321.0,0.0,-99.8,-99.8,-99.8,-99.8,-99.8,-99.8,-99.8
2025-01-22 15:00:00,1011.3,21.6,58.0,2.0,344.0,4.6,293.0,0.0,-99.8,-99.8,-99.8,-99.8,-99.8,-99.8,-99.8
2025-01-22 16:00:00,1011.4,20.9,65.0,2.2,326.0,5.0,316.0,0.0,-99.8,-99.8,-99.8,-99.8,-99.8,-99.8,-99.8
2025-01-22 17:00:00,1012.2,19.3,72.0,1.7,330.0,4.9,327.0,0.0,-99.8,-99.8,-99.8,-99.8,-99.8,-99.8,-99.8
2025-01-22 18:00:00,1012.7,18.0,80.0,2.0,338.0,5.0,4.0,0.0,-99.8,-99.8,-99.8,-99.8,-99.8,-99.8,-99.8
2025-01-22 19:00:00,1013.0,17.4,84.0,2.1,352.0,4.4,348.0,0.0,-99.8,-99.8,-99.8,-99.8,-99.8,-99.8,-99.8
2025-01-22 20:00:00,1013.3,17.2,86.0,1.6,348.0,3.5,2.0,0.0,-99.8,-99.8,-99.8,-99.8,-99.8,-99.8,-99.8
2025-01-22 21:00:00,1013.3,17.0,86.0,0.7,4.0,3.8,2.0,0.0,-99.8,-99.8,-99.8,-99.8,-99.8,-99.8,-99.8
2025-01-22 22:00:00,1013.5,17.0,87.0,1.2,318.0,2.9,313.0,0.0,-99.8,-99.8,-99.8,-99.8,-99.8,-99.8,-99.8
2025-01-22 23:00:00,1013.8,16.4,92.0,1.6,349.0,4.0,347.0,0.0,-99.8,-99.8,-99.8,-99.8,-99.8,-99.8,-99.8
2025-01-23 00:00:00,1014.1,16.4,93.0,1.1,354.0,4.2,359.0,0.0,-99.8,-99.8,-99.8,-99.8,-99.8,-99.8,-99.8
2025-01-23 01:00:00,1013.8,16.4,93.0,1.0,360.0,3.3,339.0,0.0,-99.8,-99.8,-99.8,-99.8,-99.8,-99.8,-99.8
2025-01-23 02:00:00,1013.6,16.5,94.0,0.7,2.0,2.8,342.0,0.0,-99.8,-99.8,-99.8,-99.8,-99.8,-99.8,-99.8
2025-01-23 03:00:00,1013.0,16.5,95.0,1.2,358.0,3.3,82.0,0.5,-99.8,-99.8,-99.8,-99.8,-99.8,-99.8,-99.8
2025-01-23 04:00:00,1012.3,16.1,96.0,1.7,353.0,3.4,354.0,0.0,-99.8,-99.8,-99.8,-99.8,-99.8,-99.8,-99.8
2025-01-23 05:00:00,1012.8,16.1,95.0,0.8,349.0,4.3,6.0,0.0,-99.8,-99.8,-99.8,-99.8,-99.8,-99.8,-99.8
2025-01-23 06:00:00,1012.7,16.2,95.0,1.4,360.0,3.3,354.0,0.0,-99.8,-99.8,-99.8,-99.8,-99.8,-99.8,-99.8
2025-01-23 07:00:00,1013.4,16.1,95.0,1.4,355.0,3.6,350.0,0.0,-99.8,-99.8,-99.8,-99.8,-99.8,-99.8,-99.8
2025-01-23 08:00:00,1013.5,16.2,95.0,1.1,20.0,3.3,339.0,0.0,-99.8,-99.8,-99.8,-99.8,-99.8,-99.8,-99.8
2025-01-23 09:00:00,1013.5,16.5,93.0,2.0,350.0,4.7,351.0,0.0,-99.8,-99.8,-99.8,-99.8,-99.8,-99.8,-99.8
2025-01-23 10:00:00,1014.0,16.6,91.0,3.2,1.0,6.2,9.0,0.0,-99.8,-99.8,-99.8,-99.8,-99.8,-99.8,-99.8
2025-01-23 11:00:00,1013.5,17.2,86.0,3.0,359.0,6.9,10.0,0.0,-99.8,-99.8,-99.8,-99.8,-99.8,-99.8,-99.8
2025-01-23 12:00:00,1012.3,19.3,76.0,2.3,30.0,6.5,10.0,0.0,-99.8,-99.8,-99.8,-99.8,-99.8,-99.8,-99.8
2025-01-23 13:00:00,1010.7,20.9,68.0,2.6,1.0,6.1,24.0,0.0,-99.8,-99.8,-99.8,-99.8,-99.8,-99.8,-99.8
2025-01-23 14:00:00,1009.7,22.7,59.0,1.8,354.0,6.1,2.0,0.0,-99.8,-99.8,-99.8,-99.8,-99.8,-99.8,-99.8
2025-01-23 15:00:00,1008.8,23.2,56.0,2.8,342.0,6.5,340.0,0.0,-99.8,-99.8,-99.8,-99.8,-99.8,-99.8,-99.8
2025-01-23 16:00:00,1008.8,22.1,63.0,2.8,347.0,6.7,311.0,0.0,-99.8,-99.8,-99.8,-99.8,-99.8,-99.8,-99.8
2025-01-23 17:00:00,1009.0,20.5,64.0,2.4,354.0,7.5,357.0,0.0,-99.8,-99.8,-99.8,-99.8,-99.8,-99.8,-99.8
2025-01-23 18:00:00,1009.5,19.4,68.0,1.9,3.0,6.5,9.0,0.0,-99.8,-99.8,-99.8,-99.8,-99.8,-99.8,-99.8
2025-01-23 19:00:00,1009.6,18.3,75.0,2.2,357.0,4.9,347.0,0.0,-99.8,-99.8,-99.8,-99.8,-99.8,-99.8,-99.8
2025-01-23 20:00:00,1010.1,17.2,81.0,2.6,354.0,5.0,354.0,0.0,-99.8,-99.8,-99.8,-99.8,-99.8,-99.8,-99.8
2025-01-23 21:00:00,1010.6,16.5,82.0,1.2,3.0,4.6,3.0,0.0,-99.8,-99.8,-99.8,-99.8,-99.8,-99.8,-99.8
2025-01-23 22:00:00,1010.7,16.0,84.0,0.6,12.0,3.1,343.0,0.0,-99.8,-99.8,-99.8,-99.8,-99.8,-99.8,-99.8
2025-01-23 23:00:00,1010.4,15.7,84.0,0.9,337.0,2.6,16.0,0.0,-99.8,-99.8,-99.8,-99.8,-99.8,-99.8,-99.8
2025-01-24 00:00:00,1010.4,15.3,83.0,1.2,357.0,2.2,354.0,0.0,-99.8,-99.8,-99.8,-99.8,-99.8,-99.8,-99.8
2025-01-24 01:00:00,1010.2,15.3,82.0,0.8,9.0,2.9,5.0,0.0,-99.8,-99.8,-99.8,-99.8,-99.8,-99.8,-99.8
2025-01-24 02:00:00,1010.3,15.2,83.0,0.8,354.0,3.5,354.0,0.0,-99.8,-99.8,-99.8,-99.8,-99.8,-99.8,-99.8
2025-01-24 03:00:00,1010.3,15.1,85.0,0.9,18.0,3.1,352.0,0.0,-99.8,-99.8,-99.8,-99.8,-99.8,-99.8,-99.8
2025-01-24 04:00:00,1010.1,15.1,86.0,1.0,14.0,3.3,340.0,0.0,-99.8,-99.8,-99.8,-99.8,-99.8,-99.8,-99.8
2025-01-24 05:00:00,1010.1,15.1,85.0,0.9,13.0,3.0,24.0,0.0,-99.8,-99.8,-99.8,-99.8,-99.8,-99.8,-99.8
2025-01-24 06:00:00,1010.3,15.2,84.0,1.0,29.0,2.8,352.0,0.0,-99.8,-99.8,-99.8,-99.8,-99.8,-99.8,-99.8
2025-01-24 07:00:00,1010.6,15.4,83.0,0.0,0.0,2.2,28.0,0.0,-99.8,-99.8,-99.8,-99.8,-99.8,-99.8,-99.8
2025-01-24 08:00:00,1010.3,15.6,83.0,0.7,56.0,2.4,20.0,0.0,-99.8,-99.8,-99.8,-99.8,-99.8,-99.8,-99.8
2025-01-24 09:00:00,1010.5,16.9,76.0,0.8,350.0,2.1,24.0,0.0,-99.8,-99.8,-99.8,-99.8,-99.8,-99.8,-99.8
2025-01-24 10:00:00,1010.5,19.2,71.0,1.5,326.0,3.8,4.0,0.0,-99.8,-99.8,-99.8,-99.8,-99.8,-99.8,-99.8
2025-01-24 11:00:00,1010.1,21.2,65.0,1.8,332.0,4.6,337.0,0.0,-99.8,-99.8,-99.8,-99.8,-99.8,-99.8,-99.8
2025-01-24 12:00:00,1009.5,21.4,69.0,2.4,343.0,6.0,320.0,0.0,-99.8,-99.8,-99.8,-99.8,-99.8,-99.8,-99.8
2025-01-24 13:00:00,1008.5,22.4,64.0,1.6,351.0,5.1,312.0,0.0,-99.8,-99.8,-99.8,-99.8,-99.8,-99.8,-99.8
2025-01-24 14:00:00,1007.7,23.6,59.0,1.2,14.0,4.3,343.0,0.0,-99.8,-99.8,-99.8,-99.8,-99.8,-99.8,-99.8
2025-01-24 15:00:00,1007.3,24.0,60.0,1.5,329.0,4.6,341.0,0.0,-99.8,-99.8,-99.8,-99.8,-99.8,-99.8,-99.8
2025-01-24 16:00:00,1007.6,22.2,68.0,2.6,321.0,6.0,340.0,0.0,-99.8,-99.8,-99.8,-99.8,-99.8,-99.8,-99.8
2025-01-24 17:00:00,1008.3,20.8,74.0,1.9,331.0,5.1,323.0,0.0,-99.8,-99.8,-99.8,-99.8,-99.8,-99.8,-99.8
2025-01-24 18:00:00,1009.0,19.2,81.0,1.4,329.0,5.4,325.0,0.0,-99.8,-99.8,-99.8,-99.8,-99.8,-99.8,-99.8
2025-01-24 19:00:00,1009.7,18.2,86.0,1.2,346.0,4.7,339.0,0.0,-99.8,-99.8,-99.8,-99.8,-99.8,-99.8,-99.8
2025-01-24 20:00:00,1010.3,17.6,89.0,1.3,332.0,3.6,356.0,0.0,-99.8,-99.8,-99.8,-99.8,-99.8,-99.8,-99.8
2025-01-24 21:00:00,1010.5,17.2,90.0,1.0,345.0,2.7,332.0,0.0,-99.8,-99.8,-99.8,-99.8,-99.8,-99.8,-99.8
2025-01-24 22:00:00,1010.5,17.0,91.0,0.9,348.0,2.9,339.0,0.0,-99.8,-99.8,-99.8,-99.8,-99.8,-99.8,-99.8
2025-01-24 23:00:00,1010.4,16.7,92.0,0.6,334.0,2.4,348.0,0.0,-99.8,-99.8,-99.8,-99.8,-99.8,-99.8,-99.8
2025-01-25 00:00:00,1010.4,16.6,93.0,0.0,0.0,1.7,323.0,0.0,-99.8,-99.8,-99.8,-99.8,-99.8,-99.8,-99.8
2025-01-25 01:00:00,1010.4,16.4,93.0,0.0,0.0,0.9,354.0,0.0,-99.8,-99.8,-99.8,-99.8,-99.8,-99.8,-99.8
2025-01-25 02:00:00,1010.2,16.5,93.0,0.3,10.0,1.3,64.0,0.0,-99.8,-99.8,-99.8,-99.8,-99.8,-99.8,-99.8
2025-01-25 03:00:00,1010.1,16.3,95.0,0.0,0.0,1.9,358.0,0.0,-99.8,-99.8,-99.8,-99.8,-99.8,-99.8,-99.8
2025-01-25 04:00:00,1010.2,15.9,97.0,0.9,356.0,2.0,336.0,0.0,-99.8,-99.8,-99.8,-99.8,-99.8,-99.8,-99.8
2025-01-25 05:00:00,1010.4,16.1,95.0,0.7,348.0,2.3,19.0,0.0,-99.8,-99.8,-99.8,-99.8,-99.8,-99.8,-99.8
2025-01-25 06:00:00,1011.0,16.3,93.0,1.0,30.0,2.4,37.0,0.0,-99.8,-99.8,-99.8,-99.8,-99.8,-99.8,-99.8
2025-01-25 07:00:00,1011.6,16.4,95.0,0.3,99.0,2.3,336.0,0.0,-99.8,-99.8,-99.8,-99.8,-99.8,-99.8,-99.8
2025-01-25 08:00:00,1012.1,16.3,94.0,0.2,0.0,2.3,96.0,0.0,-99.8,-99.8,-99.8,-99.8,-99.8,-99.8,-99.8
2025-01-25 09:00:00,1012.6,17.0,89.0,0.8,33.0,2.1,2.0,0.0,-99.8,-99.8,-99.8,-99.8,-99.8,-99.8,-99.8
2025-01-25 10:00:00,1012.6,18.7,82.0,0.7,337.0,2.2,76.0,0.0,-99.8,-99.8,-99.8,-99.8,-99.8,-99.8,-99.8
2025-01-25 11:00:00,1011.9,19.9,77.0,0.7,6.0,2.7,280.0,0.0,-99.8,-99.8,-99.8,-99.8,-99.8,-99.8,-99.8
2025-01-25 12:00:00,1010.7,21.8,68.0,1.4,348.0,3.7,350.0,0.0,-99.8,-99.8,-99.8,-99.8,-99.8,-99.8,-99.8
2025-01-25 13:00:00,1009.7,22.4,65.0,1.1,336.0,4.0,350.0,0.0,-99.8,-99.8,-99.8,-99.8,-99.8,-99.8,-99.8
2025-01-25 14:00:00,1009.0,22.3,67.0,2.4,339.0,5.8,359.0,0.0,-99.8,-99.8,-99.8,-99.8,-99.8,-99.8,-99.8
2025-01-25 15:00:00,1008.3,22.3,67.0,2.5,329.0,5.8,359.0,0.0,-99.8,-99.8,-99.8,-99.8,-99.8,-99.8,-99.8
2025-01-25 16:00:00,1008.6,21.5,69.0,2.3,342.0,5.9,335.0,0.0,-99.8,-99.8,-99.8,-99.8,-99.8,-99.8,-99.8
2025-01-25 17:00:00,1009.2,19.8,75.0,2.1,334.0,6.0,337.0,0.0,-99.8,-99.8,-99.8,-99.8,-99.8,-99.8,-99.8
2025-01-25 18:00:00,1009.8,18.7,77.0,2.3,355.0,5.4,327.0,0.0,-99.8,-99.8,-99.8,-99.8,-99.8,-99.8,-99.8
2025-01-25 19:00:00,1010.5,17.9,81.0,1.7,356.0,4.3,347.0,0.0,-99.8,-99.8,-99.8,-99.8,-99.8,-99.8,-99.8
2025-01-25 20:00:00,1011.1,17.3,83.0,1.7,355.0,4.9,2.0,0.0,-99.8,-99.8,-99.8,-99.8,-99.8,-99.8,-99.8
2025-01-25 21:00:00,1011.6,17.0,83.0,1.6,358.0,3.5,16.0,0.0,-99.8,-99.8,-99.8,-99.8,-99.8,-99.8,-99.8
2025-01-25 22:00:00,1011.8,16.9,81.0,0.7,9.0,3.2,3.0,0.0,-99.8,-99.8,-99.8,-99.8,-99.8,-99.8,-99.8
2025-01-25 23:00:00,1011.9,16.6,81.0,0.9,12.0,2.7,357.0,0.0,-99.8,-99.8,-99.8,-99.8,-99.8,-99.8,-99.8
2025-01-26 00:00:00,1012.0,16.5,82.0,0.8,354.0,2.4,351.0,0.0,-99.8,-99.8,-99.8,-99.8,-99.8,-99.8,-99.8
2025-01-26 01:00:00,1012.0,16.5,81.0,0.9,11.0,2.6,349.0,0.0,-99.8,-99.8,-99.8,-99.8,-99.8,-99.8,-99.8
2025-01-26 02:00:00,1011.8,16.5,81.0,0.9,18.0,3.7,350.0,0.0,-99.8,-99.8,-99.8,-99.8,-99.8,-99.8,-99.8
2025-01-26 03:00:00,1011.7,16.1,83.0,0.7,7.0,3.0,43.0,0.0,-99.8,-99.8,-99.8,-99.8,-99.8,-99.8,-99.8
2025-01-26 04:00:00,1011.5,16.0,84.0,0.9,12.0,3.0,358.0,0.0,-99.8,-99.8,-99.8,-99.8,-99.8,-99.8,-99.8
2025-01-26 05:00:00,1011.8,16.1,82.0,1.1,2.0,3.5,4.0,0.0,-99.8,-99.8,-99.8,-99.8,-99.8,-99.8,-99.8
2025-01-26 06:00:00,1012.4,15.6,84.0,1.1,353.0,3.1,5.0,0.0,-99.8,-99.8,-99.8,-99.8,-99.8,-99.8,-99.8
2025-01-26 07:00:00,1013.1,15.5,84.0,1.4,1.0,3.8,13.0,0.0,-99.8,-99.8,-99.8,-99.8,-99.8,-99.8,-99.8
2025-01-26 08:00:00,1013.4,16.0,81.0,1.1,3.0,3.1,40.0,0.0,-99.8,-99.8,-99.8,-99.8,-99.8,-99.8,-99.8
2025-01-26 09:00:00,1013.6,17.5,74.0,0.6,57.0,3.5,38.0,0.0,-99.8,-99.8,-99.8,-99.8,-99.8,-99.8,-99.8
2025-01-26 10:00:00,1013.7,19.0,71.0,2.1,331.0,4.5,327.0,0.0,-99.8,-99.8,-99.8,-99.8,-99.8,-99.8,-99.8
2025-01-26 11:00:00,1013.3,20.5,64.0,1.8,334.0,4.8,5.0,0.0,-99.8,-99.8,-99.8,-99.8,-99.8,-99.8,-99.8
2025-01-26 12:00:00,1012.4,20.9,64.0,2.8,338.0,6.1,345.0,0.0,-99.8,-99.8,-99.8,-99.8,-99.8,-99.8,-99.8
2025-01-26 13:00:00,1011.4,20.7,66.0,2.9,333.0,7.2,357.0,0.0,-99.8,-99.8,-99.8,-99.8,-99.8,-99.8,-99.8
2025-01-26 14:00:00,1010.8,19.6,69.0,3.6,333.0,8.7,358.0,0.0,-99.8,-99.8,-99.8,-99.8,-99.8,-99.8,-99.8
2025-01-26 15:00:00,1010.4,19.5,69.0,2.9,332.0,8.4,335.0,0.0,-99.8,-99.8,-99.8,-99.8,-99.8,-99.8,-99.8
2025-01-26 16:00:00,1011.2,17.1,76.0,3.9,338.0,10.5,314.0,0.0,-99.8,-99.8,-99.8,-99.8,-99.8,-99.8,-99.8
2025-01-26 17:00:00,1012.5,16.5,78.0,2.6,13.0,8.9,342.0,0.0,-99.8,-99.8,-99.8,-99.8,-99.8,-99.8,-99.8
2025-01-26 18:00:00,1012.8,15.9,78.0,3.8,5.0,11.2,32.0,0.0,-99.8,-99.8,-99.8,-99.8,-99.8,-99.8,-99.8
2025-01-26 19:00:00,1013.5,15.1,81.0,3.8,360.0,10.7,9.0,0.0,-99.8,-99.8,-99.8,-99.8,-99.8,-99.8,-99.8
2025-01-26 20:00:00,1014.1,14.9,79.0,3.7,358.0,10.6,359.0,0.0,-99.8,-99.8,-99.8,-99.8,-99.8,-99.8,-99.8
2025-01-26 21:00:00,1013.7,14.5,77.0,4.0,4.0,9.5,358.0,0.0,-99.8,-99.8,-99.8,-99.8,-99.8,-99.8,-99.8
2025-01-26 22:00:00,1014.4,14.5,76.0,4.3,2.0,11.0,347.0,0.0,-99.8,-99.8,-99.8,-99.8,-99.8,-99.8,-99.8
2025-01-26 23:00:00,1014.2,14.4,76.0,3.4,13.0,11.2,4.0,0.0,-99.8,-99.8,-99.8,-99.8,-99.8,-99.8,-99.8
2025-01-27 00:00:00,1014.2,14.4,75.0,3.4,359.0,9.1,347.0,0.0,-99.8,-99.8,-99.8,-99.8,-99.8,-99.8,-99.8
2025-01-27 01:00:00,1014.4,14.1,74.0,3.8,2.0,9.7,357.0,0.0,-99.8,-99.8,-99.8,-99.8,-99.8,-99.8,-99.8
2025-01-27 02:00:00,1014.1,14.0,73.0,3.4,10.0,9.5,334.0,0.0,-99.8,-99.8,-99.8,-99.8,-99.8,-99.8,-99.8
2025-01-27 03:00:00,1014.2,13.9,72.0,3.1,359.0,8.5,358.0,0.0,-99.8,-99.8,-99.8,-99.8,-99.8,-99.8,-99.8
2025-01-27 04:00:00,1014.1,13.5,71.0,3.2,2.0,10.9,4.0,0.0,-99.8,-99.8,-99.8,-99.8,-99.8,-99.8,-99.8
2025-01-27 05:00:00,1014.4,13.1,73.0,3.5,6.0,10.6,349.0,0.0,-99.8,-99.8,-99.8,-99.8,-99.8,-99.8,-99.8
2025-01-27 06:00:00,1014.7,12.1,78.0,3.2,12.0,9.8,353.0,0.0,-99.8,-99.8,-99.8,-99.8,-99.8,-99.8,-99.8
2025-01-27 07:00:00,1015.3,11.5,76.0,3.6,3.0,11.2,347.0,0.0,-99.8,-99.8,-99.8,-99.8,-99.8,-99.8,-99.8
2025-01-27 08:00:00,1015.8,11.5,68.0,3.0,15.0,11.3,13.0,0.0,-99.8,-99.8,-99.8,-99.8,-99.8,-99.8,-99.8
2025-01-27 09:00:00,1016.9,11.6,67.0,3.3,13.0,8.6,353.0,0.0,-99.8,-99.8,-99.8,-99.8,-99.8,-99.8,-99.8
2025-01-27 10:00:00,1016.8,11.3,73.0,3.1,25.0,9.6,356.0,0.0,-99.8,-99.8,-99.8,-99.8,-99.8,-99.8,-99.8
2025-01-27 11:00:00,1016.3,12.4,69.0,2.4,17.0,8.7,29.0,0.0,-99.8,-99.8,-99.8,-99.8,-99.8,-99.8,-99.8
2025-01-27 12:00:00,1015.4,12.6,63.0,3.3,4.0,7.5,13.0,0.0,-99.8,-99.8,-99.8,-99.8,-99.8,-99.8,-99.8
2025-01-27 13:00:00,1014.4,12.7,63.0,2.5,20.0,8.1,5.0,0.0,-99.8,-99.8,-99.8,-99.8,-99.8,-99.8,-99.8
2025-01-27 14:00:00,1013.6,13.3,61.0,2.5,12.0,7.6,347.0,0.0,-99.8,-99.8,-99.8,-99.8,-99.8,-99.8,-99.8
2025-01-27 15:00:00,1013.5,13.9,58.0,3.3,2.0,7.2,8.0,0.0,-99.8,-99.8,-99.8,-99.8,-99.8,-99.8,-99.8
2025-01-27 16:00:00,1013.9,14.7,57.0,2.4,21.0,8.9,355.0,0.0,-99.8,-99.8,-99.8,-99.8,-99.8,-99.8,-99.8
2025-01-27 17:00:00,1014.3,14.9,53.0,2.8,360.0,6.9,342.0,0.0,-99.8,-99.8,-99.8,-99.8,-99.8,-99.8,-99.8
2025-01-27 18:00:00,1014.9,13.6,55.0,1.8,21.0,6.8,9.0,0.0,-99.8,-99.8,-99.8,-99.8,-99.8,-99.8,-99.8
2025-01-27 19:00:00,1015.4,12.5,60.0,1.7,355.0,5.8,30.0,0.0,-99.8,-99.8,-99.8,-99.8,-99.8,-99.8,-99.8
2025-01-27 20:00:00,1015.6,11.4,62.0,1.8,346.0,4.8,357.0,0.0,-99.8,-99.8,-99.8,-99.8,-99.8,-99.8,-99.8
2025-01-27 21:00:00,1016.6,10.5,62.0,1.3,15.0,4.9,358.0,0.0,-99.8,-99.8,-99.8,-99.8,-99.8,-99.8,-99.8
2025-01-27 22:00:00,1016.9,9.8,64.0,1.5,353.0,3.7,352.0,0.0,-99.8,-99.8,-99.8,-99.8,-99.8,-99.8,-99.8
2025-01-27 23:00:00,1017.0,9.4,65.0,1.1,21.0,3.3,2.0,0.0,-99.8,-99.8,-99.8,-99.8,-99.8,-99.8,-99.8
2025-01-28 00:00:00,1017.8,9.1,65.0,1.2,26.0,3.3,348.0,0.0,-99.8,-99.8,-99.8,-99.8,-99.8,-99.8,-99.8
2025-01-28 01:00:00,1018.2,9.1,66.0,1.3,356.0,2.9,23.0,0.0,-99.8,-99.8,-99.8,-99.8,-99.8,-99.8,-99.8
2025-01-28 02:00:00,1018.0,9.8,56.0,1.7,354.0,3.7,346.0,0.0,-99.8,-99.8,-99.8,-99.8,-99.8,-99.8,-99.8
2025-01-28 03:00:00,1017.7,10.3,48.0,2.1,3.0,6.0,353.0,0.0,-99.8,-99.8,-99.8,-99.8,-99.8,-99.8,-99.8
2025-01-28 04:00:00,1017.7,10.0,51.0,2.3,358.0,5.3,342.0,0.0,-99.8,-99.8,-99.8,-99.8,-99.8,-99.8,-99.8
2025-01-28 05:00:00,1017.5,10.0,51.0,1.7,26.0,6.4,34.0,0.0,-99.8,-99.8,-99.8,-99.8,-99.8,-99.8,-99.8
2025-01-28 06:00:00,1017.7,9.4,57.0,2.1,356.0,5.2,36.0,0.0,-99.8,-99.8,-99.8,-99.8,-99.8,-99.8,-99.8
2025-01-28 07:00:00,1018.3,9.2,56.0,1.6,358.0,4.3,350.0,0.0,-99.8,-99.8,-99.8,-99.8,-99.8,-99.8,-99.8
2025-01-28 08:00:00,1019.0,10.4,52.0,1.5,358.0,4.0,11.0,0.0,-99.8,-99.8,-99.8,-99.8,-99.8,-99.8,-99.8
2025-01-28 09:00:00,1019.2,11.1,51.0,2.2,353.0,4.8,351.0,0.0,-99.8,-99.8,-99.8,-99.8,-99.8,-99.8,-99.8
2025-01-28 10:00:00,1019.6,12.6,49.0,1.0,14.0,3.4,359.0,0.0,-99.8,-99.8,-99.8,-99.8,-99.8,-99.8,-99.8
2025-01-28 11:00:00,1019.3,14.2,51.0,1.5,334.0,3.3,337.0,0.0,-99.8,-99.8,-99.8,-99.8,-99.8,-99.8,-99.8
2025-01-28 12:00:00,1018.7,15.7,47.0,1.9,341.0,4.9,353.0,0.0,-99.8,-99.8,-99.8,-99.8,-99.8,-99.8,-99.8
2025-01-28 13:00:00,1017.1,17.4,37.0,2.8,356.0,7.1,321.0,0.0,-99.8,-99.8,-99.8,-99.8,-99.8,-99.8,-99.8
2025-01-28 14:00:00,1016.8,17.9,43.0,2.9,359.0,7.1,315.0,0.0,-99.8,-99.8,-99.8,-99.8,-99.8,-99.8,-99.8
2025-01-28 15:00:00,1016.1,17.6,45.0,3.5,342.0,8.2,346.0,0.0,-99.8,-99.8,-99.8,-99.8,-99.8,-99.8,-99.8
2025-01-28 16:00:00,1016.4,17.0,48.0,3.3,353.0,9.2,6.0,0.0,-99.8,-99.8,-99.8,-99.8,-99.8,-99.8,-99.8
2025-01-28 17:00:00,1017.3,16.4,49.0,3.1,355.0,8.1,6.0,0.0,-99.8,-99.8,-99.8,-99.8,-99.8,-99.8,-99.8
2025-01-28 18:00:00,1018.5,15.1,54.0,3.1,355.0,8.1,351.0,0.0,-99.8,-99.8,-99.8,-99.8,-99.8,-99.8,-99.8
2025-01-28 19:00:00,1019.1,14.6,56.0,2.2,3.0,7.0,349.0,0.0,-99.8,-99.8,-99.8,-99.8,-99.8,-99.8,-99.8
2025-01-28 20:00:00,1019.9,14.1,59.0,1.6,356.0,4.1,358.0,0.0,-99.8,-99.8,-99.8,-99.8,-99.8,-99.8,-99.8
2025-01-28 21:00:00,1020.2,13.9,60.0,1.6,354.0,4.7,4.0,0.0,-99.8,-99.8,-99.8,-99.8,-99.8,-99.8,-99.8
2025-01-28 22:00:00,1020.8,13.4,61.0,1.6,355.0,4.7,352.0,0.0,-99.8,-99.8,-99.8,-99.8,-99.8,-99.8,-99.8
2025-01-28 23:00:00,1021.2,12.7,62.0,1.6,355.0,4.1,2.0,0.0,-99.8,-99.8,-99.8,-99.8,-99.8,-99.8,-99.8
2025-01-29 00:00:00,1021.1,12.6,61.0,0.9,2.0,3.4,352.0,0.0,-99.8,-99.8,-99.8,-99.8,-99.8,-99.8,-99.8
2025-01-29 01:00:00,1021.0,12.4,57.0,1.3,344.0,3.3,354.0,0.0,-99.8,-99.8,-99.8,-99.8,-99.8,-99.8,-99.8
2025-01-29 02:00:00,1020.4,12.0,57.0,1.4,344.0,3.1,328.0,0.0,-99.8,-99.8,-99.8,-99.8,-99.8,-99.8,-99.8
2025-01-29 03:00:00,1020.0,11.3,61.0,1.0,333.0,3.0,317.0,0.0,-99.8,-99.8,-99.8,-99.8,-99.8,-99.8,-99.8
2025-01-29 04:00:00,1020.0,10.9,65.0,0.9,33.0,3.1,314.0,0.0,-99.8,-99.8,-99.8,-99.8,-99.8,-99.8,-99.8
2025-01-29 05:00:00,1019.9,10.6,67.0,1.9,350.0,3.7,349.0,0.0,-99.8,-99.8,-99.8,-99.8,-99.8,-99.8,-99.8
2025-01-29 06:00:00,1020.4,10.8,68.0,1.0,26.0,4.5,6.0,0.0,-99.8,-99.8,-99.8,-99.8,-99.8,-99.8,-99.8
2025-01-29 07:00:00,1020.7,10.5,68.0,1.5,355.0,3.8,5.0,0.0,-99.8,-99.8,-99.8,-99.8,-99.8,-99.8,-99.8
2025-01-29 08:00:00,1021.1,10.9,67.0,0.5,74.0,3.3,1.0,0.0,-99.8,-99.8,-99.8,-99.8,-99.8,-99.8,-99.8
2025-01-29 09:00:00,1021.3,11.4,63.0,1.8,358.0,3.2,344.0,0.0,-99.8,-99.8,-99.8,-99.8,-99.8,-99.8,-99.8
2025-01-29 10:00:00,1021.6,13.7,57.0,1.5,358.0,3.7,4.0,0.0,-99.8,-99.8,-99.8,-99.8,-99.8,-99.8,-99.8
2025-01-29 11:00:00,1020.9,15.5,55.0,1.3,351.0,3.4,331.0,0.0,-99.8,-99.8,-99.8,-99.8,-99.8,-99.8,-99.8
2025-01-29 12:00:00,1019.6,17.5,51.0,1.2,357.0,3.7,312.0,0.0,-99.8,-99.8,-99.8,-99.8,-99.8,-99.8,-99.8
2025-01-29 13:00:00,1018.2,19.4,45.0,1.0,318.0,3.7,267.0,0.0,-99.8,-99.8,-99.8,-99.8,-99.8,-99.8,-99.8
2025-01-29 14:00:00,1017.4,20.2,44.0,1.0,333.0,3.8,290.0,0.0,-99.8,-99.8,-99.8,-99.8,-99.8,-99.8,-99.8
2025-01-29 15:00:00,1016.9,20.1,46.0,2.6,302.0,5.8,271.0,0.0,-99.8,-99.8,-99.8,-99.8,-99.8,-99.8,-99.8
2025-01-29 16:00:00,1016.8,19.0,48.0,2.8,314.0,6.9,288.0,0.0,-99.8,-99.8,-99.8,-99.8,-99.8,-99.8,-99.8
2025-01-29 17:00:00,1016.9,18.2,51.0,2.2,340.0,6.8,301.0,0.0,-99.8,-99.8,-99.8,-99.8,-99.8,-99.8,-99.8
2025-01-29 18:00:00,1016.7,17.0,57.0,1.7,344.0,4.0,325.0,0.0,-99.8,-99.8,-99.8,-99.8,-99.8,-99.8,-99.8
2025-01-29 19:00:00,1017.0,16.0,65.0,0.9,352.0,4.2,352.0,0.0,-99.8,-99.8,-99.8,-99.8,-99.8,-99.8,-99.8
2025-01-29 20:00:00,1017.5,15.6,68.0,0.5,42.0,2.3,4.0,0.0,-99.8,-99.8,-99.8,-99.8,-99.8,-99.8,-99.8
2025-01-29 21:00:00,1017.5,15.1,71.0,0.0,0.0,1.2,106.0,0.0,-99.8,-99.8,-99.8,-99.8,-99.8,-99.8,-99.8
2025-01-29 22:00:00,1017.5,14.0,79.0,0.0,0.0,1.1,265.0,0.0,-99.8,-99.8,-99.8,-99.8,-99.8,-99.8,-99.8
2025-01-29 23:00:00,1017.9,13.7,79.0,0.2,0.0,1.1,291.0,0.0,-99.8,-99.8,-99.8,-99.8,-99.8,-99.8,-99.8
2025-01-30 00:00:00,1018.0,13.6,81.0,0.6,168.0,2.1,178.0,0.0,-99.8,-99.8,-99.8,-99.8,-99.8,-99.8,-99.8
2025-01-30 01:00:00,1018.0,13.1,83.0,0.4,150.0,1.8,137.0,0.0,-99.8,-99.8,-99.8,-99.8,-99.8,-99.8,-99.8
2025-01-30 02:00:00,1017.8,12.9,84.0,0.5,166.0,1.2,168.0,0.0,-99.8,-99.8,-99.8,-99.8,-99.8,-99.8,-99.8
2025-01-30 03:00:00,1017.5,12.6,85.0,0.0,0.0,1.2,146.0,0.0,-99.8,-99.8,-99.8,-99.8,-99.8,-99.8,-99.8
2025-01-30 04:00:00,1017.6,12.5,85.0,0.5,119.0,1.5,120.0,0.0,-99.8,-99.8,-99.8,-99.8,-99.8,-99.8,-99.8
2025-01-30 05:00:00,1017.5,12.3,86.0,0.4,317.0,1.4,273.0,0.0,-99.8,-99.8,-99.8,-99.8,-99.8,-99.8,-99.8
2025-01-30 06:00:00,1017.6,12.4,86.0,0.5,35.0,1.8,42.0,0.0,-99.8,-99.8,-99.8,-99.8,-99.8,-99.8,-99.8
2025-01-30 07:00:00,1017.8,12.4,84.0,0.3,74.0,1.8,27.0,0.0,-99.8,-99.8,-99.8,-99.8,-99.8,-99.8,-99.8
2025-01-30 08:00:00,1018.3,13.6,80.0,0.7,179.0,1.6,177.0,0.0,-99.8,-99.8,-99.8,-99.8,-99.8,-99.8,-99.8
2025-01-30 09:00:00,1018.2,17.0,65.0,0.3,224.0,1.9,157.0,0.0,-99.8,-99.8,-99.8,-99.8,-99.8,-99.8,-99.8
2025-01-30 10:00:00,1017.6,20.2,52.0,0.0,0.0,1.8,84.0,0.0,-99.8,-99.8,-99.8,-99.8,-99.8,-99.8,-99.8
2025-01-30 11:00:00,1016.9,19.7,55.0,1.1,346.0,3.1,3.0,0.0,-99.8,-99.8,-99.8,-99.8,-99.8,-99.8,-99.8
2025-01-30 12:00:00,1015.9,21.0,46.0,0.8,318.0,4.1,291.0,0.0,-99.8,-99.8,-99.8,-99.8,-99.8,-99.8,-99.8
2025-01-30 13:00:00,1014.7,21.4,48.0,1.7,318.0,3.9,317.0,0.0,-99.8,-99.8,-99.8,-99.8,-99.8,-99.8,-99.8
2025-01-30 14:00:00,1013.5,21.9,50.0,1.3,319.0,4.1,311.0,0.0,-99.8,-99.8,-99.8,-99.8,-99.8,-99.8,-99.8
2025-01-30 15:00:00,1013.1,20.3,53.0,3.1,326.0,6.7,2.0,0.0,-99.8,-99.8,-99.8,-99.8,-99.8,-99.8,-99.8
2025-01-30 16:00:00,1012.9,20.3,50.0,2.3,333.0,6.5,292.0,0.0,-99.8,-99.8,-99.8,-99.8,-99.8,-99.8,-99.8
2025-01-30 17:00:00,1013.4,19.8,52.0,1.8,329.0,4.9,340.0,0.0,-99.8,-99.8,-99.8,-99.8,-99.8,-99.8,-99.8
2025-01-30 18:00:00,1013.9,17.8,64.0,1.5,316.0,5.3,301.0,0.0,-99.8,-99.8,-99.8,-99.8,-99.8,-99.8,-99.8
2025-01-30 19:00:00,1014.5,16.9,68.0,1.4,334.0,4.4,337.0,0.0,-99.8,-99.8,-99.8,-99.8,-99.8,-99.8,-99.8
2025-01-30 20:00:00,1015.2,16.4,71.0,1.0,339.0,3.4,353.0,0.0,-99.8,-99.8,-99.8,-99.8,-99.8,-99.8,-99.8
2025-01-30 21:00:00,1015.4,15.5,82.0,1.3,333.0,2.7,1.0,0.0,-99.8,-99.8,-99.8,-99.8,-99.8,-99.8,-99.8
2025-01-30 22:00:00,1015.3,15.1,89.0,0.6,346.0,2.6,338.0,0.0,-99.8,-99.8,-99.8,-99.8,-99.8,-99.8,-99.8
2025-01-30 23:00:00,1015.1,14.8,91.0,0.9,337.0,2.8,12.0,0.0,-99.8,-99.8,-99.8,-99.8,-99.8,-99.8,-99.8
2025-01-31 00:00:00,1015.5,14.8,92.0,0.8,5.0,2.4,4.0,0.0,-99.8,-99.8,-99.8,-99.8,-99.8,-99.8,-99.8
2025-01-31 01:00:00,1014.6,14.9,91.0,1.4,2.0,4.0,351.0,0.0,-99.8,-99.8,-99.8,-99.8,-99.8,-99.8,-99.8
2025-01-31 02:00:00,1013.4,14.9,91.0,1.0,31.0,3.5,40.0,0.0,-99.8,-99.8,-99.8,-99.8,-99.8,-99.8,-99.8
2025-01-31 03:00:00,1012.8,14.8,91.0,0.9,22.0,3.0,31.0,0.0,-99.8,-99.8,-99.8,-99.8,-99.8,-99.8,-99.8
2025-01-31 04:00:00,1012.8,14.8,91.0,1.2,299.0,2.3,326.0,0.0,-99.8,-99.8,-99.8,-99.8,-99.8,-99.8,-99.8
2025-01-31 05:00:00,-99.8,-99.8,-99.8,-99.8,-99.8,2.3,358.0,0.0,-99.8,-99.8,-99.8,-99.8,-99.8,-99.8,-99.8
2025-01-31 06:00:00,1013.5,15.0,91.0,0.0,0.0,2.4,360.0,0.0,-99.8,-99.8,-99.8,-99.8,-99.8,-99.8,-99.8
2025-01-31 07:00:00,1013.8,14.7,94.0,1.6,130.0,3.8,113.0,0.5,-99.8,-99.8,-99.8,-99.8,-99.8,-99.8,-99.8
2025-01-31 08:00:00,1014.1,15.0,93.0,0.3,235.0,3.5,142.0,0.0,-99.8,-99.8,-99.8,-99.8,-99.8,-99.8,-99.8
2025-01-31 09:00:00,1014.6,15.9,90.0,0.6,47.0,1.9,113.0,0.5,-99.8,-99.8,-99.8,-99.8,-99.8,-99.8,-99.8
2025-01-31 10:00:00,1014.3,16.3,87.0,0.8,72.0,2.2,72.0,0.5,-99.8,-99.8,-99.8,-99.8,-99.8,-99.8,-99.8
2025-01-31 11:00:00,1013.3,18.6,76.0,1.0,300.0,3.2,87.0,0.0,-99.8,-99.8,-99.8,-99.8,-99.8,-99.8,-99.8
2025-01-31 12:00:00,1012.6,18.9,77.0,2.3,306.0,5.0,303.0,0.0,-99.8,-99.8,-99.8,-99.8,-99.8,-99.8,-99.8
2025-01-31 13:00:00,1011.9,19.8,72.0,1.5,327.0,4.3,300.0,0.0,-99.8,-99.8,-99.8,-99.8,-99.8,-99.8,-99.8
2025-01-31 14:00:00,1011.2,19.5,75.0,2.5,330.0,5.4,309.0,0.0,-99.8,-99.8,-99.8,-99.8,-99.8,-99.8,-99.8
2025-01-31 15:00:00,1010.5,19.0,75.0,2.7,341.0,6.0,324.0,0.0,-99.8,-99.8,-99.8,-99.8,-99.8,-99.8,-99.8
2025-01-31 16:00:00,1010.0,18.3,77.0,2.4,4.0,6.0,319.0,0.0,-99.8,-99.8,-99.8,-99.8,-99.8,-99.8,-99.8
2025-01-31 17:00:00,1010.4,18.1,81.0,1.5,345.0,5.3,5.0,0.0,-99.8,-99.8,-99.8,-99.8,-99.8,-99.8,-99.8
2025-01-31 18:00:00,1010.3,17.6,82.0,1.1,5.0,4.9,349.0,0.0,-99.8,-99.8,-99.8,-99.8,-99.8,-99.8,-99.8
2025-01-31 19:00:00,1010.6,17.4,83.0,1.3,11.0,3.3,358.0,0.0,-99.8,-99.8,-99.8,-99.8,-99.8,-99.8,-99.8
2025-01-31 20:00:00,1011.2,17.2,86.0,1.0,354.0,3.4,7.0,0.0,-99.8,-99.8,-99.8,-99.8,-99.8,-99.8,-99.8
2025-01-31 21:00:00,1011.6,17.0,88.0,1.0,328.0,2.9,355.0,0.0,-99.8,-99.8,-99.8,-99.8,-99.8,-99.8,-99.8
2025-01-31 22:00:00,1011.6,16.9,89.0,1.1,346.0,3.7,359.0,0.0,-99.8,-99.8,-99.8,-99.8,-99.8,-99.8,-99.8
2025-01-31 23:00:00,1012.0,16.7,89.0,1.2,30.0,2.9,5.0,0.0,-99.8,-99.8,-99.8,-99.8,-99.8,-99.8,-99.8
2025-02-01 00:00:00,1011.5,16.6,91.0,1.2,9.0,3.2,27.0,0.0,-99.8,-99.8,-99.8,-99.8,-99.8,-99.8,-99.8
2025-02-01 01:00:00,1011.3,16.6,93.0,1.4,357.0,3.4,353.0,0.0,-99.8,-99.8,-99.8,-99.8,-99.8,-99.8,-99.8
2025-02-01 02:00:00,1010.7,16.7,94.0,1.5,360.0,3.5,8.0,0.0,-99.8,-99.8,-99.8,-99.8,-99.8,-99.8,-99.8
2025-02-01 03:00:00,1010.3,17.1,93.0,1.0,32.0,3.0,27.0,0.5,-99.8,-99.8,-99.8,-99.8,-99.8,-99.8,-99.8
2025-02-01 04:00:00,1010.0,17.1,96.0,1.9,6.0,4.4,352.0,1.0,-99.8,-99.8,-99.8,-99.8,-99.8,-99.8,-99.8
2025-02-01 05:00:00,1009.3,17.7,93.0,1.3,36.0,5.0,27.0,0.0,-99.8,-99.8,-99.8,-99.8,-99.8,-99.8,-99.8
2025-02-01 06:00:00,1008.7,18.5,92.0,0.9,75.0,3.8,39.0,0.0,-99.8,-99.8,-99.8,-99.8,-99.8,-99.8,-99.8
2025-02-01 07:00:00,1008.8,18.2,94.0,0.3,189.0,2.1,95.0,0.0,-99.8,-99.8,-99.8,-99.8,-99.8,-99.8,-99.8
2025-02-01 08:00:00,1008.9,18.6,94.0,0.5,240.0,1.8,260.0,0.0,-99.8,-99.8,-99.8,-99.8,-99.8,-99.8,-99.8
2025-02-01 09:00:00,1009.1,20.2,87.0,1.3,306.0,2.9,315.0,0.0,-99.8,-99.8,-99.8,-99.8,-99.8,-99.8,-99.8
2025-02-01 10:00:00,1009.3,21.8,81.0,0.9,350.0,3.4,326.0,0.0,-99.8,-99.8,-99.8,-99.8,-99.8,-99.8,-99.8
2025-02-01 11:00:00,1008.7,23.8,72.0,2.3,339.0,5.1,313.0,0.0,-99.8,-99.8,-99.8,-99.8,-99.8,-99.8,-99.8
2025-02-01 12:00:00,1007.8,24.5,66.0,2.3,357.0,6.1,3.0,0.0,-99.8,-99.8,-99.8,-99.8,-99.8,-99.8,-99.8
2025-02-01 13:00:00,1006.8,25.2,61.0,3.0,358.0,5.9,351.0,0.5,-99.8,-99.8,-99.8,-99.8,-99.8,-99.8,-99.8
2025-02-01 14:00:00,1006.0,26.1,58.0,2.3,359.0,6.7,26.0,0.0,-99.8,-99.8,-99.8,-99.8,-99.8,-99.8,-99.8
2025-02-01 15:00:00,1004.9,26.6,56.0,2.0,347.0,5.5,350.0,0.0,-99.8,-99.8,-99.8,-99.8,-99.8,-99.8,-99.8
2025-02-01 16:00:00,1004.4,26.3,57.0,2.0,330.0,5.0,307.0,0.0,-99.8,-99.8,-99.8,-99.8,-99.8,-99.8,-99.8
2025-02-01 17:00:00,1006.4,20.5,75.0,5.6,286.0,12.7,296.0,0.0,-99.8,-99.8,-99.8,-99.8,-99.8,-99.8,-99.8
2025-02-01 18:00:00,1006.9,19.1,85.0,1.8,20.0,10.0,288.0,0.0,-99.8,-99.8,-99.8,-99.8,-99.8,-99.8,-99.8
2025-02-01 19:00:00,1007.4,19.0,84.0,1.9,343.0,6.0,342.0,0.0,-99.8,-99.8,-99.8,-99.8,-99.8,-99.8,-99.8
2025-02-01 20:00:00,1007.9,18.4,89.0,1.8,342.0,5.4,346.0,0.0,-99.8,-99.8,-99.8,-99.8,-99.8,-99.8,-99.8
2025-02-01 21:00:00,1008.1,18.4,90.0,1.8,23.0,4.9,340.0,0.0,-99.8,-99.8,-99.8,-99.8,-99.8,-99.8,-99.8
2025-02-01 22:00:00,1007.8,18.2,91.0,2.3,1.0,5.8,355.0,0.0,-99.8,-99.8,-99.8,-99.8,-99.8,-99.8,-99.8
2025-02-01 23:00:00,1008.2,17.6,93.0,1.7,344.0,3.9,1.0,1.0,-99.8,-99.8,-99.8,-99.8,-99.8,-99.8,-99.8
2025-02-02 00:00:00,1008.2,16.9,91.0,2.2,2.0,5.1,359.0,0.0,-99.8,-99.8,-99.8,-99.8,-99.8,-99.8,-99.8
2025-02-02 01:00:00,1008.5,16.6,93.0,1.2,14.0,4.0,24.0,1.0,-99.8,-99.8,-99.8,-99.8,-99.8,-99.8,-99.8
2025-02-02 02:00:00,1008.8,16.6,92.0,1.7,349.0,3.5,345.0,0.0,-99.8,-99.8,-99.8,-99.8,-99.8,-99.8,-99.8
2025-02-02 03:00:00,1009.1,16.4,92.0,1.2,336.0,4.4,5.0,0.0,-99.8,-99.8,-99.8,-99.8,-99.8,-99.8,-99.8
2025-02-02 04:00:00,1008.6,16.4,94.0,1.2,5.0,3.5,14.0,0.5,-99.8,-99.8,-99.8,-99.8,-99.8,-99.8,-99.8
2025-02-02 05:00:00,1008.7,16.5,94.0,1.6,328.0,3.8,319.0,0.0,-99.8,-99.8,-99.8,-99.8,-99.8,-99.8,-99.8
2025-02-02 06:00:00,1009.4,16.2,92.0,1.6,332.0,4.0,11.0,0.0,-99.8,-99.8,-99.8,-99.8,-99.8,-99.8,-99.8
2025-02-02 07:00:00,1009.8,16.2,93.0,1.9,2.0,4.7,6.0,0.0,-99.8,-99.8,-99.8,-99.8,-99.8,-99.8,-99.8
2025-02-02 08:00:00,1010.2,15.6,92.0,3.1,352.0,7.0,356.0,0.0,-99.8,-99.8,-99.8,-99.8,-99.8,-99.8,-99.8
2025-02-02 09:00:00,1010.8,16.1,90.0,1.6,1.0,6.3,349.0,0.0,-99.8,-99.8,-99.8,-99.8,-99.8,-99.8,-99.8
2025-02-02 10:00:00,1010.6,17.1,86.0,1.2,14.0,4.8,350.0,0.0,-99.8,-99.8,-99.8,-99.8,-99.8,-99.8,-99.8
2025-02-02 11:00:00,1009.8,17.9,84.0,2.2,356.0,5.3,34.0,0.0,-99.8,-99.8,-99.8,-99.8,-99.8,-99.8,-99.8
2025-02-02 12:00:00,1009.0,19.6,79.0,1.4,24.0,4.6,349.0,0.0,-99.8,-99.8,-99.8,-99.8,-99.8,-99.8,-99.8
2025-02-02 13:00:00,1007.8,20.7,75.0,0.9,328.0,5.0,356.0,0.0,-99.8,-99.8,-99.8,-99.8,-99.8,-99.8,-99.8
2025-02-02 14:00:00,1007.3,20.7,76.0,1.8,317.0,4.4,288.0,0.0,-99.8,-99.8,-99.8,-99.8,-99.8,-99.8,-99.8
2025-02-02 15:00:00,1007.2,20.6,75.0,2.4,303.0,5.0,291.0,0.0,-99.8,-99.8,-99.8,-99.8,-99.8,-99.8,-99.8
2025-02-02 16:00:00,1007.6,20.1,75.0,1.4,311.0,4.9,314.0,0.0,-99.8,-99.8,-99.8,-99.8,-99.8,-99.8,-99.8
2025-02-02 17:00:00,1008.6,18.3,81.0,1.5,335.0,5.8,314.0,0.0,-99.8,-99.8,-99.8,-99.8,-99.8,-99.8,-99.8
2025-02-02 18:00:00,1009.0,17.2,85.0,2.4,357.0,6.2,307.0,0.0,-99.8,-99.8,-99.8,-99.8,-99.8,-99.8,-99.8
2025-02-02 19:00:00,1009.5,16.6,86.0,2.3,355.0,5.8,352.0,0.0,-99.8,-99.8,-99.8,-99.8,-99.8,-99.8,-99.8
2025-02-02 20:00:00,1010.3,16.5,87.0,2.1,358.0,5.3,350.0,0.0,-99.8,-99.8,-99.8,-99.8,-99.8,-99.8,-99.8
2025-02-02 21:00:00,1010.5,16.3,87.0,1.6,354.0,5.4,346.0,0.0,-99.8,-99.8,-99.8,-99.8,-99.8,-99.8,-99.8
2025-02-02 22:00:00,1010.9,16.4,86.0,1.6,330.0,3.5,330.0,0.0,-99.8,-99.8,-99.8,-99.8,-99.8,-99.8,-99.8
2025-02-02 23:00:00,1011.1,16.1,87.0,1.5,2.0,4.6,325.0,0.0,-99.8,-99.8,-99.8,-99.8,-99.8,-99.8,-99.8
2025-02-03 00:00:00,1011.0,16.1,87.0,1.7,354.0,3.4,360.0,0.0,-99.8,-99.8,-99.8,-99.8,-99.8,-99.8,-99.8
2025-02-03 01:00:00,1011.1,16.0,88.0,1.7,336.0,3.5,328.0,0.0,-99.8,-99.8,-99.8,-99.8,-99.8,-99.8,-99.8
2025-02-03 02:00:00,1011.3,15.6,92.0,1.4,353.0,3.6,359.0,0.0,-99.8,-99.8,-99.8,-99.8,-99.8,-99.8,-99.8
2025-02-03 03:00:00,1011.1,15.6,93.0,1.1,360.0,3.9,360.0,0.0,-99.8,-99.8,-99.8,-99.8,-99.8,-99.8,-99.8
2025-02-03 04:00:00,1011.1,15.8,92.0,1.0,352.0,3.2,355.0,0.0,-99.8,-99.8,-99.8,-99.8,-99.8,-99.8,-99.8
2025-02-03 05:00:00,1011.7,15.5,91.0,1.3,348.0,4.1,337.0,0.0,-99.8,-99.8,-99.8,-99.8,-99.8,-99.8,-99.8
2025-02-03 06:00:00,1012.2,15.4,90.0,1.4,18.0,4.0,3.0,0.0,-99.8,-99.8,-99.8,-99.8,-99.8,-99.8,-99.8
2025-02-03 07:00:00,1012.6,15.5,90.0,2.1,357.0,4.5,360.0,0.0,-99.8,-99.8,-99.8,-99.8,-99.8,-99.8,-99.8
2025-02-03 08:00:00,1013.2,15.5,88.0,2.1,356.0,5.5,345.0,0.0,-99.8,-99.8,-99.8,-99.8,-99.8,-99.8,-99.8
2025-02-03 09:00:00,1014.0,15.4,87.0,2.6,4.0,7.2,336.0,0.0,-99.8,-99.8,-99.8,-99.8,-99.8,-99.8,-99.8
2025-02-03 10:00:00,1014.0,15.1,83.0,3.1,350.0,7.8,5.0,0.0,-99.8,-99.8,-99.8,-99.8,-99.8,-99.8,-99.8
2025-02-03 11:00:00,1013.4,15.6,79.0,2.2,22.0,8.9,4.0,0.0,-99.8,-99.8,-99.8,-99.8,-99.8,-99.8,-99.8
2025-02-03 12:00:00,1012.8,15.6,76.0,3.2,355.0,7.2,356.0,0.0,-99.8,-99.8,-99.8,-99.8,-99.8,-99.8,-99.8
2025-02-03 13:00:00,1012.4,15.6,75.0,3.0,344.0,7.3,3.0,0.0,-99.8,-99.8,-99.8,-99.8,-99.8,-99.8,-99.8
2025-02-03 14:00:00,1012.6,15.0,75.0,3.5,354.0,7.7,355.0,0.0,-99.8,-99.8,-99.8,-99.8,-99.8,-99.8,-99.8
2025-02-03 15:00:00,1012.8,14.5,77.0,3.4,7.0,8.9,350.0,0.0,-99.8,-99.8,-99.8,-99.8,-99.8,-99.8,-99.8
2025-02-03 16:00:00,1013.2,14.0,77.0,3.0,360.0,10.2,357.0,0.0,-99.8,-99.8,-99.8,-99.8,-99.8,-99.8,-99.8
2025-02-03 17:00:00,1013.7,13.4,78.0,3.0,360.0,8.5,341.0,0.0,-99.8,-99.8,-99.8,-99.8,-99.8,-99.8,-99.8
2025-02-03 18:00:00,1014.1,12.9,77.0,3.0,356.0,8.8,38.0,0.0,-99.8,-99.8,-99.8,-99.8,-99.8,-99.8,-99.8
2025-02-03 19:00:00,1014.9,12.4,76.0,3.5,357.0,9.6,358.0,0.0,-99.8,-99.8,-99.8,-99.8,-99.8,-99.8,-99.8
2025-02-03 20:00:00,1015.2,12.2,77.0,2.9,356.0,7.7,7.0,0.0,-99.8,-99.8,-99.8,-99.8,-99.8,-99.8,-99.8
2025-02-03 21:00:00,1015.4,11.8,79.0,2.6,360.0,7.7,348.0,0.0,-99.8,-99.8,-99.8,-99.8,-99.8,-99.8,-99.8
2025-02-03 22:00:00,1015.9,11.9,79.0,3.2,357.0,7.4,350.0,0.0,-99.8,-99.8,-99.8,-99.8,-99.8,-99.8,-99.8
2025-02-03 23:00:00,1016.1,12.2,77.0,2.5,3.0,6.2,353.0,0.0,-99.8,-99.8,-99.8,-99.8,-99.8,-99.8,-99.8
2025-02-04 00:00:00,1016.2,12.4,77.0,2.3,353.0,6.3,347.0,0.0,-99.8,-99.8,-99.8,-99.8,-99.8,-99.8,-99.8
2025-02-04 01:00:00,1016.5,12.5,78.0,3.1,1.0,8.6,358.0,0.0,-99.8,-99.8,-99.8,-99.8,-99.8,-99.8,-99.8
2025-02-04 02:00:00,1016.4,12.2,79.0,2.5,9.0,7.6,353.0,0.0,-99.8,-99.8,-99.8,-99.8,-99.8,-99.8,-99.8
2025-02-04 03:00:00,1016.0,12.2,77.0,2.5,6.0,8.3,3.0,0.0,-99.8,-99.8,-99.8,-99.8,-99.8,-99.8,-99.8
2025-02-04 04:00:00,1015.6,11.8,75.0,2.8,4.0,8.2,353.0,0.0,-99.8,-99.8,-99.8,-99.8,-99.8,-99.8,-99.8
2025-02-04 05:00:00,1015.9,11.5,74.0,2.3,6.0,7.6,1.0,0.0,-99.8,-99.8,-99.8,-99.8,-99.8,-99.8,-99.8
2025-02-04 06:00:00,1016.2,11.5,75.0,1.9,357.0,7.3,348.0,0.0,-99.8,-99.8,-99.8,-99.8,-99.8,-99.8,-99.8
2025-02-04 07:00:00,1016.6,11.7,73.0,1.5,10.0,5.7,339.0,0.0,-99.8,-99.8,-99.8,-99.8,-99.8,-99.8,-99.8
2025-02-04 08:00:00,1016.8,11.7,71.0,1.9,8.0,5.0,345.0,0.0,-99.8,-99.8,-99.8,-99.8,-99.8,-99.8,-99.8
2025-02-04 09:00:00,1017.2,12.3,68.0,1.8,355.0,6.4,3.0,0.0,-99.8,-99.8,-99.8,-99.8,-99.8,-99.8,-99.8
2025-02-04 10:00:00,1017.2,12.6,66.0,2.0,2.0,5.6,352.0,0.0,-99.8,-99.8,-99.8,-99.8,-99.8,-99.8,-99.8
2025-02-04 11:00:00,1016.7,13.1,65.0,1.5,3.0,4.0,29.0,0.0,-99.8,-99.8,-99.8,-99.8,-99.8,-99.8,-99.8
2025-02-04 12:00:00,1015.9,13.8,65.0,1.3,10.0,3.6,355.0,0.0,-99.8,-99.8,-99.8,-99.8,-99.8,-99.8,-99.8
2025-02-04 13:00:00,1015.2,13.9,68.0,0.7,42.0,4.2,352.0,0.0,-99.8,-99.8,-99.8,-99.8,-99.8,-99.8,-99.8
2025-02-04 14:00:00,1014.7,14.7,68.0,0.4,104.0,2.3,123.0,0.0,-99.8,-99.8,-99.8,-99.8,-99.8,-99.8,-99.8
2025-02-04 15:00:00,1014.0,15.8,59.0,0.9,11.0,2.4,82.0,0.0,-99.8,-99.8,-99.8,-99.8,-99.8,-99.8,-99.8
2025-02-04 16:00:00,1014.4,15.1,57.0,3.2,348.0,7.8,1.0,0.0,-99.8,-99.8,-99.8,-99.8,-99.8,-99.8,-99.8
2025-02-04 17:00:00,1014.6,14.3,59.0,2.2,356.0,7.8,1.0,0.0,-99.8,-99.8,-99.8,-99.8,-99.8,-99.8,-99.8
2025-02-04 18:00:00,1014.7,13.8,61.0,2.4,354.0,7.5,348.0,0.0,-99.8,-99.8,-99.8,-99.8,-99.8,-99.8,-99.8
2025-02-04 19:00:00,1014.7,13.5,62.0,1.1,357.0,5.6,1.0,0.0,-99.8,-99.8,-99.8,-99.8,-99.8,-99.8,-99.8
2025-02-04 20:00:00,1015.1,13.5,62.0,2.0,347.0,4.2,354.0,0.0,-99.8,-99.8,-99.8,-99.8,-99.8,-99.8,-99.8
2025-02-04 21:00:00,1015.6,13.2,59.0,1.5,1.0,5.1,352.0,0.0,-99.8,-99.8,-99.8,-99.8,-99.8,-99.8,-99.8
2025-02-04 22:00:00,1015.8,13.1,60.0,1.2,24.0,4.6,6.0,0.0,-99.8,-99.8,-99.8,-99.8,-99.8,-99.8,-99.8
2025-02-04 23:00:00,1015.6,12.9,62.0,1.2,332.0,2.5,29.0,0.0,-99.8,-99.8,-99.8,-99.8,-99.8,-99.8,-99.8
2025-02-05 00:00:00,1015.8,12.7,60.0,1.4,324.0,2.6,310.0,0.0,-99.8,-99.8,-99.8,-99.8,-99.8,-99.8,-99.8
