,StnPres,SeaPres,Tx,Td,RH,WS,WD,WSGust,WDGust,Precp,SunShine,GloblRad,EvapA,TxSoil0cm,TxSoil5cm,TxSoil10cm,TxSoil20cm,TxSoil50cm,TxSoil100cm
2023-01-01 01:00:00,1018.2,1022.8,16.9,14.5,85.0,7.3,50.0,15.1,60.0,0.0,0.0,0.0,,16.8,16.5,17.2,16.8,18.3,19.3
2023-01-01 02:00:00,1017.5,1022.1,16.9,14.8,87.0,7.6,50.0,14.2,60.0,0.0,0.0,0.0,,16.8,16.5,17.2,16.8,18.3,19.3
2023-01-01 03:00:00,1017.1,1021.7,16.9,15.0,88.0,8.8,50.0,13.9,60.0,0.0,0.0,0.0,,16.8,16.5,17.2,16.8,18.3,19.3
2023-01-01 04:00:00,1016.9,1021.5,16.9,15.2,89.0,7.0,50.0,17.0,50.0,0.0,0.0,0.0,,16.8,16.4,17.1,16.8,18.3,19.3
2023-01-01 05:00:00,1016.9,1021.4,17.3,15.3,87.0,7.0,50.0,13.1,60.0,0.0,0.0,0.0,,16.8,16.4,17.1,16.8,18.3,19.3
2023-01-01 06:00:00,,,,,,,,,,,,,,,,,,,
2023-01-01 07:00:00,,,,,,,,,,,,,,,,,,,
2023-01-01 08:00:00,,,,,,,,,,,,,,,,,,,
2023-01-01 09:00:00,1018.6,1023.1,19.2,16.1,82.0,7.1,50.0,12.5,60.0,0.0,0.1,0.13,,17.3,16.6,17.1,16.7,18.4,19.3
2023-01-01 10:00:00,1018.6,1023.0,21.0,15.9,72.0,7.4,50.0,12.3,50.0,0.0,1.0,1.1,,17.8,16.7,17.2,16.8,18.4,19.3
2023-01-01 11:00:00,1018.2,1022.7,21.0,15.4,70.0,7.3,60.0,14.4,60.0,0.0,1.0,1.07,,18.1,17.0,17.3,16.8,18.4,19.3
2023-01-01 12:00:00,1017.1,1021.5,22.4,15.3,64.0,7.1,60.0,13.4,60.0,0.0,1.0,1.64,,18.8,17.3,17.5,16.8,18.4,19.3
2023-01-01 13:00:00,1016.3,1020.8,21.8,16.3,70.0,5.8,50.0,11.8,70.0,0.0,1.0,1.39,,19.1,17.6,17.7,16.9,18.4,19.3
2023-01-01 14:00:00,1015.9,1020.4,21.6,16.3,71.0,5.5,50.0,12.4,50.0,0.0,1.0,1.21,,19.4,17.9,17.9,16.9,18.4,19.3
2023-01-01 15:00:00,1015.9,1020.4,21.0,16.0,72.0,4.7,50.0,12.8,50.0,0.0,1.0,0.88,,19.5,18.1,18.1,17.1,18.4,19.3
2023-01-01 16:00:00,1016.3,1020.8,20.8,15.1,69.0,6.1,50.0,12.7,40.0,0.0,0.9,0.58,,19.4,18.3,18.3,17.2,18.4,19.3
2023-01-01 17:00:00,1016.4,1020.9,19.9,14.5,71.0,6.0,50.0,12.8,50.0,0.0,0.0,0.16,,19.2,18.3,18.4,17.3,18.4,19.3
2023-01-01 18:00:00,1016.7,1021.3,19.4,14.6,74.0,4.5,50.0,10.2,50.0,0.0,0.0,0.01,,19.0,18.2,18.5,17.4,18.4,19.3
2023-01-01 19:00:00,1017.3,1021.9,19.3,14.9,75.0,4.8,60.0,9.9,50.0,0.0,0.0,0.0,,18.8,18.2,18.5,17.5,18.4,19.3
2023-01-01 20:00:00,1017.4,1021.9,19.1,14.8,76.0,4.0,60.0,9.7,50.0,0.0,0.0,0.0,,18.6,18.1,18.5,17.5,18.4,19.3
2023-01-01 21:00:00,1017.8,1022.4,19.0,15.1,78.0,4.1,50.0,7.8,60.0,0.0,0.0,0.0,,18.5,18.0,18.4,17.6,18.4,19.3
2023-01-01 22:00:00,1018.4,1022.9,19.1,15.1,77.0,4.2,40.0,8.9,50.0,0.0,0.0,0.0,,18.4,17.9,18.4,17.6,18.5,19.3
2023-01-01 23:00:00,1018.4,1022.9,19.1,15.4,79.0,5.1,50.0,10.4,50.0,0.0,0.0,0.0,,18.3,17.8,18.3,17.6,18.5,19.3
2023-01-02 00:00:00,1018.2,1022.7,19.2,15.3,78.0,5.7,50.0,12.3,60.0,0.0,0.0,0.0,,18.3,17.8,18.3,17.6,18.5,19.3
2023-01-02 01:00:00,1017.7,1022.2,19.3,15.3,77.0,6.0,50.0,12.9,50.0,0.0,0.0,0.0,,18.2,17.7,18.2,17.6,18.5,19.3
2023-01-02 02:00:00,1017.3,1021.8,18.5,15.7,83.0,4.8,40.0,11.5,80.0,0.0,0.0,0.0,,18.1,17.7,18.2,17.6,18.5,19.3
2023-01-02 03:00:00,1017.2,1021.8,18.9,15.6,81.0,4.5,50.0,9.5,50.0,0.0,0.0,0.0,,18.1,17.6,18.2,17.6,18.6,19.3
2023-01-02 04:00:00,1016.9,1021.4,18.6,15.5,82.0,6.4,60.0,11.9,60.0,0.0,0.0,0.0,,18.0,17.6,18.1,17.6,18.6,19.3
2023-01-02 05:00:00,1018.0,1022.6,18.2,16.2,87.0,4.6,40.0,12.1,50.0,0.5,0.0,0.0,,18.0,17.5,18.1,17.6,18.6,19.3
2023-01-02 11:00:00,1018.6,1023.1,18.8,16.6,87.0,7.4,40.0,14.3,60.0,0.0,1.0,0.97,,18.5,17.7,18.1,17.5,18.7,19.3
2023-01-02 12:00:00,1017.9,1022.4,18.8,16.5,86.0,7.8,40.0,15.5,60.0,0.0,1.0,1.37,,18.8,17.8,18.2,17.5,18.7,19.3
2023-01-02 13:00:00,1016.9,1021.5,19.5,16.4,82.0,7.6,50.0,15.7,60.0,0.0,1.0,1.33,,19.0,18.0,18.3,17.5,18.7,19.3
2023-01-02 14:00:00,1016.5,1021.0,19.0,16.2,83.0,7.2,40.0,16.2,50.0,0.0,1.0,1.07,,19.1,18.2,18.4,17.6,18.7,19.3
2023-01-02 15:00:00,1016.5,1021.0,18.7,16.0,84.0,7.9,40.0,15.5,50.0,0.0,1.0,1.24,,19.3,18.3,18.5,17.7,18.7,19.3
2023-01-02 16:00:00,1016.5,1021.0,18.2,15.7,85.0,7.1,50.0,15.2,50.0,0.0,1.0,0.84,,19.3,18.4,18.7,17.7,18.7,19.3
2023-01-02 17:00:00,1016.8,1021.4,17.4,15.5,88.0,6.8,40.0,15.0,50.0,0.0,0.1,0.25,,19.0,18.4,18.7,17.8,18.7,19.3
2023-01-02 18:00:00,1017.8,1022.3,17.1,15.3,89.0,7.5,40.0,16.0,40.0,0.0,0.0,0.02,,18.7,18.3,18.8,17.8,18.7,19.3
2023-01-02 19:00:00,1018.9,1023.4,16.7,15.3,91.0,7.7,40.0,15.5,50.0,0.0,0.0,0.0,,18.5,18.2,18.7,17.9,18.8,19.3
2023-01-02 20:00:00,1019.9,1024.4,16.4,15.1,91.0,7.8,50.0,15.0,50.0,0.0,0.0,0.0,,18.3,18.0,18.6,17.9,18.8,19.3
2023-01-02 21:00:00,1020.3,1024.9,15.7,14.8,94.0,7.7,40.0,14.8,40.0,0.0,0.0,0.0,,18.1,17.9,18.6,17.9,18.8,19.3
2023-01-02 22:00:00,1019.8,1024.4,16.1,14.8,91.0,6.6,50.0,15.2,50.0,0.0,0.0,0.0,,17.9,17.8,18.5,17.9,18.8,19.3
2023-01-02 23:00:00,1019.4,1024.0,15.9,14.0,88.0,8.7,50.0,15.8,60.0,0.0,0.0,0.0,,17.8,17.7,18.4,17.9,18.8,19.3
2023-01-03 00:00:00,1018.9,1023.5,16.0,13.7,86.0,7.3,50.0,16.2,40.0,0.0,0.0,0.0,,17.6,17.5,18.3,17.8,18.8,19.3
2023-01-03 01:00:00,,,,,,,,,,,,,,,,,,,
2023-01-03 02:00:00,,,,,,,,,,,,,,,,,,,
2023-01-03 03:00:00,,,,,,,,,,,,,,,,,,,
2023-01-03 04:00:00,,,,,,,,,,,,,,,,,,,
2023-01-03 05:00:00,,,,,,,,,,,,,,,,,,,
2023-01-03 06:00:00,,,,,,,,,,,,,,,,,,,
2023-01-03 07:00:00,,,,,,,,,,,,,,,,,,,
2023-01-03 08:00:00,,,,,,,,,,,,,,,,,,,
2023-01-03 09:00:00,,,,,,,,,,,,,,,,,,,
2023-01-03 10:00:00,1020.8,1025.5,16.9,14.2,84.0,7.2,40.0,14.5,40.0,0.0,0.3,0.27,,17.4,17.0,17.7,17.5,18.9,19.3
2023-01-03 11:00:00,1020.1,1024.6,17.4,14.0,80.0,7.4,50.0,15.9,50.0,0.0,1.0,0.88,,17.6,17.0,17.7,17.4,18.9,19.3
2023-01-03 12:00:00,1019.1,1023.6,18.0,13.5,75.0,8.8,50.0,16.4,40.0,0.0,1.0,1.63,,18.1,17.2,17.8,17.4,18.9,19.3
2023-01-03 13:00:00,1018.5,1023.1,16.6,13.3,80.0,8.1,40.0,17.2,60.0,0.0,1.0,1.22,,18.1,17.4,17.9,17.4,18.9,19.3
2023-01-03 14:00:00,1018.4,1022.9,16.6,12.6,77.0,6.9,50.0,15.6,50.0,0.0,1.0,0.79,,18.1,17.5,18.0,17.4,18.9,19.3
2023-01-03 15:00:00,1018.4,1022.9,16.3,13.0,80.0,7.6,50.0,15.6,60.0,0.0,0.8,0.61,,18.0,17.5,18.0,17.5,18.9,19.4
2023-01-03 16:00:00,1018.6,1023.2,15.7,12.6,82.0,8.2,50.0,15.3,50.0,0.0,0.1,0.34,,17.9,17.5,18.1,17.5,18.9,19.4
2023-01-03 17:00:00,1019.0,1023.5,15.3,12.2,82.0,7.4,50.0,15.4,50.0,0.0,0.0,0.1,,17.7,17.5,18.1,17.6,18.9,19.4
2023-01-03 18:00:00,1019.3,1023.9,14.9,12.3,84.0,6.8,50.0,16.7,50.0,0.0,0.0,0.01,,17.4,17.4,18.1,17.6,18.9,19.4
2023-01-03 19:00:00,1019.5,1024.1,14.8,11.9,82.0,7.3,50.0,15.7,60.0,0.0,0.0,0.0,,17.2,17.2,18.0,17.6,18.9,19.4
2023-01-03 20:00:00,1019.9,1024.5,14.6,12.1,84.0,7.4,50.0,16.2,50.0,0.0,0.0,0.0,,17.0,17.1,17.9,17.6,18.9,19.4
2023-01-03 21:00:00,1020.1,1024.7,14.5,11.9,84.0,8.4,50.0,16.0,50.0,0.0,0.0,0.0,,16.9,16.9,17.8,17.5,18.9,19.4
2023-01-03 22:00:00,1020.1,1024.7,14.2,11.7,85.0,8.5,50.0,16.1,60.0,0.0,0.0,0.0,,16.7,16.8,17.7,17.5,18.9,19.4
2023-01-03 23:00:00,1020.2,1024.8,14.4,11.5,82.0,7.6,50.0,15.5,50.0,0.0,0.0,0.0,,16.5,16.7,17.6,17.5,18.9,19.4
2023-01-04 00:00:00,1020.2,1024.8,14.5,11.6,83.0,7.9,50.0,15.6,60.0,0.0,0.0,0.0,,16.4,16.5,17.5,17.4,18.9,19.4
2023-01-04 01:00:00,,,,,,,,,,,,,,,,,,,
2023-01-04 02:00:00,,,,,,,,,,,,,,,,,,,
2023-01-04 03:00:00,,,,,,,,,,,,,,,,,,,
2023-01-04 04:00:00,,,,,,,,,,,,,,,,,,,
2023-01-04 05:00:00,,,,,,,,,,,,,,,,,,,
2023-01-04 06:00:00,,,,,,,,,,,,,,,,,,,
2023-01-04 07:00:00,,,,,,,,,,,,,,,,,,,
2023-01-04 08:00:00,,,,,,,,,,,,,,,,,,,
2023-01-04 09:00:00,1021.1,1025.7,16.1,11.6,74.0,8.6,50.0,15.0,70.0,0.0,0.6,0.42,,16.2,15.9,16.8,16.9,18.9,19.4
2023-01-04 10:00:00,1020.6,1025.2,17.6,12.8,73.0,9.7,50.0,15.0,60.0,0.0,1.0,1.24,,16.6,16.0,16.8,16.9,18.9,19.4
2023-01-04 11:00:00,1019.6,1024.2,18.7,13.3,71.0,7.9,40.0,16.6,50.0,0.0,1.0,2.25,,17.5,16.3,16.9,16.8,18.9,19.4
2023-01-04 12:00:00,1018.4,1023.0,17.7,13.2,74.0,7.7,60.0,15.7,60.0,0.0,1.0,1.55,,17.8,16.7,17.1,16.8,18.8,19.4
2023-01-04 13:00:00,1018.1,1022.6,19.4,13.6,69.0,8.7,50.0,15.1,50.0,0.0,1.0,2.08,,18.4,17.0,17.3,16.9,18.8,19.4
2023-01-04 14:00:00,1017.5,1022.0,18.6,13.3,71.0,7.6,60.0,16.7,40.0,0.0,1.0,1.47,,18.6,17.4,17.6,16.9,18.8,19.4
2023-01-04 15:00:00,1016.7,1021.2,19.9,13.8,67.0,6.6,50.0,14.0,50.0,0.0,1.0,1.56,,19.0,17.6,17.8,17.0,18.8,19.4
2023-01-04 16:00:00,1016.6,1021.2,18.8,13.3,70.0,7.8,60.0,17.3,70.0,0.0,1.0,1.12,,19.0,17.9,18.0,17.1,18.8,19.4
2023-01-04 17:00:00,1017.0,1021.5,17.3,13.3,77.0,7.5,50.0,15.1,50.0,0.0,0.3,0.46,,18.7,18.0,18.2,17.3,18.8,19.4
2023-01-04 18:00:00,1017.0,1021.6,17.2,13.6,79.0,6.7,50.0,14.1,50.0,0.0,0.0,0.02,,18.3,17.9,18.3,17.4,18.8,19.4
2023-01-04 19:00:00,1017.5,1022.1,17.0,14.1,82.0,5.7,50.0,14.5,60.0,0.0,0.0,0.0,,18.1,17.8,18.2,17.4,18.8,19.4
2023-01-04 20:00:00,1017.8,1022.4,16.9,14.4,85.0,6.2,50.0,12.1,60.0,0.0,0.0,0.0,,17.9,17.6,18.2,17.5,18.8,19.4
2023-01-04 21:00:00,1018.4,1022.9,16.8,14.8,87.0,4.6,40.0,11.5,50.0,0.0,0.0,0.0,,17.8,17.5,18.1,17.5,18.8,19.4
2023-01-04 22:00:00,1018.8,1023.3,17.5,14.0,79.0,5.6,50.0,11.5,60.0,0.0,0.0,0.0,,17.7,17.4,18.1,17.5,18.8,19.4
2023-01-04 23:00:00,1018.7,1023.3,17.5,15.4,87.0,5.4,50.0,10.1,60.0,0.0,0.0,0.0,,17.7,17.4,18.0,17.5,18.8,19.4
2023-01-05 00:00:00,1018.6,1023.2,17.2,15.8,91.0,5.5,50.0,11.6,50.0,0.0,0.0,0.0,,17.6,17.3,18.0,17.5,18.8,19.4
2023-01-05 01:00:00,,,,,,,,,,,,,,,,,,,
2023-01-05 02:00:00,,,,,,,,,,,,,,,,,,,
2023-01-05 03:00:00,,,,,,,,,,,,,,,,,,,
2023-01-05 04:00:00,,,,,,,,,,,,,,,,,,,
2023-01-05 05:00:00,,,,,,,,,,,,,,,,,,,
2023-01-05 06:00:00,,,,,,,,,,,,,,,,,,,
2023-01-05 07:00:00,,,,,,,,,,,,,,,,,,,
2023-01-05 08:00:00,,,,,,,,,,,,,,,,,,,
2023-01-05 09:00:00,,,,,,,,,,,,,,,,,,,
2023-01-05 10:00:00,,,,,,,,,,,,,,,,,,,
2023-01-05 11:00:00,1019.6,1024.2,19.3,16.5,84.0,,,9.2,80.0,0.0,0.1,0.11,,18.2,17.4,17.9,17.4,18.9,19.4
2023-01-05 12:00:00,1018.9,1023.4,19.3,16.5,83.0,,,9.8,50.0,0.0,0.1,0.05,,18.5,17.6,18.0,17.4,18.9,19.4
2023-01-05 13:00:00,1018.2,1022.7,19.2,16.4,83.0,6.3,30.0,11.7,60.0,0.0,1.0,0.62,,18.6,17.7,18.1,17.4,18.9,19.4
2023-01-05 14:00:00,1017.7,1022.2,19.7,16.4,81.0,6.2,40.0,11.5,50.0,0.0,1.0,0.84,,18.8,17.9,18.2,17.5,18.9,19.4
2023-01-05 15:00:00,1017.3,1021.9,19.6,16.3,81.0,5.8,40.0,10.8,30.0,0.0,1.0,0.88,,19.0,18.0,18.3,17.5,18.9,19.4
2023-01-05 16:00:00,1017.5,1022.0,19.2,16.4,83.0,4.7,40.0,10.1,50.0,0.0,0.2,0.34,,19.0,18.1,18.4,17.6,18.9,19.4
2023-01-05 17:00:00,1017.8,1022.3,18.9,16.3,84.0,5.2,40.0,10.5,60.0,0.0,0.0,0.16,,18.9,18.2,18.5,17.7,18.9,19.4
2023-01-05 18:00:00,1018.2,1022.8,18.8,16.5,86.0,4.1,40.0,10.9,60.0,0.0,0.0,0.02,,18.8,18.2,18.6,17.7,18.9,19.4
2023-01-05 19:00:00,1018.7,1023.3,18.9,16.2,84.0,4.0,50.0,11.0,50.0,0.0,0.0,0.0,,18.7,18.1,18.6,17.8,18.9,19.4
2023-01-05 20:00:00,1019.1,1023.7,18.8,16.2,84.0,5.2,50.0,9.4,60.0,0.0,0.0,0.0,,18.7,18.1,18.6,17.8,18.9,19.4
2023-01-05 21:00:00,1019.2,1023.8,18.7,16.3,86.0,5.2,50.0,10.4,50.0,0.0,0.0,0.0,,18.6,18.1,18.6,17.8,18.9,19.4
2023-01-05 22:00:00,1019.3,1023.8,18.5,16.8,90.0,3.5,50.0,9.9,70.0,0.0,0.0,0.0,,18.5,18.0,18.5,17.9,18.9,19.4
2023-01-05 23:00:00,1019.1,1023.6,17.7,16.6,93.0,3.1,50.0,7.8,70.0,0.0,0.0,0.0,,18.4,18.0,18.5,17.9,18.9,19.4
2023-01-06 00:00:00,1018.6,1023.2,17.4,16.6,94.0,3.1,40.0,6.6,50.0,0.0,0.0,0.0,,18.2,17.9,18.5,17.9,18.9,19.4
2023-01-06 01:00:00,1018.5,1023.1,17.4,16.4,93.0,2.9,50.0,6.0,60.0,0.0,0.0,0.0,,18.1,17.8,18.4,17.9,18.9,19.4
2023-01-06 02:00:00,1018.3,1022.8,17.6,16.8,95.0,2.2,50.0,6.0,40.0,0.0,0.0,0.0,,18.0,17.7,18.4,17.9,19.0,19.4
2023-01-06 03:00:00,1018.0,1022.6,17.8,17.0,94.0,3.8,40.0,6.9,40.0,0.0,0.0,0.0,,18.1,17.7,18.3,17.8,19.0,19.4
2023-01-06 04:00:00,1017.9,1022.4,17.5,17.0,96.0,3.8,30.0,6.6,10.0,0.0,0.0,0.0,,18.1,17.6,18.3,17.8,19.0,19.4
2023-01-06 05:00:00,1018.5,1023.1,16.8,16.4,97.0,3.8,40.0,7.6,10.0,0.5,0.0,0.0,,18.0,17.6,18.3,17.8,19.0,19.4
2023-01-06 06:00:00,1018.9,1023.5,16.6,16.3,97.0,3.8,40.0,7.5,60.0,0.0,0.0,0.0,,17.9,17.6,18.2,17.8,19.0,19.4
2023-01-06 07:00:00,1019.6,1024.1,16.6,16.2,97.0,4.3,20.0,8.7,10.0,0.5,0.0,0.0,,17.9,17.6,18.2,17.8,19.0,19.4
2023-01-06 08:00:00,1020.4,1024.9,16.5,16.1,97.0,5.0,30.0,11.3,340.0,0.5,0.0,0.05,,17.8,17.5,18.2,17.7,19.0,19.4
2023-01-06 09:00:00,1020.8,1025.4,16.5,16.1,97.0,3.6,30.0,8.0,10.0,0.5,0.0,0.12,,17.8,17.5,18.2,17.7,19.0,19.4
2023-01-06 10:00:00,1020.6,1025.2,16.6,16.1,97.0,4.5,30.0,8.0,20.0,0.0,0.1,0.24,,17.8,17.5,18.1,17.7,19.0,19.4
2023-01-06 11:00:00,1020.1,1024.7,17.3,16.2,93.0,4.2,30.0,8.4,40.0,0.5,0.1,0.34,,17.9,17.5,18.1,17.7,19.0,19.4
2023-01-06 12:00:00,1019.2,1023.8,18.2,15.9,86.0,5.0,40.0,10.1,20.0,0.0,0.9,0.55,,18.1,17.5,18.1,17.7,19.0,19.4
2023-01-06 13:00:00,1018.4,1022.9,18.5,15.6,82.0,4.6,30.0,10.0,40.0,0.0,1.0,0.65,,18.3,17.6,18.2,17.7,19.0,19.4
2023-01-06 14:00:00,1017.9,1022.4,18.4,15.0,80.0,4.6,40.0,9.5,50.0,0.0,0.9,0.67,,18.4,17.7,18.2,17.7,19.0,19.4
2023-01-06 15:00:00,1017.5,1022.1,17.7,14.1,79.0,5.7,30.0,10.9,50.0,0.0,0.1,0.34,,18.3,17.8,18.3,17.7,19.0,19.4
2023-01-06 16:00:00,1017.4,1021.9,17.7,13.5,76.0,5.1,40.0,10.6,60.0,0.0,0.5,0.41,,18.3,17.8,18.3,17.7,19.0,19.4
2023-01-06 17:00:00,1017.6,1022.1,17.2,13.1,76.0,5.0,50.0,10.1,50.0,0.0,0.0,0.29,,18.2,17.8,18.3,17.8,19.0,19.4
2023-01-06 18:00:00,1017.9,1022.5,16.7,13.0,78.0,4.1,50.0,8.7,50.0,0.0,0.0,0.03,,17.9,17.7,18.3,17.8,19.0,19.4
2023-01-06 19:00:00,1018.1,1022.7,15.9,13.3,84.0,2.8,60.0,7.1,50.0,0.0,0.0,0.0,,17.7,17.6,18.3,17.8,19.0,19.4
2023-01-06 20:00:00,1018.2,1022.8,16.0,13.1,82.0,3.5,60.0,7.5,90.0,0.0,0.0,0.0,,17.5,17.4,18.2,17.8,19.0,19.4
2023-01-06 21:00:00,1018.5,1023.1,15.2,13.1,86.0,2.8,60.0,6.2,50.0,0.0,0.0,0.0,,17.3,17.3,18.1,17.8,19.0,19.4
2023-01-06 22:00:00,1018.4,1023.1,15.3,13.2,87.0,3.3,70.0,6.2,60.0,0.0,0.0,0.0,,17.1,17.1,18.0,17.7,19.1,19.4
2023-01-06 23:00:00,1018.2,1022.8,15.3,12.9,85.0,2.9,70.0,5.7,80.0,0.0,0.0,0.0,,17.0,17.0,17.9,17.7,19.1,19.4
2023-01-07 00:00:00,1018.1,1022.7,15.4,12.9,85.0,3.2,60.0,5.8,60.0,0.0,0.0,0.0,,16.8,16.9,17.8,17.6,19.1,19.4
2023-01-07 01:00:00,1017.9,1022.5,15.0,12.6,85.0,3.9,50.0,6.7,50.0,0.0,0.0,0.0,,16.7,16.7,17.7,17.6,19.1,19.4
2023-01-07 02:00:00,1017.3,1021.9,15.6,13.1,85.0,3.9,50.0,6.6,50.0,0.0,0.0,0.0,,16.6,16.6,17.6,17.5,19.1,19.4
2023-01-07 03:00:00,1017.1,1021.7,16.1,12.1,77.0,4.5,50.0,9.7,70.0,0.0,0.0,0.0,,16.5,16.5,17.5,17.5,19.1,19.4
2023-01-07 04:00:00,1016.9,1021.5,16.0,11.3,73.0,4.9,60.0,9.4,90.0,0.0,0.0,0.0,,16.5,16.5,17.4,17.4,19.1,19.4
2023-01-07 05:00:00,1016.9,1021.5,16.1,10.7,70.0,6.1,50.0,10.6,50.0,0.0,0.0,0.0,,16.3,16.4,17.3,17.3,19.1,19.4
2023-01-07 06:00:00,1017.0,1021.6,15.8,10.0,68.0,5.9,50.0,11.9,40.0,0.0,0.0,0.0,,16.2,16.3,17.2,17.3,19.0,19.4
2023-01-07 07:00:00,1017.2,1021.7,15.6,9.7,67.0,5.9,50.0,10.8,50.0,0.0,0.0,0.01,,16.1,16.2,17.2,17.2,19.0,19.4
2023-01-07 08:00:00,1017.3,1021.8,16.6,9.6,63.0,6.8,50.0,12.2,70.0,0.0,0.3,0.32,,16.0,16.1,17.1,17.2,19.0,19.5
2023-01-07 09:00:00,1017.6,1022.1,18.2,9.8,58.0,7.9,50.0,15.3,50.0,0.0,1.0,1.03,,16.1,16.0,17.0,17.1,19.0,19.5
2023-01-07 10:00:00,1017.5,1022.0,19.4,9.8,53.0,7.6,60.0,15.4,40.0,0.0,1.0,1.77,,16.4,16.0,16.9,17.0,19.0,19.5
2023-01-07 11:00:00,1016.9,1021.5,20.1,9.8,51.0,8.1,60.0,15.7,70.0,0.0,1.0,2.29,,17.5,16.2,16.9,17.0,19.0,19.4
2023-01-07 12:00:00,1016.3,1020.8,21.1,10.6,51.0,7.1,60.0,15.4,60.0,0.0,1.0,2.6,,18.3,16.7,17.1,16.9,19.0,19.5
2023-01-07 13:00:00,1015.5,1020.0,21.1,10.3,49.0,7.4,60.0,17.0,50.0,0.0,1.0,2.62,,18.9,17.2,17.4,17.0,19.0,19.5
2023-01-07 14:00:00,1014.8,1019.3,21.0,10.9,52.0,7.8,60.0,16.8,50.0,0.0,1.0,2.39,,19.4,17.7,17.7,17.0,19.0,19.5
2023-01-07 15:00:00,1014.5,1019.0,19.7,10.6,55.0,8.5,60.0,16.2,70.0,0.0,1.0,1.79,,19.5,18.1,18.1,17.2,18.9,19.5
2023-01-07 16:00:00,1014.7,1019.2,18.6,10.1,57.0,7.8,60.0,17.3,60.0,0.0,1.0,1.2,,19.4,18.3,18.3,17.3,18.9,19.5
2023-01-07 17:00:00,1015.2,1019.7,17.2,9.6,61.0,6.9,60.0,15.7,70.0,0.0,0.6,0.48,,18.9,18.3,18.5,17.4,18.9,19.5
2023-01-07 18:00:00,1015.6,1020.2,16.4,9.6,64.0,6.1,50.0,13.6,60.0,0.0,0.0,0.02,,18.3,18.1,18.5,17.5,18.9,19.5
2023-01-07 19:00:00,1016.2,1020.8,16.1,9.8,66.0,6.5,50.0,12.4,70.0,0.0,0.0,0.0,,17.9,17.8,18.4,17.6,18.9,19.5
2023-01-07 20:00:00,1016.7,1021.3,16.3,9.8,65.0,6.8,50.0,12.2,60.0,0.0,0.0,0.0,,17.6,17.6,18.3,17.7,18.9,19.5
2023-01-07 21:00:00,1016.7,1021.2,16.3,9.8,65.0,5.7,60.0,12.0,70.0,0.0,0.0,0.0,,17.4,17.4,18.2,17.7,18.9,19.5
2023-01-07 22:00:00,1016.6,1021.2,16.3,9.7,65.0,5.5,60.0,13.1,70.0,0.0,0.0,0.0,,17.2,17.2,18.0,17.6,18.9,19.5
2023-01-07 23:00:00,1016.4,1021.0,16.3,10.1,66.0,5.0,60.0,10.8,60.0,0.0,0.0,0.0,,17.0,17.0,17.9,17.6,18.9,19.5
2023-01-08 00:00:00,1016.1,1020.6,16.1,10.3,68.0,4.0,60.0,9.7,50.0,0.0,0.0,0.0,,16.8,16.9,17.8,17.5,18.9,19.5
2023-01-08 01:00:00,1015.9,1020.5,16.0,10.6,70.0,3.2,60.0,7.9,50.0,0.0,0.0,0.0,,16.7,16.7,17.6,17.5,18.9,19.5
2023-01-08 02:00:00,1015.6,1020.1,15.7,10.8,72.0,2.7,50.0,7.3,60.0,0.0,0.0,0.0,,16.6,16.6,17.5,17.4,18.9,19.5
2023-01-08 03:00:00,1015.3,1019.9,15.6,11.2,75.0,3.3,50.0,6.2,50.0,0.0,0.0,0.0,,16.4,16.5,17.4,17.4,18.9,19.5
2023-01-08 04:00:00,1015.2,1019.7,16.1,11.5,74.0,2.9,60.0,6.2,60.0,0.0,0.0,0.0,,16.4,16.4,17.3,17.3,18.9,19.5
2023-01-08 05:00:00,1015.4,1019.9,15.9,11.7,76.0,3.0,60.0,6.4,50.0,0.0,0.0,0.0,,16.3,16.3,17.2,17.2,18.9,19.5
2023-01-08 06:00:00,1016.0,1020.5,16.0,11.9,76.0,2.0,80.0,5.2,70.0,0.0,0.0,0.0,,16.3,16.2,17.2,17.2,18.9,19.5
2023-01-08 07:00:00,1016.2,1020.8,15.3,12.1,80.0,1.6,70.0,3.5,90.0,0.0,0.0,0.01,,16.2,16.2,17.1,17.1,18.9,19.5
2023-01-08 08:00:00,1016.7,1021.2,17.5,12.8,73.0,2.0,70.0,4.0,60.0,0.0,0.2,0.28,,16.3,16.1,17.0,17.1,18.9,19.5
2023-01-08 09:00:00,1016.9,1021.4,20.0,13.2,65.0,3.9,90.0,6.2,90.0,0.0,1.0,0.9,,16.6,16.1,17.0,17.0,18.9,19.5
2023-01-08 10:00:00,1017.0,1021.5,22.2,13.6,58.0,3.5,90.0,6.9,90.0,0.0,1.0,1.64,,17.2,16.3,17.0,17.0,18.9,19.5
2023-01-08 11:00:00,1016.5,1021.0,24.0,14.1,53.0,2.6,90.0,5.8,100.0,0.0,1.0,2.19,,18.7,16.7,17.1,16.9,18.9,19.5
2023-01-08 12:00:00,1016.1,1020.5,24.8,15.0,54.0,1.2,30.0,4.8,80.0,0.0,1.0,2.4,,19.9,17.4,17.4,16.9,18.9,19.5
2023-01-08 13:00:00,1015.0,1019.5,25.3,15.8,55.0,0.9,70.0,3.5,330.0,0.0,1.0,2.39,,20.7,18.1,17.8,17.0,18.9,19.5
2023-01-08 14:00:00,1014.8,1019.3,24.3,15.8,58.0,3.3,330.0,5.3,320.0,0.0,1.0,2.43,,21.2,18.7,18.3,17.1,18.9,19.5
2023-01-08 15:00:00,1014.8,1019.3,22.5,16.2,67.0,2.4,350.0,5.8,10.0,0.0,1.0,1.45,,21.3,19.3,18.8,17.3,18.9,19.5
2023-01-08 16:00:00,1014.9,1019.4,21.9,15.8,67.0,2.3,360.0,4.7,350.0,0.0,1.0,1.07,,21.3,19.5,19.1,17.5,18.9,19.5
2023-01-08 17:00:00,1015.0,1019.5,21.2,15.4,69.0,0.9,50.0,4.2,20.0,0.0,0.3,0.37,,20.9,19.6,19.4,17.7,18.9,19.5
2023-01-08 18:00:00,1015.2,1019.8,19.2,16.3,83.0,0.8,220.0,2.2,70.0,0.0,0.0,0.03,,20.4,19.5,19.5,17.9,18.8,19.5
2023-01-08 19:00:00,1015.5,1020.0,18.5,16.6,88.0,1.1,160.0,1.5,150.0,0.0,0.0,0.0,,20.0,19.3,19.5,18.1,18.8,19.5
2023-01-08 20:00:00,1015.8,1020.3,18.4,16.3,87.0,0.4,210.0,1.5,140.0,0.0,0.0,0.0,,19.7,19.2,19.4,18.2,18.9,19.5
2023-01-08 21:00:00,1016.2,1020.8,18.0,16.9,93.0,0.0,0.0,1.1,220.0,0.0,0.0,0.0,,19.5,19.0,19.4,18.2,18.9,19.5
2023-01-08 22:00:00,1016.3,1020.9,18.0,16.7,91.0,0.6,180.0,1.9,140.0,0.0,0.0,0.0,,19.3,18.9,19.3,18.3,18.9,19.5
2023-01-08 23:00:00,1016.0,1020.6,17.6,16.2,91.0,0.0,0.0,1.5,170.0,0.0,0.0,0.0,,19.2,18.7,19.2,18.3,18.9,19.5
2023-01-09 00:00:00,1015.7,1020.3,17.5,16.3,92.0,0.3,260.0,1.3,100.0,0.0,0.0,0.0,,19.0,18.6,19.1,18.3,18.9,19.5
2023-01-09 01:00:00,1015.3,1019.9,17.2,16.2,94.0,1.0,150.0,1.4,160.0,0.0,0.0,0.0,,18.9,18.5,19.1,18.3,19.0,19.5
2023-01-09 02:00:00,1014.9,1019.5,17.3,16.2,93.0,0.0,0.0,1.6,320.0,0.0,0.0,0.0,,18.8,18.4,19.0,18.3,19.0,19.4
2023-01-09 03:00:00,1015.2,1019.7,17.1,16.4,95.0,1.9,280.0,3.5,270.0,0.0,0.0,0.0,,18.6,18.3,18.9,18.3,19.0,19.4
2023-01-09 04:00:00,1014.9,1019.5,16.7,16.2,96.0,1.0,160.0,3.2,290.0,0.0,0.0,0.0,,18.5,18.2,18.9,18.2,19.0,19.4
2023-01-09 05:00:00,1014.9,1019.5,16.8,16.2,96.0,1.1,190.0,1.9,170.0,0.0,0.0,0.0,,18.4,18.1,18.8,18.2,19.0,19.4
2023-01-09 06:00:00,1014.8,1019.3,16.9,16.3,95.0,1.0,170.0,2.0,150.0,0.0,0.0,0.0,,18.4,18.1,18.7,18.2,19.1,19.4
2023-01-09 07:00:00,1015.3,1019.8,17.1,16.2,94.0,1.7,210.0,2.8,210.0,0.0,0.0,0.01,,18.3,18.0,18.7,18.2,19.1,19.4
2023-01-09 08:00:00,1016.0,1020.5,17.9,16.5,91.0,1.3,220.0,2.8,190.0,0.0,0.0,0.24,,18.4,18.0,18.6,18.1,19.1,19.4
2023-01-09 09:00:00,1017.1,1021.6,18.0,16.7,92.0,2.8,280.0,5.7,270.0,0.0,0.7,0.51,,18.6,18.0,18.6,18.1,19.1,19.4
2023-01-09 10:00:00,1017.0,1021.6,19.0,16.9,87.0,1.6,250.0,5.0,270.0,0.0,1.0,0.74,,18.8,18.1,18.6,18.1,19.1,19.4
2023-01-09 11:00:00,1016.5,1021.0,19.9,16.6,81.0,0.4,90.0,3.3,300.0,0.0,1.0,1.07,,19.3,18.2,18.6,18.1,19.1,19.4
2023-01-09 12:00:00,1015.5,1020.0,21.0,16.7,76.0,1.7,220.0,3.4,210.0,0.0,1.0,1.46,,19.8,18.5,18.8,18.1,19.1,19.4
2023-01-09 13:00:00,1015.1,1019.6,19.5,16.7,83.0,3.3,280.0,6.2,270.0,0.0,1.0,1.11,,20.0,18.8,19.0,18.1,19.2,19.4
2023-01-09 14:00:00,1015.0,1019.5,18.7,16.9,89.0,3.8,330.0,7.3,320.0,0.0,1.0,0.95,,20.0,19.0,19.1,18.2,19.2,19.4
2023-01-09 15:00:00,1014.5,1019.0,18.3,16.4,88.0,3.3,20.0,8.1,10.0,0.0,0.9,0.56,,19.9,19.0,19.3,18.2,19.2,19.4
2023-01-09 16:00:00,1015.0,1019.5,17.8,16.4,91.0,3.2,10.0,6.0,10.0,0.0,0.0,0.19,,19.8,19.1,19.3,18.3,19.2,19.4
2023-01-09 17:00:00,1015.1,1019.7,18.1,16.9,92.0,1.8,30.0,5.6,10.0,0.0,0.0,0.1,,19.6,19.0,19.4,18.4,19.2,19.4
2023-01-09 18:00:00,1015.7,1020.2,18.0,17.1,94.0,2.5,10.0,5.2,10.0,0.0,0.0,0.01,,19.5,19.0,19.4,18.4,19.2,19.4
2023-01-09 19:00:00,1015.7,1020.3,18.2,17.5,95.0,1.6,60.0,3.7,50.0,0.0,0.0,0.0,,19.4,18.9,19.4,18.5,19.2,19.4
2023-01-09 20:00:00,1016.1,1020.6,18.3,17.6,95.0,1.2,50.0,2.6,70.0,0.0,0.0,0.0,,19.3,18.9,19.3,18.5,19.2,19.5
2023-01-09 21:00:00,1016.2,1020.7,18.4,17.7,95.0,1.6,50.0,3.6,60.0,0.0,0.0,0.0,,19.3,18.8,19.3,18.5,19.2,19.5
2023-01-09 22:00:00,1016.5,1021.0,18.3,17.3,94.0,1.1,20.0,4.3,50.0,0.0,0.0,0.0,,19.2,18.7,19.3,18.5,19.3,19.5
2023-01-09 23:00:00,1016.5,1021.0,18.1,17.5,96.0,2.2,30.0,4.2,60.0,0.0,0.0,0.0,,19.1,18.7,19.2,18.5,19.3,19.5
2023-01-10 00:00:00,1015.5,1020.1,17.8,17.2,96.0,2.6,60.0,6.1,60.0,0.0,0.0,0.0,,19.0,18.6,19.2,18.5,19.3,19.5
2023-01-10 01:00:00,1015.6,1020.2,17.8,17.0,94.0,3.1,30.0,7.7,90.0,0.5,0.0,0.0,,18.9,18.6,19.2,18.5,19.3,19.5
2023-01-10 02:00:00,1015.0,1019.5,17.6,17.1,96.0,2.4,60.0,5.7,40.0,0.0,0.0,0.0,,18.9,18.5,19.1,18.5,19.3,19.5
2023-01-10 03:00:00,1014.3,1018.9,17.5,17.0,97.0,2.6,40.0,5.4,90.0,0.5,0.0,0.0,,18.8,18.4,19.1,18.5,19.3,19.5
2023-01-10 04:00:00,1014.0,1018.5,17.6,17.1,96.0,3.9,40.0,6.9,50.0,0.0,0.0,0.0,,18.7,18.4,19.0,18.5,19.3,19.5
2023-01-10 05:00:00,1014.2,1018.7,17.4,16.7,95.0,4.6,50.0,10.9,60.0,0.0,0.0,0.0,,18.7,18.3,19.0,18.4,19.3,19.5
2023-01-10 06:00:00,1014.8,1019.3,17.2,16.2,94.0,4.5,50.0,11.2,40.0,0.0,0.0,0.0,,18.5,18.3,18.9,18.4,19.4,19.5
2023-01-10 07:00:00,1015.2,1019.8,17.1,15.8,92.0,4.9,50.0,9.1,50.0,0.0,0.0,0.01,,18.5,18.2,18.9,18.4,19.4,19.5
2023-01-10 08:00:00,1015.5,1020.0,17.8,15.2,84.0,3.9,50.0,10.1,60.0,0.0,0.1,0.25,,18.5,18.1,18.8,18.4,19.4,19.5
2023-01-10 09:00:00,1015.3,1019.8,19.9,15.9,77.0,5.6,50.0,10.8,50.0,0.0,0.9,1.08,,18.5,18.1,18.8,18.3,19.4,19.5
2023-01-10 10:00:00,1015.6,1020.1,20.8,16.8,78.0,6.1,40.0,12.4,30.0,0.0,1.0,1.82,,18.9,18.2,18.8,18.3,19.4,19.5
2023-01-10 11:00:00,1015.0,1019.5,20.2,16.9,81.0,6.8,50.0,13.1,50.0,0.0,1.0,1.97,,19.5,18.4,18.8,18.3,19.4,19.5
2023-01-10 12:00:00,1013.4,1017.9,21.0,17.0,77.0,6.7,40.0,14.1,50.0,0.0,1.0,2.33,,20.2,18.7,18.9,18.3,19.4,19.5
2023-01-10 13:00:00,1012.2,1016.6,21.5,17.0,75.0,6.9,40.0,11.7,60.0,0.0,1.0,2.71,,21.0,19.1,19.2,18.3,19.4,19.5
2023-01-10 14:00:00,1012.4,1016.9,21.6,17.2,75.0,6.4,40.0,12.4,50.0,0.0,1.0,1.85,,21.2,19.6,19.5,18.4,19.4,19.5
2023-01-10 15:00:00,1012.7,1017.2,19.7,16.8,82.0,6.3,40.0,13.5,50.0,0.0,1.0,1.25,,21.2,19.9,19.8,18.5,19.4,19.5
2023-01-10 16:00:00,1012.6,1017.1,19.1,17.0,87.0,5.9,30.0,12.4,40.0,0.0,0.4,0.41,,20.9,19.9,20.0,18.6,19.4,19.5
2023-01-10 17:00:00,1013.4,1017.9,18.2,16.7,90.0,5.9,40.0,12.7,50.0,0.0,0.0,0.13,,20.5,19.9,20.0,18.8,19.4,19.5
2023-01-10 18:00:00,1013.7,1018.2,17.9,16.6,92.0,6.0,40.0,13.1,40.0,0.0,0.0,0.01,,20.2,19.7,20.0,18.9,19.4,19.5
2023-01-10 19:00:00,1014.2,1018.7,17.8,16.7,93.0,5.8,50.0,11.7,20.0,0.0,0.0,0.0,,19.9,19.6,20.0,18.9,19.4,19.5
2023-01-10 20:00:00,1014.5,1019.0,18.0,16.8,93.0,5.8,40.0,11.7,50.0,0.0,0.0,0.0,,19.8,19.4,19.9,19.0,19.5,19.5
2023-01-10 21:00:00,1015.2,1019.8,17.9,16.3,90.0,5.2,40.0,13.6,50.0,0.0,0.0,0.0,,19.6,19.3,19.8,19.0,19.5,19.5
2023-01-10 22:00:00,1015.0,1019.5,17.6,16.1,90.0,5.8,40.0,12.5,10.0,0.0,0.0,0.0,,19.4,19.1,19.7,19.0,19.5,19.5
2023-01-10 23:00:00,1014.5,1019.1,17.3,16.0,92.0,5.1,40.0,11.9,50.0,0.0,0.0,0.0,,19.2,19.0,19.7,19.0,19.5,19.5
2023-01-11 00:00:00,1014.4,1018.9,17.3,16.3,93.0,5.6,40.0,12.5,50.0,0.0,0.0,0.0,,19.1,18.9,19.6,18.9,19.5,19.5
2023-01-11 01:00:00,1014.3,1018.8,17.8,17.0,94.0,3.3,40.0,9.4,50.0,0.0,0.0,0.0,,19.1,18.8,19.5,18.9,19.5,19.5
2023-01-11 02:00:00,1013.8,1018.3,18.0,17.1,94.0,4.3,40.0,8.6,50.0,0.0,0.0,0.0,,19.1,18.7,19.4,18.9,19.6,19.5
2023-01-11 03:00:00,1013.7,1018.2,17.5,16.8,95.0,4.5,30.0,8.0,20.0,0.0,0.0,0.0,,19.0,18.7,19.4,18.8,19.6,19.5
2023-01-11 04:00:00,1013.3,1017.8,17.9,17.3,96.0,2.9,30.0,8.0,40.0,0.0,0.0,0.0,,19.0,18.6,19.3,18.8,19.6,19.5
2023-01-11 05:00:00,1013.4,1018.0,18.0,17.3,95.0,2.7,40.0,5.6,50.0,0.0,0.0,0.0,,19.0,18.6,19.3,18.8,19.6,19.5
2023-01-11 06:00:00,1014.2,1018.7,17.6,17.0,96.0,3.2,20.0,6.9,10.0,0.0,0.0,0.0,,18.9,18.6,19.2,18.7,19.6,19.5
2023-01-11 07:00:00,1014.2,1018.8,17.5,17.1,96.0,3.0,40.0,7.0,10.0,0.5,0.0,0.0,,18.8,18.5,19.2,18.7,19.6,19.5
2023-01-11 08:00:00,1014.7,1019.2,18.1,17.7,97.0,3.1,60.0,6.5,50.0,0.0,0.0,0.1,,18.9,18.5,19.2,18.7,19.6,19.5
2023-01-11 09:00:00,1015.3,1019.8,18.2,17.7,96.0,3.7,50.0,7.4,60.0,0.0,0.0,0.2,,19.0,18.5,19.1,18.7,19.6,19.5
2023-01-11 10:00:00,1015.2,1019.8,18.4,17.6,95.0,2.8,40.0,6.2,40.0,0.0,0.0,0.21,,19.0,18.5,19.1,18.6,19.6,19.5
2023-01-11 11:00:00,1014.5,1019.0,19.1,17.6,90.0,3.9,50.0,8.8,40.0,0.0,0.2,0.36,,19.2,18.6,19.1,18.6,19.6,19.5
2023-01-11 12:00:00,1013.5,1018.0,19.9,17.6,86.0,4.0,40.0,8.6,30.0,0.0,0.9,0.79,,19.5,18.7,19.2,18.6,19.6,19.6
2023-01-11 13:00:00,1012.3,1016.8,20.3,17.7,85.0,3.3,40.0,9.6,60.0,0.0,1.0,0.96,,19.8,18.8,19.2,18.6,19.7,19.6
2023-01-11 14:00:00,1012.1,1016.6,19.7,17.7,88.0,3.3,30.0,7.7,10.0,0.0,0.8,0.58,,19.9,19.0,19.4,18.6,19.7,19.6
2023-01-11 15:00:00,1011.3,1015.8,20.7,18.1,85.0,4.6,50.0,7.9,40.0,0.0,0.9,0.76,,20.1,19.1,19.5,18.7,19.7,19.6
2023-01-11 16:00:00,1011.4,1015.8,21.3,18.1,81.0,1.1,350.0,5.6,80.0,0.0,0.8,0.92,,20.6,19.4,19.6,18.7,19.7,19.6
2023-01-11 17:00:00,1011.3,1015.7,19.9,18.2,89.0,1.0,30.0,5.1,30.0,0.0,0.0,0.21,,20.4,19.5,19.7,18.8,19.7,19.6
2023-01-11 18:00:00,1011.9,1016.4,18.9,17.9,93.0,1.2,350.0,4.3,320.0,0.0,0.0,0.02,,20.2,19.5,19.8,18.8,19.7,19.6
2023-01-11 19:00:00,1012.5,1017.0,19.1,17.7,91.0,2.8,30.0,5.4,50.0,0.0,0.0,0.0,,20.0,19.4,19.8,18.9,19.7,19.6
2023-01-11 20:00:00,1012.7,1017.2,18.9,17.7,92.0,1.5,10.0,4.9,40.0,0.0,0.0,0.0,,19.9,19.4,19.8,18.9,19.7,19.6
2023-01-11 21:00:00,1012.4,1016.9,18.5,17.6,94.0,0.3,100.0,2.6,20.0,0.0,0.0,0.0,,19.8,19.3,19.8,19.0,19.7,19.6
2023-01-11 22:00:00,1012.0,1016.6,18.6,17.9,95.0,1.2,130.0,2.2,120.0,0.0,0.0,0.0,,19.7,19.2,19.7,19.0,19.7,19.6
2023-01-11 23:00:00,1012.1,1016.6,18.3,17.7,96.0,1.4,240.0,2.3,250.0,0.0,0.0,0.0,,19.6,19.2,19.7,19.0,19.7,19.6
2023-01-12 00:00:00,1011.8,1016.4,17.7,17.3,97.0,1.7,210.0,3.0,260.0,0.0,0.0,0.0,,19.4,19.1,19.7,19.0,19.7,19.6
2023-01-12 01:00:00,1011.6,1016.2,17.7,17.3,97.0,2.4,220.0,4.4,220.0,0.0,0.0,0.0,,19.3,19.0,19.6,19.0,19.7,19.6
2023-01-12 02:00:00,1012.0,1016.5,17.5,17.1,97.0,1.8,230.0,4.2,210.0,0.0,0.0,0.0,,19.2,18.9,19.5,18.9,19.7,19.6
2023-01-12 03:00:00,1011.6,1016.1,17.4,17.1,98.0,2.7,200.0,4.9,190.0,0.0,0.0,0.0,,19.1,18.8,19.5,18.9,19.7,19.6
2023-01-12 04:00:00,1011.6,1016.1,17.5,17.2,98.0,1.7,180.0,4.9,210.0,0.0,0.0,0.0,,19.0,18.7,19.4,18.9,19.7,19.6
2023-01-12 05:00:00,1011.8,1016.3,17.4,17.1,98.0,1.4,190.0,3.9,190.0,0.0,0.0,0.0,,18.9,18.7,19.3,18.9,19.8,19.6
2023-01-12 06:00:00,1012.2,1016.7,17.3,16.9,97.0,2.3,200.0,3.9,200.0,0.0,0.0,0.0,,18.9,18.6,19.3,18.8,19.8,19.6
2023-01-12 07:00:00,1012.6,1017.1,17.2,16.8,97.0,1.8,210.0,3.9,190.0,0.0,0.0,0.01,,18.8,18.6,19.3,18.8,19.8,19.6
2023-01-12 08:00:00,1013.2,1017.8,17.0,16.7,98.0,1.9,270.0,4.1,280.0,0.0,0.0,0.15,,18.8,18.5,19.2,18.8,19.8,19.6
2023-01-12 09:00:00,1013.5,1018.1,17.2,17.0,98.0,1.0,240.0,3.0,270.0,0.0,0.1,0.28,,18.9,18.5,19.2,18.8,19.8,19.6
2023-01-12 10:00:00,1013.9,1018.4,17.6,17.0,96.0,1.7,280.0,3.0,270.0,0.0,0.4,0.45,,19.0,18.5,19.2,18.7,19.8,19.6
2023-01-12 11:00:00,1012.9,1017.4,18.2,16.5,89.0,0.6,220.0,2.7,270.0,0.0,1.0,0.71,,19.3,18.6,19.2,18.7,19.8,19.6
2023-01-12 12:00:00,1011.9,1016.5,18.9,16.7,87.0,1.9,280.0,3.6,290.0,0.0,1.0,0.84,,19.6,18.8,19.3,18.7,19.8,19.6
2023-01-12 13:00:00,1010.8,1015.3,19.5,16.9,84.0,1.4,270.0,4.0,270.0,0.0,1.0,1.51,,20.1,19.0,19.4,18.7,19.8,19.6
2023-01-12 14:00:00,1010.5,1015.0,19.8,16.7,82.0,2.2,290.0,4.6,320.0,0.0,1.0,2.03,,20.7,19.3,19.5,18.7,19.8,19.6
2023-01-12 15:00:00,1010.1,1014.6,19.1,16.4,84.0,1.8,320.0,3.7,310.0,0.0,1.0,1.23,,20.9,19.6,19.7,18.8,19.8,19.6
2023-01-12 16:00:00,1010.2,1014.7,18.5,16.2,86.0,1.3,340.0,3.2,330.0,0.0,1.0,0.99,,21.0,19.8,19.9,18.9,19.8,19.7
2023-01-12 17:00:00,1010.5,1015.0,18.0,16.5,90.0,1.0,320.0,2.6,310.0,0.0,0.1,0.28,,20.7,19.9,20.1,19.0,19.8,19.7
2023-01-12 18:00:00,1011.4,1015.9,17.3,16.5,94.0,2.0,320.0,3.3,310.0,0.0,0.0,0.02,,20.3,19.8,20.1,19.1,19.8,19.7
2023-01-12 19:00:00,1012.2,1016.7,17.1,16.5,96.0,1.4,330.0,3.3,290.0,0.0,0.0,0.0,,20.1,19.7,20.1,19.1,19.8,19.7
2023-01-12 20:00:00,1012.3,1016.8,16.9,16.4,96.0,1.0,20.0,2.3,20.0,0.0,0.0,0.0,,19.9,19.6,20.1,19.2,19.8,19.7
2023-01-12 21:00:00,1011.7,1016.3,17.0,16.6,97.0,1.5,80.0,3.3,70.0,0.0,0.0,0.0,,19.8,19.5,20.0,19.2,19.8,19.7
2023-01-12 22:00:00,1011.3,1015.8,17.3,16.7,96.0,1.0,50.0,3.2,100.0,0.0,0.0,0.0,,19.6,19.4,19.9,19.2,19.8,19.7
2023-01-12 23:00:00,1011.2,1015.7,17.1,16.6,96.0,1.1,360.0,1.7,360.0,0.0,0.0,0.0,,19.5,19.2,19.9,19.2,19.8,19.7
2023-01-13 00:00:00,1010.6,1015.1,16.6,16.3,97.0,0.4,130.0,1.6,10.0,0.0,0.0,0.0,,19.3,19.1,19.8,19.2,19.8,19.7
2023-01-13 01:00:00,1010.2,1014.8,16.7,16.4,97.0,1.2,60.0,2.0,360.0,0.0,0.0,0.0,,19.2,19.0,19.7,19.1,19.9,19.7
2023-01-13 02:00:00,1009.9,1014.4,16.5,16.1,97.0,0.0,0.0,2.0,80.0,0.0,0.0,0.0,,19.1,18.9,19.6,19.1,19.9,19.7
2023-01-13 03:00:00,1009.6,1014.2,16.0,15.6,98.0,0.5,250.0,1.1,40.0,0.0,0.0,0.0,,18.8,18.8,19.5,19.1,19.9,19.7
2023-01-13 04:00:00,1008.9,1013.5,15.5,15.3,98.0,0.0,0.0,1.0,250.0,0.0,0.0,0.0,,18.7,18.6,19.4,19.0,19.9,19.7
2023-01-13 05:00:00,1009.2,1013.7,15.3,15.0,98.0,0.0,0.0,1.0,140.0,0.0,0.0,0.0,,18.5,18.5,19.3,19.0,19.9,19.7
2023-01-13 06:00:00,1009.6,1014.1,15.2,15.0,98.0,0.0,0.0,1.8,320.0,0.0,0.0,0.0,,18.4,18.4,19.2,18.9,19.9,19.7
2023-01-13 07:00:00,1010.1,1014.6,15.8,15.6,98.0,0.9,350.0,2.0,320.0,0.0,0.0,0.01,,18.2,18.3,19.1,18.9,19.9,19.7
2023-01-13 08:00:00,1010.8,1015.3,15.9,15.7,98.0,0.0,0.0,2.5,330.0,0.0,0.0,0.18,,18.3,18.2,19.0,18.8,19.9,19.7
2023-01-13 09:00:00,1011.1,1015.7,17.6,17.4,98.0,0.9,130.0,1.7,150.0,0.0,0.9,0.67,,18.6,18.2,19.0,18.8,19.9,19.7
2023-01-13 10:00:00,1010.8,1015.3,20.1,18.1,88.0,1.8,330.0,3.1,320.0,0.0,1.0,1.69,,19.1,18.3,19.0,18.7,19.9,19.7
2023-01-13 11:00:00,1009.9,1014.3,23.6,18.9,75.0,1.3,320.0,2.9,330.0,0.0,1.0,2.25,,20.6,18.7,19.1,18.7,19.9,19.7
2023-01-13 12:00:00,1008.8,1013.3,23.5,18.3,72.0,1.8,310.0,3.8,320.0,0.0,1.0,2.54,,21.6,19.3,19.3,18.7,19.9,19.7
2023-01-13 13:00:00,1007.8,1012.3,21.7,18.0,79.0,2.0,330.0,5.2,330.0,0.0,1.0,2.02,,21.9,19.9,19.7,18.7,19.9,19.7
2023-01-13 14:00:00,1006.9,1011.3,26.2,18.9,64.0,0.7,200.0,3.1,300.0,0.0,1.0,1.97,,22.6,20.4,20.1,18.8,19.9,19.7
2023-01-13 15:00:00,1006.6,1011.1,24.1,18.4,70.0,0.3,990.0,2.9,310.0,0.0,1.0,0.95,,22.7,20.8,20.5,19.0,19.9,19.7
2023-01-13 16:00:00,1006.9,1011.3,22.0,18.1,78.0,1.4,320.0,5.8,310.0,0.0,1.0,0.56,,22.4,21.0,20.8,19.2,19.9,19.7
2023-01-13 17:00:00,1006.9,1011.4,21.0,17.7,81.0,1.1,290.0,2.7,250.0,0.0,0.0,0.19,,22.1,21.0,20.9,19.3,19.9,19.7
2023-01-13 18:00:00,1007.1,1011.6,20.5,18.1,86.0,0.7,40.0,1.5,60.0,0.0,0.0,0.01,,21.7,20.9,21.0,19.5,19.9,19.7
2023-01-13 19:00:00,1007.4,1011.9,20.8,18.8,88.0,0.7,30.0,1.6,60.0,0.0,0.0,0.0,,21.5,20.8,21.0,19.6,19.9,19.7
2023-01-13 20:00:00,1007.8,1012.3,20.5,18.7,89.0,0.7,110.0,1.9,330.0,0.0,0.0,0.0,,21.3,20.6,20.9,19.7,19.9,19.7
2023-01-13 21:00:00,1007.6,1012.0,20.1,18.6,91.0,0.0,0.0,1.5,160.0,0.0,0.0,0.0,,21.1,20.5,20.9,19.7,19.9,19.7
2023-01-13 22:00:00,1007.2,1011.7,19.1,18.1,94.0,0.0,0.0,2.6,320.0,0.0,0.0,0.0,,20.9,20.4,20.8,19.7,20.0,19.8
2023-01-13 23:00:00,1006.7,1011.2,19.1,18.2,95.0,1.2,120.0,1.8,120.0,0.0,0.0,0.0,,20.7,20.2,20.7,19.7,20.0,19.8
2023-01-14 00:00:00,1006.6,1011.1,19.5,17.4,87.0,0.6,140.0,1.9,120.0,0.0,0.0,0.0,,20.5,20.1,20.6,19.7,20.0,19.8
2023-01-14 01:00:00,1006.5,1010.9,19.3,17.2,87.0,0.7,110.0,1.8,120.0,0.0,0.0,0.0,,20.4,20.0,20.6,19.7,20.0,19.8
2023-01-14 02:00:00,1006.0,1010.5,18.7,17.2,90.0,0.4,100.0,1.8,90.0,0.0,0.0,0.0,,20.2,19.9,20.5,19.7,20.0,19.8
2023-01-14 03:00:00,1005.7,1010.2,18.2,16.7,91.0,1.0,120.0,1.8,130.0,0.0,0.0,0.0,,20.1,19.8,20.4,19.7,20.1,19.8
2023-01-14 04:00:00,1005.4,1010.0,18.4,16.9,91.0,0.6,140.0,2.2,110.0,0.0,0.0,0.0,,19.9,19.7,20.3,19.6,20.1,19.8
2023-01-14 05:00:00,1005.7,1010.2,18.6,17.3,92.0,1.5,350.0,3.4,340.0,0.0,0.0,0.0,,19.8,19.5,20.2,19.6,20.1,19.8
2023-01-14 06:00:00,1006.1,1010.6,17.8,17.0,95.0,0.0,0.0,2.6,350.0,0.0,0.0,0.0,,19.7,19.5,20.1,19.6,20.1,19.8
2023-01-14 07:00:00,1006.5,1011.0,18.2,17.3,94.0,1.5,130.0,2.3,120.0,0.0,0.0,0.01,,19.6,19.3,20.1,19.5,20.1,19.8
2023-01-14 08:00:00,1007.0,1011.5,20.2,18.1,87.0,0.0,0.0,2.0,130.0,0.0,0.1,0.24,,19.7,19.3,20.0,19.5,20.1,19.8
2023-01-14 09:00:00,1007.2,1011.6,23.9,18.2,70.0,0.7,260.0,1.6,260.0,0.0,1.0,0.98,,20.1,19.3,19.9,19.4,20.2,19.8
2023-01-14 10:00:00,1007.1,1011.5,23.8,18.1,70.0,2.7,280.0,4.4,280.0,0.0,1.0,1.55,,20.5,19.5,20.0,19.4,20.2,19.8
2023-01-14 11:00:00,1006.4,1010.8,25.1,18.6,67.0,3.3,270.0,6.5,270.0,0.0,1.0,2.07,,21.6,19.8,20.0,19.4,20.2,19.8
2023-01-14 12:00:00,1005.2,1009.6,25.0,19.4,71.0,3.5,260.0,7.0,250.0,0.0,1.0,1.96,,22.1,20.2,20.2,19.4,20.2,19.8
2023-01-14 13:00:00,1004.4,1008.8,24.8,19.6,72.0,3.5,270.0,8.0,270.0,0.0,1.0,2.37,,22.7,20.6,20.5,19.4,20.2,19.8
2023-01-14 14:00:00,1003.6,1008.0,25.6,20.2,71.0,3.1,260.0,7.9,270.0,0.0,1.0,2.29,,23.1,21.1,20.8,19.5,20.2,19.8
2023-01-14 15:00:00,1003.3,1007.7,24.4,20.7,80.0,2.9,250.0,9.6,270.0,0.0,1.0,1.91,,23.5,21.5,21.2,19.7,20.2,19.8
2023-01-14 16:00:00,1003.5,1007.9,23.1,20.6,86.0,3.2,230.0,5.9,250.0,0.0,0.9,1.16,,23.5,21.8,21.5,19.8,20.2,19.8
2023-01-14 17:00:00,1003.9,1008.3,22.3,21.0,92.0,3.3,230.0,5.7,240.0,0.0,0.0,0.16,,23.1,21.9,21.7,20.0,20.2,19.8
2023-01-14 18:00:00,1004.3,1008.7,21.9,21.3,96.0,3.1,210.0,6.3,220.0,0.0,0.0,0.02,,22.7,21.8,21.8,20.1,20.2,19.8
2023-01-14 19:00:00,1005.0,1009.4,22.0,21.3,95.0,2.0,240.0,5.4,210.0,0.0,0.0,0.0,,22.5,21.7,21.8,20.2,20.2,19.8
2023-01-14 20:00:00,1005.5,1010.0,21.8,21.1,96.0,0.7,290.0,4.9,240.0,0.0,0.0,0.0,,22.3,21.6,21.8,20.3,20.2,19.8
2023-01-14 21:00:00,1006.4,1010.8,21.1,20.7,97.0,1.7,20.0,2.6,10.0,0.0,0.0,0.0,,22.0,21.4,21.7,20.4,20.3,19.8
2023-01-14 22:00:00,1007.1,1011.6,19.8,19.6,98.0,3.4,10.0,6.3,20.0,0.0,0.0,0.0,,21.9,21.3,21.6,20.4,20.3,19.8
2023-01-14 23:00:00,1007.5,1012.0,18.7,18.5,98.0,3.7,40.0,8.1,50.0,0.0,0.0,0.0,,21.5,21.1,21.5,20.4,20.3,19.8
2023-01-15 00:00:00,1008.0,1012.5,17.6,17.3,98.0,4.3,40.0,11.6,60.0,0.0,0.0,0.0,,21.2,20.9,21.4,20.4,20.3,19.8
2023-01-15 01:00:00,1008.7,1013.2,16.7,16.2,97.0,5.9,40.0,12.0,50.0,0.0,0.0,0.0,,20.8,20.7,21.3,20.4,20.4,19.8
2023-01-15 02:00:00,1009.1,1013.7,16.1,15.6,96.0,6.6,40.0,15.1,50.0,0.0,0.0,0.0,,20.4,20.5,21.2,20.4,20.4,19.9
2023-01-15 03:00:00,1009.4,1013.9,15.8,15.1,95.0,6.0,40.0,14.0,60.0,0.0,0.0,0.0,,20.1,20.2,21.0,20.3,20.4,19.9
2023-01-15 04:00:00,1009.9,1014.4,15.0,14.3,96.0,6.5,40.0,12.8,50.0,0.0,0.0,0.0,,19.7,20.0,20.8,20.3,20.4,19.9
2023-01-15 05:00:00,1010.3,1014.9,14.9,14.0,94.0,6.4,40.0,16.0,50.0,0.0,0.0,0.0,,19.4,19.7,20.7,20.2,20.5,19.9
2023-01-15 06:00:00,1010.6,1015.2,14.8,13.9,94.0,7.4,50.0,14.5,60.0,0.0,0.0,0.0,,19.1,19.5,20.5,20.1,20.5,19.9
2023-01-15 07:00:00,1011.0,1015.5,14.7,13.9,94.0,7.8,50.0,15.0,50.0,0.0,0.0,0.0,,18.9,19.3,20.3,20.0,20.5,19.9
2023-01-15 08:00:00,1012.0,1016.6,14.4,13.7,95.0,6.7,50.0,15.5,40.0,0.5,0.0,0.05,,18.8,19.1,20.1,19.9,20.5,19.9
2023-01-15 09:00:00,1012.7,1017.3,14.0,13.4,95.0,8.2,50.0,14.5,60.0,0.0,0.0,0.19,,18.6,18.9,20.0,19.8,20.5,19.9
2023-01-15 10:00:00,1012.7,1017.3,14.2,13.2,94.0,8.0,50.0,16.2,60.0,0.0,0.4,0.43,,18.4,18.8,19.8,19.7,20.5,19.9
2023-01-15 11:00:00,1012.5,1017.1,14.3,12.7,90.0,8.2,50.0,16.5,60.0,0.0,0.6,0.51,,18.4,18.6,19.7,19.6,20.5,19.9
2023-01-15 12:00:00,1011.9,1016.5,14.4,12.4,87.0,8.6,50.0,16.5,70.0,0.0,0.9,0.58,,18.4,18.5,19.6,19.5,20.5,19.9
2023-01-15 13:00:00,1011.4,1016.0,13.3,12.4,94.0,7.9,50.0,16.7,50.0,0.0,0.6,0.46,,18.2,18.5,19.5,19.5,20.5,19.9
2023-01-15 14:00:00,1011.1,1015.6,13.0,12.1,94.0,7.9,50.0,15.1,40.0,0.0,0.3,0.39,,18.0,18.3,19.4,19.4,20.5,19.9
2023-01-15 15:00:00,1011.1,1015.7,13.3,11.8,90.0,7.3,50.0,17.3,50.0,0.0,0.2,0.38,,17.9,18.2,19.3,19.3,20.5,19.9
2023-01-15 16:00:00,1011.6,1016.2,12.8,11.4,91.0,8.1,50.0,16.4,50.0,0.0,0.0,0.22,,17.7,18.1,19.2,19.2,20.5,19.9
2023-01-15 17:00:00,1012.5,1017.1,12.1,10.7,90.0,7.7,40.0,17.6,60.0,0.0,0.0,0.08,,17.4,17.9,19.1,19.2,20.5,19.9
2023-01-15 18:00:00,1013.5,1018.1,12.2,10.4,89.0,8.4,50.0,17.8,60.0,0.0,0.0,0.01,,17.2,17.8,18.9,19.1,20.5,19.9
2023-01-15 19:00:00,1014.6,1019.2,11.9,10.5,90.0,8.8,50.0,16.3,60.0,0.0,0.0,0.0,,17.0,17.6,18.8,19.0,20.5,19.9
2023-01-15 20:00:00,1015.4,1020.0,11.5,10.3,92.0,8.0,50.0,16.0,30.0,0.0,0.0,0.0,,16.7,17.4,18.7,18.9,20.5,19.9
2023-01-15 21:00:00,1015.9,1020.6,11.1,9.7,91.0,7.8,50.0,17.9,60.0,0.5,0.0,0.0,,16.5,17.2,18.5,18.8,20.5,19.9
2023-01-15 22:00:00,1016.3,1021.0,10.8,9.8,93.0,7.7,50.0,17.5,60.0,0.0,0.0,0.0,,16.3,17.0,18.3,18.7,20.4,19.9
2023-01-15 23:00:00,1016.4,1021.1,10.8,9.9,93.0,7.2,50.0,17.4,50.0,0.0,0.0,0.0,,16.1,16.8,18.2,18.6,20.4,20.0
2023-01-16 00:00:00,1016.6,1021.2,11.0,9.5,90.0,7.3,50.0,15.7,40.0,0.0,0.0,0.0,,15.9,16.7,18.0,18.5,20.4,20.0
2023-01-16 01:00:00,1016.9,1021.5,11.0,9.5,90.0,6.3,50.0,12.8,60.0,0.0,0.0,0.0,,15.8,16.5,17.9,18.4,20.4,20.0
2023-01-16 02:00:00,1016.8,1021.5,10.9,9.3,89.0,6.0,50.0,14.3,60.0,0.0,0.0,0.0,,15.7,16.4,17.7,18.3,20.4,20.0
2023-01-16 03:00:00,1017.0,1021.6,10.6,9.6,93.0,6.4,40.0,13.0,50.0,0.5,0.0,0.0,,15.6,16.2,17.6,18.2,20.3,20.0
2023-01-16 04:00:00,1017.2,1021.8,10.4,9.6,94.0,5.0,40.0,11.7,40.0,0.0,0.0,0.0,,15.5,16.1,17.5,18.1,20.3,20.0
2023-01-16 05:00:00,1017.8,1022.5,10.2,9.4,94.0,7.0,40.0,12.5,40.0,0.0,0.0,0.0,,15.3,16.0,17.4,18.0,20.3,20.0
2023-01-16 06:00:00,1018.7,1023.3,9.9,9.2,95.0,6.6,40.0,13.4,40.0,1.0,0.0,0.0,,15.1,15.9,17.3,17.9,20.3,20.0
2023-01-16 07:00:00,1019.1,1023.7,9.6,9.0,95.0,6.6,40.0,14.7,40.0,0.5,0.0,0.0,,15.0,15.7,17.2,17.8,20.2,20.0
2023-01-16 08:00:00,1019.7,1024.4,10.0,9.3,95.0,5.5,40.0,11.9,50.0,0.0,0.0,0.08,,14.9,15.6,17.0,17.7,20.2,20.0
2023-01-16 09:00:00,1019.5,1024.2,10.7,8.8,87.0,6.4,50.0,14.4,60.0,0.0,0.0,0.25,,14.9,15.5,16.9,17.6,20.2,20.0
2023-01-16 10:00:00,1019.0,1023.6,11.8,8.8,81.0,7.6,50.0,15.3,60.0,0.0,0.9,0.98,,15.1,15.5,16.8,17.5,20.1,20.0
2023-01-16 11:00:00,1018.3,1023.0,12.0,8.8,80.0,8.3,50.0,16.0,60.0,0.0,1.0,0.96,,15.3,15.5,16.8,17.4,20.1,20.0
2023-01-16 12:00:00,1017.5,1022.2,11.9,8.7,80.0,6.7,40.0,16.0,60.0,0.0,1.0,0.66,,15.4,15.6,16.8,17.4,20.1,20.0
2023-01-16 13:00:00,1017.1,1021.8,11.6,8.5,81.0,6.5,50.0,14.1,40.0,0.0,0.0,0.29,,15.3,15.6,16.8,17.3,20.0,20.0
2023-01-16 14:00:00,1016.6,1021.3,11.2,8.7,84.0,7.8,50.0,15.1,60.0,0.0,0.0,0.19,,15.2,15.6,16.8,17.3,20.0,20.0
2023-01-16 15:00:00,1016.4,1021.1,10.8,9.0,88.0,7.1,40.0,14.4,70.0,0.0,0.0,0.12,,15.1,15.5,16.8,17.2,19.9,20.0
2023-01-16 16:00:00,1016.8,1021.4,10.5,9.0,90.0,6.6,40.0,13.8,40.0,0.0,0.0,0.07,,14.9,15.5,16.7,17.2,19.9,20.0
2023-01-16 17:00:00,1017.4,1022.0,10.6,9.0,89.0,7.5,50.0,14.7,40.0,0.0,0.0,0.04,,14.8,15.4,16.6,17.1,19.9,20.0
2023-01-16 18:00:00,1017.8,1022.4,11.0,8.8,85.0,7.2,50.0,13.4,60.0,0.0,0.0,0.0,,14.8,15.3,16.6,17.1,19.8,20.0
2023-01-16 19:00:00,1018.2,1022.9,11.4,8.9,84.0,7.2,50.0,14.1,60.0,0.0,0.0,0.0,,14.7,15.2,16.5,17.0,19.8,20.0
2023-01-16 20:00:00,1018.6,1023.2,11.6,8.9,83.0,7.0,50.0,13.8,50.0,0.0,0.0,0.0,,14.7,15.1,16.4,17.0,19.8,20.0
2023-01-16 21:00:00,1018.7,1023.3,11.9,9.1,83.0,6.9,40.0,13.1,50.0,0.0,0.0,0.0,,14.7,15.1,16.3,16.9,19.7,20.0
2023-01-16 22:00:00,1018.8,1023.4,11.9,9.4,84.0,6.9,40.0,13.6,60.0,0.0,0.0,0.0,,14.6,15.0,16.3,16.9,19.7,20.0
2023-01-16 23:00:00,1018.9,1023.5,12.0,9.4,83.0,6.1,40.0,12.9,70.0,0.0,0.0,0.0,,14.6,15.0,16.2,16.8,19.7,20.0
2023-01-17 00:00:00,1018.9,1023.6,12.1,9.7,84.0,6.8,40.0,13.0,50.0,0.0,0.0,0.0,,14.6,14.9,16.2,16.7,19.6,20.0
2023-01-17 01:00:00,1019.0,1023.7,12.2,9.9,85.0,5.0,50.0,12.1,60.0,0.0,0.0,0.0,,14.6,14.9,16.1,16.7,19.6,20.0
2023-01-17 02:00:00,1018.3,1023.0,12.5,10.3,86.0,4.5,50.0,10.5,50.0,0.0,0.0,0.0,,14.7,14.9,16.1,16.6,19.6,20.0
2023-01-17 03:00:00,1018.1,1022.7,12.9,10.5,85.0,5.0,50.0,9.4,50.0,0.0,0.0,0.0,,14.7,14.9,16.1,16.6,19.5,20.0
2023-01-17 04:00:00,1017.9,1022.6,13.1,10.8,85.0,4.2,50.0,10.2,50.0,0.0,0.0,0.0,,14.8,14.9,16.0,16.5,19.5,20.0
2023-01-17 05:00:00,1017.8,1022.4,13.5,10.9,84.0,4.1,50.0,8.8,50.0,0.0,0.0,0.0,,14.8,14.9,16.0,16.5,19.5,20.0
2023-01-17 06:00:00,1018.1,1022.7,13.4,11.1,85.0,4.3,50.0,9.0,60.0,0.0,0.0,0.0,,14.9,14.9,16.0,16.5,19.4,20.0
2023-01-17 07:00:00,1018.6,1023.2,13.4,11.3,87.0,4.0,40.0,8.6,40.0,0.0,0.0,0.01,,14.9,15.0,16.0,16.4,19.4,20.0
2023-01-17 08:00:00,1019.1,1023.7,13.9,11.4,84.0,4.1,40.0,9.6,60.0,0.0,0.0,0.19,,15.1,15.0,16.0,16.4,19.4,20.0
2023-01-17 09:00:00,1019.4,1024.0,14.2,11.9,86.0,5.6,40.0,10.5,40.0,0.0,0.0,0.27,,15.2,15.1,16.1,16.4,19.3,20.0
2023-01-17 10:00:00,1019.5,1024.2,13.7,12.3,91.0,4.6,40.0,9.8,20.0,0.0,0.0,0.19,,15.3,15.1,16.1,16.4,19.3,20.0
2023-01-17 11:00:00,1018.7,1023.3,14.3,12.3,87.0,5.0,40.0,9.6,60.0,0.0,0.1,0.29,,15.4,15.2,16.1,16.4,19.3,20.0
2023-01-17 12:00:00,1017.8,1022.5,14.3,12.3,87.0,5.2,30.0,9.8,40.0,0.0,0.0,0.27,,15.5,15.3,16.2,16.4,19.2,20.0
2023-01-17 13:00:00,1016.8,1021.4,14.2,12.0,86.0,5.5,40.0,10.0,30.0,0.0,0.0,0.26,,15.5,15.3,16.2,16.4,19.2,20.0
2023-01-17 14:00:00,1016.4,1021.0,14.1,12.2,88.0,5.4,30.0,10.9,50.0,0.0,0.0,0.22,,15.6,15.4,16.2,16.4,19.2,20.0
2023-01-17 15:00:00,1016.3,1020.9,14.3,12.5,89.0,4.7,40.0,10.1,50.0,0.0,0.0,0.15,,15.6,15.4,16.3,16.4,19.1,20.0
2023-01-17 16:00:00,1016.7,1021.3,14.1,12.6,90.0,5.2,30.0,10.9,50.0,0.0,0.0,0.09,,15.6,15.4,16.3,16.4,19.1,20.0
2023-01-17 17:00:00,1017.3,1021.9,14.0,12.7,91.0,4.8,40.0,9.4,40.0,0.0,0.0,0.03,,15.6,15.5,16.3,16.4,19.1,20.0
2023-01-17 18:00:00,1018.0,1022.7,13.7,12.8,94.0,5.1,40.0,9.9,50.0,0.0,0.0,0.0,,15.6,15.5,16.3,16.4,19.1,19.9
2023-01-17 19:00:00,1019.0,1023.6,13.5,12.9,96.0,4.9,30.0,10.5,20.0,0.5,0.0,0.0,,15.5,15.4,16.4,16.4,19.0,19.9
2023-01-17 20:00:00,1019.8,1024.4,13.3,12.7,96.0,5.0,40.0,9.9,20.0,0.5,0.0,0.0,,15.5,15.4,16.3,16.4,19.0,19.9
2023-01-17 21:00:00,1020.4,1025.0,13.3,12.7,96.0,4.9,30.0,10.4,50.0,0.0,0.0,0.0,,15.4,15.4,16.3,16.4,19.0,19.9
2023-01-17 22:00:00,1020.6,1025.2,13.3,12.9,97.0,5.1,30.0,9.5,10.0,0.5,0.0,0.0,,15.4,15.4,16.3,16.4,19.0,19.9
2023-01-17 23:00:00,1020.6,1025.3,12.5,12.1,97.0,6.3,30.0,12.1,10.0,0.5,0.0,0.0,,15.3,15.3,16.3,16.4,19.0,19.9
2023-01-18 00:00:00,1020.8,1025.4,12.1,11.7,97.0,5.0,30.0,11.7,20.0,1.0,0.0,0.0,,15.2,15.3,16.3,16.4,18.9,19.9
2023-01-18 01:00:00,1021.0,1025.6,12.0,11.4,96.0,4.8,30.0,10.0,20.0,0.0,0.0,0.0,,15.0,15.2,16.2,16.4,18.9,19.9
2023-01-18 02:00:00,1021.0,1025.6,11.9,11.1,95.0,5.0,30.0,10.3,20.0,0.0,0.0,0.0,,14.9,15.1,16.2,16.3,18.9,19.9
2023-01-18 03:00:00,1020.7,1025.4,11.6,10.8,95.0,4.7,30.0,9.7,10.0,0.5,0.0,0.0,,14.8,15.0,16.1,16.3,18.9,19.9
2023-01-18 04:00:00,1020.7,1025.3,11.4,10.6,94.0,5.1,30.0,10.5,40.0,0.0,0.0,0.0,,14.7,15.0,16.1,16.3,18.9,19.9
2023-01-18 05:00:00,1021.0,1025.6,11.3,10.4,93.0,4.7,30.0,11.8,40.0,0.0,0.0,0.0,,14.6,14.9,16.0,16.3,18.9,19.9
2023-01-18 06:00:00,1021.6,1026.3,11.6,10.6,93.0,4.7,40.0,10.2,20.0,0.0,0.0,0.0,,14.5,14.8,15.9,16.2,18.8,19.9
2023-01-18 07:00:00,1022.2,1026.9,11.8,10.1,89.0,5.2,40.0,11.1,50.0,0.0,0.0,0.0,,14.5,14.7,15.9,16.2,18.8,19.9
2023-01-18 08:00:00,1022.3,1027.0,12.1,9.9,86.0,4.6,50.0,10.7,60.0,0.0,0.0,0.05,,14.5,14.7,15.8,16.1,18.8,19.8
2023-01-18 09:00:00,1022.4,1027.0,12.9,9.9,82.0,4.7,50.0,10.0,60.0,0.0,0.0,0.22,,14.6,14.7,15.8,16.1,18.8,19.8
2023-01-18 10:00:00,1022.4,1027.0,13.2,9.7,79.0,5.4,40.0,11.5,60.0,0.0,0.3,0.4,,14.7,14.7,15.7,16.1,18.8,19.8
2023-01-18 11:00:00,1022.1,1026.7,13.0,9.4,78.0,4.8,40.0,10.8,20.0,0.0,0.0,0.33,,14.7,14.7,15.7,16.0,18.7,19.8
2023-01-18 12:00:00,1021.2,1025.9,12.9,9.4,79.0,5.1,40.0,10.9,50.0,0.0,0.0,0.3,,14.8,14.7,15.7,16.0,18.7,19.8
2023-01-18 13:00:00,1019.9,1024.6,12.7,9.6,81.0,5.5,40.0,11.0,50.0,0.0,0.0,0.29,,14.8,14.8,15.8,16.0,18.7,19.8
2023-01-18 14:00:00,1019.2,1023.9,12.5,9.4,81.0,5.4,40.0,10.9,50.0,0.0,0.0,0.26,,14.8,14.8,15.8,16.0,18.7,19.8
2023-01-18 15:00:00,1019.0,1023.6,12.5,9.3,80.0,4.8,40.0,10.5,30.0,0.0,0.0,0.18,,14.8,14.8,15.8,16.0,18.7,19.8
2023-01-18 16:00:00,1018.7,1023.3,12.6,9.5,81.0,5.4,40.0,10.1,40.0,0.0,0.0,0.15,,14.7,14.8,15.8,15.9,18.7,19.8
2023-01-18 17:00:00,1019.2,1023.8,12.7,9.7,81.0,4.7,40.0,9.7,50.0,0.0,0.0,0.06,,14.7,14.7,15.7,15.9,18.6,19.8
2023-01-18 18:00:00,1019.4,1024.0,13.0,9.8,80.0,5.4,40.0,9.8,40.0,0.0,0.0,0.01,,14.7,14.7,15.7,15.9,18.6,19.8
2023-01-18 19:00:00,1019.7,1024.3,13.2,9.7,79.0,5.4,50.0,11.4,50.0,0.0,0.0,0.0,,14.7,14.7,15.7,15.9,18.6,19.8
2023-01-18 20:00:00,1019.7,1024.3,13.5,9.7,78.0,5.8,50.0,12.0,50.0,0.0,0.0,0.0,,14.7,14.7,15.7,15.9,18.6,19.7
2023-01-18 21:00:00,1019.4,1024.0,13.5,9.5,76.0,5.8,50.0,11.9,50.0,0.0,0.0,0.0,,14.6,14.6,15.7,15.9,18.6,19.7
2023-01-18 22:00:00,1019.2,1023.8,13.7,9.6,76.0,5.6,50.0,11.1,60.0,0.0,0.0,0.0,,14.6,14.6,15.6,15.9,18.5,19.7
2023-01-18 23:00:00,1019.1,1023.8,13.7,10.2,79.0,4.9,50.0,9.8,40.0,0.0,0.0,0.0,,14.6,14.6,15.6,15.8,18.5,19.7
2023-01-19 00:00:00,1018.9,1023.5,13.7,10.0,78.0,5.5,50.0,11.0,50.0,0.0,0.0,0.0,,14.6,14.6,15.6,15.8,18.5,19.7
2023-01-19 01:00:00,1018.7,1023.3,13.8,10.1,78.0,5.4,50.0,10.7,40.0,0.0,0.0,0.0,,14.6,14.6,15.6,15.8,18.5,19.7
2023-01-19 02:00:00,1018.7,1023.3,13.5,10.3,80.0,4.3,50.0,10.1,50.0,0.0,0.0,0.0,,14.5,14.5,15.5,15.8,18.5,19.7
2023-01-19 03:00:00,1018.6,1023.2,13.8,10.3,79.0,4.7,50.0,10.1,60.0,0.0,0.0,0.0,,14.5,14.5,15.5,15.7,18.5,19.7
2023-01-19 04:00:00,1018.4,1023.1,13.7,10.3,79.0,3.5,60.0,8.3,50.0,0.0,0.0,0.0,,14.5,14.5,15.5,15.7,18.4,19.7
2023-01-19 05:00:00,1018.8,1023.4,13.7,10.3,79.0,3.2,50.0,6.8,50.0,0.0,0.0,0.0,,14.5,14.5,15.5,15.7,18.4,19.7
2023-01-19 06:00:00,1019.1,1023.7,13.7,10.4,80.0,3.3,50.0,7.6,60.0,0.0,0.0,0.0,,14.5,14.5,15.5,15.7,18.4,19.7
2023-01-19 07:00:00,1019.4,1024.0,13.9,10.2,78.0,5.0,50.0,9.8,50.0,0.0,0.0,0.01,,14.5,14.5,15.5,15.7,18.4,19.7
2023-01-19 08:00:00,1019.1,1023.7,14.9,10.8,76.0,3.7,60.0,9.8,60.0,0.0,0.3,0.32,,14.5,14.4,15.4,15.6,18.4,19.6
2023-01-19 09:00:00,1019.1,1023.7,16.3,11.0,70.0,4.6,50.0,8.9,50.0,0.0,1.0,0.99,,14.8,14.5,15.4,15.6,18.4,19.6
2023-01-19 10:00:00,1019.1,1023.7,17.7,12.1,69.0,4.9,40.0,10.3,60.0,0.0,1.0,1.72,,15.2,14.6,15.4,15.6,18.3,19.6
2023-01-19 11:00:00,1018.5,1023.1,18.1,12.3,68.0,6.1,40.0,10.7,50.0,0.0,1.0,2.24,,16.3,14.9,15.5,15.6,18.3,19.6
2023-01-19 12:00:00,1017.6,1022.2,19.0,12.8,67.0,6.0,40.0,11.8,50.0,0.0,1.0,2.6,,17.2,15.4,15.7,15.6,18.3,19.6
2023-01-19 13:00:00,1016.4,1020.9,18.9,12.7,67.0,5.4,30.0,11.6,50.0,0.0,1.0,2.64,,17.9,16.0,16.1,15.7,18.3,19.6
2023-01-19 14:00:00,1016.0,1020.5,18.5,12.7,69.0,5.8,30.0,10.3,50.0,0.0,1.0,2.47,,18.4,16.6,16.5,15.8,18.3,19.6
2023-01-19 15:00:00,1015.8,1020.3,17.9,12.7,71.0,6.5,30.0,11.5,60.0,0.0,1.0,2.0,,18.7,17.0,16.9,15.9,18.3,19.6
2023-01-19 16:00:00,1015.7,1020.3,17.6,12.9,74.0,5.3,40.0,10.9,50.0,0.0,1.0,1.32,,18.7,17.3,17.2,16.1,18.2,19.6
2023-01-19 17:00:00,1016.1,1020.7,16.2,12.7,79.0,4.9,40.0,11.2,50.0,0.0,0.7,0.57,,18.3,17.4,17.4,16.3,18.2,19.6
2023-01-19 18:00:00,1016.4,1021.0,15.7,12.7,82.0,4.4,40.0,10.8,50.0,0.0,0.0,0.05,,17.7,17.2,17.5,16.4,18.2,19.6
2023-01-19 19:00:00,1016.9,1021.5,15.8,13.0,83.0,4.8,40.0,9.7,50.0,0.0,0.0,0.0,,17.4,17.1,17.5,16.6,18.2,19.6
2023-01-19 20:00:00,1017.2,1021.7,15.5,12.9,84.0,4.9,50.0,10.6,50.0,0.0,0.0,0.0,,17.1,16.9,17.4,16.6,18.2,19.5
2023-01-19 21:00:00,1017.3,1021.9,15.5,12.9,84.0,5.0,50.0,10.8,50.0,0.0,0.0,0.0,,16.9,16.7,17.4,16.7,18.2,19.5
2023-01-19 22:00:00,1017.3,1021.9,15.6,13.0,84.0,5.2,50.0,11.9,50.0,0.0,0.0,0.0,,16.7,16.5,17.3,16.7,18.2,19.5
2023-01-19 23:00:00,1017.3,1021.9,15.8,13.3,85.0,5.6,40.0,12.1,50.0,0.0,0.0,0.0,,16.5,16.4,17.2,16.7,18.3,19.5
2023-01-20 00:00:00,1017.3,1021.9,16.0,13.2,83.0,5.5,50.0,12.2,50.0,0.0,0.0,0.0,,16.4,16.3,17.1,16.7,18.3,19.5
2023-01-20 01:00:00,1017.1,1021.7,16.1,12.9,81.0,6.4,50.0,13.7,50.0,0.0,0.0,0.0,,16.4,16.2,17.0,16.7,18.3,19.5
2023-01-20 02:00:00,1017.4,1021.9,16.2,13.0,81.0,5.6,40.0,13.3,60.0,0.0,0.0,0.0,,16.4,16.1,16.9,16.6,18.3,19.5
2023-01-20 03:00:00,1017.7,1022.3,16.2,13.0,81.0,5.3,40.0,11.9,60.0,0.0,0.0,0.0,,16.4,16.1,16.9,16.6,18.3,19.5
2023-01-20 04:00:00,1017.9,1022.4,16.1,12.5,79.0,6.1,40.0,12.7,50.0,0.0,0.0,0.0,,16.3,16.0,16.8,16.6,18.3,19.5
2023-01-20 05:00:00,1018.3,1022.8,16.1,12.3,78.0,6.3,40.0,12.1,40.0,0.0,0.0,0.0,,16.3,16.0,16.8,16.6,18.3,19.5
2023-01-20 06:00:00,1017.9,1022.5,15.8,12.3,79.0,7.4,50.0,13.9,40.0,0.0,0.0,0.0,,16.2,16.0,16.8,16.5,18.3,19.5
2023-01-20 07:00:00,1018.7,1023.3,15.4,12.0,80.0,6.0,40.0,14.4,50.0,0.0,0.0,0.0,,16.1,15.9,16.7,16.5,18.4,19.5
2023-01-20 08:00:00,1019.0,1023.6,15.4,10.9,74.0,7.7,40.0,16.2,50.0,0.0,0.0,0.07,,16.1,15.9,16.7,16.5,18.4,19.4
2023-01-20 09:00:00,1019.4,1024.0,16.1,10.8,71.0,6.8,50.0,15.7,60.0,0.0,0.2,0.33,,16.1,15.8,16.7,16.5,18.4,19.4
2023-01-20 10:00:00,1019.2,1023.8,16.5,10.9,69.0,7.5,50.0,15.7,50.0,0.0,1.0,0.67,,16.3,15.8,16.6,16.5,18.4,19.4
2023-01-20 11:00:00,1018.6,1023.2,17.5,10.9,65.0,8.1,50.0,16.1,50.0,0.0,1.0,1.37,,16.8,16.0,16.6,16.4,18.4,19.4
2023-01-20 12:00:00,1018.1,1022.6,17.3,10.6,64.0,8.1,40.0,15.6,60.0,0.0,1.0,1.74,,17.2,16.2,16.7,16.4,18.4,19.4
2023-01-20 13:00:00,1017.4,1022.0,17.1,10.7,66.0,8.3,40.0,17.2,50.0,0.0,1.0,1.25,,17.4,16.4,16.9,16.5,18.4,19.4
