,StnPres,StnPresMax,StnPresMaxTime,StnPresMin,StnPresMinTime,Tx,TxMaxAbs,TxMaxAbsTime,TxMinAbs,TxMinAbsTime,RH,RHMin,RHMinTime,WS,WD,WSGust,WDGust,WGustTime,Precp,SunShine,GloblRad,TxSoil0cm,TxSoil5cm,TxSoil10cm,TxSoil20cm,TxSoil50cm,TxSoil100cm
2024-01-01,-99.8,1020.3,2024-01-01T09:21:00,1016.6,2024-01-01T15:09:00,-99.8,19.0,2024-01-01T12:49:00,15.8,2024-01-02T00:00:00,-99.8,73.0,2024-01-01T11:55:00,-99.8,-99.8,4.8,53.0,2024-01-01T01:49:00,0.0,-99.8,1.3,19.6,20.1,20.3,20.7,21.7,22.6
2024-01-02,-99.8,1017.8,2024-01-02T00:03:00,1012.3,2024-01-02T15:05:00,-99.8,25.7,2024-01-02T12:24:00,12.8,2024-01-02T06:41:00,-99.8,47.0,2024-01-02T12:24:00,-99.8,-99.8,3.6,104.0,2024-01-02T12:57:00,0.0,-99.8,12.2,19.9,20.1,20.1,20.3,21.3,22.6
2024-01-03,-99.8,1018.7,2024-01-03T23:32:00,1011.7,2024-01-03T03:11:00,-99.8,23.7,2024-01-03T11:27:00,13.7,2024-01-03T05:35:00,-99.8,65.0,2024-01-03T23:37:00,-99.8,-99.8,6.2,56.0,2024-01-03T14:26:00,0.0,-99.8,5.1,19.0,19.4,19.6,20.0,21.1,22.5
2024-01-04,-99.8,1019.5,2024-01-04T08:44:00,1015.8,2024-01-04T14:20:00,-99.8,21.2,2024-01-04T12:20:00,13.8,2024-01-04T06:39:00,-99.8,52.0,2024-01-04T12:21:00,-99.8,-99.8,4.8,75.0,2024-01-04T13:21:00,0.0,-99.8,6.2,18.7,19.1,19.3,19.6,20.8,22.4
2024-01-05,-99.8,1018.2,2024-01-05T08:31:00,1013.5,2024-01-05T14:23:00,-99.8,25.2,2024-01-05T12:49:00,11.1,2024-01-05T06:40:00,-99.8,47.0,2024-01-05T12:42:00,-99.8,-99.8,3.6,292.0,2024-01-05T10:25:00,0.0,-99.8,12.3,18.9,19.2,19.3,19.5,20.6,22.2
2024-01-06,-99.8,1018.0,2024-01-06T08:28:00,1013.8,2024-01-06T14:53:00,-99.8,25.6,2024-01-06T13:21:00,11.7,2024-01-06T05:43:00,-99.8,50.0,2024-01-06T11:48:00,-99.8,-99.8,4.5,24.0,2024-01-06T15:04:00,0.0,-99.8,13.0,19.2,19.3,19.3,19.5,20.5,22.1
2024-01-07,-99.8,1020.8,2024-01-07T09:38:00,1016.7,2024-01-07T02:15:00,-99.8,19.3,2024-01-07T13:16:00,15.7,2024-01-07T23:22:00,-99.8,67.0,2024-01-07T13:19:00,-99.8,-99.8,4.8,90.0,2024-01-07T11:40:00,0.0,-99.8,1.6,19.1,19.4,19.6,19.9,20.7,22.0
2024-01-08,-99.8,1019.5,2024-01-08T00:01:00,1014.1,2024-01-08T16:37:00,-99.8,23.1,2024-01-08T14:03:00,14.6,2024-01-08T06:38:00,-99.8,65.0,2024-01-08T12:01:00,-99.8,-99.8,3.6,108.0,2024-01-08T14:05:00,0.0,-99.8,9.1,19.4,19.5,19.6,19.8,20.6,22.0
2024-01-09,-99.8,1014.5,2024-01-09T00:01:00,1009.7,2024-01-09T15:33:00,-99.8,25.0,2024-01-09T11:14:00,14.1,2024-01-09T03:22:00,-99.8,59.0,2024-01-09T11:17:00,-99.8,-99.8,4.3,91.0,2024-01-09T11:19:00,0.0,-99.8,10.3,19.6,19.7,19.8,19.9,20.6,21.9
2024-01-10,-99.8,1017.6,2024-01-10T23:55:00,1010.7,2024-01-10T03:40:00,-99.8,19.9,2024-01-10T10:11:00,15.1,2024-01-11T00:00:00,-99.8,63.0,2024-01-10T23:07:00,-99.8,-99.8,5.4,101.0,2024-01-10T13:48:00,0.0,-99.8,1.5,19.4,19.8,19.9,20.2,20.9,21.9
2024-01-11,-99.8,1019.0,2024-01-11T09:21:00,1014.7,2024-01-11T14:09:00,-99.8,19.6,2024-01-11T12:06:00,13.6,2024-01-11T07:06:00,-99.8,51.0,2024-01-11T12:06:00,-99.8,-99.8,2.9,116.0,2024-01-11T12:06:00,0.0,-99.8,5.7,18.3,18.7,19.0,19.4,20.6,21.9
2024-01-12,-99.8,1016.8,2024-01-12T09:05:00,1013.7,2024-01-12T14:21:00,-99.8,22.2,2024-01-12T11:44:00,10.8,2024-01-12T04:36:00,-99.8,52.0,2024-01-12T11:51:00,-99.8,-99.8,3.1,204.0,2024-01-12T08:22:00,0.0,-99.8,8.9,18.2,18.5,18.7,19.0,20.3,21.8
2024-01-13,-99.8,1019.4,2024-01-13T20:48:00,1015.2,2024-01-13T02:40:00,-99.8,21.3,2024-01-13T12:13:00,13.4,2024-01-13T00:35:00,-99.8,68.0,2024-01-13T11:51:00,-99.8,-99.8,2.1,18.0,2024-01-13T12:31:00,0.0,-99.8,4.8,18.5,18.7,18.8,19.1,20.2,21.7
2024-01-14,-99.8,1020.0,2024-01-14T08:58:00,1016.3,2024-01-14T13:57:00,-99.8,25.2,2024-01-14T11:46:00,13.5,2024-01-14T23:59:00,-99.8,49.0,2024-01-14T11:47:00,-99.8,-99.8,3.2,147.0,2024-01-14T14:04:00,0.0,-99.8,9.5,19.2,19.3,19.4,19.5,20.2,21.6
2024-01-15,-99.8,1020.5,2024-01-15T20:51:00,1016.8,2024-01-15T03:16:00,-99.8,25.0,2024-01-15T11:18:00,12.7,2024-01-15T02:52:00,-99.8,54.0,2024-01-15T10:48:00,-99.8,-99.8,5.6,115.0,2024-01-15T12:15:00,0.0,-99.8,11.6,18.9,19.1,19.2,19.4,20.2,21.6
2024-01-16,-99.8,1022.3,2024-01-16T10:10:00,1019.1,2024-01-16T15:37:00,-99.8,20.1,2024-01-16T12:25:00,15.9,2024-01-16T21:08:00,-99.8,74.0,2024-01-16T11:56:00,-99.8,-99.8,4.9,68.0,2024-01-16T12:19:00,1.0,-99.8,4.3,19.1,19.3,19.5,19.7,20.4,21.6
2024-01-17,-99.8,1020.5,2024-01-17T09:35:00,1015.7,2024-01-17T16:28:00,-99.8,24.8,2024-01-17T15:13:00,14.5,2024-01-17T23:59:00,-99.8,57.0,2024-01-17T14:54:00,-99.8,-99.8,3.0,263.0,2024-01-17T12:57:00,0.0,-99.8,9.1,19.5,19.6,19.7,19.8,20.4,21.6
2024-01-18,-99.8,1016.8,2024-01-18T00:01:00,1012.0,2024-01-18T14:50:00,-99.8,27.3,2024-01-18T13:44:00,12.9,2024-01-18T05:30:00,-99.8,37.0,2024-01-18T13:13:00,-99.8,-99.8,3.3,80.0,2024-01-18T12:55:00,0.0,-99.8,16.8,19.7,19.7,19.7,19.8,20.4,21.6
2024-01-19,-99.8,1015.5,2024-01-19T08:52:00,1011.4,2024-01-19T14:48:00,-99.8,26.3,2024-01-19T13:12:00,14.3,2024-01-19T01:39:00,-99.8,55.0,2024-01-19T12:11:00,-99.8,-99.8,3.4,27.0,2024-01-19T13:35:00,0.0,-99.8,11.4,20.3,20.3,20.3,20.3,20.6,21.6
2024-01-20,-99.8,1013.7,2024-01-20T23:20:00,1009.4,2024-01-20T14:14:00,-99.8,27.4,2024-01-20T12:46:00,16.0,2024-01-20T06:02:00,-99.8,61.0,2024-01-20T12:47:00,-99.8,-99.8,4.0,72.0,2024-01-20T20:57:00,0.5,-99.8,10.4,21.0,21.0,20.9,20.9,21.0,21.6
2024-01-21,-99.8,1019.4,2024-01-21T22:02:00,1013.6,2024-01-21T00:01:00,-99.8,20.1,2024-01-21T11:21:00,16.2,2024-01-21T23:12:00,-99.8,71.0,2024-01-21T10:59:00,-99.8,-99.8,6.0,1.0,2024-01-21T03:03:00,0.5,-99.8,2.0,19.8,20.3,20.5,20.8,21.3,21.8
2024-01-22,-99.8,1021.0,2024-01-22T21:48:00,1016.7,2024-01-22T13:56:00,-99.8,21.2,2024-01-22T09:52:00,14.9,2024-01-23T00:00:00,-99.8,66.0,2024-01-22T09:54:00,-99.8,-99.8,7.6,84.0,2024-01-22T14:05:00,0.0,-99.8,5.0,18.9,19.4,19.6,20.0,20.9,21.8
2024-01-23,-99.8,1024.8,2024-01-23T22:08:00,1020.3,2024-01-23T14:36:00,-99.8,15.0,2024-01-23T00:01:00,11.5,2024-01-23T06:43:00,-99.8,69.0,2024-01-23T10:26:00,-99.8,-99.8,6.2,75.0,2024-01-23T02:21:00,0.5,-99.8,3.0,16.9,17.7,18.1,18.8,20.4,21.8
2024-01-24,-99.8,1026.1,2024-01-24T10:16:00,1022.0,2024-01-24T14:40:00,-99.8,15.0,2024-01-24T12:47:00,10.9,2024-01-24T07:01:00,-99.8,64.0,2024-01-24T12:41:00,-99.8,-99.8,4.5,1.0,2024-01-24T00:46:00,0.5,-99.8,2.7,16.0,16.6,17.0,17.7,19.6,21.6
2024-01-25,-99.8,1025.0,2024-01-25T10:15:00,1021.4,2024-01-25T14:09:00,-99.8,16.2,2024-01-25T12:33:00,12.1,2024-01-25T05:11:00,-99.8,76.0,2024-01-25T12:15:00,-99.8,-99.8,2.3,269.0,2024-01-25T11:22:00,0.0,-99.8,2.4,16.4,16.8,17.0,17.5,19.1,21.3
2024-01-26,-99.8,1024.9,2024-01-26T09:14:00,1021.0,2024-01-26T13:11:00,-99.8,16.8,2024-01-26T12:29:00,13.4,2024-01-26T00:01:00,-99.8,81.0,2024-01-26T12:51:00,-99.8,-99.8,2.0,7.0,2024-01-26T12:48:00,0.5,-99.8,3.1,16.8,17.1,17.3,17.6,19.0,21.0
2024-01-27,-99.8,1023.0,2024-01-27T09:31:00,1019.5,2024-01-27T14:28:00,-99.8,18.0,2024-01-27T10:45:00,14.2,2024-01-27T01:03:00,-99.8,79.0,2024-01-27T10:52:00,-99.8,-99.8,2.7,98.0,2024-01-27T11:06:00,0.5,-99.8,2.7,17.3,17.5,17.7,17.9,19.0,20.8
2024-01-28,-99.8,1024.5,2024-01-28T08:58:00,1021.0,2024-01-28T02:23:00,-99.8,17.0,2024-01-28T12:38:00,14.1,2024-01-28T06:50:00,-99.8,75.0,2024-01-28T12:39:00,-99.8,-99.8,3.7,255.0,2024-01-28T09:56:00,1.5,-99.8,2.0,17.2,17.6,17.7,18.0,19.1,20.7
2024-01-29,-99.8,1023.8,2024-01-29T00:13:00,1017.0,2024-01-29T16:04:00,-99.8,24.5,2024-01-29T13:10:00,14.3,2024-01-29T02:43:00,-99.8,56.0,2024-01-29T13:30:00,-99.8,-99.8,3.0,210.0,2024-01-29T09:24:00,0.0,-99.8,9.5,18.6,18.5,18.5,18.5,19.1,20.7
2024-01-30,-99.8,1018.7,2024-01-30T00:01:00,1015.4,2024-01-30T16:11:00,-99.8,26.2,2024-01-30T12:39:00,16.8,2024-01-30T06:16:00,-99.8,64.0,2024-01-30T12:41:00,-99.8,-99.8,5.9,194.0,2024-01-30T13:01:00,0.0,-99.8,10.2,20.3,20.1,20.0,19.8,19.7,20.7
2024-01-31,-99.8,1019.0,2024-01-31T08:59:00,1014.5,2024-01-31T15:32:00,-99.8,28.3,2024-01-31T12:46:00,17.9,2024-01-31T05:36:00,-99.8,56.0,2024-01-31T11:22:00,-99.8,-99.8,4.7,145.0,2024-01-31T13:47:00,0.0,-99.8,12.4,21.8,21.6,21.4,21.0,20.4,20.8
2024-02-01,-99.8,1017.0,2024-02-01T09:17:00,1012.7,2024-02-01T16:11:00,-99.8,29.4,2024-02-01T12:21:00,16.8,2024-02-01T05:39:00,-99.8,52.0,2024-02-01T12:05:00,-99.8,-99.8,4.6,138.0,2024-02-01T13:03:00,0.0,-99.8,13.2,22.1,22.0,21.9,21.7,21.2,21.1
2024-02-02,-99.8,1016.8,2024-02-02T21:42:00,1013.2,2024-02-02T04:22:00,-99.8,26.8,2024-02-02T11:27:00,20.0,2024-02-02T22:29:00,-99.8,67.0,2024-02-02T13:04:00,-99.8,-99.8,4.1,318.0,2024-02-02T13:29:00,5.0,-99.8,6.8,22.6,22.6,22.5,22.3,21.7,21.4
2024-02-03,-99.8,1017.5,2024-02-03T08:54:00,1013.3,2024-02-03T14:29:00,-99.8,25.8,2024-02-03T12:56:00,19.7,2024-02-03T04:02:00,-99.8,77.0,2024-02-03T12:50:00,-99.8,-99.8,3.6,75.0,2024-02-03T13:19:00,3.0,-99.8,7.7,22.5,22.5,22.5,22.4,22.0,21.7
2024-02-04,-99.8,1016.3,2024-02-04T09:05:00,1011.0,2024-02-04T14:51:00,-99.8,26.9,2024-02-04T12:31:00,19.8,2024-02-04T04:04:00,-99.8,72.0,2024-02-04T12:13:00,-99.8,-99.8,3.3,194.0,2024-02-04T20:03:00,0.5,-99.8,8.0,22.9,22.9,22.8,22.6,22.3,21.9
2024-02-05,-99.8,1019.5,2024-02-05T21:03:00,1012.2,2024-02-05T00:03:00,-99.8,21.4,2024-02-05T00:01:00,17.2,2024-02-05T23:38:00,-99.8,98.0,2024-02-05T03:44:00,-99.8,-99.8,5.3,62.0,2024-02-05T09:23:00,8.0,-99.8,1.9,21.7,22.0,22.2,22.4,22.4,22.1
2024-02-06,-99.8,1019.5,2024-02-06T09:17:00,1014.7,2024-02-06T15:17:00,-99.8,22.7,2024-02-06T11:54:00,16.8,2024-02-06T03:52:00,-99.8,74.0,2024-02-06T11:33:00,-99.8,-99.8,3.3,32.0,2024-02-06T12:54:00,0.5,-99.8,6.8,21.0,21.3,21.4,21.6,22.1,22.2
2024-02-07,-99.8,1015.4,2024-02-07T00:01:00,1009.7,2024-02-07T15:23:00,-99.8,22.9,2024-02-07T10:42:00,16.5,2024-02-07T05:27:00,-99.8,81.0,2024-02-07T11:03:00,-99.8,-99.8,6.1,68.0,2024-02-07T16:40:00,0.0,-99.8,4.4,20.7,21.0,21.1,21.4,21.9,22.2
2024-02-08,-99.8,1015.6,2024-02-08T21:58:00,1011.4,2024-02-08T04:03:00,-99.8,21.0,2024-02-08T14:16:00,15.5,2024-02-08T06:40:00,-99.8,73.0,2024-02-08T14:17:00,-99.8,-99.8,2.8,16.0,2024-02-08T14:51:00,13.5,-99.8,6.3,19.8,20.2,20.4,20.7,21.5,22.2
2024-02-09,-99.8,1020.4,2024-02-09T22:17:00,1014.5,2024-02-09T01:48:00,-99.8,19.1,2024-02-09T12:00:00,14.3,2024-02-09T23:45:00,-99.8,72.0,2024-02-09T12:27:00,-99.8,-99.8,5.6,9.0,2024-02-09T12:19:00,7.0,-99.8,5.2,19.0,19.5,19.7,20.2,21.2,22.1
2024-02-10,-99.8,1023.6,2024-02-10T21:42:00,1019.0,2024-02-10T02:50:00,-99.8,15.7,2024-02-10T14:12:00,13.4,2024-02-10T23:59:00,-99.8,75.0,2024-02-10T13:27:00,-99.8,-99.8,2.2,253.0,2024-02-10T14:36:00,1.0,-99.8,2.2,18.0,18.6,18.9,19.4,20.7,21.9
2024-02-11,-99.8,1026.0,2024-02-11T09:44:00,1021.8,2024-02-11T03:38:00,-99.8,22.2,2024-02-11T12:54:00,9.9,2024-02-11T06:51:00,-99.8,39.0,2024-02-11T12:55:00,-99.8,-99.8,5.8,106.0,2024-02-11T12:31:00,0.0,-99.8,15.0,18.0,18.4,18.6,18.9,20.2,21.7
2024-02-12,-99.8,1026.0,2024-02-12T09:09:00,1021.9,2024-02-12T15:26:00,-99.8,22.7,2024-02-12T11:36:00,11.1,2024-02-12T00:40:00,-99.8,45.0,2024-02-12T11:34:00,-99.8,-99.8,3.1,21.0,2024-02-12T13:18:00,0.0,-99.8,8.6,18.0,18.4,18.5,18.9,20.0,21.4
2024-02-13,-99.8,1023.1,2024-02-13T00:12:00,1017.9,2024-02-13T15:29:00,-99.8,26.7,2024-02-13T12:52:00,12.9,2024-02-13T23:49:00,-99.8,38.0,2024-02-13T12:27:00,-99.8,-99.8,4.5,179.0,2024-02-13T12:36:00,0.0,-99.8,15.2,19.3,19.4,19.5,19.5,20.0,21.3
2024-02-14,-99.8,1019.5,2024-02-14T08:10:00,1014.4,2024-02-14T17:01:00,-99.8,28.0,2024-02-14T14:07:00,11.5,2024-02-14T05:42:00,-99.8,39.0,2024-02-14T12:02:00,-99.8,-99.8,4.9,154.0,2024-02-14T14:54:00,0.0,-99.8,19.3,19.6,19.7,19.7,19.8,20.3,21.3
2024-02-15,-99.8,1016.5,2024-02-15T08:08:00,1012.3,2024-02-15T15:10:00,-99.8,27.9,2024-02-15T13:22:00,13.5,2024-02-15T05:46:00,-99.8,50.0,2024-02-15T10:47:00,-99.8,-99.8,4.7,147.0,2024-02-15T14:09:00,0.0,-99.8,16.1,20.5,20.5,20.4,20.4,20.6,21.3
2024-02-16,-99.8,1018.7,2024-02-16T09:54:00,1015.4,2024-02-16T02:47:00,-99.8,20.8,2024-02-16T13:38:00,17.2,2024-02-16T20:57:00,-99.8,73.0,2024-02-16T14:33:00,-99.8,-99.8,3.9,357.0,2024-02-16T00:05:00,0.0,-99.8,4.6,20.5,20.7,20.8,20.9,21.0,21.4
2024-02-17,-99.8,1016.1,2024-02-17T00:01:00,1012.4,2024-02-17T15:00:00,-99.8,25.7,2024-02-17T13:12:00,16.5,2024-02-17T05:11:00,-99.8,64.0,2024-02-17T13:09:00,-99.8,-99.8,4.1,13.0,2024-02-17T12:25:00,0.5,-99.8,13.8,21.2,21.2,21.1,21.1,21.1,21.5
2024-02-18,-99.8,1015.1,2024-02-18T09:39:00,1011.1,2024-02-18T16:12:00,-99.8,28.8,2024-02-18T12:03:00,18.1,2024-02-18T04:00:00,-99.8,59.0,2024-02-18T12:07:00,-99.8,-99.8,5.0,144.0,2024-02-18T12:21:00,0.0,-99.8,12.2,22.2,22.1,22.0,21.9,21.6,21.6
2024-02-19,-99.8,1014.6,2024-02-19T09:14:00,1011.1,2024-02-19T17:19:00,-99.8,29.0,2024-02-19T10:47:00,18.9,2024-02-19T04:21:00,-99.8,54.0,2024-02-19T10:48:00,-99.8,-99.8,3.1,98.0,2024-02-19T13:21:00,0.0,-99.8,13.0,23.0,22.9,22.8,22.5,22.0,21.8
2024-02-20,-99.8,1014.3,2024-02-20T08:32:00,1010.6,2024-02-20T15:00:00,-99.8,29.9,2024-02-20T11:46:00,19.6,2024-02-20T06:29:00,-99.8,61.0,2024-02-20T10:42:00,-99.8,-99.8,6.6,144.0,2024-02-20T13:17:00,0.0,-99.8,17.6,24.3,24.0,23.8,23.4,22.5,22.0
2024-02-21,-99.8,1015.2,2024-02-21T08:54:00,1009.6,2024-02-21T16:20:00,-99.8,29.8,2024-02-21T12:53:00,18.1,2024-02-21T06:25:00,-99.8,54.0,2024-02-21T10:45:00,-99.8,-99.8,6.3,150.0,2024-02-21T15:28:00,0.0,-99.8,18.6,24.7,24.7,24.5,24.2,23.2,22.3
2024-02-22,-99.8,1015.9,2024-02-22T21:56:00,1012.3,2024-02-22T02:32:00,-99.8,29.9,2024-02-22T11:50:00,19.3,2024-02-22T06:38:00,-99.8,59.0,2024-02-22T10:58:00,-99.8,-99.8,5.2,190.0,2024-02-22T13:28:00,9.0,-99.8,15.1,24.5,24.6,24.6,24.5,23.7,22.6
2024-02-23,-99.8,1020.0,2024-02-23T10:56:00,1015.3,2024-02-23T02:11:00,-99.8,20.1,2024-02-23T13:42:00,16.4,2024-02-23T05:39:00,-99.8,82.0,2024-02-23T15:28:00,-99.8,-99.8,5.4,35.0,2024-02-23T03:59:00,5.5,-99.8,5.2,21.9,22.5,22.8,23.2,23.6,22.9
2024-02-24,-99.8,1019.4,2024-02-24T08:47:00,1016.2,2024-02-24T15:05:00,-99.8,20.2,2024-02-24T10:22:00,17.5,2024-02-24T01:14:00,-99.8,81.0,2024-02-24T11:33:00,-99.8,-99.8,3.3,74.0,2024-02-24T14:25:00,0.5,-99.8,3.4,21.2,21.6,21.8,22.1,22.9,23.0
2024-02-25,-99.8,1019.5,2024-02-25T21:11:00,1016.1,2024-02-25T03:53:00,-99.8,17.7,2024-02-25T00:41:00,14.2,2024-02-25T23:20:00,-99.8,90.0,2024-02-25T13:42:00,-99.8,-99.8,4.3,69.0,2024-02-25T10:45:00,2.5,-99.8,3.1,20.2,20.6,20.9,21.4,22.3,22.8
2024-02-26,-99.8,1020.8,2024-02-26T08:55:00,1016.3,2024-02-26T15:44:00,-99.8,17.5,2024-02-26T12:02:00,14.0,2024-02-26T02:07:00,-99.8,80.0,2024-02-26T11:32:00,-99.8,-99.8,2.3,42.0,2024-02-26T13:03:00,0.5,-99.8,3.6,19.1,19.6,19.9,20.4,21.7,22.6
2024-02-27,-99.8,1019.5,2024-02-27T09:19:00,1016.2,2024-02-27T15:22:00,-99.8,19.0,2024-02-27T10:12:00,14.9,2024-02-27T01:01:00,-99.8,80.0,2024-02-27T10:29:00,-99.8,-99.8,2.6,77.0,2024-02-27T12:21:00,0.0,-99.8,3.4,19.1,19.4,19.6,20.0,21.2,22.4
2024-02-28,-99.8,1017.8,2024-02-28T00:01:00,1011.6,2024-02-28T15:29:00,-99.8,25.6,2024-02-28T11:49:00,15.3,2024-02-28T06:26:00,-99.8,60.0,2024-02-28T11:50:00,-99.8,-99.8,3.4,160.0,2024-02-28T14:02:00,0.0,-99.8,12.4,20.3,20.3,20.3,20.4,21.0,22.1
2024-02-29,-99.8,1015.3,2024-02-29T00:01:00,1010.1,2024-02-29T15:47:00,-99.8,28.2,2024-02-29T13:11:00,18.3,2024-02-29T02:29:00,-99.8,57.0,2024-02-29T13:12:00,-99.8,-99.8,5.5,7.0,2024-02-29T14:50:00,4.0,-99.8,11.8,21.9,21.8,21.7,21.5,21.4,22.0
2024-03-01,-99.8,1018.3,2024-03-01T21:48:00,1013.9,2024-03-01T00:55:00,-99.8,19.0,2024-03-01T00:01:00,14.1,2024-03-01T22:22:00,-99.8,84.0,2024-03-01T12:14:00,-99.8,-99.8,6.8,42.0,2024-03-01T05:06:00,8.0,-99.8,3.2,19.7,20.3,20.7,21.1,21.8,22.1
2024-03-01,-99.8,1018.3,2024-03-01T21:48:00,1013.9,2024-03-01T00:55:00,-99.8,19.0,2024-03-01T00:01:00,14.1,2024-03-01T22:22:00,-99.8,84.0,2024-03-01T12:14:00,-99.8,-99.8,6.8,42.0,2024-03-01T05:06:00,8.0,-99.8,3.2,19.7,20.3,20.7,21.1,21.8,22.1
2024-03-02,-99.8,1019.0,2024-03-02T07:51:00,1014.4,2024-03-02T16:01:00,-99.8,16.8,2024-03-02T11:36:00,13.3,2024-03-02T04:53:00,-99.8,78.0,2024-03-02T11:12:00,-99.8,-99.8,4.4,348.0,2024-03-02T00:01:00,2.5,-99.8,5.3,18.4,19.0,19.3,19.8,21.1,22.1
2024-03-03,-99.8,1017.3,2024-03-03T09:02:00,1012.6,2024-03-03T15:39:00,-99.8,21.5,2024-03-03T11:46:00,14.0,2024-03-03T00:01:00,-99.8,72.0,2024-03-03T11:39:00,-99.8,-99.8,3.9,34.0,2024-03-03T14:22:00,0.5,-99.8,11.0,19.2,19.4,19.5,19.8,20.7,21.9
2024-03-04,-99.8,1013.7,2024-03-04T00:01:00,1007.3,2024-03-04T15:25:00,-99.8,28.5,2024-03-04T13:28:00,13.6,2024-03-04T05:28:00,-99.8,47.0,2024-03-04T12:24:00,-99.8,-99.8,3.9,149.0,2024-03-04T13:57:00,0.0,-99.8,20.1,20.9,20.8,20.7,20.6,20.8,21.8
2024-03-05,-99.8,1008.6,2024-03-05T00:04:00,1000.6,2024-03-05T15:14:00,-99.8,29.8,2024-03-05T14:25:00,18.2,2024-03-05T05:53:00,-99.8,56.0,2024-03-05T11:54:00,-99.8,-99.8,4.4,201.0,2024-03-05T08:38:00,0.0,-99.8,15.6,22.8,22.6,22.4,22.0,21.5,21.8
2024-03-06,-99.8,1012.5,2024-03-06T23:32:00,1002.0,2024-03-06T00:07:00,-99.8,21.8,2024-03-06T08:21:00,16.1,2024-03-06T23:55:00,-99.8,93.0,2024-03-06T10:01:00,-99.8,-99.8,5.3,75.0,2024-03-06T08:55:00,3.5,-99.8,1.6,21.3,21.7,21.8,22.1,22.1,22.0
2024-03-07,-99.8,1014.7,2024-03-07T09:07:00,1011.6,2024-03-07T03:03:00,-99.8,18.2,2024-03-07T12:52:00,15.3,2024-03-07T05:09:00,-99.8,88.0,2024-03-07T13:58:00,-99.8,-99.8,1.7,214.0,2024-03-07T13:52:00,9.5,-99.8,2.4,19.6,20.1,20.3,20.7,21.7,22.1
2024-03-08,-99.8,1019.1,2024-03-08T21:50:00,1013.6,2024-03-08T02:39:00,-99.8,16.9,2024-03-08T11:41:00,13.0,2024-03-08T21:40:00,-99.8,65.0,2024-03-08T11:34:00,-99.8,-99.8,3.6,38.0,2024-03-08T08:32:00,2.0,-99.8,1.6,18.2,18.8,19.2,19.7,21.0,22.0
2024-03-09,-99.8,1020.8,2024-03-09T08:47:00,1017.2,2024-03-09T05:08:00,-99.8,18.3,2024-03-09T11:13:00,11.4,2024-03-09T05:12:00,-99.8,54.0,2024-03-09T11:17:00,-99.8,-99.8,3.3,73.0,2024-03-09T12:34:00,0.0,-99.8,5.7,17.6,18.1,18.4,18.9,20.4,21.8
2024-03-10,-99.8,1022.0,2024-03-10T09:14:00,1018.0,2024-03-10T16:36:00,-99.8,20.2,2024-03-10T15:36:00,13.8,2024-03-10T02:38:00,-99.8,61.0,2024-03-10T15:40:00,-99.8,-99.8,2.6,198.0,2024-03-10T06:28:00,0.5,-99.8,3.8,18.0,18.3,18.4,18.8,20.0,21.5
2024-03-11,-99.8,1019.6,2024-03-11T00:01:00,1010.2,2024-03-11T18:09:00,-99.8,24.4,2024-03-11T13:38:00,15.9,2024-03-11T04:24:00,-99.8,57.0,2024-03-11T13:32:00,-99.8,-99.8,4.2,271.0,2024-03-11T09:44:00,0.5,-99.8,7.0,19.3,19.3,19.3,19.4,20.0,21.3
2024-03-12,-99.8,1018.2,2024-03-12T23:54:00,1009.7,2024-03-12T02:20:00,-99.8,21.0,2024-03-12T11:12:00,12.1,2024-03-12T23:59:00,-99.8,60.0,2024-03-12T13:56:00,-99.8,-99.8,3.8,220.0,2024-03-12T11:33:00,2.5,-99.8,6.0,19.5,19.7,19.8,19.9,20.3,21.3
2024-03-13,-99.8,1020.3,2024-03-13T08:25:00,1016.6,2024-03-13T16:23:00,-99.8,20.6,2024-03-13T10:57:00,12.1,2024-03-13T00:01:00,-99.8,63.0,2024-03-13T11:06:00,-99.8,-99.8,2.5,47.0,2024-03-13T10:42:00,0.0,-99.8,4.7,18.3,18.7,18.8,19.2,20.2,21.3
2024-03-14,-99.8,1017.3,2024-03-14T09:59:00,1012.9,2024-03-14T15:36:00,-99.8,23.3,2024-03-14T15:38:00,14.5,2024-03-14T23:47:00,-99.8,64.0,2024-03-14T15:00:00,-99.8,-99.8,3.8,32.0,2024-03-14T15:40:00,0.0,-99.8,5.8,18.9,19.1,19.1,19.3,20.1,21.2
2024-03-15,-99.8,1017.4,2024-03-15T09:22:00,1014.0,2024-03-15T13:37:00,-99.8,24.6,2024-03-15T10:48:00,14.2,2024-03-15T01:44:00,-99.8,64.0,2024-03-15T11:29:00,-99.8,-99.8,2.7,88.0,2024-03-15T11:03:00,0.0,-99.8,6.4,19.1,19.2,19.3,19.4,20.1,21.1
2024-03-16,-99.8,1017.1,2024-03-16T08:51:00,1012.2,2024-03-16T17:08:00,-99.8,28.3,2024-03-16T12:41:00,14.7,2024-03-16T04:03:00,-99.8,54.0,2024-03-16T12:50:00,-99.8,-99.8,3.8,139.0,2024-03-16T13:15:00,0.0,-99.8,18.6,20.9,20.6,20.5,20.3,20.3,21.1
2024-03-17,-99.8,1014.9,2024-03-17T08:13:00,1010.3,2024-03-17T14:44:00,-99.8,29.9,2024-03-17T12:20:00,17.2,2024-03-17T05:19:00,-99.8,59.0,2024-03-17T12:21:00,-99.8,-99.8,3.7,10.0,2024-03-17T23:53:00,0.0,-99.8,14.3,22.1,22.0,21.9,21.7,21.1,21.2
2024-03-18,-99.8,1015.8,2024-03-18T08:35:00,1011.8,2024-03-18T15:33:00,-99.8,21.5,2024-03-18T00:01:00,18.2,2024-03-18T21:35:00,-99.8,83.0,2024-03-18T09:43:00,-99.8,-99.8,5.5,48.0,2024-03-18T03:25:00,0.0,-99.8,1.7,21.3,21.6,21.7,21.8,21.7,21.4
2024-03-19,-99.8,1019.0,2024-03-19T23:31:00,1012.2,2024-03-19T02:31:00,-99.8,19.2,2024-03-19T13:57:00,15.5,2024-03-19T23:53:00,-99.8,86.0,2024-03-19T14:49:00,-99.8,-99.8,3.8,105.0,2024-03-19T13:18:00,4.0,-99.8,2.0,20.2,20.6,20.8,21.0,21.5,21.7
2024-03-20,-99.8,1022.9,2024-03-20T09:08:00,1018.6,2024-03-20T01:08:00,-99.8,20.7,2024-03-20T10:28:00,13.2,2024-03-20T23:56:00,-99.8,46.0,2024-03-20T10:38:00,-99.8,-99.8,5.8,80.0,2024-03-20T10:40:00,0.0,-99.8,5.2,18.9,19.5,19.7,20.1,21.1,21.7
2024-03-21,-99.8,1019.8,2024-03-21T00:01:00,1012.8,2024-03-21T16:19:00,-99.8,23.1,2024-03-21T11:45:00,11.3,2024-03-21T04:18:00,-99.8,46.0,2024-03-21T10:08:00,-99.8,-99.8,3.6,224.0,2024-03-21T12:32:00,0.0,-99.8,14.1,18.8,19.1,19.3,19.6,20.6,21.6
2024-03-22,-99.8,1013.9,2024-03-22T08:34:00,1009.5,2024-03-22T14:45:00,-99.8,25.4,2024-03-22T12:25:00,15.9,2024-03-22T00:48:00,-99.8,58.0,2024-03-22T11:24:00,-99.8,-99.8,3.7,147.0,2024-03-22T13:32:00,0.0,-99.8,10.7,20.4,20.4,20.4,20.4,20.6,21.4
2024-03-23,-99.8,1012.2,2024-03-23T09:14:00,1008.7,2024-03-23T16:31:00,-99.8,29.9,2024-03-23T12:04:00,16.7,2024-03-23T05:10:00,-99.8,57.0,2024-03-23T10:23:00,-99.8,-99.8,6.5,133.0,2024-03-23T11:38:00,0.0,-99.8,16.9,22.5,22.2,22.0,21.7,21.1,21.4
2024-03-24,-99.8,1014.4,2024-03-24T09:04:00,1010.1,2024-03-24T17:25:00,-99.8,31.0,2024-03-24T11:58:00,20.5,2024-03-24T05:54:00,-99.8,64.0,2024-03-24T09:52:00,-99.8,-99.8,5.0,144.0,2024-03-24T12:13:00,0.0,-99.8,20.5,25.0,24.6,24.2,23.6,22.2,21.6
2024-03-25,-99.8,1012.5,2024-03-25T00:01:00,1007.6,2024-03-25T17:11:00,-99.8,31.1,2024-03-25T13:30:00,21.9,2024-03-25T06:02:00,-99.8,64.0,2024-03-25T13:59:00,-99.8,-99.8,5.3,146.0,2024-03-25T12:26:00,0.0,-99.8,21.4,26.4,26.2,25.8,25.2,23.4,22.0
2024-03-26,-99.8,1019.4,2024-03-26T21:37:00,1010.4,2024-03-26T02:33:00,-99.8,29.9,2024-03-26T10:40:00,18.3,2024-03-26T23:06:00,-99.8,64.0,2024-03-26T09:34:00,-99.8,-99.8,6.5,76.0,2024-03-26T12:09:00,0.0,-99.8,10.6,24.4,24.8,25.0,25.1,24.2,22.5
2024-03-27,-99.8,1018.8,2024-03-27T08:47:00,1013.5,2024-03-28T00:00:00,-99.8,24.7,2024-03-27T11:14:00,18.0,2024-03-27T05:37:00,-99.8,68.0,2024-03-27T11:17:00,-99.8,-99.8,3.8,108.0,2024-03-27T13:07:00,0.0,-99.8,8.0,23.1,23.4,23.5,23.7,23.8,22.9
2024-03-28,-99.8,1013.6,2024-03-28T00:01:00,1005.9,2024-03-28T17:32:00,-99.8,30.0,2024-03-28T11:35:00,17.8,2024-03-28T05:09:00,-99.8,56.0,2024-03-28T10:44:00,-99.8,-99.8,5.1,14.0,2024-03-28T12:40:00,0.0,-99.8,19.6,24.1,24.1,23.9,23.8,23.5,23.0
2024-03-29,1010.2,1012.8,2024-03-29T21:28:00,1007.2,2024-03-29T03:20:00,21.1,23.9,2024-03-29T09:11:00,20.2,2024-03-29T03:35:00,98.0,87.0,2024-03-29T08:39:00,0.2,0.0,4.5,91.0,2024-03-29T09:20:00,0.5,-99.8,2.3,23.3,23.7,23.8,23.9,23.8,23.1
2024-03-30,1010.6,1013.4,2024-03-30T09:39:00,1008.6,2024-03-30T17:37:00,23.1,30.1,2024-03-30T14:14:00,20.2,2024-03-30T00:59:00,88.0,56.0,2024-03-30T13:41:00,0.3,40.0,3.3,159.0,2024-03-30T14:10:00,0.0,-99.8,12.7,24.1,24.1,23.9,23.7,23.5,23.1
2024-03-31,1006.6,1009.5,2024-03-31T00:10:00,1002.6,2024-03-31T15:40:00,23.7,29.6,2024-03-31T13:45:00,19.3,2024-03-31T03:53:00,87.0,63.0,2024-03-31T12:25:00,0.5,20.0,3.9,71.0,2024-03-31T19:10:00,0.0,-99.8,12.8,24.4,24.4,24.3,24.2,23.7,23.2
2024-04-01,1009.4,1012.3,2024-04-01T08:25:00,1006.8,2024-04-01T01:47:00,23.1,27.7,2024-04-01T13:36:00,19.4,2024-04-01T05:41:00,85.0,56.0,2024-04-01T10:59:00,0.3,27.0,4.8,19.0,2024-04-01T04:30:00,3.0,-99.8,12.9,24.6,24.7,24.7,24.5,24.0,23.3
2024-04-02,1007.1,1010.2,2024-04-02T08:17:00,1004.9,2024-04-02T17:35:00,24.5,32.1,2024-04-02T12:29:00,18.2,2024-04-02T05:16:00,84.0,50.0,2024-04-02T12:30:00,0.4,215.0,4.5,280.0,2024-04-02T11:18:00,0.0,-99.8,22.7,25.4,25.4,25.2,24.9,24.2,23.4
2024-04-03,1006.0,1008.7,2024-04-03T07:19:00,1003.3,2024-04-03T15:07:00,25.4,31.3,2024-04-03T10:56:00,20.2,2024-04-03T05:13:00,88.0,63.0,2024-04-03T10:36:00,0.4,58.0,4.9,111.0,2024-04-03T11:52:00,0.0,-99.8,22.4,26.6,26.5,26.3,26.0,24.8,23.6
2024-04-04,1008.1,1010.7,2024-04-04T23:22:00,1006.3,2024-04-04T14:35:00,26.3,31.6,2024-04-04T13:02:00,22.0,2024-04-04T05:18:00,84.0,62.0,2024-04-04T12:11:00,0.5,78.0,5.6,110.0,2024-04-04T14:21:00,0.0,-99.8,21.3,27.6,27.5,27.3,26.9,25.5,23.9
2024-04-05,1010.5,1012.7,2024-04-05T22:56:00,1008.9,2024-04-05T05:08:00,22.6,25.2,2024-04-05T08:18:00,21.4,2024-04-05T19:36:00,97.0,87.0,2024-04-05T09:30:00,0.3,50.0,4.1,41.0,2024-04-05T01:56:00,4.5,-99.8,3.6,25.6,26.1,26.3,26.4,25.9,24.2
2024-04-06,1010.6,1012.5,2024-04-06T08:32:00,1008.6,2024-04-06T16:27:00,22.9,27.6,2024-04-06T10:55:00,21.3,2024-04-06T01:51:00,97.0,73.0,2024-04-06T11:09:00,0.1,0.0,3.6,117.0,2024-04-06T11:48:00,5.0,-99.8,6.8,24.9,25.1,25.1,25.2,25.3,24.4
2024-04-07,1008.2,1009.8,2024-04-07T00:01:00,1006.2,2024-04-07T14:52:00,23.7,28.1,2024-04-07T12:49:00,21.7,2024-04-07T02:56:00,95.0,75.0,2024-04-07T12:51:00,0.4,34.0,5.0,104.0,2024-04-07T13:31:00,2.5,-99.8,11.1,25.2,25.3,25.3,25.2,25.0,24.4
2024-04-08,1007.6,1010.6,2024-04-08T23:09:00,1005.3,2024-04-08T15:23:00,24.7,29.0,2024-04-08T10:54:00,21.7,2024-04-08T23:55:00,89.0,71.0,2024-04-08T09:47:00,0.8,66.0,5.9,337.0,2024-04-08T23:06:00,0.0,-99.8,15.8,26.0,26.0,25.9,25.7,25.1,24.4
2024-04-09,1013.1,1016.1,2024-04-09T21:09:00,1009.1,2024-04-09T01:16:00,20.6,21.8,2024-04-09T00:01:00,19.4,2024-04-09T22:45:00,91.0,81.0,2024-04-09T20:19:00,0.5,56.0,6.1,68.0,2024-04-09T17:38:00,6.0,-99.8,2.5,23.6,24.2,24.5,25.0,25.2,24.5
2024-04-10,1013.9,1015.8,2024-04-10T09:47:00,1011.8,2024-04-10T15:59:00,20.8,24.0,2024-04-10T13:55:00,18.7,2024-04-10T06:02:00,95.0,78.0,2024-04-10T13:58:00,0.2,0.0,2.5,203.0,2024-04-10T10:21:00,0.5,-99.8,4.0,23.0,23.3,23.4,23.7,24.4,24.4
2024-04-11,1011.8,1013.6,2024-04-11T00:01:00,1010.3,2024-04-11T15:10:00,23.5,30.2,2024-04-11T12:26:00,18.6,2024-04-11T05:14:00,87.0,60.0,2024-04-11T10:54:00,0.3,1.0,4.7,25.0,2024-04-11T12:58:00,0.0,-99.8,18.2,24.4,24.4,24.4,24.2,24.2,24.2
2024-04-12,1008.9,1011.3,2024-04-12T00:01:00,1006.6,2024-04-12T17:29:00,25.1,31.6,2024-04-12T13:01:00,19.8,2024-04-12T05:06:00,87.0,61.0,2024-04-12T10:54:00,0.3,134.0,3.8,81.0,2024-04-12T14:16:00,0.0,-99.8,19.5,25.9,25.7,25.6,25.3,24.6,24.2
2024-04-13,1008.3,1009.7,2024-04-13T09:20:00,1006.8,2024-04-13T15:14:00,25.4,30.2,2024-04-13T12:02:00,22.4,2024-04-13T03:34:00,93.0,70.0,2024-04-13T11:40:00,0.3,21.0,5.0,103.0,2024-04-13T11:11:00,1.0,-99.8,12.4,26.4,26.5,26.4,26.1,25.3,24.3
2024-04-14,1007.6,1009.6,2024-04-14T09:28:00,1005.6,2024-04-14T15:17:00,27.0,32.6,2024-04-14T11:58:00,22.6,2024-04-14T05:08:00,88.0,62.0,2024-04-14T11:56:00,0.4,109.0,5.5,122.0,2024-04-14T15:25:00,0.0,-99.8,19.0,27.4,27.3,27.0,26.7,25.7,24.5
2024-04-15,1008.2,1010.3,2024-04-15T22:46:00,1005.6,2024-04-15T02:52:00,26.9,32.1,2024-04-15T13:21:00,24.1,2024-04-15T05:20:00,88.0,66.0,2024-04-15T12:41:00,0.3,48.0,5.2,91.0,2024-04-15T13:52:00,0.0,-99.8,13.0,28.0,28.0,27.8,27.4,26.3,24.8
2024-04-16,1007.7,1009.9,2024-04-16T00:01:00,1005.3,2024-04-16T14:48:00,27.7,33.2,2024-04-16T14:58:00,24.6,2024-04-16T04:39:00,87.0,56.0,2024-04-16T15:04:00,0.3,37.0,4.4,360.0,2024-04-16T17:04:00,0.0,-99.8,14.9,28.5,28.4,28.2,27.9,26.6,25.1
2024-04-17,1005.0,1007.9,2024-04-17T00:01:00,1002.0,2024-04-17T15:04:00,27.5,33.3,2024-04-17T13:06:00,22.8,2024-04-17T05:52:00,85.0,59.0,2024-04-17T10:22:00,0.4,144.0,4.2,138.0,2024-04-17T14:00:00,0.0,-99.8,23.5,28.9,28.9,28.7,28.3,27.0,25.3
2024-04-18,1006.1,1010.1,2024-04-18T20:35:00,1002.4,2024-04-18T02:59:00,22.9,28.4,2024-04-18T08:37:00,20.9,2024-04-18T23:16:00,96.0,76.0,2024-04-18T08:39:00,0.3,27.0,6.3,29.0,2024-04-18T09:41:00,14.0,-99.8,2.8,26.3,27.0,27.2,27.6,27.3,25.6
2024-04-19,1007.3,1009.3,2024-04-19T09:40:00,1005.4,2024-04-19T14:29:00,23.4,28.2,2024-04-19T11:51:00,20.3,2024-04-19T03:36:00,91.0,68.0,2024-04-19T11:43:00,0.2,0.0,2.6,81.0,2024-04-19T12:50:00,0.0,-99.8,8.5,25.5,25.7,25.8,26.0,26.4,25.7
2024-04-20,1005.0,1006.7,2024-04-20T22:19:00,1002.7,2024-04-20T17:32:00,26.0,32.3,2024-04-20T12:43:00,20.8,2024-04-20T05:25:00,85.0,54.0,2024-04-20T10:59:00,0.3,136.0,4.4,129.0,2024-04-20T11:57:00,0.0,-99.8,21.2,26.9,26.8,26.7,26.5,26.1,25.6
2024-04-21,1006.3,1008.6,2024-04-21T21:15:00,1005.0,2024-04-21T03:49:00,26.4,33.0,2024-04-21T12:22:00,21.7,2024-04-21T05:34:00,85.0,55.0,2024-04-21T12:13:00,0.4,43.0,4.5,96.0,2024-04-21T13:47:00,0.0,-99.8,21.4,27.9,27.9,27.7,27.4,26.5,25.5
2024-04-22,1005.4,1007.3,2024-04-22T00:02:00,1002.8,2024-04-22T17:06:00,26.2,32.2,2024-04-22T11:50:00,22.8,2024-04-22T05:39:00,88.0,63.0,2024-04-22T09:18:00,0.3,45.0,4.4,136.0,2024-04-22T13:18:00,1.0,-99.8,15.6,28.0,28.1,28.1,27.9,27.0,25.7
2024-04-23,1004.3,1005.9,2024-04-23T21:50:00,1002.3,2024-04-23T16:36:00,25.0,28.4,2024-04-23T14:48:00,22.6,2024-04-23T03:06:00,91.0,73.0,2024-04-23T11:47:00,0.1,0.0,1.8,191.0,2024-04-23T07:52:00,0.0,-99.8,6.6,26.9,27.2,27.2,27.3,27.1,25.9
2024-04-24,1006.7,1009.3,2024-04-24T21:26:00,1003.7,2024-04-24T03:35:00,22.3,24.1,2024-04-24T08:42:00,20.5,2024-04-24T20:07:00,99.0,96.0,2024-04-24T14:42:00,0.1,0.0,3.8,73.0,2024-04-24T12:07:00,7.0,-99.8,1.6,25.3,25.7,25.9,26.3,26.6,25.9
2024-04-25,1005.6,1008.5,2024-04-25T00:01:00,1003.3,2024-04-25T15:17:00,23.0,29.8,2024-04-25T13:46:00,20.5,2024-04-25T02:26:00,95.0,67.0,2024-04-25T13:55:00,0.3,71.0,5.4,202.0,2024-04-25T10:34:00,9.0,-99.8,9.7,25.1,25.3,25.4,25.5,25.9,25.8
2024-04-26,1002.3,1004.7,2024-04-26T00:01:00,999.9,2024-04-26T16:13:00,23.6,27.3,2024-04-26T10:05:00,20.6,2024-04-26T04:55:00,95.0,74.0,2024-04-26T10:06:00,0.2,0.0,3.3,224.0,2024-04-26T03:01:00,2.0,-99.8,7.5,25.2,25.4,25.4,25.6,25.8,25.6
2024-04-27,1004.9,1007.7,2024-04-27T22:08:00,1002.1,2024-04-27T01:06:00,24.7,28.8,2024-04-27T14:25:00,21.7,2024-04-27T04:54:00,93.0,76.0,2024-04-27T14:26:00,0.2,0.0,2.7,100.0,2024-04-27T16:54:00,0.0,-99.8,7.6,25.6,25.6,25.6,25.5,25.6,25.5
2024-04-28,1006.0,1007.6,2024-04-28T00:05:00,1003.4,2024-04-28T17:44:00,25.4,30.5,2024-04-28T12:18:00,23.2,2024-04-28T23:59:00,91.0,65.0,2024-04-28T12:04:00,0.2,0.0,3.4,210.0,2024-04-28T08:45:00,0.5,-99.8,9.7,26.4,26.3,26.3,26.1,25.8,25.4
2024-04-29,1004.4,1006.0,2024-04-29T07:06:00,1002.4,2024-04-29T16:17:00,26.7,32.1,2024-04-29T10:24:00,22.6,2024-04-29T01:53:00,87.0,58.0,2024-04-29T11:35:00,0.4,49.0,4.7,28.0,2024-04-29T12:13:00,0.0,-99.8,23.2,27.7,27.6,27.3,26.9,26.1,25.5
2024-04-30,1002.2,1004.3,2024-04-30T22:41:00,998.9,2024-04-30T16:57:00,27.0,33.1,2024-04-30T11:53:00,21.7,2024-04-30T05:06:00,85.0,59.0,2024-04-30T11:04:00,0.4,22.0,5.5,151.0,2024-04-30T13:02:00,0.0,-99.8,21.2,28.2,28.2,28.1,27.8,26.8,25.6
2024-04-30,1002.2,1004.3,2024-04-30T22:41:00,998.9,2024-04-30T16:57:00,27.0,33.1,2024-04-30T11:53:00,21.7,2024-04-30T05:06:00,85.0,59.0,2024-04-30T11:04:00,0.4,22.0,5.5,151.0,2024-04-30T13:02:00,0.0,-99.8,21.2,28.2,28.2,28.1,27.8,26.8,25.6
2024-05-01,1005.5,1009.5,2024-05-01T22:36:00,1002.2,2024-05-01T01:43:00,24.1,28.8,2024-05-01T11:27:00,21.6,2024-05-01T23:31:00,93.0,70.0,2024-05-01T11:09:00,0.3,30.0,6.0,193.0,2024-05-01T07:48:00,5.5,-99.8,6.8,26.8,27.2,27.4,27.6,27.2,25.9
2024-05-02,1009.6,1011.9,2024-05-02T22:32:00,1007.3,2024-05-02T03:44:00,22.1,24.0,2024-05-02T12:21:00,21.3,2024-05-02T02:47:00,99.0,92.0,2024-05-02T12:32:00,0.1,0.0,2.7,22.0,2024-05-02T13:57:00,27.5,-99.8,3.5,25.0,25.5,25.7,26.1,26.6,26.0
2024-05-03,1010.0,1011.3,2024-05-03T07:54:00,1008.4,2024-05-03T16:03:00,23.2,25.8,2024-05-03T10:41:00,21.3,2024-05-03T01:27:00,95.0,82.0,2024-05-03T12:07:00,0.2,0.0,3.2,107.0,2024-05-03T12:45:00,1.5,-99.8,6.7,25.0,25.2,25.3,25.4,25.9,25.9
2024-05-04,1007.4,1009.3,2024-05-04T00:01:00,1005.2,2024-05-04T16:17:00,25.7,31.9,2024-05-04T11:25:00,21.5,2024-05-04T05:22:00,89.0,63.0,2024-05-04T11:25:00,0.3,22.0,3.8,76.0,2024-05-04T10:41:00,0.0,-99.8,19.5,26.5,26.4,26.3,26.1,25.8,25.7
2024-05-05,1006.2,1008.2,2024-05-05T09:32:00,1004.0,2024-05-05T16:30:00,26.5,32.2,2024-05-05T13:55:00,23.1,2024-05-05T05:37:00,88.0,65.0,2024-05-05T13:41:00,0.3,1.0,4.4,233.0,2024-05-05T17:58:00,0.0,-99.8,14.2,27.5,27.5,27.3,27.1,26.4,25.7
2024-05-06,1007.5,1010.6,2024-05-06T22:29:00,1005.5,2024-05-06T03:08:00,27.0,31.8,2024-05-06T11:56:00,22.7,2024-05-06T02:31:00,88.0,66.0,2024-05-06T10:16:00,0.6,231.0,5.1,76.0,2024-05-06T17:30:00,0.0,-99.8,22.6,28.0,28.0,27.9,27.6,26.8,25.9
2024-05-07,1010.4,1011.8,2024-05-07T22:30:00,1008.9,2024-05-07T02:55:00,25.6,30.5,2024-05-07T10:16:00,22.6,2024-05-07T22:49:00,88.0,65.0,2024-05-07T11:56:00,0.5,57.0,5.5,77.0,2024-05-07T10:33:00,0.0,-99.8,12.1,27.5,27.9,27.9,27.9,27.3,26.1
2024-05-08,1011.6,1014.5,2024-05-08T22:24:00,1009.4,2024-05-08T03:31:00,22.4,25.9,2024-05-08T08:41:00,20.1,2024-05-08T23:53:00,96.0,82.0,2024-05-08T08:31:00,0.2,0.0,3.2,111.0,2024-05-08T09:30:00,6.5,-99.8,5.3,25.6,26.2,26.4,26.7,27.0,26.2
2024-05-09,1014.0,1015.6,2024-05-09T09:33:00,1012.3,2024-05-09T16:30:00,22.0,26.0,2024-05-09T11:21:00,20.0,2024-05-09T01:59:00,87.0,59.0,2024-05-09T10:17:00,0.2,0.0,4.5,45.0,2024-05-09T13:40:00,0.5,-99.8,9.0,24.6,25.1,25.3,25.6,26.3,26.2
2024-05-10,1012.9,1014.6,2024-05-10T10:23:00,1011.5,2024-05-10T15:32:00,24.0,30.0,2024-05-10T12:45:00,20.2,2024-05-10T23:47:00,81.0,55.0,2024-05-10T13:05:00,0.3,103.0,3.6,99.0,2024-05-10T14:02:00,0.0,-99.8,18.1,25.8,25.9,25.9,25.9,26.0,26.0
2024-05-11,1010.9,1012.7,2024-05-11T08:52:00,1008.5,2024-05-11T17:35:00,24.8,31.3,2024-05-11T13:39:00,19.7,2024-05-11T01:12:00,83.0,56.0,2024-05-11T13:44:00,0.3,47.0,3.6,76.0,2024-05-11T11:24:00,0.0,-99.8,15.6,26.3,26.4,26.4,26.4,26.2,25.9
2024-05-12,1007.1,1009.7,2024-05-12T00:01:00,1004.2,2024-05-12T16:49:00,26.3,33.3,2024-05-12T11:48:00,21.7,2024-05-12T03:45:00,87.0,56.0,2024-05-12T11:07:00,0.3,15.0,3.5,23.0,2024-05-12T15:36:00,0.0,-99.8,14.6,27.1,27.1,27.0,26.9,26.5,25.9
2024-05-13,1008.6,1011.1,2024-05-13T21:30:00,1005.4,2024-05-13T00:53:00,21.5,24.4,2024-05-13T00:01:00,19.4,2024-05-13T22:23:00,92.0,77.0,2024-05-13T13:31:00,0.5,17.0,5.5,45.0,2024-05-13T08:09:00,1.0,-99.8,1.7,24.8,25.5,25.8,26.3,26.6,26.0
2024-05-14,1010.0,1011.6,2024-05-14T08:43:00,1008.8,2024-05-14T03:44:00,22.2,26.6,2024-05-14T12:33:00,19.4,2024-05-14T01:23:00,87.0,63.0,2024-05-14T12:27:00,0.3,25.0,3.2,88.0,2024-05-14T16:21:00,0.0,-99.8,9.7,24.4,24.8,24.9,25.1,25.8,26.0
2024-05-15,1011.1,1013.5,2024-05-15T21:37:00,1009.1,2024-05-15T01:19:00,23.8,28.5,2024-05-15T12:42:00,20.5,2024-05-15T23:58:00,84.0,62.0,2024-05-15T09:26:00,0.5,78.0,5.5,66.0,2024-05-15T12:31:00,0.0,-99.8,21.3,25.6,25.8,25.8,25.8,25.7,25.8
2024-05-16,1012.9,1015.2,2024-05-16T07:17:00,1010.9,2024-05-16T17:49:00,22.4,27.4,2024-05-16T09:26:00,18.1,2024-05-16T05:18:00,81.0,49.0,2024-05-16T09:26:00,0.5,24.0,6.3,79.0,2024-05-16T09:48:00,0.0,-99.8,18.0,25.1,25.6,25.8,25.9,26.0,25.8
2024-05-17,1009.3,1011.2,2024-05-17T00:01:00,1007.6,2024-05-17T16:48:00,23.2,29.0,2024-05-17T09:44:00,19.0,2024-05-17T00:55:00,86.0,54.0,2024-05-17T09:49:00,0.2,0.0,2.8,134.0,2024-05-17T11:41:00,0.0,-99.8,12.3,25.2,25.5,25.6,25.7,26.0,25.8
2024-05-18,1006.5,1008.4,2024-05-18T00:01:00,1003.9,2024-05-18T17:12:00,24.4,30.8,2024-05-18T12:14:00,20.0,2024-05-18T04:36:00,86.0,54.0,2024-05-18T12:12:00,0.4,60.0,4.8,98.0,2024-05-18T12:27:00,0.0,-99.8,15.9,25.8,26.0,26.0,26.0,25.9,25.8
2024-05-19,1005.6,1006.9,2024-05-19T21:28:00,1004.2,2024-05-19T16:15:00,24.8,28.8,2024-05-19T15:58:00,22.0,2024-05-19T02:43:00,89.0,67.0,2024-05-19T15:49:00,0.1,0.0,2.4,204.0,2024-05-19T08:19:00,0.5,-99.8,7.8,26.1,26.3,26.3,26.3,26.2,25.8
2024-05-20,1005.6,1007.3,2024-05-20T21:57:00,1004.4,2024-05-20T15:33:00,25.6,29.8,2024-05-20T13:09:00,22.1,2024-05-20T03:53:00,89.0,67.0,2024-05-20T09:42:00,0.2,0.0,2.8,48.0,2024-05-20T16:18:00,0.0,-99.8,10.1,26.5,26.5,26.5,26.4,26.2,25.8
2024-05-21,1005.9,1007.1,2024-05-21T09:40:00,1003.9,2024-05-21T16:50:00,25.9,31.4,2024-05-21T11:58:00,23.3,2024-05-21T04:24:00,92.0,68.0,2024-05-21T11:58:00,0.2,0.0,4.3,223.0,2024-05-21T17:45:00,20.0,-99.8,10.4,26.9,26.9,26.9,26.8,26.4,25.9
2024-05-22,1005.6,1007.3,2024-05-22T22:03:00,1004.1,2024-05-22T15:21:00,26.2,31.3,2024-05-22T11:19:00,23.8,2024-05-22T05:04:00,92.0,68.0,2024-05-22T12:12:00,0.4,70.0,4.6,112.0,2024-05-22T13:57:00,2.5,-99.8,14.0,27.3,27.3,27.3,27.1,26.6,26.0
2024-05-23,1006.1,1007.9,2024-05-23T22:48:00,1005.0,2024-05-23T03:23:00,25.4,29.8,2024-05-23T11:31:00,24.0,2024-05-23T00:40:00,96.0,77.0,2024-05-23T11:32:00,0.2,0.0,4.1,94.0,2024-05-23T12:31:00,12.5,-99.8,9.4,27.1,27.2,27.2,27.2,26.9,26.1
2024-05-24,1007.3,1009.6,2024-05-24T21:37:00,1005.4,2024-05-24T02:27:00,25.6,30.0,2024-05-24T13:11:00,24.1,2024-05-24T04:34:00,96.0,79.0,2024-05-24T13:11:00,0.2,0.0,3.4,11.0,2024-05-24T15:20:00,31.0,-99.8,7.9,26.9,27.1,27.1,27.1,26.9,26.2
2024-05-25,1007.6,1009.1,2024-05-25T07:41:00,1006.0,2024-05-25T16:19:00,26.4,30.3,2024-05-25T11:11:00,23.9,2024-05-25T03:42:00,92.0,73.0,2024-05-25T13:40:00,0.2,0.0,2.6,94.0,2024-05-25T10:48:00,0.5,-99.8,11.2,27.4,27.4,27.3,27.2,26.9,26.3
2024-05-26,1005.4,1007.4,2024-05-26T00:01:00,1002.9,2024-05-26T23:59:00,26.7,30.2,2024-05-26T10:09:00,24.2,2024-05-26T04:07:00,91.0,74.0,2024-05-26T10:10:00,0.3,224.0,3.1,272.0,2024-05-26T07:18:00,0.0,-99.8,9.4,27.6,27.7,27.6,27.5,27.1,26.4
2024-05-27,999.5,1003.0,2024-05-27T00:01:00,995.9,2024-05-27T23:37:00,27.4,33.1,2024-05-27T13:49:00,23.8,2024-05-27T03:58:00,89.0,65.0,2024-05-27T13:45:00,0.2,0.0,3.7,329.0,2024-05-27T15:20:00,0.0,-99.8,16.5,28.4,28.3,28.1,27.9,27.2,26.4
2024-05-28,1000.0,1004.5,2024-05-28T22:02:00,994.9,2024-05-28T04:34:00,23.9,25.8,2024-05-28T07:11:00,21.5,2024-05-28T23:23:00,98.0,91.0,2024-05-28T18:13:00,0.4,27.0,6.0,59.0,2024-05-28T14:50:00,7.5,-99.8,2.1,26.6,27.0,27.2,27.5,27.4,26.5
2024-05-29,1005.0,1006.2,2024-05-29T08:02:00,1003.7,2024-05-29T17:01:00,24.4,28.8,2024-05-29T09:44:00,21.5,2024-05-29T01:01:00,86.0,58.0,2024-05-29T09:44:00,0.4,51.0,4.4,119.0,2024-05-29T12:22:00,11.5,-99.8,17.3,26.3,26.5,26.6,26.7,26.9,26.6
2024-05-30,1004.8,1007.0,2024-05-30T22:33:00,1003.0,2024-05-30T15:46:00,26.2,32.8,2024-05-30T13:10:00,22.5,2024-05-30T05:06:00,92.0,64.0,2024-05-30T13:09:00,0.3,76.0,3.5,28.0,2024-05-30T13:29:00,0.0,-99.8,15.0,27.4,27.4,27.3,27.2,26.9,26.5
2024-05-31,1006.1,1008.0,2024-05-31T20:27:00,1004.5,2024-05-31T02:57:00,27.9,32.9,2024-05-31T14:08:00,24.0,2024-05-31T05:01:00,90.0,68.0,2024-05-31T09:58:00,0.4,50.0,4.6,90.0,2024-05-31T12:31:00,1.0,-99.8,22.0,28.8,28.7,28.5,28.2,27.3,26.5
2024-06-01,1007.0,1008.6,2024-06-01T09:32:00,1004.7,2024-06-01T16:15:00,27.8,32.7,2024-06-01T11:18:00,25.6,2024-06-01T23:29:00,93.0,68.0,2024-06-01T11:23:00,0.2,0.0,2.9,360.0,2024-06-01T22:48:00,0.0,-99.8,9.1,29.0,29.0,28.9,28.8,27.9,26.7
2024-06-02,1003.3,1006.3,2024-06-02T00:01:00,1000.3,2024-06-02T14:54:00,25.4,27.8,2024-06-02T11:22:00,23.7,2024-06-02T23:31:00,98.0,91.0,2024-06-02T11:11:00,0.1,0.0,4.2,70.0,2024-06-02T15:16:00,19.5,-99.8,3.1,27.6,27.9,28.1,28.2,28.0,26.9
2024-06-03,1004.8,1008.8,2024-06-03T21:51:00,1001.2,2024-06-03T02:32:00,22.7,25.1,2024-06-03T13:05:00,21.2,2024-06-03T23:56:00,96.0,81.0,2024-06-03T14:36:00,0.3,19.0,3.4,105.0,2024-06-03T09:30:00,2.0,-99.8,5.2,25.8,26.3,26.6,26.9,27.5,27.0
2024-06-04,1008.6,1010.6,2024-06-04T21:24:00,1006.4,2024-06-04T04:07:00,23.9,28.4,2024-06-04T12:06:00,19.3,2024-06-04T02:33:00,87.0,63.0,2024-06-04T10:52:00,0.3,30.0,3.5,218.0,2024-06-04T08:19:00,0.0,-99.8,11.3,25.7,26.0,26.1,26.3,26.8,26.9
2024-06-05,1008.6,1009.9,2024-06-05T00:01:00,1007.4,2024-06-05T15:58:00,25.1,31.4,2024-06-05T11:01:00,21.0,2024-06-05T03:56:00,82.0,48.0,2024-06-05T11:06:00,0.2,0.0,3.2,98.0,2024-06-05T11:56:00,0.0,-99.8,13.3,26.3,26.5,26.5,26.6,26.7,26.7
2024-06-06,1006.3,1008.5,2024-06-06T00:01:00,1004.0,2024-06-06T16:16:00,26.2,31.4,2024-06-06T10:28:00,23.1,2024-06-06T03:58:00,88.0,61.0,2024-06-06T10:21:00,0.2,0.0,4.3,276.0,2024-06-06T10:36:00,18.5,-99.8,14.3,27.2,27.2,27.2,27.1,26.9,26.6
2024-06-07,1003.9,1006.2,2024-06-07T00:02:00,1001.6,2024-06-07T16:26:00,25.9,30.4,2024-06-07T11:46:00,24.2,2024-06-07T01:17:00,96.0,78.0,2024-06-07T11:40:00,0.3,13.0,5.2,108.0,2024-06-07T11:05:00,57.5,-99.8,11.9,27.1,27.3,27.3,27.4,27.2,26.7
2024-06-08,1003.7,1005.6,2024-06-08T21:58:00,1002.2,2024-06-08T14:26:00,27.0,31.2,2024-06-08T13:37:00,24.3,2024-06-08T04:47:00,93.0,76.0,2024-06-08T14:18:00,0.4,63.0,4.8,8.0,2024-06-08T13:34:00,0.5,-99.8,18.5,28.2,28.2,28.1,27.9,27.5,26.9
2024-06-09,1005.6,1008.2,2024-06-09T22:59:00,1003.5,2024-06-09T03:16:00,27.4,32.9,2024-06-09T10:10:00,24.6,2024-06-09T04:02:00,92.0,68.0,2024-06-09T09:58:00,0.1,0.0,2.7,76.0,2024-06-09T13:16:00,1.0,-99.8,11.6,28.4,28.5,28.5,28.4,27.9,27.0
2024-06-10,1005.2,1007.8,2024-06-10T00:01:00,1002.8,2024-06-10T17:34:00,27.7,32.7,2024-06-10T11:53:00,24.9,2024-06-10T03:39:00,91.0,70.0,2024-06-10T11:55:00,0.3,58.0,4.5,107.0,2024-06-10T14:40:00,0.5,-99.8,16.3,28.9,29.0,28.9,28.7,28.0,27.1
2024-06-11,1002.9,1005.7,2024-06-11T00:01:00,1000.8,2024-06-11T17:09:00,27.7,31.3,2024-06-11T12:07:00,25.3,2024-06-11T04:22:00,92.0,73.0,2024-06-11T11:31:00,0.1,0.0,2.4,35.0,2024-06-11T12:16:00,0.0,-99.8,8.3,28.8,28.9,28.9,28.8,28.3,27.3
2024-06-12,1001.5,1003.0,2024-06-12T07:52:00,999.8,2024-06-12T16:42:00,28.3,33.7,2024-06-12T13:04:00,25.4,2024-06-12T04:42:00,89.0,61.0,2024-06-12T13:10:00,0.2,0.0,3.7,354.0,2024-06-12T13:06:00,0.0,-99.8,14.4,29.1,29.1,29.0,28.9,28.3,27.4
2024-06-13,1000.3,1002.0,2024-06-13T08:53:00,999.1,2024-06-13T12:37:00,28.0,33.8,2024-06-13T12:39:00,25.1,2024-06-13T02:37:00,88.0,58.0,2024-06-13T12:31:00,0.3,36.0,3.6,34.0,2024-06-13T13:14:00,0.0,-99.8,16.1,29.3,29.4,29.3,29.1,28.5,27.5
2024-06-14,1000.2,1001.7,2024-06-14T22:11:00,998.9,2024-06-14T18:02:00,27.6,32.2,2024-06-14T13:07:00,25.2,2024-06-14T23:36:00,91.0,73.0,2024-06-14T13:09:00,0.1,0.0,3.9,70.0,2024-06-14T13:16:00,0.0,-99.8,11.3,29.2,29.3,29.3,29.2,28.7,27.6
2024-06-15,1001.2,1003.6,2024-06-15T23:09:00,999.4,2024-06-15T07:07:00,28.4,33.3,2024-06-15T14:24:00,23.9,2024-06-15T04:54:00,84.0,62.0,2024-06-15T16:26:00,0.5,38.0,4.6,136.0,2024-06-15T12:27:00,0.0,-99.8,27.0,29.8,29.8,29.7,29.5,28.7,27.7
2024-06-16,1003.8,1005.2,2024-06-16T09:10:00,1002.1,2024-06-16T17:54:00,29.1,34.7,2024-06-16T13:36:00,25.5,2024-06-16T02:58:00,85.0,60.0,2024-06-16T10:41:00,0.4,233.0,3.9,208.0,2024-06-16T07:25:00,0.0,-99.8,16.7,30.1,30.2,30.2,30.0,29.2,27.8
2024-06-17,1003.3,1004.6,2024-06-17T10:57:00,1001.3,2024-06-17T15:36:00,28.6,33.8,2024-06-17T14:12:00,25.7,2024-06-17T02:55:00,89.0,66.0,2024-06-17T14:13:00,0.1,0.0,2.4,229.0,2024-06-17T10:48:00,0.0,-99.8,12.8,30.1,30.3,30.2,30.1,29.4,28.0
2024-06-18,1003.8,1005.4,2024-06-18T10:29:00,1001.9,2024-06-18T03:12:00,27.6,31.6,2024-06-18T12:04:00,24.9,2024-06-18T04:08:00,91.0,75.0,2024-06-18T12:05:00,0.3,37.0,5.1,121.0,2024-06-18T14:31:00,0.0,-99.8,11.5,29.5,29.7,29.8,29.7,29.3,28.1
2024-06-19,1003.7,1005.0,2024-06-19T09:30:00,1001.6,2024-06-19T15:59:00,28.5,34.9,2024-06-19T12:41:00,25.2,2024-06-19T03:03:00,88.0,62.0,2024-06-19T11:17:00,0.3,132.0,3.6,134.0,2024-06-19T14:22:00,1.0,-99.8,21.6,30.1,30.2,30.1,29.9,29.3,28.2
2024-06-20,1003.1,1004.9,2024-06-20T20:13:00,1001.3,2024-06-20T16:12:00,28.6,34.8,2024-06-20T12:10:00,24.6,2024-06-20T05:07:00,88.0,61.0,2024-06-20T12:22:00,0.4,237.0,4.9,215.0,2024-06-20T13:39:00,7.5,-99.8,24.3,30.4,30.6,30.6,30.4,29.6,28.3
2024-06-21,1002.9,1004.6,2024-06-21T22:02:00,1001.3,2024-06-21T14:10:00,29.2,34.9,2024-06-21T12:50:00,25.1,2024-06-21T04:52:00,88.0,65.0,2024-06-21T10:27:00,0.3,94.0,4.8,135.0,2024-06-21T14:00:00,0.0,-99.8,23.1,30.9,31.0,30.9,30.8,29.9,28.4
2024-06-22,1003.4,1004.9,2024-06-22T22:16:00,1001.7,2024-06-22T15:49:00,30.0,34.9,2024-06-22T13:13:00,25.4,2024-06-22T05:18:00,85.0,60.0,2024-06-22T10:17:00,0.3,156.0,4.8,149.0,2024-06-22T11:31:00,0.0,-99.8,23.9,31.5,31.6,31.5,31.3,30.2,28.6
2024-06-23,1004.0,1005.6,2024-06-23T22:25:00,1002.0,2024-06-23T15:33:00,30.5,35.4,2024-06-23T13:23:00,27.3,2024-06-23T04:05:00,86.0,62.0,2024-06-23T13:04:00,0.3,132.0,4.7,151.0,2024-06-23T14:57:00,0.0,-99.8,24.0,32.3,32.3,32.2,31.9,30.6,28.8
2024-06-24,1005.7,1010.0,2024-06-24T21:36:00,1003.3,2024-06-24T15:28:00,29.6,34.8,2024-06-24T09:51:00,23.5,2024-06-24T22:29:00,86.0,66.0,2024-06-24T10:33:00,0.5,157.0,7.5,347.0,2024-06-24T20:40:00,4.0,-99.8,25.2,32.0,32.3,32.3,32.2,31.0,29.0
2024-06-25,1007.8,1010.3,2024-06-25T22:06:00,1006.0,2024-06-25T15:35:00,28.6,34.8,2024-06-25T12:00:00,23.5,2024-06-25T04:48:00,85.0,59.0,2024-06-25T10:28:00,0.4,223.0,4.9,136.0,2024-06-25T15:37:00,0.5,-99.8,25.6,30.6,31.0,31.1,31.2,30.9,29.2
2024-06-26,1009.7,1011.0,2024-06-26T22:32:00,1008.5,2024-06-26T17:38:00,29.1,34.7,2024-06-26T13:51:00,25.4,2024-06-26T04:59:00,85.0,61.0,2024-06-26T11:14:00,0.3,237.0,4.8,130.0,2024-06-26T13:30:00,0.0,-99.8,24.1,31.2,31.5,31.5,31.4,30.8,29.3
2024-06-27,1009.2,1010.8,2024-06-27T03:03:00,1007.1,2024-06-27T17:50:00,29.2,35.0,2024-06-27T12:43:00,25.4,2024-06-27T04:47:00,83.0,58.0,2024-06-27T11:17:00,0.4,130.0,4.4,148.0,2024-06-27T15:06:00,0.0,-99.8,23.1,31.1,31.4,31.4,31.4,30.8,29.4
2024-06-28,1007.2,1008.6,2024-06-28T00:01:00,1004.4,2024-06-28T15:47:00,28.1,34.5,2024-06-28T11:52:00,25.0,2024-06-28T05:19:00,89.0,61.0,2024-06-28T10:23:00,0.3,98.0,6.1,134.0,2024-06-28T15:13:00,0.5,-99.8,18.8,30.6,31.1,31.1,31.2,30.8,29.5
2024-06-29,1005.1,1006.8,2024-06-29T00:01:00,1002.6,2024-06-29T15:56:00,28.2,34.7,2024-06-29T10:58:00,24.8,2024-06-29T04:41:00,90.0,60.0,2024-06-29T10:47:00,0.4,204.0,7.7,135.0,2024-06-29T13:19:00,0.0,-99.8,18.5,30.2,30.6,30.7,30.8,30.6,29.5
2024-06-29,1005.1,1006.8,2024-06-29T00:01:00,1002.6,2024-06-29T15:56:00,28.2,34.7,2024-06-29T10:58:00,24.8,2024-06-29T04:41:00,90.0,60.0,2024-06-29T10:47:00,0.4,204.0,7.7,135.0,2024-06-29T13:19:00,0.0,-99.8,18.5,30.2,30.6,30.7,30.8,30.6,29.5
2024-06-30,1003.5,1004.9,2024-06-30T08:07:00,1002.1,2024-06-30T15:22:00,29.3,33.7,2024-06-30T14:21:00,25.2,2024-06-30T04:52:00,88.0,62.0,2024-06-30T12:27:00,0.4,23.0,4.8,81.0,2024-06-30T12:51:00,0.0,-99.8,26.1,30.9,31.1,31.1,31.0,30.5,29.4
2024-07-01,1003.2,1005.2,2024-07-01T22:57:00,1001.3,2024-07-01T13:53:00,29.8,35.3,2024-07-01T13:19:00,26.2,2024-07-01T04:17:00,84.0,55.0,2024-07-01T13:20:00,0.2,0.0,3.1,313.0,2024-07-01T20:33:00,0.0,-99.8,21.7,31.2,31.4,31.4,31.4,30.7,29.5
2024-07-02,1005.7,1009.4,2024-07-02T22:04:00,1004.7,2024-07-02T16:05:00,28.7,30.1,2024-07-02T16:51:00,25.6,2024-07-02T23:05:00,90.0,80.0,2024-07-02T16:45:00,0.3,150.0,4.8,112.0,2024-07-02T17:10:00,0.0,-99.8,22.3,30.6,31.0,31.1,31.2,30.9,29.6
2024-07-03,1010.0,1012.4,2024-07-03T21:17:00,1007.8,2024-07-03T02:02:00,29.8,35.5,2024-07-03T15:22:00,24.3,2024-07-03T05:15:00,83.0,58.0,2024-07-03T12:55:00,0.3,163.0,4.4,116.0,2024-07-03T16:32:00,0.0,-99.8,26.2,32.5,32.5,32.3,31.9,30.9,29.7
2024-07-04,1009.4,1011.7,2024-07-04T00:01:00,1007.8,2024-07-04T16:30:00,30.4,36.3,2024-07-04T13:12:00,25.8,2024-07-04T05:16:00,82.0,53.0,2024-07-04T11:55:00,0.3,122.0,4.4,65.0,2024-07-04T14:19:00,0.0,-99.8,27.4,33.9,33.9,33.6,33.1,31.5,29.8
2024-07-05,1006.7,1008.7,2024-07-05T00:01:00,1005.2,2024-07-05T16:38:00,29.6,35.4,2024-07-05T15:29:00,25.3,2024-07-05T05:17:00,83.0,56.0,2024-07-05T10:20:00,0.3,96.0,4.4,110.0,2024-07-05T14:10:00,0.0,-99.8,24.8,33.7,33.9,33.7,33.4,32.0,30.0
2024-07-06,1006.7,1008.5,2024-07-06T21:24:00,1005.5,2024-07-06T03:13:00,30.1,35.7,2024-07-06T12:17:00,25.1,2024-07-06T04:48:00,80.0,55.0,2024-07-06T10:07:00,0.4,160.0,4.1,146.0,2024-07-06T13:29:00,0.0,-99.8,27.1,34.0,34.1,33.9,33.5,32.1,30.2
2024-07-07,1007.2,1008.8,2024-07-07T07:29:00,1005.5,2024-07-07T23:56:00,29.9,35.9,2024-07-07T12:30:00,25.2,2024-07-07T04:27:00,82.0,54.0,2024-07-07T12:24:00,0.3,116.0,4.1,141.0,2024-07-07T14:27:00,0.0,-99.8,25.6,34.1,34.3,34.1,33.8,32.4,30.3
2024-07-08,1006.4,1008.5,2024-07-08T21:20:00,1005.0,2024-07-08T15:51:00,29.1,35.6,2024-07-08T13:07:00,24.6,2024-07-08T23:54:00,81.0,50.0,2024-07-08T13:34:00,0.4,203.0,5.5,216.0,2024-07-08T17:50:00,0.0,-99.8,25.1,33.8,34.1,34.0,33.8,32.5,30.5
2024-07-09,1006.1,1007.6,2024-07-09T22:03:00,1005.0,2024-07-09T17:43:00,29.1,35.1,2024-07-09T13:06:00,23.4,2024-07-09T03:22:00,80.0,53.0,2024-07-09T09:39:00,0.3,63.0,3.7,101.0,2024-07-09T11:02:00,0.0,-99.8,26.9,33.7,33.9,33.8,33.5,32.5,30.6
2024-07-10,1005.6,1007.5,2024-07-10T07:29:00,1003.7,2024-07-10T15:39:00,29.7,35.9,2024-07-10T13:03:00,25.3,2024-07-10T05:18:00,82.0,56.0,2024-07-10T09:44:00,0.4,17.0,4.5,277.0,2024-07-10T09:11:00,0.5,-99.8,24.8,34.2,34.4,34.3,33.9,32.6,30.7
2024-07-11,1003.4,1005.0,2024-07-11T05:13:00,1001.3,2024-07-11T15:40:00,29.6,35.9,2024-07-11T13:41:00,24.8,2024-07-11T04:41:00,85.0,55.0,2024-07-11T10:29:00,0.3,88.0,4.1,202.0,2024-07-11T09:00:00,0.0,-99.8,23.9,34.1,34.2,34.1,33.9,32.7,30.8
2024-07-12,1001.7,1003.4,2024-07-12T20:38:00,1000.7,2024-07-12T12:40:00,30.0,35.2,2024-07-12T11:04:00,25.5,2024-07-12T05:18:00,83.0,57.0,2024-07-12T12:31:00,0.3,48.0,3.9,18.0,2024-07-12T11:55:00,0.0,-99.8,23.9,34.6,34.7,34.5,34.1,32.8,30.9
2024-07-13,1003.1,1006.2,2024-07-13T22:28:00,1001.2,2024-07-13T02:30:00,29.9,36.1,2024-07-13T13:31:00,26.3,2024-07-13T04:48:00,83.0,58.0,2024-07-13T13:31:00,0.3,157.0,5.2,219.0,2024-07-13T15:01:00,0.0,-99.8,23.1,34.8,34.9,34.7,34.4,33.0,31.0
2024-07-14,1006.3,1008.5,2024-07-14T22:13:00,1004.8,2024-07-14T02:43:00,29.9,36.2,2024-07-14T12:22:00,24.2,2024-07-14T05:18:00,78.0,50.0,2024-07-14T13:08:00,0.3,109.0,4.5,84.0,2024-07-14T13:08:00,0.0,-99.8,26.5,34.8,34.9,34.8,34.4,33.1,31.1
2024-07-15,1007.6,1009.3,2024-07-15T20:29:00,1006.4,2024-07-15T15:47:00,30.0,36.3,2024-07-15T12:05:00,25.5,2024-07-15T05:08:00,80.0,51.0,2024-07-15T11:51:00,0.3,170.0,4.1,143.0,2024-07-15T12:33:00,0.0,-99.8,22.3,34.9,35.0,34.9,34.6,33.3,31.2
2024-07-16,1007.7,1008.7,2024-07-16T20:00:00,1006.5,2024-07-16T16:04:00,29.7,36.0,2024-07-16T12:41:00,24.2,2024-07-16T05:10:00,77.0,51.0,2024-07-16T09:36:00,0.4,115.0,4.8,203.0,2024-07-16T14:24:00,0.0,-99.8,27.2,35.1,35.2,35.0,34.6,33.3,31.3
2024-07-17,1007.5,1008.6,2024-07-17T20:32:00,1006.6,2024-07-17T16:12:00,29.9,37.1,2024-07-17T11:24:00,24.1,2024-07-17T05:13:00,78.0,51.0,2024-07-17T10:55:00,0.3,178.0,4.6,76.0,2024-07-17T11:40:00,0.0,-99.8,26.4,35.4,35.4,35.3,34.9,33.5,31.4
2024-07-18,1007.2,1008.8,2024-07-18T22:48:00,1005.7,2024-07-18T14:49:00,30.6,37.1,2024-07-18T12:29:00,25.1,2024-07-18T04:53:00,76.0,47.0,2024-07-18T10:40:00,0.4,253.0,5.7,125.0,2024-07-18T14:14:00,0.0,-99.8,26.7,36.0,35.9,35.6,35.2,33.7,31.5
2024-07-19,1006.2,1008.1,2024-07-19T22:25:00,1004.5,2024-07-19T14:44:00,30.9,37.3,2024-07-19T12:54:00,25.6,2024-07-19T05:05:00,76.0,47.0,2024-07-19T12:08:00,0.4,227.0,4.5,147.0,2024-07-19T13:40:00,0.0,-99.8,26.5,36.4,36.2,36.0,35.5,34.0,31.7
2024-07-20,1006.2,1008.2,2024-07-20T22:07:00,1004.9,2024-07-20T03:42:00,30.6,37.3,2024-07-20T12:41:00,25.4,2024-07-20T05:26:00,78.0,52.0,2024-07-20T12:36:00,0.3,152.0,4.8,199.0,2024-07-20T15:01:00,0.0,-99.8,24.3,36.4,36.2,36.0,35.6,34.1,31.8
2024-07-21,1005.6,1007.6,2024-07-21T00:01:00,1003.6,2024-07-21T06:38:00,30.2,36.2,2024-07-21T14:17:00,25.4,2024-07-21T04:05:00,79.0,50.0,2024-07-21T13:58:00,0.3,106.0,4.2,28.0,2024-07-21T11:16:00,0.0,-99.8,24.5,36.3,36.2,36.0,35.7,34.2,31.9
2024-07-22,1002.4,1006.0,2024-07-22T00:01:00,999.9,2024-07-22T20:41:00,30.2,36.0,2024-07-22T12:11:00,25.1,2024-07-22T04:53:00,77.0,50.0,2024-07-22T12:16:00,0.5,79.0,5.1,102.0,2024-07-22T13:30:00,0.0,-99.8,27.4,36.5,36.3,36.2,35.8,34.3,32.0
2024-07-23,996.1,1000.5,2024-07-23T00:01:00,991.3,2024-07-23T23:53:00,27.2,33.7,2024-07-23T14:02:00,24.9,2024-07-23T16:30:00,92.0,64.0,2024-07-23T14:02:00,0.4,65.0,7.1,134.0,2024-07-23T14:28:00,17.0,-99.8,10.0,31.9,33.2,33.7,34.3,34.2,32.1
2024-07-24,975.9,991.3,2024-07-24T00:01:00,959.4,2024-07-24T16:49:00,25.6,27.4,2024-07-24T17:05:00,24.5,2024-07-24T02:55:00,99.0,87.0,2024-07-24T17:05:00,1.3,18.0,18.9,353.0,2024-07-24T18:36:00,144.5,-99.8,3.6,27.7,28.5,28.9,29.6,31.4,31.4
2024-07-25,979.8,987.9,2024-07-25T23:57:00,970.5,2024-07-25T00:02:00,25.8,27.3,2024-07-25T11:05:00,24.8,2024-07-25T22:49:00,100.0,96.0,2024-07-25T15:23:00,0.2,0.0,6.4,205.0,2024-07-25T00:35:00,28.0,-99.8,2.8,26.5,26.5,26.5,26.4,26.6,27.8
2024-07-26,994.7,1002.5,2024-07-26T23:45:00,987.8,2024-07-26T00:01:00,26.9,29.6,2024-07-26T14:15:00,24.5,2024-07-26T03:43:00,97.0,84.0,2024-07-26T13:01:00,0.1,0.0,3.8,258.0,2024-07-26T13:05:00,2.5,-99.8,5.7,27.5,27.3,27.2,27.0,27.0,27.8
2024-07-27,1006.5,1009.7,2024-07-27T21:45:00,1002.3,2024-07-27T00:09:00,26.2,27.8,2024-07-27T10:17:00,25.2,2024-07-27T23:24:00,99.0,95.0,2024-07-27T17:15:00,0.3,241.0,4.4,250.0,2024-07-27T12:55:00,34.5,-99.8,3.1,27.2,27.4,27.4,27.4,27.5,27.9
2024-07-28,1007.3,1009.4,2024-07-28T06:49:00,1005.1,2024-07-28T16:19:00,29.0,35.7,2024-07-28T14:28:00,24.5,2024-07-28T04:54:00,84.0,51.0,2024-07-28T16:17:00,0.4,237.0,4.1,68.0,2024-07-28T13:30:00,0.5,-99.8,25.4,30.1,29.7,29.3,28.6,27.8,28.0
2024-07-29,1004.5,1007.1,2024-07-29T00:01:00,1002.5,2024-07-29T16:03:00,26.5,32.4,2024-07-29T13:48:00,24.6,2024-07-29T04:47:00,94.0,70.0,2024-07-29T13:49:00,0.4,67.0,5.7,101.0,2024-07-29T14:20:00,11.5,-99.8,12.4,29.2,29.4,29.4,29.4,28.8,28.3
2024-07-30,1004.7,1006.5,2024-07-30T21:56:00,1003.1,2024-07-30T02:48:00,28.7,34.4,2024-07-30T11:33:00,24.8,2024-07-30T05:39:00,87.0,61.0,2024-07-30T12:10:00,0.3,228.0,3.8,139.0,2024-07-30T16:12:00,0.0,-99.8,22.2,30.6,30.4,30.2,29.8,29.1,28.6
2024-07-31,1005.7,1006.8,2024-07-31T08:54:00,1004.9,2024-07-31T01:56:00,29.0,34.1,2024-07-31T15:04:00,24.5,2024-07-31T05:18:00,86.0,60.0,2024-07-31T14:40:00,0.4,83.0,4.8,102.0,2024-07-31T12:34:00,0.0,-99.8,26.2,31.6,31.5,31.2,30.8,29.7,28.8
2024-08-01,1004.8,1006.2,2024-08-01T07:37:00,1003.2,2024-08-01T19:39:00,29.3,34.3,2024-08-01T14:56:00,24.9,2024-08-01T05:12:00,86.0,60.0,2024-08-01T12:48:00,0.5,50.0,5.1,72.0,2024-08-01T10:56:00,0.0,-99.8,25.8,32.1,32.1,31.9,31.5,30.3,29.1
2024-08-02,1004.0,1005.8,2024-08-02T22:30:00,1002.7,2024-08-02T13:01:00,29.5,35.1,2024-08-02T10:31:00,24.6,2024-08-02T04:55:00,84.0,57.0,2024-08-02T10:31:00,0.5,229.0,5.3,90.0,2024-08-02T14:12:00,0.0,-99.8,25.2,32.4,32.4,32.2,31.8,30.8,29.4
2024-08-03,1004.7,1006.0,2024-08-03T22:22:00,1003.7,2024-08-03T17:24:00,30.1,35.5,2024-08-03T12:31:00,24.8,2024-08-03T05:02:00,79.0,48.0,2024-08-03T12:39:00,0.4,44.0,4.6,47.0,2024-08-03T13:21:00,0.0,-99.8,26.4,32.9,32.8,32.6,32.2,31.1,29.7
2024-08-04,1004.2,1005.8,2024-08-04T00:01:00,1002.8,2024-08-04T19:57:00,29.9,35.0,2024-08-04T14:46:00,25.5,2024-08-04T05:28:00,80.0,51.0,2024-08-04T13:36:00,0.4,59.0,4.9,115.0,2024-08-04T13:22:00,0.0,-99.8,25.6,33.2,33.1,33.0,32.6,31.4,30.0
2024-08-05,1002.6,1004.2,2024-08-05T08:21:00,1000.8,2024-08-05T19:32:00,29.3,34.5,2024-08-05T13:49:00,24.2,2024-08-05T05:16:00,81.0,55.0,2024-08-05T10:27:00,0.4,83.0,4.7,95.0,2024-08-05T11:12:00,0.0,-99.8,24.8,33.1,33.2,33.0,32.7,31.7,30.2
2024-08-06,1002.0,1003.5,2024-08-06T08:02:00,1000.8,2024-08-06T02:05:00,28.8,35.1,2024-08-06T13:51:00,24.4,2024-08-06T05:41:00,82.0,55.0,2024-08-06T13:52:00,0.3,55.0,4.3,99.0,2024-08-06T15:02:00,0.0,-99.8,16.8,32.3,32.5,32.5,32.4,31.8,30.4
2024-08-07,1002.2,1003.5,2024-08-07T20:55:00,1001.1,2024-08-07T14:13:00,29.6,36.2,2024-08-07T13:05:00,25.2,2024-08-07T04:07:00,78.0,46.0,2024-08-07T14:38:00,0.4,237.0,3.6,210.0,2024-08-07T08:37:00,0.0,-99.8,22.8,32.9,32.9,32.7,32.4,31.6,30.5
2024-08-08,1002.2,1003.3,2024-08-08T21:44:00,1001.3,2024-08-08T04:21:00,28.6,35.6,2024-08-08T11:17:00,25.4,2024-08-08T05:25:00,83.0,50.0,2024-08-08T11:45:00,0.7,230.0,4.1,77.0,2024-08-08T11:27:00,0.0,-99.8,17.6,32.5,32.6,32.6,32.5,31.8,30.6
2024-08-09,1001.3,1002.4,2024-08-09T08:21:00,999.8,2024-08-09T17:49:00,28.1,35.4,2024-08-09T12:48:00,24.4,2024-08-09T05:01:00,86.0,52.0,2024-08-09T11:44:00,0.7,231.0,4.4,231.0,2024-08-09T15:37:00,2.5,-99.8,19.6,32.1,32.2,32.2,32.2,31.7,30.6
2024-08-10,1000.2,1001.7,2024-08-10T07:09:00,998.0,2024-08-10T18:13:00,28.3,35.2,2024-08-10T11:40:00,24.6,2024-08-10T05:42:00,86.0,58.0,2024-08-10T12:29:00,0.5,226.0,3.6,89.0,2024-08-10T11:41:00,0.0,-99.8,17.9,31.5,31.7,31.7,31.7,31.5,30.6
2024-08-11,999.7,1001.0,2024-08-11T19:56:00,998.5,2024-08-11T14:02:00,29.6,35.8,2024-08-11T14:24:00,24.9,2024-08-11T05:17:00,79.0,54.0,2024-08-11T14:05:00,0.5,239.0,5.7,87.0,2024-08-11T13:31:00,0.0,-99.8,22.1,32.4,32.3,32.1,31.9,31.4,30.6
2024-08-12,1000.6,1002.9,2024-08-12T21:09:00,999.2,2024-08-12T02:10:00,29.4,35.8,2024-08-12T15:04:00,24.8,2024-08-12T05:22:00,81.0,53.0,2024-08-12T12:00:00,0.4,234.0,3.4,94.0,2024-08-12T10:59:00,0.5,-99.8,21.1,32.8,32.8,32.6,32.4,31.6,30.6
2024-08-13,1002.6,1003.9,2024-08-13T08:57:00,1001.0,2024-08-13T01:32:00,28.7,35.7,2024-08-13T13:23:00,24.8,2024-08-13T05:08:00,84.0,53.0,2024-08-13T13:24:00,0.4,219.0,3.5,50.0,2024-08-13T13:27:00,0.0,-99.8,18.1,32.0,32.2,32.2,32.1,31.7,30.7
2024-08-14,1002.8,1004.1,2024-08-14T06:41:00,1001.7,2024-08-14T16:40:00,27.7,35.3,2024-08-14T12:55:00,24.7,2024-08-14T04:28:00,88.0,56.0,2024-08-14T11:34:00,0.4,225.0,3.9,356.0,2024-08-14T10:34:00,2.0,-99.8,17.2,31.6,31.8,31.8,31.9,31.6,30.7
2024-08-15,1002.1,1003.5,2024-08-15T20:57:00,1000.8,2024-08-15T16:18:00,26.9,33.8,2024-08-15T10:22:00,24.5,2024-08-15T02:31:00,93.0,57.0,2024-08-15T10:19:00,0.3,73.0,4.7,88.0,2024-08-15T11:31:00,13.0,-99.8,14.1,29.9,30.4,30.6,30.9,31.2,30.7
2024-08-16,1002.1,1003.7,2024-08-16T22:27:00,1000.8,2024-08-16T01:01:00,27.2,33.1,2024-08-16T12:22:00,24.1,2024-08-16T05:05:00,92.0,65.0,2024-08-16T10:05:00,0.4,77.0,5.2,74.0,2024-08-16T11:31:00,0.5,-99.8,17.6,30.2,30.4,30.4,30.5,30.7,30.6
2024-08-17,1003.4,1004.9,2024-08-17T21:10:00,1001.7,2024-08-17T03:09:00,27.7,34.2,2024-08-17T11:25:00,24.3,2024-08-17T03:47:00,90.0,61.0,2024-08-17T11:27:00,0.3,216.0,3.5,69.0,2024-08-17T11:32:00,20.0,-99.8,15.3,30.0,30.2,30.3,30.4,30.6,30.4
2024-08-18,1003.0,1004.4,2024-08-18T08:10:00,1002.0,2024-08-18T21:40:00,27.2,34.3,2024-08-18T11:42:00,25.3,2024-08-18T05:27:00,94.0,64.0,2024-08-18T11:35:00,0.2,0.0,3.6,85.0,2024-08-18T12:52:00,6.5,-99.8,11.2,29.8,30.0,30.0,30.1,30.4,30.3
2024-08-19,1002.3,1003.7,2024-08-19T09:52:00,1000.7,2024-08-19T02:10:00,27.0,33.2,2024-08-19T11:10:00,24.7,2024-08-19T05:21:00,95.0,67.0,2024-08-19T11:24:00,0.1,0.0,3.9,100.0,2024-08-19T11:50:00,7.0,-99.8,10.4,29.3,29.6,29.7,29.9,30.2,30.2
2024-08-20,1004.1,1006.7,2024-08-20T23:31:00,1001.6,2024-08-20T04:42:00,28.7,34.7,2024-08-20T11:17:00,24.7,2024-08-20T04:41:00,87.0,59.0,2024-08-20T11:40:00,0.2,0.0,3.9,80.0,2024-08-20T11:47:00,0.0,-99.8,19.9,30.6,30.5,30.3,30.2,30.1,30.1
2024-08-21,1005.9,1007.3,2024-08-21T22:22:00,1004.8,2024-08-21T14:54:00,29.1,34.2,2024-08-21T16:02:00,24.8,2024-08-21T05:33:00,86.0,60.0,2024-08-21T16:03:00,0.4,58.0,3.9,105.0,2024-08-21T10:29:00,0.0,-99.8,24.0,31.3,31.2,31.1,30.8,30.4,30.0
2024-08-22,1006.3,1007.5,2024-08-22T22:30:00,1005.1,2024-08-22T16:39:00,29.2,34.4,2024-08-22T12:35:00,24.2,2024-08-22T05:01:00,85.0,62.0,2024-08-22T09:28:00,0.6,65.0,5.3,91.0,2024-08-22T13:04:00,0.0,-99.8,24.8,31.6,31.6,31.4,31.2,30.7,30.1
2024-08-23,1006.6,1007.6,2024-08-23T22:33:00,1005.1,2024-08-23T18:48:00,28.9,34.7,2024-08-23T12:35:00,24.7,2024-08-23T05:28:00,84.0,60.0,2024-08-23T15:15:00,0.3,241.0,4.5,78.0,2024-08-23T12:03:00,0.0,-99.8,20.5,31.3,31.5,31.4,31.4,30.9,30.2
2024-08-24,1006.2,1007.4,2024-08-24T08:18:00,1004.7,2024-08-24T18:42:00,28.5,35.0,2024-08-24T12:35:00,24.2,2024-08-24T04:05:00,85.0,58.0,2024-08-24T10:33:00,0.3,85.0,4.7,87.0,2024-08-24T14:07:00,0.0,-99.8,22.3,31.2,31.4,31.3,31.2,30.9,30.2
2024-08-25,1004.8,1006.0,2024-08-25T07:04:00,1003.4,2024-08-25T19:23:00,27.4,33.9,2024-08-25T12:01:00,24.0,2024-08-25T23:37:00,89.0,59.0,2024-08-25T10:37:00,0.3,53.0,5.0,90.0,2024-08-25T11:46:00,22.0,-99.8,21.3,30.5,30.8,30.9,31.0,30.9,30.3
2024-08-26,1002.8,1004.4,2024-08-26T00:01:00,1001.5,2024-08-26T15:45:00,28.3,34.4,2024-08-26T14:16:00,23.4,2024-08-26T03:06:00,83.0,53.0,2024-08-26T13:09:00,0.4,51.0,3.9,114.0,2024-08-26T13:15:00,0.0,-99.8,25.2,30.7,30.7,30.6,30.6,30.6,30.3
2024-08-27,1000.6,1002.9,2024-08-27T08:42:00,998.6,2024-08-27T19:38:00,29.3,35.5,2024-08-27T16:01:00,24.3,2024-08-27T05:36:00,83.0,55.0,2024-08-27T15:32:00,0.2,0.0,3.7,50.0,2024-08-27T13:12:00,0.0,-99.8,25.0,31.4,31.4,31.3,31.1,30.7,30.2
2024-08-28,999.8,1001.7,2024-08-28T20:52:00,998.3,2024-08-28T03:46:00,29.0,35.4,2024-08-28T10:38:00,24.3,2024-08-28T05:05:00,85.0,53.0,2024-08-28T11:50:00,0.4,61.0,5.3,90.0,2024-08-28T12:54:00,0.0,-99.8,24.5,31.5,31.6,31.5,31.3,30.9,30.2
2024-08-28,999.8,1001.7,2024-08-28T20:52:00,998.3,2024-08-28T03:46:00,29.0,35.4,2024-08-28T10:38:00,24.3,2024-08-28T05:05:00,85.0,53.0,2024-08-28T11:50:00,0.4,61.0,5.3,90.0,2024-08-28T12:54:00,0.0,-99.8,24.5,31.5,31.6,31.5,31.3,30.9,30.2
2024-08-29,1002.5,1004.5,2024-08-29T21:05:00,1000.4,2024-08-29T03:40:00,29.4,35.7,2024-08-29T12:08:00,24.7,2024-08-29T04:09:00,82.0,53.0,2024-08-29T15:47:00,0.3,220.0,3.8,91.0,2024-08-29T13:38:00,0.0,-99.8,24.7,31.8,31.8,31.7,31.5,31.0,30.3
2024-08-30,1004.8,1006.6,2024-08-30T21:01:00,1003.3,2024-08-30T04:28:00,29.1,35.1,2024-08-30T12:56:00,24.2,2024-08-30T05:31:00,82.0,52.0,2024-08-30T14:23:00,0.3,82.0,4.0,87.0,2024-08-30T13:17:00,0.0,-99.8,23.7,31.7,31.8,31.7,31.6,31.1,30.4
2024-08-31,1005.2,1006.7,2024-08-31T08:54:00,1004.1,2024-08-31T02:15:00,29.2,35.4,2024-08-31T14:25:00,24.4,2024-08-31T05:33:00,81.0,52.0,2024-08-31T12:32:00,0.3,53.0,3.5,119.0,2024-08-31T12:03:00,0.0,-99.8,24.1,31.9,32.0,31.9,31.7,31.2,30.4
2024-09-01,1004.6,1006.4,2024-09-01T09:03:00,1003.0,2024-09-01T19:21:00,29.3,35.9,2024-09-01T15:30:00,24.1,2024-09-01T05:15:00,80.0,49.0,2024-09-01T11:37:00,0.3,99.0,4.3,112.0,2024-09-01T14:43:00,0.0,-99.8,25.2,32.2,32.2,32.1,31.9,31.3,30.4
2024-09-02,1004.8,1006.3,2024-09-02T22:00:00,1003.4,2024-09-02T19:12:00,29.2,35.4,2024-09-02T12:18:00,24.6,2024-09-02T04:44:00,82.0,53.0,2024-09-02T13:12:00,0.3,292.0,4.7,95.0,2024-09-02T11:29:00,0.0,-99.8,23.6,32.6,32.5,32.4,32.1,31.4,30.5
2024-09-03,1003.7,1005.4,2024-09-03T10:05:00,1001.8,2024-09-03T19:05:00,29.0,34.1,2024-09-03T12:27:00,24.4,2024-09-03T05:43:00,82.0,54.0,2024-09-03T10:24:00,0.5,81.0,5.5,113.0,2024-09-03T14:16:00,0.0,-99.8,23.6,32.9,32.8,32.6,32.4,31.6,30.6
2024-09-04,1001.0,1002.5,2024-09-04T00:01:00,999.4,2024-09-04T15:38:00,29.0,35.2,2024-09-04T12:42:00,25.0,2024-09-04T03:57:00,84.0,55.0,2024-09-04T11:32:00,0.3,103.0,4.1,90.0,2024-09-04T12:26:00,0.0,-99.8,20.4,32.8,32.7,32.6,32.4,31.8,30.7
2024-09-05,1001.0,1003.3,2024-09-05T20:53:00,999.8,2024-09-05T01:54:00,28.9,35.6,2024-09-05T12:10:00,25.6,2024-09-05T04:12:00,87.0,57.0,2024-09-05T10:48:00,0.3,222.0,4.8,90.0,2024-09-05T13:30:00,0.0,-99.8,18.8,32.4,32.5,32.4,32.3,31.8,30.8
2024-09-06,1004.1,1006.7,2024-09-06T21:45:00,1001.6,2024-09-06T03:53:00,29.3,35.5,2024-09-06T14:50:00,24.9,2024-09-06T05:12:00,84.0,57.0,2024-09-06T14:52:00,0.3,115.0,4.5,79.0,2024-09-06T12:49:00,0.0,-99.8,22.9,33.0,32.9,32.7,32.4,31.8,30.8
2024-09-07,1006.8,1009.0,2024-09-07T23:31:00,1005.3,2024-09-07T03:17:00,28.8,34.6,2024-09-07T11:07:00,24.7,2024-09-07T05:19:00,84.0,59.0,2024-09-07T09:37:00,0.4,72.0,3.8,5.0,2024-09-07T12:02:00,0.0,-99.8,19.2,32.6,32.7,32.6,32.5,31.9,30.8
2024-09-08,1006.3,1008.8,2024-09-08T00:01:00,1004.7,2024-09-08T15:38:00,27.0,33.5,2024-09-08T11:34:00,24.3,2024-09-08T04:51:00,91.0,62.0,2024-09-08T10:31:00,0.3,64.0,4.8,72.0,2024-09-08T11:41:00,7.5,-99.8,16.3,31.4,31.7,31.8,32.0,31.8,30.9
2024-09-09,1003.7,1005.9,2024-09-09T00:01:00,1001.9,2024-09-09T18:42:00,28.0,33.6,2024-09-09T15:04:00,23.5,2024-09-09T05:23:00,84.0,61.0,2024-09-09T15:00:00,0.4,86.0,5.1,83.0,2024-09-09T15:38:00,0.0,-99.8,24.8,31.1,31.3,31.3,31.3,31.3,30.8
2024-09-10,1001.9,1004.1,2024-09-10T22:48:00,1000.5,2024-09-10T04:11:00,28.8,35.5,2024-09-10T14:21:00,23.6,2024-09-10T04:23:00,81.0,52.0,2024-09-10T10:21:00,0.3,229.0,4.8,107.0,2024-09-10T12:15:00,0.0,-99.8,22.9,31.5,31.6,31.5,31.4,31.2,30.7
2024-09-11,1004.7,1006.1,2024-09-11T18:51:00,1003.4,2024-09-11T14:06:00,28.9,35.2,2024-09-11T11:51:00,24.3,2024-09-11T05:17:00,82.0,51.0,2024-09-11T10:44:00,0.2,0.0,4.1,110.0,2024-09-11T14:22:00,0.0,-99.8,22.7,32.0,32.0,31.9,31.7,31.3,30.7
2024-09-12,1004.7,1007.4,2024-09-12T09:58:00,1002.9,2024-09-12T18:16:00,27.0,33.7,2024-09-12T13:59:00,23.8,2024-09-12T04:43:00,91.0,57.0,2024-09-12T14:23:00,0.2,0.0,3.5,117.0,2024-09-12T15:45:00,1.5,-99.8,14.3,30.5,30.9,31.0,31.2,31.2,30.6
2024-09-13,1001.5,1003.7,2024-09-13T00:01:00,999.2,2024-09-13T16:12:00,27.7,33.6,2024-09-13T09:42:00,23.5,2024-09-13T03:59:00,86.0,58.0,2024-09-13T09:43:00,0.5,67.0,5.1,104.0,2024-09-13T13:11:00,13.5,-99.8,22.0,30.7,30.8,30.8,30.8,30.9,30.6
2024-09-14,997.2,1000.3,2024-09-14T00:02:00,995.0,2024-09-14T17:15:00,26.8,33.2,2024-09-14T11:09:00,22.8,2024-09-14T03:54:00,88.0,57.0,2024-09-14T11:09:00,0.5,63.0,4.4,64.0,2024-09-14T14:15:00,10.5,-99.8,19.8,29.9,30.1,30.2,30.4,30.7,30.5
2024-09-15,998.3,1001.1,2024-09-15T22:36:00,996.0,2024-09-15T03:49:00,27.4,33.7,2024-09-15T13:52:00,22.6,2024-09-15T05:30:00,87.0,60.0,2024-09-15T14:58:00,0.2,0.0,3.9,93.0,2024-09-15T13:05:00,0.0,-99.8,22.3,30.0,30.1,30.1,30.1,30.4,30.4
2024-09-16,1001.7,1004.3,2024-09-16T21:21:00,999.7,2024-09-16T00:42:00,28.2,34.6,2024-09-16T12:04:00,23.4,2024-09-16T04:21:00,88.0,54.0,2024-09-16T11:34:00,0.4,80.0,5.8,91.0,2024-09-16T17:10:00,1.5,-99.8,19.5,30.2,30.3,30.2,30.2,30.3,30.2
2024-09-17,1003.7,1005.0,2024-09-17T08:43:00,1002.1,2024-09-17T18:21:00,28.9,35.4,2024-09-17T10:59:00,25.3,2024-09-17T22:54:00,83.0,44.0,2024-09-17T11:02:00,0.4,56.0,4.8,111.0,2024-09-17T12:43:00,12.0,-99.8,23.3,30.8,30.8,30.7,30.6,30.3,30.2
2024-09-18,1000.8,1003.9,2024-09-18T01:13:00,997.7,2024-09-18T18:01:00,25.4,30.0,2024-09-18T15:37:00,22.9,2024-09-18T05:10:00,97.0,82.0,2024-09-18T15:18:00,0.1,0.0,3.0,225.0,2024-09-18T10:31:00,1.5,-99.8,4.9,28.5,29.0,29.3,29.7,30.3,30.1
2024-09-19,1000.0,1002.3,2024-09-19T21:03:00,998.1,2024-09-19T03:29:00,28.1,34.9,2024-09-19T11:48:00,23.4,2024-09-19T06:03:00,87.0,61.0,2024-09-19T09:46:00,0.3,125.0,3.6,131.0,2024-09-19T12:01:00,0.0,-99.8,19.8,29.8,29.8,29.7,29.6,29.8,30.0
2024-09-20,1001.9,1003.6,2024-09-20T09:45:00,1000.6,2024-09-20T03:12:00,28.7,34.7,2024-09-20T13:01:00,24.7,2024-09-20T02:46:00,88.0,58.0,2024-09-20T13:03:00,0.2,0.0,4.2,100.0,2024-09-20T11:19:00,0.0,-99.8,21.2,30.6,30.5,30.4,30.2,30.0,29.9
2024-09-21,1000.2,1001.9,2024-09-21T08:46:00,999.2,2024-09-21T05:28:00,28.4,35.1,2024-09-21T13:32:00,24.5,2024-09-21T05:47:00,88.0,61.0,2024-09-21T11:35:00,0.2,0.0,3.4,85.0,2024-09-21T13:20:00,0.0,-99.8,16.2,30.4,30.5,30.4,30.3,30.2,29.9
2024-09-22,1004.1,1008.5,2024-09-22T22:15:00,1000.1,2024-09-22T00:19:00,27.8,33.6,2024-09-22T12:18:00,25.2,2024-09-22T21:33:00,91.0,62.0,2024-09-22T12:13:00,0.1,0.0,3.2,271.0,2024-09-22T15:24:00,4.0,-99.8,10.8,29.9,30.2,30.2,30.3,30.2,29.9
2024-09-23,1008.6,1010.2,2024-09-23T08:47:00,1007.1,2024-09-23T16:40:00,27.3,32.3,2024-09-23T12:33:00,25.1,2024-09-23T03:34:00,93.0,68.0,2024-09-23T12:38:00,0.2,0.0,3.4,127.0,2024-09-23T12:18:00,8.5,-99.8,11.7,29.4,29.6,29.7,29.8,30.0,29.9
2024-09-24,1007.8,1009.4,2024-09-24T08:26:00,1005.6,2024-09-24T17:00:00,27.9,33.4,2024-09-24T12:27:00,25.0,2024-09-24T05:46:00,92.0,70.0,2024-09-24T11:27:00,0.3,53.0,4.2,113.0,2024-09-24T12:22:00,0.0,-99.8,15.6,29.9,29.9,29.8,29.8,29.9,29.8
2024-09-25,1007.0,1008.2,2024-09-25T00:01:00,1005.6,2024-09-25T17:52:00,28.1,33.7,2024-09-25T11:09:00,25.1,2024-09-25T04:12:00,90.0,64.0,2024-09-25T11:10:00,0.3,76.0,4.1,123.0,2024-09-25T13:13:00,0.0,-99.8,16.2,30.2,30.2,30.1,30.0,29.9,29.8
2024-09-26,1006.4,1007.6,2024-09-26T08:31:00,1005.0,2024-09-26T17:04:00,27.0,29.7,2024-09-26T09:59:00,25.6,2024-09-26T21:03:00,95.0,83.0,2024-09-26T09:48:00,0.3,73.0,5.3,105.0,2024-09-26T12:34:00,5.5,-99.8,5.0,29.1,29.4,29.5,29.7,30.0,29.8
2024-09-27,1005.6,1006.7,2024-09-27T07:10:00,1003.9,2024-09-27T13:38:00,26.7,33.5,2024-09-27T11:13:00,23.6,2024-09-27T22:59:00,93.0,61.0,2024-09-27T10:50:00,0.3,61.0,4.9,21.0,2024-09-27T12:52:00,5.5,-99.8,15.1,29.3,29.4,29.4,29.5,29.7,29.7
2024-09-28,1005.0,1007.2,2024-09-28T21:45:00,1002.8,2024-09-28T14:54:00,26.7,32.2,2024-09-28T11:07:00,22.9,2024-09-28T05:32:00,89.0,64.0,2024-09-28T10:27:00,0.7,62.0,8.1,76.0,2024-09-28T13:42:00,0.5,-99.8,15.8,28.9,29.1,29.1,29.2,29.5,29.7
2024-09-29,1004.8,1006.6,2024-09-29T10:57:00,1002.9,2024-09-29T17:52:00,26.0,30.2,2024-09-29T09:56:00,23.4,2024-09-29T05:44:00,94.0,76.0,2024-09-29T10:13:00,0.1,0.0,4.1,90.0,2024-09-29T15:04:00,3.5,-99.8,8.3,28.3,28.6,28.7,28.9,29.4,29.6
2024-09-30,1002.6,1005.2,2024-09-30T07:50:00,1000.1,2024-09-30T13:35:00,24.4,29.0,2024-09-30T13:21:00,22.9,2024-09-30T19:41:00,99.0,86.0,2024-09-30T13:25:00,0.2,0.0,7.1,241.0,2024-09-30T18:21:00,63.0,-99.8,3.6,26.4,26.8,27.1,27.6,28.7,29.4
2024-10-01,1002.5,1004.9,2024-10-01T22:14:00,1000.5,2024-10-01T03:52:00,25.0,29.6,2024-10-01T09:31:00,22.8,2024-10-01T04:29:00,95.0,75.0,2024-10-01T09:32:00,0.5,256.0,9.0,225.0,2024-10-01T13:30:00,11.0,-99.8,8.4,26.5,26.6,26.7,26.8,27.7,28.9
2024-10-02,1005.1,1007.5,2024-10-02T20:23:00,1002.0,2024-10-02T02:54:00,24.6,29.9,2024-10-02T13:02:00,22.4,2024-10-02T01:53:00,95.0,73.0,2024-10-02T14:26:00,0.5,240.0,6.2,217.0,2024-10-02T14:51:00,38.0,-99.8,8.5,26.3,26.5,26.6,26.8,27.5,28.5
2024-10-03,1006.7,1008.7,2024-10-03T21:23:00,1004.3,2024-10-03T04:44:00,23.9,26.0,2024-10-03T11:37:00,22.8,2024-10-03T00:01:00,99.0,94.0,2024-10-03T13:46:00,0.2,0.0,4.4,305.0,2024-10-03T04:59:00,49.5,-99.8,4.7,25.3,25.4,25.5,25.8,26.8,28.0
2024-10-04,1008.6,1010.2,2024-10-04T09:33:00,1007.1,2024-10-04T03:58:00,25.3,31.8,2024-10-04T12:13:00,23.0,2024-10-04T00:58:00,96.0,67.0,2024-10-04T12:12:00,0.1,0.0,2.6,104.0,2024-10-04T12:52:00,1.5,-99.8,9.5,26.3,26.3,26.2,26.1,26.5,27.6
2024-10-05,1009.7,1011.3,2024-10-05T22:43:00,1008.0,2024-10-05T03:24:00,25.8,31.8,2024-10-05T15:07:00,22.9,2024-10-05T03:41:00,92.0,68.0,2024-10-05T14:00:00,0.2,0.0,3.2,95.0,2024-10-05T15:44:00,0.0,-99.8,12.6,27.0,26.9,26.8,26.7,26.8,27.6
2024-10-06,1010.1,1011.6,2024-10-06T21:25:00,1008.5,2024-10-06T17:32:00,26.9,32.6,2024-10-06T10:31:00,22.8,2024-10-06T05:18:00,89.0,60.0,2024-10-06T12:42:00,0.4,72.0,4.4,38.0,2024-10-06T14:17:00,0.0,-99.8,21.2,28.1,27.8,27.7,27.4,27.2,27.6
2024-10-07,1010.3,1011.6,2024-10-07T08:19:00,1008.8,2024-10-07T14:24:00,26.8,32.4,2024-10-07T12:48:00,22.8,2024-10-07T04:43:00,88.0,56.0,2024-10-07T10:17:00,0.4,70.0,5.3,75.0,2024-10-07T13:57:00,0.0,-99.8,20.1,28.4,28.3,28.2,28.0,27.7,27.8
2024-10-08,1010.2,1011.6,2024-10-08T20:32:00,1009.0,2024-10-08T14:20:00,25.5,30.8,2024-10-08T10:10:00,23.0,2024-10-08T05:45:00,90.0,69.0,2024-10-08T09:30:00,0.6,73.0,7.4,74.0,2024-10-08T14:48:00,0.0,-99.8,13.5,27.6,27.8,27.9,28.0,28.0,27.9
2024-10-09,1009.6,1011.2,2024-10-09T09:40:00,1008.2,2024-10-09T16:42:00,25.1,30.1,2024-10-09T09:10:00,22.9,2024-10-09T04:34:00,87.0,61.0,2024-10-09T09:11:00,0.3,72.0,4.9,35.0,2024-10-09T12:08:00,0.0,-99.8,9.2,27.0,27.3,27.4,27.5,27.9,28.0
2024-10-10,1009.8,1011.2,2024-10-10T22:07:00,1008.2,2024-10-10T15:32:00,23.5,26.5,2024-10-10T10:41:00,22.2,2024-10-10T21:35:00,93.0,74.0,2024-10-10T10:43:00,0.2,0.0,4.7,105.0,2024-10-10T11:48:00,0.0,-99.8,4.3,26.0,26.4,26.6,26.9,27.6,28.0
2024-10-11,1011.1,1013.3,2024-10-11T21:27:00,1009.3,2024-10-11T15:14:00,23.3,28.4,2024-10-11T09:12:00,21.8,2024-10-11T05:29:00,91.0,65.0,2024-10-11T09:15:00,0.2,0.0,3.3,41.0,2024-10-11T09:21:00,0.0,-99.8,4.4,25.4,25.8,25.9,26.3,27.2,27.9
2024-10-12,1012.3,1013.8,2024-10-12T08:54:00,1011.0,2024-10-12T16:36:00,24.4,31.3,2024-10-12T11:47:00,21.3,2024-10-12T06:07:00,89.0,56.0,2024-10-12T11:46:00,0.2,0.0,4.0,97.0,2024-10-12T12:25:00,0.0,-99.8,10.5,26.1,26.2,26.2,26.3,26.9,27.8
2024-10-13,1011.7,1013.4,2024-10-13T09:18:00,1010.1,2024-10-13T14:28:00,25.9,32.0,2024-10-13T11:48:00,22.1,2024-10-13T03:13:00,88.0,58.0,2024-10-13T13:39:00,0.3,230.0,3.1,286.0,2024-10-13T12:51:00,0.0,-99.8,15.1,27.0,27.0,26.9,26.8,27.0,27.7
2024-10-14,1010.5,1012.0,2024-10-14T08:59:00,1008.6,2024-10-14T14:14:00,26.1,33.5,2024-10-14T12:41:00,21.6,2024-10-14T04:50:00,86.0,50.0,2024-10-14T12:51:00,0.3,214.0,3.2,20.0,2024-10-14T13:00:00,0.0,-99.8,19.7,27.6,27.5,27.4,27.3,27.3,27.6
2024-10-15,1010.7,1012.7,2024-10-15T21:54:00,1008.9,2024-10-15T04:02:00,25.6,31.8,2024-10-15T12:03:00,21.6,2024-10-15T04:26:00,90.0,61.0,2024-10-15T12:33:00,0.4,83.0,4.4,134.0,2024-10-15T12:43:00,1.0,-99.8,15.5,27.5,27.5,27.4,27.4,27.4,27.7
2024-10-16,1011.6,1013.4,2024-10-16T09:05:00,1009.9,2024-10-16T17:33:00,26.7,31.8,2024-10-16T10:39:00,22.9,2024-10-16T06:05:00,88.0,60.0,2024-10-16T09:50:00,0.5,18.0,4.5,43.0,2024-10-16T14:59:00,0.0,-99.8,17.9,28.3,28.1,28.0,27.8,27.6,27.8
2024-10-17,1010.5,1012.4,2024-10-17T00:01:00,1008.5,2024-10-17T14:47:00,27.2,32.8,2024-10-17T11:07:00,23.0,2024-10-17T05:21:00,87.0,57.0,2024-10-17T10:56:00,0.3,60.0,3.8,120.0,2024-10-17T11:59:00,0.0,-99.8,20.2,28.8,28.6,28.5,28.2,27.9,27.8
2024-10-18,1009.8,1011.0,2024-10-18T00:01:00,1008.2,2024-10-18T14:40:00,26.7,33.9,2024-10-18T12:47:00,22.8,2024-10-18T23:48:00,87.0,55.0,2024-10-18T12:36:00,0.2,0.0,3.9,90.0,2024-10-18T12:48:00,0.0,-99.8,19.2,28.6,28.6,28.5,28.4,28.2,28.0
2024-10-19,1011.4,1014.2,2024-10-19T22:58:00,1009.2,2024-10-19T03:34:00,26.9,33.6,2024-10-19T12:02:00,21.5,2024-10-19T05:47:00,86.0,52.0,2024-10-19T10:23:00,0.4,48.0,4.5,73.0,2024-10-19T14:38:00,0.0,-99.8,20.1,28.5,28.4,28.3,28.2,28.2,28.1
2024-10-20,1014.0,1016.0,2024-10-20T09:29:00,1012.5,2024-10-20T03:03:00,25.4,29.7,2024-10-20T13:34:00,23.7,2024-10-20T06:33:00,96.0,78.0,2024-10-20T13:35:00,0.2,0.0,5.3,51.0,2024-10-20T14:10:00,14.5,-99.8,7.7,27.6,27.9,27.9,28.1,28.2,28.1
2024-10-21,1011.8,1013.7,2024-10-21T08:41:00,1009.3,2024-10-21T16:29:00,25.4,29.7,2024-10-21T10:22:00,23.5,2024-10-21T23:30:00,97.0,79.0,2024-10-21T10:22:00,0.1,0.0,3.0,47.0,2024-10-21T13:43:00,1.5,-99.8,5.3,27.2,27.5,27.5,27.6,28.0,28.1
2024-10-22,1009.9,1011.6,2024-10-22T08:11:00,1008.1,2024-10-22T14:03:00,25.9,31.1,2024-10-22T11:23:00,21.9,2024-10-22T06:12:00,89.0,69.0,2024-10-22T09:08:00,0.8,55.0,6.6,22.0,2024-10-22T21:48:00,0.0,-99.8,13.2,27.3,27.4,27.4,27.4,27.8,28.1
2024-10-23,1008.3,1010.7,2024-10-23T08:53:00,1006.5,2024-10-23T23:57:00,25.1,27.9,2024-10-23T11:35:00,22.9,2024-10-23T05:09:00,84.0,71.0,2024-10-23T12:41:00,0.9,42.0,7.6,21.0,2024-10-23T10:10:00,0.0,-99.8,7.8,26.6,26.9,27.0,27.3,27.7,28.0
2024-10-24,1004.3,1006.6,2024-10-24T00:01:00,1002.2,2024-10-24T15:47:00,23.6,24.7,2024-10-24T23:34:00,22.7,2024-10-24T04:57:00,97.0,84.0,2024-10-24T00:01:00,0.4,34.0,6.6,30.0,2024-10-24T21:58:00,21.5,-99.8,3.6,25.7,26.1,26.2,26.6,27.4,27.9
2024-10-25,1004.5,1006.6,2024-10-25T21:47:00,1002.4,2024-10-25T15:24:00,26.0,30.3,2024-10-25T11:27:00,24.4,2024-10-25T03:59:00,97.0,81.0,2024-10-25T11:28:00,0.4,231.0,5.1,24.0,2024-10-25T00:49:00,33.0,-99.8,6.6,26.4,26.4,26.3,26.3,26.8,27.6
2024-10-26,1005.8,1007.6,2024-10-26T21:45:00,1003.9,2024-10-26T15:24:00,25.3,28.6,2024-10-26T12:09:00,24.2,2024-10-26T04:45:00,98.0,86.0,2024-10-26T11:11:00,0.2,0.0,3.1,45.0,2024-10-26T12:29:00,5.5,-99.8,4.5,26.5,26.6,26.6,26.6,26.9,27.5
2024-10-27,1005.5,1007.8,2024-10-27T07:52:00,1003.1,2024-10-27T14:22:00,26.6,33.4,2024-10-27T13:21:00,23.4,2024-10-27T07:01:00,91.0,55.0,2024-10-27T13:22:00,0.3,220.0,3.6,231.0,2024-10-27T08:47:00,1.5,-99.8,15.2,27.7,27.5,27.3,27.1,27.1,27.4
2024-10-27,1005.5,1007.8,2024-10-27T07:52:00,1003.1,2024-10-27T14:22:00,26.6,33.4,2024-10-27T13:21:00,23.4,2024-10-27T07:01:00,91.0,55.0,2024-10-27T13:22:00,0.3,220.0,3.6,231.0,2024-10-27T08:47:00,1.5,-99.8,15.2,27.7,27.5,27.3,27.1,27.1,27.4
2024-10-28,1005.6,1007.4,2024-10-28T19:46:00,1004.0,2024-10-28T14:14:00,25.5,30.7,2024-10-28T10:11:00,23.3,2024-10-28T06:24:00,89.0,70.0,2024-10-28T10:11:00,0.9,65.0,7.6,69.0,2024-10-28T21:23:00,4.0,-99.8,11.1,27.1,27.3,27.3,27.4,27.4,27.5
2024-10-29,1006.9,1008.6,2024-10-29T09:59:00,1004.9,2024-10-29T14:19:00,25.2,29.6,2024-10-29T10:47:00,22.9,2024-10-29T21:33:00,84.0,66.0,2024-10-29T10:49:00,1.1,59.0,9.1,81.0,2024-10-29T10:21:00,0.0,-99.8,11.8,26.8,27.0,27.0,27.1,27.4,27.6
2024-10-30,1004.6,1007.9,2024-10-30T08:59:00,1000.3,2024-10-30T23:48:00,24.8,28.5,2024-10-30T12:35:00,21.6,2024-10-30T05:25:00,92.0,76.0,2024-10-30T13:41:00,0.6,45.0,7.8,10.0,2024-10-30T22:24:00,7.0,-99.8,5.5,26.0,26.3,26.4,26.6,27.2,27.6
2024-10-31,992.9,1000.7,2024-10-31T00:15:00,985.5,2024-10-31T14:59:00,25.4,27.1,2024-10-31T00:03:00,23.8,2024-10-31T11:02:00,98.0,88.0,2024-10-31T00:03:00,2.9,24.0,19.9,89.0,2024-10-31T13:25:00,227.0,-99.8,0.0,25.3,25.3,25.4,25.5,25.8,26.2
2024-11-01,1001.6,1008.8,2024-11-01T23:49:00,993.9,2024-11-01T00:01:00,26.8,33.3,2024-11-01T12:56:00,24.1,2024-11-01T04:03:00,90.0,61.0,2024-11-01T12:55:00,0.7,240.0,6.5,14.0,2024-11-01T19:44:00,1.0,-99.8,10.6,26.2,25.9,25.7,25.4,25.2,25.4
2024-11-02,1013.7,1016.6,2024-11-02T21:09:00,1008.7,2024-11-02T00:03:00,23.8,26.0,2024-11-02T12:31:00,22.6,2024-11-02T08:22:00,96.0,77.0,2024-11-02T12:33:00,0.2,0.0,3.8,20.0,2024-11-02T16:21:00,2.0,-99.8,3.9,25.4,25.5,25.6,25.6,25.6,25.6
2024-11-03,1014.5,1015.8,2024-11-03T00:09:00,1012.6,2024-11-03T16:53:00,23.5,27.9,2024-11-03T10:11:00,21.2,2024-11-03T04:19:00,92.0,71.0,2024-11-03T10:40:00,0.3,79.0,5.0,35.0,2024-11-03T11:48:00,0.0,-99.8,7.3,25.0,25.1,25.2,25.2,25.5,25.7
2024-11-04,1014.1,1015.9,2024-11-04T21:41:00,1012.1,2024-11-04T13:41:00,23.8,30.0,2024-11-04T10:56:00,20.3,2024-11-04T05:48:00,89.0,59.0,2024-11-04T10:22:00,0.6,60.0,6.0,29.0,2024-11-04T14:21:00,1.5,-99.8,14.2,25.2,25.2,25.2,25.2,25.4,25.7
2024-11-05,1014.4,1016.6,2024-11-05T21:03:00,1012.2,2024-11-05T13:30:00,23.9,29.5,2024-11-05T10:28:00,20.2,2024-11-05T06:30:00,84.0,55.0,2024-11-05T10:34:00,1.0,44.0,8.6,3.0,2024-11-05T19:23:00,0.0,-99.8,15.1,25.2,25.3,25.2,25.3,25.5,25.8
2024-11-06,1016.8,1018.5,2024-11-06T21:15:00,1014.9,2024-11-06T04:23:00,22.4,24.5,2024-11-06T13:12:00,20.4,2024-11-06T23:39:00,72.0,62.0,2024-11-06T13:12:00,1.7,48.0,9.3,62.0,2024-11-06T12:31:00,0.0,-99.8,5.7,23.7,24.2,24.4,24.8,25.4,25.8
2024-11-07,1016.4,1018.3,2024-11-07T09:04:00,1014.9,2024-11-07T15:46:00,21.9,25.9,2024-11-07T10:09:00,19.5,2024-11-07T06:13:00,86.0,62.0,2024-11-07T10:40:00,0.6,41.0,6.8,60.0,2024-11-07T13:01:00,0.0,-99.8,6.6,23.5,23.7,23.9,24.1,25.0,25.8
2024-11-08,1013.8,1016.1,2024-11-08T09:02:00,1011.8,2024-11-08T16:40:00,22.1,23.5,2024-11-08T16:05:00,20.8,2024-11-08T02:37:00,98.0,89.0,2024-11-08T10:08:00,0.1,0.0,2.7,223.0,2024-11-08T08:36:00,4.5,-99.8,3.6,23.7,23.8,23.9,24.1,24.8,25.7
2024-11-09,1012.1,1013.4,2024-11-09T08:14:00,1010.4,2024-11-09T03:59:00,25.1,31.4,2024-11-09T12:19:00,20.5,2024-11-09T05:36:00,90.0,63.0,2024-11-09T11:42:00,0.5,52.0,4.3,343.0,2024-11-09T13:11:00,0.0,-99.8,15.5,25.3,25.1,24.9,24.7,24.8,25.6
2024-11-10,1012.2,1014.1,2024-11-10T08:27:00,1010.3,2024-11-10T02:32:00,24.5,27.0,2024-11-10T11:34:00,23.1,2024-11-10T05:59:00,95.0,84.0,2024-11-10T11:34:00,0.4,59.0,5.2,48.0,2024-11-10T13:15:00,0.5,-99.8,5.2,25.5,25.5,25.5,25.4,25.3,25.6
2024-11-11,1011.6,1013.5,2024-11-11T07:44:00,1010.1,2024-11-11T16:55:00,24.3,27.9,2024-11-11T10:15:00,22.6,2024-11-11T22:14:00,92.0,75.0,2024-11-11T10:17:00,0.4,59.0,5.9,65.0,2024-11-11T13:23:00,1.0,-99.8,7.0,25.4,25.4,25.4,25.4,25.5,25.7
2024-11-12,1010.8,1012.4,2024-11-12T08:53:00,1009.0,2024-11-12T15:52:00,23.6,26.2,2024-11-12T11:20:00,22.2,2024-11-12T04:24:00,98.0,87.0,2024-11-12T11:02:00,0.2,0.0,4.3,9.0,2024-11-12T22:00:00,16.0,-99.8,4.1,25.0,25.1,25.1,25.2,25.5,25.8
2024-11-13,1010.5,1012.1,2024-11-13T21:10:00,1009.1,2024-11-13T17:07:00,24.9,30.7,2024-11-13T10:18:00,21.4,2024-11-13T04:01:00,93.0,63.0,2024-11-13T10:18:00,0.4,84.0,4.5,92.0,2024-11-13T12:55:00,2.5,-99.8,12.3,25.7,25.6,25.5,25.4,25.5,25.8
2024-11-14,1010.1,1012.4,2024-11-14T09:16:00,1007.9,2024-11-14T17:10:00,24.8,29.6,2024-11-14T15:03:00,21.6,2024-11-14T06:13:00,92.0,68.0,2024-11-14T13:06:00,0.4,228.0,4.9,221.0,2024-11-14T10:30:00,0.5,-99.8,7.5,25.5,25.6,25.6,25.6,25.7,25.8
2024-11-15,1007.1,1009.4,2024-11-15T00:01:00,1004.5,2024-11-15T16:45:00,25.0,29.2,2024-11-15T11:21:00,22.9,2024-11-15T03:47:00,91.0,70.0,2024-11-15T11:24:00,1.0,244.0,5.0,216.0,2024-11-15T10:24:00,3.5,-99.8,7.0,25.7,25.7,25.7,25.7,25.7,25.9
2024-11-16,1006.1,1008.6,2024-11-16T21:15:00,1004.4,2024-11-16T17:00:00,24.5,30.9,2024-11-16T13:26:00,22.4,2024-11-16T05:38:00,95.0,61.0,2024-11-16T13:14:00,0.4,236.0,3.8,233.0,2024-11-16T00:09:00,2.0,-99.8,8.8,25.7,25.8,25.7,25.7,25.8,26.0
2024-11-17,1011.0,1015.1,2024-11-17T22:56:00,1007.2,2024-11-17T02:15:00,25.0,29.7,2024-11-17T10:54:00,22.9,2024-11-17T23:56:00,89.0,70.0,2024-11-17T13:42:00,0.6,54.0,7.1,67.0,2024-11-17T18:27:00,0.0,-99.8,10.8,26.0,26.0,25.9,25.9,25.9,26.0
2024-11-18,1017.3,1019.5,2024-11-18T20:10:00,1014.7,2024-11-18T00:09:00,21.3,23.0,2024-11-18T00:01:00,19.5,2024-11-18T18:17:00,88.0,77.0,2024-11-18T09:37:00,1.3,41.0,9.1,65.0,2024-11-18T10:40:00,2.5,-99.8,2.5,23.9,24.4,24.7,25.1,25.8,26.1
