,StnPres,StnPresMax,StnPresMaxTime,StnPresMin,StnPresMinTime,Tx,TxMaxAbs,TxMaxAbsTime,TxMinAbs,TxMinAbsTime,RH,RHMin,RHMinTime,WS,WD,WSGust,WDGust,WGustTime,Precp
2022-01-01,1020.2,1022.2,2022-01-02 00:00:00,1017.8,2022-01-01 15:48:00,17.7,24.9,2022-01-01 15:51:00,13.1,2022-01-01 06:22:00,80.0,32.0,2022-01-01 15:16:00,2.0,9.0,10.7,21.0,2022-01-01 13:01:00,0.0
2022-01-02,1018.4,1020.3,2022-01-02 09:16:00,1016.1,2022-01-02 14:53:00,17.7,24.8,2022-01-02 13:02:00,13.2,2022-01-02 06:52:00,84.0,44.0,2022-01-02 12:41:00,1.4,10.0,7.2,23.0,2022-01-02 10:27:00,0.0
2022-01-03,1017.2,1019.0,2022-01-03 09:39:00,1014.9,2022-01-03 15:43:00,18.1,24.7,2022-01-03 14:33:00,13.4,2022-01-03 06:48:00,84.0,43.0,2022-01-03 14:33:00,1.6,357.0,7.4,26.0,2022-01-03 13:30:00,0.0
2022-01-04,1016.2,1018.4,2022-01-04 08:58:00,1013.7,2022-01-04 15:13:00,18.6,25.5,2022-01-04 13:23:00,13.7,2022-01-04 07:07:00,87.0,50.0,2022-01-04 12:37:00,1.1,19.0,5.7,314.0,2022-01-04 16:11:00,0.0
2022-01-05,1014.2,1015.7,2022-01-05 09:28:00,1011.9,2022-01-05 14:19:00,19.0,23.1,2022-01-05 14:16:00,16.4,2022-01-05 02:32:00,94.0,76.0,2022-01-05 12:26:00,1.3,21.0,6.9,14.0,2022-01-05 18:00:00,0.0
2022-01-06,1015.2,,,,,18.3,,,,,90.0,,,2.1,19.0,,,,0.5
2022-01-07,1017.2,1019.7,2022-01-07 09:37:00,1015.0,2022-01-07 15:24:00,16.5,19.7,2022-01-07 15:00:00,14.3,2022-01-07 07:02:00,91.0,74.0,2022-01-07 15:37:00,2.0,1.0,7.9,7.0,2022-01-07 16:33:00,0.5
2022-01-08,1015.4,1017.6,2022-01-08 00:31:00,1013.0,2022-01-08 15:32:00,17.5,23.3,2022-01-08 13:33:00,13.9,2022-01-08 05:48:00,84.0,55.0,2022-01-08 13:14:00,1.5,1.0,6.5,41.0,2022-01-08 01:37:00,0.0
2022-01-09,1013.6,1015.3,2022-01-09 08:24:00,1011.4,2022-01-09 15:00:00,17.6,23.4,2022-01-09 14:02:00,13.5,2022-01-09 06:47:00,87.0,59.0,2022-01-09 12:25:00,1.4,21.0,7.7,4.0,2022-01-09 18:15:00,0.0
2022-01-10,1013.0,1014.8,2022-01-10 09:49:00,1010.3,2022-01-10 15:18:00,17.8,23.7,2022-01-10 14:14:00,13.5,2022-01-10 06:32:00,89.0,59.0,2022-01-10 12:33:00,1.2,23.0,7.0,297.0,2022-01-10 15:18:00,0.0
2022-01-11,1014.8,1017.3,2022-01-11 21:36:00,1012.5,2022-01-11 02:01:00,16.0,18.8,2022-01-11 14:16:00,13.0,2022-01-11 23:58:00,77.0,54.0,2022-01-11 14:17:00,2.5,2.0,10.6,24.0,2022-01-11 07:20:00,0.0
2022-01-12,1017.2,1019.1,2022-01-12 08:56:00,1015.5,2022-01-12 15:05:00,14.3,18.0,2022-01-12 16:18:00,12.5,2022-01-12 02:00:00,83.0,61.0,2022-01-12 15:23:00,1.0,20.0,6.1,26.0,2022-01-12 13:22:00,0.0
2022-01-13,1017.4,1019.6,2022-01-13 09:48:00,1014.7,2022-01-13 14:23:00,15.2,21.6,2022-01-13 13:27:00,11.0,2022-01-13 23:59:00,75.0,49.0,2022-01-13 13:18:00,2.1,3.0,9.8,307.0,2022-01-13 14:23:00,0.0
2022-01-14,1017.3,1019.4,2022-01-14 09:56:00,1014.5,2022-01-14 16:01:00,15.2,21.9,2022-01-14 14:08:00,9.7,2022-01-14 07:02:00,77.0,43.0,2022-01-14 13:36:00,1.0,5.0,6.9,303.0,2022-01-14 17:16:00,0.0
2022-01-15,1017.3,1019.3,2022-01-15 19:54:00,1014.9,2022-01-15 15:14:00,17.6,23.3,2022-01-15 13:00:00,13.7,2022-01-15 04:28:00,83.0,51.0,2022-01-15 14:37:00,1.1,357.0,8.8,304.0,2022-01-15 14:14:00,0.0
2022-01-16,1016.9,1018.9,2022-01-16 08:33:00,1014.2,2022-01-16 14:45:00,18.4,24.9,2022-01-16 14:17:00,13.2,2022-01-16 06:48:00,87.0,53.0,2022-01-16 11:55:00,1.2,4.0,7.6,6.0,2022-01-16 17:46:00,0.0
2022-01-17,1016.2,1017.9,2022-01-17 08:20:00,1014.1,2022-01-17 15:58:00,18.7,23.1,2022-01-17 14:07:00,16.1,2022-01-17 23:59:00,91.0,65.0,2022-01-17 13:45:00,2.1,19.0,8.3,334.0,2022-01-17 14:48:00,2.0
2022-01-18,1015.4,1017.2,2022-01-18 09:46:00,1013.5,2022-01-18 15:07:00,17.4,21.0,2022-01-18 12:31:00,15.5,2022-01-18 06:04:00,96.0,79.0,2022-01-18 12:08:00,1.3,2.0,7.8,16.0,2022-01-18 10:35:00,5.5
2022-01-19,1013.8,1015.6,2022-01-19 00:39:00,1011.6,2022-01-19 15:52:00,17.9,22.6,2022-01-19 14:23:00,15.4,2022-01-19 23:58:00,92.0,69.0,2022-01-19 14:23:00,1.7,6.0,7.6,27.0,2022-01-19 10:35:00,0.0
2022-01-20,1013.3,1015.3,2022-01-20 09:45:00,1011.4,2022-01-20 14:31:00,18.1,25.2,2022-01-20 13:43:00,13.4,2022-01-20 06:02:00,87.0,53.0,2022-01-20 13:35:00,0.8,1.0,6.5,320.0,2022-01-20 15:32:00,0.0
2022-01-21,1013.8,1016.3,2022-01-21 08:10:00,1012.4,2022-01-21 17:12:00,18.8,24.2,2022-01-21 12:02:00,15.8,2022-01-21 05:13:00,93.0,57.0,2022-01-21 12:10:00,1.6,20.0,8.1,355.0,2022-01-21 12:05:00,0.5
2022-01-22,1011.3,1014.0,2022-01-22 08:29:00,1008.2,2022-01-22 14:50:00,18.1,21.7,2022-01-22 13:50:00,16.9,2022-01-22 17:10:00,98.0,78.0,2022-01-22 13:50:00,1.5,18.0,9.3,27.0,2022-01-22 15:08:00,7.0
2022-01-23,1009.3,1010.7,2022-01-23 09:58:00,1007.8,2022-01-23 14:20:00,19.0,24.4,2022-01-23 13:03:00,17.2,2022-01-23 01:10:00,99.0,88.0,2022-01-23 13:04:00,0.7,10.0,6.7,308.0,2022-01-23 14:49:00,0.0
2022-01-24,1010.6,1012.4,2022-01-24 23:39:00,1009.5,2022-01-24 06:56:00,18.5,20.9,2022-01-24 11:39:00,16.3,2022-01-25 00:00:00,98.0,85.0,2022-01-24 13:45:00,1.6,12.0,8.3,33.0,2022-01-24 10:19:00,0.0
2022-01-25,1012.7,1015.0,2022-01-25 10:05:00,1010.5,2022-01-25 14:56:00,19.1,26.2,2022-01-25 14:05:00,16.1,2022-01-25 00:40:00,93.0,59.0,2022-01-25 14:07:00,1.4,25.0,7.5,8.0,2022-01-25 17:10:00,0.0
2022-01-26,1013.6,1015.3,2022-01-26 09:47:00,1011.4,2022-01-26 14:25:00,20.3,26.7,2022-01-26 13:59:00,17.1,2022-01-26 06:52:00,92.0,59.0,2022-01-26 14:03:00,1.4,5.0,7.5,18.0,2022-01-26 08:43:00,0.0
2022-01-27,1013.4,1015.1,2022-01-27 09:19:00,1011.1,2022-01-27 14:39:00,20.7,27.5,2022-01-27 13:32:00,18.5,2022-01-27 03:12:00,90.0,54.0,2022-01-27 13:16:00,1.6,2.0,7.9,23.0,2022-01-27 16:34:00,0.0
2022-01-28,1012.5,1013.9,2022-01-28 00:02:00,1010.2,2022-01-28 15:51:00,19.2,21.6,2022-01-28 12:24:00,17.2,2022-01-28 22:09:00,97.0,81.0,2022-01-28 11:54:00,1.3,5.0,6.1,15.0,2022-01-28 07:20:00,6.0
2022-01-29,1009.5,1012.5,2022-01-29 00:11:00,1006.9,2022-01-29 15:33:00,17.0,17.9,2022-01-29 15:29:00,16.2,2022-01-29 23:59:00,99.0,99.0,2022-01-29 16:33:00,1.6,7.0,7.2,30.0,2022-01-29 12:07:00,10.0
2022-01-30,1012.8,1016.4,2022-01-30 23:07:00,1009.0,2022-01-30 03:47:00,14.8,17.5,2022-01-30 10:57:00,11.7,2022-01-30 22:47:00,93.0,71.0,2022-01-30 16:42:00,2.5,15.0,11.2,30.0,2022-01-30 14:50:00,0.0
2022-01-31,1015.5,1016.9,2022-01-31 09:38:00,1013.5,2022-01-31 05:22:00,15.4,21.1,2022-01-31 13:01:00,10.4,2022-01-31 03:12:00,83.0,49.0,2022-01-31 13:34:00,1.1,1.0,8.0,332.0,2022-01-31 15:57:00,0.0
2022-02-01,1015.4,1016.7,2022-02-01 00:36:00,1013.6,2022-02-01 16:20:00,17.1,19.5,2022-02-01 12:37:00,15.2,2022-02-01 05:40:00,92.0,76.0,2022-02-01 10:05:00,1.5,20.0,8.2,4.0,2022-02-01 15:32:00,0.0
2022-02-02,1015.2,1016.6,2022-02-02 09:32:00,1013.7,2022-02-02 16:35:00,17.6,21.7,2022-02-02 12:28:00,15.7,2022-02-02 04:47:00,96.0,76.0,2022-02-02 12:29:00,1.7,13.0,7.6,15.0,2022-02-02 14:17:00,0.0
2022-02-03,1013.9,,,,,16.8,,,,,97.0,,,1.6,20.0,,,,2.5
2022-02-04,1015.6,1018.1,2022-02-04 22:24:00,1014.0,2022-02-04 15:31:00,16.6,21.5,2022-02-04 12:00:00,13.8,2022-02-04 23:32:00,90.0,69.0,2022-02-04 12:04:00,2.2,8.0,15.0,28.0,2022-02-04 04:16:00,0.0
2022-02-05,1018.9,1020.7,2022-02-05 21:46:00,1017.0,2022-02-05 04:11:00,15.6,19.2,2022-02-05 13:48:00,13.3,2022-02-05 03:00:00,83.0,63.0,2022-02-05 15:09:00,1.9,4.0,8.2,20.0,2022-02-05 15:08:00,0.0
2022-02-06,1018.4,1021.0,2022-02-06 09:21:00,1015.9,2022-02-06 15:55:00,15.9,21.4,2022-02-06 13:06:00,11.8,2022-02-06 06:02:00,86.0,57.0,2022-02-06 13:06:00,1.8,7.0,8.1,5.0,2022-02-06 15:22:00,0.0
2022-02-07,1014.2,1017.0,2022-02-08 00:00:00,1010.2,2022-02-07 14:47:00,16.6,22.7,2022-02-07 12:27:00,13.1,2022-02-07 06:22:00,90.0,57.0,2022-02-07 12:17:00,1.6,10.0,10.5,21.0,2022-02-07 18:48:00,0.5
2022-02-08,1014.6,1016.4,2022-02-08 09:35:00,1012.6,2022-02-08 04:27:00,17.2,21.1,2022-02-08 15:06:00,15.5,2022-02-08 07:16:00,89.0,66.0,2022-02-08 15:09:00,2.4,4.0,9.2,19.0,2022-02-08 07:59:00,0.0
2022-02-09,1015.0,,,,,18.8,,,,,86.0,,,1.3,6.0,,,,0.0
2022-02-10,1014.3,1016.8,2022-02-10 08:39:00,1011.3,2022-02-10 15:48:00,18.4,24.6,2022-02-10 13:22:00,16.0,2022-02-10 01:47:00,91.0,61.0,2022-02-10 13:27:00,1.5,3.0,6.8,345.0,2022-02-10 17:00:00,0.0
2022-02-11,1013.9,1016.3,2022-02-11 09:25:00,1012.2,2022-02-11 15:36:00,17.8,21.7,2022-02-11 11:06:00,15.7,2022-02-11 01:32:00,95.0,77.0,2022-02-11 10:44:00,1.3,9.0,6.7,7.0,2022-02-11 13:50:00,0.0
2022-02-12,1012.1,1014.7,2022-02-12 09:15:00,1010.3,2022-02-12 14:43:00,17.9,22.2,2022-02-12 12:29:00,15.9,2022-02-12 04:00:00,95.0,74.0,2022-02-12 12:30:00,1.7,11.0,8.6,21.0,2022-02-12 17:03:00,0.0
2022-02-13,1010.4,1012.2,2022-02-13 21:48:00,1008.0,2022-02-13 16:08:00,18.4,25.6,2022-02-13 13:22:00,15.9,2022-02-13 23:52:00,93.0,63.0,2022-02-13 13:22:00,1.5,2.0,8.4,15.0,2022-02-13 22:55:00,0.0
2022-02-14,1012.5,1014.7,2022-02-14 09:44:00,1010.8,2022-02-14 03:49:00,15.8,18.3,2022-02-14 16:19:00,14.3,2022-02-14 21:32:00,93.0,79.0,2022-02-14 16:27:00,2.5,1.0,12.5,21.0,2022-02-14 09:06:00,0.0
2022-02-15,1013.7,1016.2,2022-02-15 09:39:00,1012.2,2022-02-15 14:40:00,16.3,21.5,2022-02-15 13:01:00,13.5,2022-02-15 05:35:00,88.0,64.0,2022-02-15 12:59:00,1.1,344.0,8.0,18.0,2022-02-15 16:50:00,0.0
2022-02-16,1012.4,1014.9,2022-02-16 09:22:00,1009.7,2022-02-16 15:53:00,17.4,23.4,2022-02-16 14:14:00,13.8,2022-02-16 03:30:00,89.0,57.0,2022-02-16 14:15:00,1.4,10.0,7.7,23.0,2022-02-16 11:15:00,0.0
2022-02-17,1011.5,1012.7,2022-02-17 11:45:00,1009.6,2022-02-17 05:14:00,16.8,20.5,2022-02-17 10:34:00,14.3,2022-02-17 06:32:00,95.0,74.0,2022-02-17 10:32:00,1.6,13.0,7.6,19.0,2022-02-17 08:58:00,0.0
2022-02-18,1011.8,1013.9,2022-02-18 08:25:00,1010.0,2022-02-18 18:07:00,17.4,22.5,2022-02-18 15:18:00,15.0,2022-02-18 05:40:00,94.0,72.0,2022-02-18 14:36:00,2.0,7.0,8.0,31.0,2022-02-18 17:34:00,2.0
2022-02-19,1012.2,1014.1,2022-02-19 09:44:00,1010.3,2022-02-19 14:55:00,15.8,20.2,2022-02-19 12:57:00,12.6,2022-02-19 23:56:00,98.0,84.0,2022-02-19 12:53:00,2.3,6.0,10.1,35.0,2022-02-19 23:39:00,23.0
2022-02-20,1015.8,1018.6,2022-02-20 21:50:00,1013.0,2022-02-20 01:15:00,10.7,12.7,2022-02-20 00:02:00,9.6,2022-02-20 23:15:00,99.0,99.0,2022-02-20 11:27:00,3.2,19.0,12.8,20.0,2022-02-20 09:59:00,36.0
2022-02-21,1017.4,1018.9,2022-02-21 09:44:00,1015.9,2022-02-21 13:57:00,12.2,14.1,2022-02-21 23:43:00,9.7,2022-02-21 00:30:00,99.0,99.0,2022-02-21 01:13:00,1.3,11.0,5.8,24.0,2022-02-21 07:47:00,3.5
2022-02-22,1016.5,1018.3,2022-02-22 00:02:00,1014.6,2022-02-22 14:45:00,15.4,17.0,2022-02-22 14:35:00,13.9,2022-02-22 05:25:00,99.0,99.0,2022-02-22 05:52:00,1.3,22.0,6.2,11.0,2022-02-22 15:22:00,1.0
2022-02-23,1017.6,1019.9,2022-02-23 22:28:00,1015.5,2022-02-23 14:26:00,13.6,15.5,2022-02-23 00:01:00,12.6,2022-02-23 20:12:00,99.0,95.0,2022-02-23 23:49:00,2.7,20.0,11.1,22.0,2022-02-23 09:23:00,23.5
2022-02-24,1019.8,1021.4,2022-02-24 09:59:00,1018.2,2022-02-24 15:12:00,15.0,19.0,2022-02-24 15:18:00,12.7,2022-02-24 07:06:00,87.0,70.0,2022-02-24 13:34:00,1.9,22.0,8.8,31.0,2022-02-24 04:22:00,0.0
2022-02-25,1019.5,1022.0,2022-02-25 09:56:00,1017.2,2022-02-25 14:42:00,16.5,22.9,2022-02-25 13:40:00,12.0,2022-02-25 06:47:00,89.0,60.0,2022-02-25 12:26:00,1.1,3.0,7.5,294.0,2022-02-25 14:42:00,0.0
2022-02-26,1017.6,1020.4,2022-02-26 08:53:00,1015.3,2022-02-26 15:08:00,18.2,23.9,2022-02-26 13:25:00,15.3,2022-02-26 07:31:00,91.0,64.0,2022-02-26 13:39:00,1.3,31.0,6.7,30.0,2022-02-26 13:32:00,0.0
2022-02-27,1015.9,1018.7,2022-02-27 08:46:00,1013.4,2022-02-27 15:39:00,19.5,27.4,2022-02-27 13:39:00,14.7,2022-02-27 03:20:00,80.0,37.0,2022-02-27 12:33:00,1.1,30.0,5.7,16.0,2022-02-27 03:59:00,0.0
2022-02-28,1015.2,1018.4,2022-02-28 08:56:00,1012.8,2022-02-28 16:16:00,20.9,29.0,2022-02-28 15:00:00,14.9,2022-02-28 05:52:00,76.0,40.0,2022-02-28 14:07:00,0.7,6.0,5.5,301.0,2022-02-28 15:18:00,0.0
2022-03-01,1013.7,1016.3,2022-03-01 08:55:00,1011.3,2022-03-01 16:06:00,22.9,29.7,2022-03-01 12:37:00,17.4,2022-03-01 06:26:00,80.0,44.0,2022-03-01 12:37:00,0.6,312.0,5.8,308.0,2022-03-01 16:51:00,0.0
2022-03-02,1013.7,1015.7,2022-03-02 09:08:00,1011.7,2022-03-02 15:00:00,21.7,26.5,2022-03-02 15:48:00,18.6,2022-03-02 23:42:00,90.0,63.0,2022-03-02 13:39:00,1.1,4.0,7.0,19.0,2022-03-02 12:44:00,0.0
2022-03-03,1013.3,1013.0,2022-03-03 23:05:00,1010.5,2022-03-03 16:06:00,21.2,27.6,2022-03-03 15:23:00,18.5,2022-03-03 23:56:00,86.0,58.0,2022-03-03 15:23:00,0.7,7.0,5.8,323.0,2022-03-03 16:01:00,0.0
2022-03-04,1011.2,1013.9,2022-03-04 09:39:00,1008.6,2022-03-04 16:33:00,22.6,29.3,2022-03-04 15:07:00,17.9,2022-03-04 05:32:00,81.0,47.0,2022-03-04 14:46:00,0.6,3.0,6.2,313.0,2022-03-04 16:33:00,0.0
2022-03-05,1010.3,1012.0,2022-03-05 09:42:00,1008.7,2022-03-05 15:36:00,22.3,27.1,2022-03-05 14:39:00,19.0,2022-03-05 06:54:00,87.0,59.0,2022-03-05 15:08:00,0.9,3.0,6.4,4.0,2022-03-05 14:47:00,0.0
2022-03-06,1011.8,1013.8,2022-03-06 22:35:00,1009.5,2022-03-06 15:28:00,21.3,26.9,2022-03-06 12:47:00,18.5,2022-03-06 23:10:00,88.0,64.0,2022-03-06 15:09:00,1.1,7.0,6.6,305.0,2022-03-06 12:06:00,0.0
2022-03-07,1012.7,1014.8,2022-03-07 20:29:00,1010.0,2022-03-07 04:43:00,16.0,19.0,2022-03-07 00:53:00,12.3,2022-03-07 23:52:00,93.0,68.0,2022-03-07 22:22:00,2.8,4.0,12.2,40.0,2022-03-07 15:42:00,5.0
2022-03-08,1013.1,1014.8,2022-03-08 09:11:00,1010.7,2022-03-08 15:34:00,16.5,23.9,2022-03-08 15:23:00,10.5,2022-03-08 06:30:00,73.0,40.0,2022-03-08 15:15:00,1.4,7.0,8.8,25.0,2022-03-08 03:09:00,0.0
2022-03-09,1013.9,1015.9,2022-03-09 09:22:00,1011.8,2022-03-09 15:49:00,18.7,25.0,2022-03-09 14:03:00,13.5,2022-03-09 06:12:00,74.0,40.0,2022-03-09 14:16:00,1.0,12.0,7.2,356.0,2022-03-09 13:23:00,0.0
2022-03-10,1013.1,1015.8,2022-03-10 09:03:00,1010.8,2022-03-10 16:06:00,19.9,26.1,2022-03-10 14:07:00,15.1,2022-03-10 05:42:00,77.0,39.0,2022-03-10 16:24:00,1.0,321.0,7.7,317.0,2022-03-10 15:06:00,0.0
2022-03-11,1010.9,1013.1,2022-03-11 08:37:00,1008.6,2022-03-11 15:50:00,21.2,27.6,2022-03-11 13:54:00,16.2,2022-03-11 06:40:00,71.0,36.0,2022-03-11 13:57:00,1.0,7.0,6.8,15.0,2022-03-11 15:52:00,0.0
2022-03-12,1010.4,1011.9,2022-03-12 09:29:00,1008.8,2022-03-12 17:10:00,21.9,27.8,2022-03-12 15:27:00,16.9,2022-03-12 06:06:00,81.0,43.0,2022-03-12 15:28:00,0.8,132.0,7.2,279.0,2022-03-12 12:25:00,0.0
2022-03-13,1009.9,1012.2,2022-03-13 09:28:00,1006.9,2022-03-13 15:12:00,24.1,31.4,2022-03-13 15:23:00,19.2,2022-03-13 05:22:00,75.0,33.0,2022-03-13 15:25:00,0.8,20.0,6.4,306.0,2022-03-13 16:15:00,0.0
2022-03-14,1009.0,1011.7,2022-03-14 09:46:00,1007.0,2022-03-14 17:06:00,24.1,30.0,2022-03-14 15:15:00,19.9,2022-03-14 02:16:00,80.0,38.0,2022-03-14 13:17:00,0.8,3.0,5.9,31.0,2022-03-14 13:23:00,0.0
2022-03-15,1007.8,1009.2,2022-03-15 09:57:00,1005.9,2022-03-15 15:31:00,23.5,30.3,2022-03-15 13:02:00,20.2,2022-03-15 06:07:00,86.0,44.0,2022-03-15 13:02:00,1.1,7.0,6.8,318.0,2022-03-15 14:23:00,0.0
2022-03-16,1008.7,1010.1,2022-03-16 21:25:00,1006.9,2022-03-16 15:09:00,23.1,27.2,2022-03-16 12:31:00,20.5,2022-03-16 01:20:00,91.0,62.0,2022-03-16 11:45:00,0.9,285.0,6.8,253.0,2022-03-16 13:24:00,0.0
2022-03-17,1006.4,1008.9,2022-03-18 00:00:00,1004.0,2022-03-17 16:16:00,23.7,29.4,2022-03-17 14:27:00,20.5,2022-03-17 06:20:00,90.0,54.0,2022-03-17 13:54:00,1.0,310.0,6.0,292.0,2022-03-17 14:55:00,5.0
2022-03-18,1005.1,1006.6,2022-03-18 09:54:00,1003.9,2022-03-18 16:54:00,24.1,27.8,2022-03-18 12:02:00,21.1,2022-03-18 23:59:00,90.0,60.0,2022-03-18 16:20:00,0.9,311.0,7.7,357.0,2022-03-18 14:26:00,0.0
2022-03-19,1007.5,1010.3,2022-03-19 23:41:00,1005.7,2022-03-19 15:43:00,23.3,28.2,2022-03-19 15:45:00,19.5,2022-03-19 07:22:00,86.0,56.0,2022-03-19 15:29:00,0.8,6.0,5.6,16.0,2022-03-19 12:55:00,0.0
2022-03-20,1010.3,1012.2,2022-03-20 09:48:00,1008.4,2022-03-20 14:39:00,23.8,29.6,2022-03-20 14:50:00,20.9,2022-03-20 06:20:00,90.0,58.0,2022-03-20 13:38:00,1.0,24.0,8.5,311.0,2022-03-20 15:15:00,0.0
2022-03-21,1010.8,1013.3,2022-03-21 08:57:00,1008.4,2022-03-21 15:25:00,24.0,29.9,2022-03-21 13:50:00,21.2,2022-03-21 06:00:00,94.0,69.0,2022-03-21 12:58:00,0.8,291.0,6.1,274.0,2022-03-21 15:31:00,1.5
2022-03-22,1010.2,1011.6,2022-03-22 08:42:00,1008.7,2022-03-22 17:56:00,23.6,28.7,2022-03-22 11:36:00,19.4,2022-03-22 23:31:00,94.0,78.0,2022-03-22 12:00:00,1.1,26.0,7.9,312.0,2022-03-22 12:47:00,0.5
2022-03-23,1011.0,1012.8,2022-03-23 10:55:00,1009.0,2022-03-23 01:32:00,17.1,19.8,2022-03-23 00:13:00,15.3,2022-03-23 22:10:00,99.0,99.0,2022-03-23 05:25:00,1.8,32.0,7.4,23.0,2022-03-23 09:58:00,25.5
2022-03-24,1012.1,1014.3,2022-03-24 10:35:00,1010.8,2022-03-24 16:08:00,17.8,19.9,2022-03-24 13:34:00,15.1,2022-03-24 01:24:00,99.0,99.0,2022-03-24 03:10:00,0.7,12.0,4.4,53.0,2022-03-24 16:02:00,5.0
2022-03-25,1008.7,1011.0,2022-03-25 00:07:00,1005.9,2022-03-25 16:05:00,24.7,31.8,2022-03-25 14:19:00,19.0,2022-03-25 02:47:00,90.0,54.0,2022-03-25 14:22:00,1.8,175.0,9.9,193.0,2022-03-25 14:18:00,0.0
2022-03-26,1009.2,1010.8,2022-03-26 09:45:00,1007.5,2022-03-26 15:42:00,27.1,30.8,2022-03-26 11:26:00,24.8,2022-03-26 06:59:00,89.0,58.0,2022-03-26 14:53:00,1.8,197.0,6.6,153.0,2022-03-26 00:05:00,0.0
2022-03-27,1010.4,1012.6,2022-03-27 23:17:00,1008.6,2022-03-27 04:12:00,21.7,25.7,2022-03-27 00:17:00,17.8,2022-03-27 23:51:00,97.0,81.0,2022-03-27 14:00:00,1.5,11.0,6.7,25.0,2022-03-27 17:26:00,1.0
2022-03-28,1013.7,1016.3,2022-03-28 22:15:00,1011.2,2022-03-28 04:17:00,16.6,18.1,2022-03-28 00:57:00,14.9,2022-03-28 08:11:00,99.0,99.0,2022-03-28 21:24:00,1.7,14.0,6.9,43.0,2022-03-28 15:11:00,23.0
2022-03-29,1013.4,1015.4,2022-03-29 00:01:00,1010.8,2022-03-29 15:36:00,20.8,25.4,2022-03-29 13:39:00,16.9,2022-03-30 00:00:00,98.0,82.0,2022-03-29 14:06:00,1.4,3.0,8.1,44.0,2022-03-29 08:23:00,0.0
2022-03-30,1013.0,1015.2,2022-03-30 10:35:00,1010.4,2022-03-30 17:11:00,23.0,27.2,2022-03-30 17:01:00,19.5,2022-03-30 05:42:00,96.0,79.0,2022-03-30 17:06:00,0.9,21.0,6.2,22.0,2022-03-30 13:58:00,0.0
2022-03-31,1013.2,1015.8,2022-03-31 09:48:00,1010.7,2022-03-31 15:05:00,23.2,30.1,2022-03-31 14:14:00,19.3,2022-03-31 23:58:00,95.0,71.0,2022-03-31 14:14:00,1.2,7.0,8.4,25.0,2022-03-31 23:16:00,0.0
2022-04-01,1015.8,1017.9,2022-04-01 21:39:00,1014.2,2022-04-01 03:16:00,18.4,21.9,2022-04-01 11:53:00,15.7,2022-04-01 23:32:00,88.0,75.0,2022-04-01 11:45:00,2.3,13.0,8.6,29.0,2022-04-01 00:06:00,0.0
2022-04-02,1017.1,1018.8,2022-04-02 09:30:00,1015.8,2022-04-02 03:29:00,14.5,15.8,2022-04-02 00:07:00,13.6,2022-04-02 23:58:00,98.0,82.0,2022-04-02 00:56:00,2.4,22.0,10.7,28.0,2022-04-02 11:07:00,5.5
2022-04-03,1017.0,1018.5,2022-04-03 10:06:00,1015.7,2022-04-03 03:36:00,14.9,18.6,2022-04-03 17:11:00,13.0,2022-04-03 07:00:00,97.0,82.0,2022-04-03 17:17:00,1.6,22.0,6.0,26.0,2022-04-03 00:17:00,5.5
2022-04-04,1017.6,1018.7,2022-04-04 09:52:00,1016.3,2022-04-04 16:24:00,18.8,26.0,2022-04-04 12:13:00,12.5,2022-04-04 04:52:00,87.0,54.0,2022-04-04 13:30:00,1.2,25.0,8.2,328.0,2022-04-04 14:17:00,0.0
2022-04-05,1016.0,1018.8,2022-04-05 08:37:00,1012.9,2022-04-05 17:07:00,21.0,27.8,2022-04-05 14:53:00,16.2,2022-04-05 05:52:00,86.0,38.0,2022-04-05 14:53:00,1.1,1.0,7.1,330.0,2022-04-05 13:03:00,0.0
2022-04-06,1013.7,1015.6,2022-04-06 08:46:00,1011.7,2022-04-06 15:36:00,21.7,27.5,2022-04-06 13:41:00,17.4,2022-04-06 01:28:00,89.0,57.0,2022-04-06 13:46:00,0.9,9.0,7.7,299.0,2022-04-06 14:14:00,0.0
2022-04-07,1012.1,1013.8,2022-04-07 09:15:00,1010.3,2022-04-07 15:50:00,21.6,26.6,2022-04-07 12:31:00,18.3,2022-04-07 06:32:00,92.0,57.0,2022-04-07 12:00:00,1.1,1.0,7.0,7.0,2022-04-07 15:37:00,0.0
2022-04-08,1010.6,1012.1,2022-04-08 09:01:00,1008.8,2022-04-08 15:38:00,23.0,28.0,2022-04-08 14:20:00,18.9,2022-04-08 06:14:00,85.0,50.0,2022-04-08 13:24:00,0.8,277.0,5.5,283.0,2022-04-08 12:46:00,0.0
2022-04-09,1009.7,1011.1,2022-04-09 07:41:00,1007.6,2022-04-09 15:52:00,24.3,29.0,2022-04-09 13:56:00,20.5,2022-04-09 06:18:00,89.0,63.0,2022-04-09 12:15:00,0.8,290.0,6.5,295.0,2022-04-09 13:39:00,0.0
2022-04-10,1008.9,1010.6,2022-04-10 08:44:00,1006.9,2022-04-10 15:46:00,25.8,31.8,2022-04-10 12:20:00,21.4,2022-04-10 04:33:00,73.0,31.0,2022-04-10 12:48:00,0.8,5.0,7.8,313.0,2022-04-10 14:51:00,0.0
2022-04-11,1008.0,1009.8,2022-04-11 09:13:00,1005.7,2022-04-11 16:01:00,26.1,31.3,2022-04-11 14:36:00,23.1,2022-04-11 06:10:00,78.0,42.0,2022-04-11 14:48:00,0.6,6.0,6.6,305.0,2022-04-11 16:00:00,0.0
2022-04-12,1005.7,1007.9,2022-04-12 09:10:00,1003.8,2022-04-12 16:58:00,26.2,31.0,2022-04-12 11:20:00,21.9,2022-04-12 05:43:00,80.0,50.0,2022-04-12 14:40:00,1.1,50.0,8.0,281.0,2022-04-12 12:58:00,0.0
2022-04-13,1004.2,1005.6,2022-04-13 08:37:00,1002.2,2022-04-13 14:55:00,25.8,30.5,2022-04-13 12:19:00,22.0,2022-04-13 03:41:00,90.0,62.0,2022-04-13 11:12:00,1.0,290.0,7.6,279.0,2022-04-13 13:15:00,0.0
2022-04-14,1004.8,1007.0,2022-04-14 23:29:00,1002.8,2022-04-14 15:40:00,25.4,29.9,2022-04-14 14:43:00,21.1,2022-04-15 00:00:00,88.0,60.0,2022-04-14 16:03:00,1.2,24.0,7.3,334.0,2022-04-14 13:10:00,0.0
2022-04-15,1008.0,1010.4,2022-04-15 22:31:00,1006.2,2022-04-15 15:32:00,22.8,28.4,2022-04-15 14:07:00,,,97.0,72.0,2022-04-15 11:36:00,1.8,9.0,7.5,16.0,2022-04-15 15:05:00,0.0
2022-04-16,1009.6,1012.1,2022-04-16 22:32:00,1007.9,2022-04-16 15:55:00,,27.4,2022-04-16 15:20:00,,,98.0,63.0,2022-04-16 03:43:00,1.4,5.0,7.1,285.0,2022-04-16 12:38:00,0.0
2022-04-17,1012.3,1014.0,2022-04-17 09:28:00,1010.7,2022-04-17 03:14:00,21.4,27.4,2022-04-17 14:14:00,17.9,2022-04-17 01:44:00,94.0,66.0,2022-04-17 14:14:00,1.5,20.0,6.5,1.0,2022-04-17 15:51:00,0.5
2022-04-18,1012.8,1014.5,2022-04-18 21:39:00,1011.1,2022-04-18 16:20:00,24.0,29.1,2022-04-18 12:49:00,,,,56.0,2022-04-18 22:13:00,1.3,6.0,8.7,356.0,2022-04-18 18:17:00,0.0
2022-04-19,1013.3,1014.7,2022-04-19 22:25:00,1011.9,2022-04-19 03:38:00,21.7,23.8,2022-04-19 11:26:00,,,,27.0,2022-04-19 07:02:00,1.6,17.0,6.7,38.0,2022-04-19 14:01:00,0.0
2022-04-20,1011.7,1014.1,2022-04-20 00:01:00,1009.5,2022-04-20 16:16:00,24.5,28.4,2022-04-20 15:20:00,,,,74.0,2022-04-20 14:59:00,1.2,31.0,6.0,303.0,2022-04-20 12:23:00,0.0
2022-04-21,1010.4,1012.3,2022-04-21 09:03:00,1008.6,2022-04-21 16:54:00,26.8,31.0,2022-04-21 13:32:00,,,,62.0,2022-04-21 13:32:00,1.1,41.0,5.3,270.0,2022-04-21 15:33:00,0.0
2022-04-22,1009.7,1011.6,2022-04-22 09:16:00,1007.4,2022-04-22 15:29:00,28.2,31.8,2022-04-22 11:59:00,9.4,2022-04-22 02:05:00,,63.0,2022-04-22 11:58:00,1.0,32.0,6.1,274.0,2022-04-22 13:56:00,0.0
2022-04-23,1008.4,1012.1,2022-04-23 07:37:00,1006.4,2022-04-23 17:22:00,26.1,29.2,2022-04-23 15:11:00,,,,55.0,2022-04-23 09:07:00,1.5,105.0,11.8,23.0,2022-04-23 07:22:00,101.0
2022-04-24,1007.2,1008.7,2022-04-24 08:47:00,1004.9,2022-04-24 16:25:00,28.3,30.9,2022-04-24 10:12:00,,,,87.0,2022-04-24 10:13:00,1.3,255.0,5.9,264.0,2022-04-24 11:39:00,0.0
2022-04-25,1006.5,1008.1,2022-04-25 07:14:00,1004.2,2022-04-25 15:42:00,28.9,34.3,2022-04-25 14:30:00,,,81.0,9.0,2022-04-25 14:20:00,2.0,247.0,12.6,247.0,2022-04-25 15:10:00,0.0
2022-04-26,1006.0,1008.0,2022-04-26 22:58:00,1004.1,2022-04-26 15:51:00,28.4,32.6,2022-04-26 13:19:00,25.2,2022-04-26 05:53:00,76.0,54.0,2022-04-26 14:10:00,2.0,254.0,9.4,251.0,2022-04-26 12:26:00,0.0
2022-04-27,1007.6,1009.5,2022-04-27 21:23:00,1006.0,2022-04-27 16:15:00,28.2,32.4,2022-04-27 14:00:00,24.6,2022-04-27 05:49:00,74.0,48.0,2022-04-27 12:16:00,1.2,3.0,5.8,301.0,2022-04-27 12:16:00,0.0
2022-04-28,1008.8,1009.8,2022-04-28 08:56:00,1007.2,2022-04-28 15:17:00,27.4,31.5,2022-04-28 13:26:00,24.6,2022-04-28 05:31:00,79.0,63.0,2022-04-28 14:19:00,1.1,27.0,7.0,285.0,2022-04-28 11:56:00,0.0
2022-04-29,1008.3,1010.6,2022-04-29 22:23:00,1005.7,2022-04-29 15:44:00,28.0,33.3,2022-04-29 13:23:00,23.7,2022-04-29 23:58:00,76.0,56.0,2022-04-29 12:46:00,1.3,2.0,6.8,30.0,2022-04-29 18:04:00,0.0
2022-04-30,1009.6,1011.3,2022-04-30 09:37:00,1007.6,2022-04-30 15:19:00,25.2,31.5,2022-04-30 12:48:00,22.2,2022-04-30 05:58:00,74.0,56.0,2022-04-30 12:51:00,1.5,7.0,7.6,324.0,2022-04-30 14:24:00,0.0
2022-05-01,1009.1,1011.2,2022-05-01 23:57:00,1007.5,2022-05-01 14:44:00,22.0,25.7,2022-05-01 13:12:00,18.3,2022-05-01 23:58:00,75.0,63.0,2022-05-01 13:14:00,2.2,14.0,9.4,20.0,2022-05-01 17:58:00,0.0
2022-05-02,1010.3,1012.1,2022-05-02 22:13:00,1008.9,2022-05-02 05:19:00,17.0,18.4,2022-05-02 15:24:00,15.9,2022-05-02 23:21:00,93.0,83.0,2022-05-02 00:01:00,1.8,6.0,10.7,28.0,2022-05-02 00:41:00,26.5
2022-05-03,1011.3,1012.5,2022-05-03 10:23:00,1010.0,2022-05-03 03:25:00,20.0,23.9,2022-05-03 15:15:00,15.9,2022-05-03 00:06:00,88.0,72.0,2022-05-03 13:12:00,0.7,22.0,5.2,35.0,2022-05-03 01:08:00,0.5
2022-05-04,1009.4,1011.3,2022-05-04 00:10:00,1007.9,2022-05-04 16:33:00,24.8,29.8,2022-05-04 15:10:00,20.8,2022-05-04 04:03:00,81.0,57.0,2022-05-04 15:11:00,0.9,314.0,6.2,318.0,2022-05-04 13:46:00,0.0
2022-05-05,1008.0,1009.3,2022-05-05 10:03:00,1006.5,2022-05-05 17:12:00,24.9,29.1,2022-05-05 13:08:00,22.2,2022-05-05 23:53:00,82.0,66.0,2022-05-05 12:10:00,1.1,13.0,7.8,324.0,2022-05-05 14:32:00,0.0
2022-05-06,1008.4,1009.8,2022-05-06 22:06:00,1007.0,2022-05-06 15:44:00,25.7,31.1,2022-05-06 12:41:00,21.6,2022-05-06 04:21:00,78.0,55.0,2022-05-06 12:41:00,0.7,7.0,5.6,316.0,2022-05-06 15:23:00,0.0
2022-05-07,1009.3,1010.9,2022-05-07 22:08:00,1007.6,2022-05-07 17:02:00,26.3,31.7,2022-05-07 15:34:00,23.1,2022-05-07 05:53:00,79.0,52.0,2022-05-07 12:28:00,0.8,8.0,5.9,360.0,2022-05-07 13:27:00,0.0
2022-05-08,1009.6,1011.0,2022-05-08 10:05:00,1008.3,2022-05-08 16:27:00,25.5,31.3,2022-05-08 12:47:00,22.7,2022-05-08 05:25:00,80.0,52.0,2022-05-08 13:02:00,1.0,4.0,7.0,323.0,2022-05-08 15:20:00,0.0
2022-05-09,1009.2,1010.9,2022-05-09 08:54:00,1007.5,2022-05-09 16:30:00,25.3,30.2,2022-05-09 12:23:00,22.8,2022-05-09 04:36:00,81.0,60.0,2022-05-09 15:24:00,1.3,7.0,6.8,31.0,2022-05-09 14:16:00,0.0
2022-05-10,1007.4,1009.2,2022-05-10 00:01:00,1005.4,2022-05-10 14:27:00,26.6,32.2,2022-05-10 13:06:00,23.1,2022-05-10 04:13:00,78.0,53.0,2022-05-10 15:20:00,0.7,4.0,6.7,289.0,2022-05-10 14:28:00,0.0
2022-05-11,1006.4,1008.5,2022-05-11 09:03:00,1005.2,2022-05-11 03:25:00,26.5,31.2,2022-05-11 14:39:00,23.2,2022-05-11 07:56:00,83.0,60.0,2022-05-11 14:39:00,0.5,7.0,5.4,40.0,2022-05-11 07:50:00,6.0
2022-05-12,1005.7,1006.7,2022-05-12 12:22:00,1004.9,2022-05-12 15:56:00,25.3,29.6,2022-05-12 11:02:00,22.9,2022-05-12 12:45:00,90.0,68.0,2022-05-12 08:51:00,0.8,258.0,7.6,197.0,2022-05-12 12:17:00,25.0
2022-05-13,1004.7,1005.9,2022-05-13 21:32:00,1003.7,2022-05-13 16:23:00,26.2,30.0,2022-05-13 12:07:00,23.5,2022-05-13 03:38:00,83.0,64.0,2022-05-13 14:55:00,1.1,92.0,7.6,200.0,2022-05-13 12:13:00,1.0
2022-05-14,1006.5,1008.6,2022-05-14 23:16:00,1003.9,2022-05-14 01:57:00,23.5,25.7,2022-05-14 00:52:00,21.9,2022-05-14 10:01:00,95.0,84.0,2022-05-14 02:30:00,1.3,161.0,8.5,175.0,2022-05-14 16:22:00,59.0
2022-05-15,1007.7,1009.2,2022-05-15 08:03:00,1006.0,2022-05-15 15:56:00,20.7,24.0,2022-05-15 00:10:00,18.0,2022-05-15 23:53:00,95.0,83.0,2022-05-15 11:16:00,1.4,11.0,5.6,29.0,2022-05-15 18:47:00,41.0
2022-05-16,1008.2,1009.9,2022-05-16 22:42:00,1006.7,2022-05-16 04:35:00,17.7,18.3,2022-05-16 13:20:00,17.1,2022-05-16 23:11:00,97.0,93.0,2022-05-16 09:43:00,1.9,12.0,7.9,31.0,2022-05-16 16:33:00,38.5
2022-05-17,1009.6,1011.2,2022-05-17 22:56:00,1007.7,2022-05-17 03:29:00,20.3,24.2,2022-05-17 16:35:00,17.1,2022-05-17 00:51:00,86.0,72.0,2022-05-17 13:27:00,1.3,11.0,5.1,44.0,2022-05-17 16:10:00,11.5
2022-05-18,1010.0,1011.5,2022-05-18 08:49:00,1008.5,2022-05-18 16:14:00,23.8,30.8,2022-05-18 13:11:00,17.9,2022-05-18 04:23:00,79.0,54.0,2022-05-18 13:14:00,0.9,4.0,5.5,304.0,2022-05-18 15:27:00,0.0
2022-05-19,1007.8,1009.7,2022-05-19 08:18:00,1005.3,2022-05-19 16:15:00,26.3,32.2,2022-05-19 14:31:00,22.6,2022-05-19 04:16:00,82.0,56.0,2022-05-19 12:40:00,0.8,311.0,5.8,316.0,2022-05-19 15:25:00,0.0
2022-05-20,1004.5,1007.2,2022-05-20 00:04:00,1002.2,2022-05-20 16:45:00,26.5,31.4,2022-05-20 14:26:00,23.0,2022-05-20 05:01:00,80.0,56.0,2022-05-20 15:35:00,1.3,2.0,7.4,2.0,2022-05-20 16:25:00,0.0
2022-05-21,1004.7,1006.2,2022-05-21 22:36:00,1003.3,2022-05-21 15:08:00,26.0,32.1,2022-05-21 12:49:00,23.4,2022-05-21 04:31:00,78.0,54.0,2022-05-21 12:49:00,0.9,7.0,7.3,283.0,2022-05-21 13:14:00,0.0
2022-05-22,1004.8,1006.3,2022-05-22 21:53:00,1003.3,2022-05-22 15:53:00,26.0,30.7,2022-05-22 11:46:00,22.7,2022-05-22 05:41:00,78.0,56.0,2022-05-22 15:41:00,1.1,3.0,6.5,282.0,2022-05-22 12:55:00,0.0
2022-05-23,1005.6,1007.8,2022-05-23 22:04:00,1004.4,2022-05-23 03:41:00,26.7,31.6,2022-05-23 14:19:00,23.5,2022-05-23 04:43:00,78.0,58.0,2022-05-23 14:20:00,0.8,2.0,6.1,22.0,2022-05-23 18:14:00,0.0
2022-05-24,1007.4,1009.1,2022-05-24 21:52:00,1006.3,2022-05-24 03:31:00,25.9,29.4,2022-05-24 09:01:00,24.0,2022-05-24 05:49:00,91.0,69.0,2022-05-24 08:57:00,0.8,33.0,8.8,200.0,2022-05-24 13:35:00,39.0
2022-05-25,1005.8,1007.5,2022-05-25 00:39:00,1004.1,2022-05-25 16:52:00,26.3,31.4,2022-05-25 11:45:00,24.7,2022-05-25 04:48:00,92.0,64.0,2022-05-25 11:46:00,1.1,243.0,8.4,262.0,2022-05-25 12:52:00,28.5
2022-05-26,1003.2,1005.4,2022-05-26 00:01:00,1001.3,2022-05-26 16:47:00,26.1,30.4,2022-05-26 11:56:00,24.5,2022-05-26 01:48:00,89.0,69.0,2022-05-26 11:39:00,2.0,159.0,12.9,167.0,2022-05-26 13:19:00,21.0
2022-05-27,1003.5,1006.1,2022-05-27 22:32:00,1002.0,2022-05-27 02:26:00,25.9,29.9,2022-05-27 12:12:00,24.0,2022-05-27 00:51:00,94.0,72.0,2022-05-27 12:12:00,1.8,143.0,11.1,198.0,2022-05-27 12:18:00,63.0
2022-05-28,1004.8,1006.3,2022-05-28 22:40:00,1003.6,2022-05-28 03:17:00,28.3,33.0,2022-05-28 13:01:00,24.4,2022-05-28 04:21:00,78.0,51.0,2022-05-28 13:05:00,1.7,202.0,7.4,265.0,2022-05-28 14:09:00,0.0
2022-05-29,1004.7,1005.7,2022-05-29 00:01:00,1003.4,2022-05-29 14:27:00,28.6,32.4,2022-05-29 11:11:00,25.2,2022-05-29 04:21:00,79.0,62.0,2022-05-29 14:27:00,1.7,168.0,8.5,264.0,2022-05-29 14:16:00,0.0
2022-05-30,1004.6,1006.5,2022-05-30 09:38:00,1003.1,2022-05-30 14:53:00,28.1,32.0,2022-05-30 14:21:00,24.6,2022-05-30 09:55:00,80.0,63.0,2022-05-30 14:23:00,1.7,205.0,8.9,237.0,2022-05-30 09:34:00,3.5
2022-05-31,1005.6,1007.0,2022-05-31 09:40:00,1003.3,2022-05-31 02:48:00,28.9,33.1,2022-05-31 14:37:00,25.3,2022-05-31 04:48:00,78.0,57.0,2022-05-31 14:38:00,1.6,121.0,8.5,198.0,2022-05-31 10:32:00,0.0
2022-06-01,1005.3,1006.6,2022-06-01 09:16:00,1003.6,2022-06-01 17:47:00,28.8,32.6,2022-06-01 10:00:00,25.7,2022-06-01 05:03:00,79.0,59.0,2022-06-01 10:18:00,1.8,202.0,8.3,273.0,2022-06-01 13:10:00,0.0
2022-06-02,1004.5,1006.2,2022-06-02 23:29:00,1003.1,2022-06-02 16:13:00,28.7,32.2,2022-06-02 15:44:00,25.7,2022-06-02 05:21:00,80.0,61.0,2022-06-02 14:10:00,1.6,243.0,8.5,266.0,2022-06-02 12:04:00,0.0
2022-06-03,1005.0,1006.4,2022-06-03 22:11:00,1003.5,2022-06-03 16:05:00,29.1,32.7,2022-06-03 13:53:00,26.0,2022-06-03 05:23:00,77.0,53.0,2022-06-03 13:45:00,1.7,266.0,7.7,266.0,2022-06-03 13:24:00,0.0
2022-06-04,1005.5,1006.9,2022-06-04 09:02:00,1004.5,2022-06-04 17:17:00,27.4,31.5,2022-06-04 11:12:00,25.7,2022-06-04 15:40:00,84.0,63.0,2022-06-04 10:58:00,1.9,169.0,9.4,125.0,2022-06-04 15:16:00,2.0
2022-06-05,1003.9,1005.2,2022-06-05 10:55:00,1002.3,2022-06-05 15:35:00,28.5,32.2,2022-06-05 12:38:00,25.4,2022-06-05 05:29:00,77.0,60.0,2022-06-05 12:39:00,2.0,166.0,8.4,238.0,2022-06-05 16:30:00,1.0
2022-06-06,1002.7,1003.9,2022-06-06 23:08:00,1001.4,2022-06-06 16:28:00,28.3,31.8,2022-06-06 14:22:00,25.7,2022-06-06 19:41:00,81.0,61.0,2022-06-06 11:26:00,1.8,171.0,6.9,162.0,2022-06-06 08:12:00,5.0
2022-06-07,1003.9,1006.1,2022-06-07 22:30:00,1002.0,2022-06-07 03:22:00,25.7,28.3,2022-06-07 08:35:00,23.6,2022-06-07 14:10:00,95.0,80.0,2022-06-07 08:37:00,1.3,168.0,8.6,192.0,2022-06-07 11:33:00,45.0
2022-06-08,1005.4,1006.7,2022-06-08 21:46:00,1004.2,2022-06-08 15:22:00,25.1,29.2,2022-06-08 10:57:00,23.1,2022-06-08 16:13:00,95.0,77.0,2022-06-08 09:05:00,0.9,94.0,10.3,214.0,2022-06-08 11:02:00,49.0
2022-06-09,1005.4,1006.6,2022-06-09 08:55:00,1003.7,2022-06-09 15:46:00,27.1,31.3,2022-06-09 12:56:00,23.7,2022-06-09 01:01:00,85.0,65.0,2022-06-09 11:10:00,1.2,174.0,7.5,203.0,2022-06-09 03:37:00,1.5
2022-06-10,1004.8,1006.7,2022-06-10 22:24:00,1003.4,2022-06-10 16:15:00,27.6,30.7,2022-06-10 14:18:00,25.7,2022-06-10 05:25:00,82.0,65.0,2022-06-10 14:24:00,1.6,178.0,7.1,207.0,2022-06-10 14:24:00,2.0
2022-06-11,1006.0,1008.2,2022-06-11 22:13:00,1004.4,2022-06-11 14:52:00,27.7,32.4,2022-06-11 10:09:00,24.0,2022-06-11 23:21:00,80.0,55.0,2022-06-11 09:42:00,2.0,184.0,10.7,201.0,2022-06-11 11:12:00,18.0
2022-06-12,1006.4,,,,,28.0,,,,,80.0,,,1.6,172.0,,,,7.0
2022-06-13,1004.9,1006.3,2022-06-13 00:01:00,1003.8,2022-06-13 16:17:00,29.0,33.4,2022-06-13 11:15:00,25.7,2022-06-13 05:20:00,75.0,53.0,2022-06-13 11:06:00,2.1,172.0,8.2,229.0,2022-06-13 13:16:00,0.0
2022-06-14,1005.9,1008.3,2022-06-14 22:03:00,1004.5,2022-06-14 04:59:00,29.2,33.3,2022-06-14 11:15:00,26.3,2022-06-14 05:33:00,73.0,48.0,2022-06-14 11:14:00,1.9,172.0,8.2,242.0,2022-06-14 13:09:00,0.0
2022-06-15,1007.3,1009.2,2022-06-15 22:02:00,1006.1,2022-06-15 06:55:00,29.0,33.6,2022-06-15 13:33:00,25.9,2022-06-15 03:11:00,76.0,49.0,2022-06-15 13:39:00,1.6,172.0,8.0,258.0,2022-06-15 15:28:00,0.0
2022-06-16,1007.4,1009.0,2022-06-16 06:27:00,1005.6,2022-06-16 14:47:00,29.1,33.4,2022-06-16 11:40:00,26.2,2022-06-16 03:41:00,75.0,49.0,2022-06-16 10:06:00,1.5,174.0,8.0,267.0,2022-06-16 12:18:00,0.0
2022-06-17,1006.4,1007.1,2022-06-17 08:22:00,1005.3,2022-06-17 15:53:00,29.3,33.0,2022-06-17 11:25:00,26.4,2022-06-17 05:13:00,75.0,56.0,2022-06-17 11:11:00,1.7,204.0,9.4,263.0,2022-06-17 13:12:00,0.0
2022-06-18,1005.8,1007.1,2022-06-18 22:08:00,1004.8,2022-06-18 15:33:00,29.3,33.3,2022-06-18 14:57:00,24.8,2022-06-18 05:13:00,75.0,51.0,2022-06-18 14:06:00,1.7,136.0,8.7,265.0,2022-06-18 13:02:00,0.0
2022-06-19,1005.4,1006.1,2022-06-19 00:01:00,1004.2,2022-06-19 15:38:00,29.7,34.0,2022-06-19 13:49:00,26.1,2022-06-19 05:58:00,73.0,52.0,2022-06-19 12:42:00,1.9,243.0,9.2,242.0,2022-06-19 15:31:00,0.0
2022-06-20,1004.0,1005.1,2022-06-20 00:01:00,1002.5,2022-06-20 15:40:00,29.9,34.5,2022-06-20 12:55:00,26.5,2022-06-20 05:25:00,72.0,51.0,2022-06-20 12:40:00,1.9,172.0,9.2,268.0,2022-06-20 14:57:00,0.0
2022-06-21,1004.8,1007.1,2022-06-21 22:23:00,1002.5,2022-06-21 01:47:00,29.7,33.8,2022-06-21 13:59:00,25.8,2022-06-21 04:31:00,72.0,48.0,2022-06-21 14:00:00,1.4,300.0,7.5,284.0,2022-06-21 12:28:00,0.0
2022-06-22,1007.7,1009.8,2022-06-22 22:05:00,1005.7,2022-06-22 03:57:00,29.9,34.2,2022-06-22 12:55:00,26.0,2022-06-22 04:44:00,73.0,51.0,2022-06-22 10:38:00,1.3,46.0,8.2,259.0,2022-06-22 14:49:00,0.0
2022-06-23,1008.2,1009.8,2022-06-23 07:42:00,1005.0,2022-06-23 15:58:00,29.7,34.6,2022-06-23 12:11:00,25.8,2022-06-23 21:30:00,77.0,52.0,2022-06-23 10:20:00,1.7,269.0,10.5,276.0,2022-06-23 15:56:00,9.0
2022-06-24,1006.3,1007.8,2022-06-24 00:03:00,1003.8,2022-06-24 15:07:00,28.3,32.7,2022-06-24 13:09:00,25.5,2022-06-24 20:45:00,80.0,59.0,2022-06-24 09:46:00,1.3,19.0,8.2,265.0,2022-06-24 14:24:00,0.5
2022-06-25,1005.8,1007.9,2022-06-25 21:14:00,1004.0,2022-06-25 01:55:00,28.7,34.1,2022-06-25 12:48:00,25.5,2022-06-25 03:33:00,74.0,48.0,2022-06-25 12:40:00,1.7,196.0,10.0,263.0,2022-06-25 12:59:00,0.0
2022-06-26,1007.5,1009.3,2022-06-26 10:44:00,1005.5,2022-06-26 01:34:00,29.8,33.5,2022-06-26 13:26:00,25.4,2022-06-26 04:55:00,71.0,53.0,2022-06-26 15:07:00,1.2,264.0,7.5,282.0,2022-06-26 13:11:00,0.0
2022-06-27,1006.0,1007.9,2022-06-27 09:09:00,1003.9,2022-06-27 15:54:00,30.3,34.1,2022-06-27 10:51:00,26.2,2022-06-27 05:22:00,72.0,55.0,2022-06-27 09:38:00,1.1,308.0,8.5,302.0,2022-06-27 12:43:00,0.0
2022-06-28,1003.0,1005.2,2022-06-28 00:01:00,1000.5,2022-06-28 15:57:00,29.3,35.2,2022-06-28 12:20:00,24.9,2022-06-28 17:31:00,79.0,52.0,2022-06-28 12:20:00,1.0,9.0,8.8,311.0,2022-06-28 15:57:00,2.5
2022-06-29,1002.0,1003.1,2022-06-29 22:32:00,1000.3,2022-06-29 12:53:00,27.1,35.2,2022-06-29 12:28:00,22.7,2022-06-29 13:40:00,88.0,52.0,2022-06-29 12:28:00,1.1,27.0,14.2,182.0,2022-06-29 13:36:00,61.5
2022-06-30,1001.7,1003.4,2022-06-30 22:05:00,999.5,2022-06-30 16:34:00,29.0,34.6,2022-06-30 14:54:00,24.4,2022-06-30 05:38:00,78.0,50.0,2022-06-30 11:44:00,0.7,4.0,7.7,195.0,2022-06-30 20:13:00,0.0
2022-07-01,1002.8,1005.1,2022-07-01 23:16:00,1001.2,2022-07-01 03:49:00,28.6,34.0,2022-07-01 13:55:00,25.6,2022-07-01 03:49:00,81.0,53.0,2022-07-01 14:10:00,1.1,204.0,7.1,118.0,2022-07-01 15:53:00,0.0
2022-07-02,1004.1,1006.3,2022-07-02 22:13:00,1003.1,2022-07-02 04:11:00,26.9,32.6,2022-07-02 13:00:00,24.2,2022-07-02 14:43:00,89.0,58.0,2022-07-02 13:01:00,1.3,170.0,9.1,262.0,2022-07-02 13:33:00,35.0
2022-07-03,1003.5,1005.1,2022-07-03 00:01:00,1002.1,2022-07-03 16:18:00,28.7,33.4,2022-07-03 14:50:00,25.1,2022-07-03 00:22:00,80.0,58.0,2022-07-03 14:50:00,1.7,169.0,7.4,238.0,2022-07-03 23:56:00,0.5
2022-07-04,1003.0,1004.8,2022-07-04 21:37:00,1001.9,2022-07-04 04:34:00,29.1,33.1,2022-07-04 14:33:00,25.7,2022-07-04 00:53:00,76.0,56.0,2022-07-04 14:50:00,2.4,175.0,9.9,193.0,2022-07-04 13:05:00,0.0
2022-07-05,1004.4,1005.5,2022-07-05 23:22:00,1003.2,2022-07-05 02:35:00,28.8,32.7,2022-07-05 10:50:00,26.8,2022-07-05 05:25:00,73.0,58.0,2022-07-05 11:25:00,2.2,182.0,9.4,243.0,2022-07-05 12:54:00,0.0
2022-07-06,1005.4,1006.8,2022-07-06 09:50:00,1004.0,2022-07-06 15:01:00,29.3,33.5,2022-07-06 12:17:00,26.3,2022-07-06 04:23:00,73.0,51.0,2022-07-06 12:17:00,2.0,132.0,9.5,266.0,2022-07-06 15:24:00,0.0
2022-07-07,1006.5,1007.7,2022-07-07 23:26:00,1005.0,2022-07-07 16:37:00,29.2,33.4,2022-07-07 12:22:00,25.8,2022-07-07 04:48:00,79.0,59.0,2022-07-07 08:38:00,1.3,89.0,7.7,283.0,2022-07-07 13:27:00,0.0
2022-07-08,1005.4,1007.4,2022-07-08 00:01:00,1003.5,2022-07-08 15:29:00,29.3,34.9,2022-07-08 14:12:00,26.4,2022-07-08 05:23:00,83.0,51.0,2022-07-08 11:21:00,0.7,8.0,6.4,309.0,2022-07-08 14:47:00,1.0
2022-07-09,1004.0,1005.6,2022-07-09 22:34:00,1002.5,2022-07-09 15:39:00,30.0,35.3,2022-07-09 11:50:00,26.3,2022-07-09 04:13:00,79.0,55.0,2022-07-09 12:22:00,1.0,288.0,8.4,275.0,2022-07-09 14:10:00,0.0
2022-07-10,1004.6,1005.6,2022-07-10 23:32:00,1003.3,2022-07-10 15:52:00,30.4,35.4,2022-07-10 10:32:00,27.5,2022-07-10 05:21:00,78.0,51.0,2022-07-10 10:33:00,1.3,263.0,7.7,276.0,2022-07-10 14:01:00,0.0
2022-07-11,1005.1,1006.9,2022-07-11 22:10:00,1003.9,2022-07-11 15:42:00,30.4,35.0,2022-07-11 11:06:00,26.9,2022-07-11 05:31:00,74.0,50.0,2022-07-11 11:08:00,1.4,269.0,8.1,263.0,2022-07-11 15:42:00,0.0
2022-07-12,1004.9,1006.1,2022-07-12 00:02:00,1003.0,2022-07-12 17:42:00,30.7,34.6,2022-07-12 11:19:00,28.0,2022-07-12 05:41:00,70.0,50.0,2022-07-12 14:44:00,1.1,49.0,7.6,256.0,2022-07-12 13:50:00,0.0
2022-07-13,1003.2,1005.0,2022-07-13 00:01:00,1000.9,2022-07-13 17:02:00,30.6,34.8,2022-07-13 13:54:00,27.7,2022-07-13 05:01:00,75.0,55.0,2022-07-13 13:52:00,1.3,314.0,8.8,309.0,2022-07-13 12:53:00,0.0
2022-07-14,1002.7,1004.7,2022-07-14 22:05:00,1001.4,2022-07-14 03:47:00,29.4,34.2,2022-07-14 11:06:00,27.2,2022-07-14 05:21:00,78.0,52.0,2022-07-14 12:07:00,0.8,87.0,5.4,272.0,2022-07-14 13:08:00,0.0
2022-07-15,1004.1,1005.6,2022-07-15 10:04:00,1002.6,2022-07-15 02:47:00,28.7,31.7,2022-07-15 15:38:00,25.8,2022-07-15 09:10:00,76.0,59.0,2022-07-15 15:45:00,1.7,124.0,6.7,85.0,2022-07-15 10:53:00,1.5
2022-07-16,1003.7,1004.9,2022-07-16 10:44:00,1002.4,2022-07-16 03:21:00,28.8,31.9,2022-07-16 09:31:00,26.6,2022-07-16 04:07:00,80.0,64.0,2022-07-16 09:24:00,1.4,172.0,7.3,237.0,2022-07-16 09:34:00,0.5
2022-07-17,1003.8,1005.0,2022-07-17 08:01:00,1002.0,2022-07-17 16:48:00,29.9,33.0,2022-07-17 14:30:00,27.3,2022-07-17 06:17:00,76.0,60.0,2022-07-17 15:48:00,2.0,175.0,7.2,271.0,2022-07-17 12:10:00,0.0
2022-07-18,1003.9,1005.8,2022-07-18 23:22:00,1002.2,2022-07-18 15:59:00,30.0,33.7,2022-07-18 14:52:00,27.4,2022-07-18 05:26:00,76.0,55.0,2022-07-18 14:23:00,2.2,172.0,9.6,236.0,2022-07-18 10:29:00,1.5
2022-07-19,1005.7,1008.0,2022-07-19 22:13:00,1004.3,2022-07-19 15:33:00,30.2,33.7,2022-07-19 11:30:00,27.3,2022-07-19 05:23:00,78.0,55.0,2022-07-19 12:24:00,1.6,176.0,7.4,264.0,2022-07-19 13:38:00,0.0
2022-07-20,1008.0,1010.2,2022-07-20 22:13:00,1006.8,2022-07-20 13:58:00,30.9,35.3,2022-07-20 11:40:00,26.9,2022-07-20 05:41:00,75.0,51.0,2022-07-20 12:31:00,1.7,203.0,10.7,237.0,2022-07-20 15:42:00,0.0
2022-07-21,1009.5,1010.5,2022-07-21 06:43:00,1008.0,2022-07-21 16:16:00,30.6,34.4,2022-07-21 11:17:00,27.1,2022-07-21 05:07:00,78.0,57.0,2022-07-21 11:21:00,1.3,268.0,8.3,265.0,2022-07-21 15:19:00,0.0
2022-07-22,1007.9,1009.6,2022-07-22 00:02:00,1006.3,2022-07-22 16:07:00,30.7,35.9,2022-07-22 10:47:00,27.5,2022-07-22 05:25:00,78.0,54.0,2022-07-22 10:47:00,1.4,207.0,7.3,251.0,2022-07-22 15:29:00,0.0
2022-07-23,1006.1,1008.1,2022-07-23 00:01:00,1004.6,2022-07-23 16:00:00,30.7,35.1,2022-07-23 13:38:00,27.3,2022-07-23 05:41:00,73.0,52.0,2022-07-23 13:38:00,1.2,109.0,7.8,257.0,2022-07-23 14:41:00,0.0
2022-07-24,1004.6,1005.9,2022-07-24 08:38:00,1002.6,2022-07-24 16:54:00,30.5,34.2,2022-07-24 15:03:00,27.5,2022-07-24 03:41:00,74.0,56.0,2022-07-24 15:03:00,1.4,173.0,7.2,273.0,2022-07-24 13:28:00,0.0
2022-07-25,1005.5,1007.0,2022-07-25 22:50:00,1003.9,2022-07-25 16:54:00,31.2,35.8,2022-07-25 10:48:00,27.6,2022-07-25 05:13:00,72.0,50.0,2022-07-25 10:47:00,1.3,291.0,8.0,269.0,2022-07-25 14:16:00,0.0
2022-07-26,1005.4,1006.7,2022-07-26 10:02:00,1003.5,2022-07-26 18:11:00,30.7,34.1,2022-07-26 15:50:00,28.1,2022-07-26 05:31:00,74.0,57.0,2022-07-26 17:15:00,1.4,289.0,8.9,304.0,2022-07-26 14:37:00,0.0
2022-07-27,1004.5,1005.6,2022-07-27 09:00:00,1003.3,2022-07-27 16:18:00,30.6,34.3,2022-07-27 14:09:00,27.9,2022-07-27 04:41:00,73.0,50.0,2022-07-27 15:18:00,1.2,296.0,7.4,289.0,2022-07-27 13:58:00,0.0
2022-07-28,1003.6,1005.0,2022-07-28 07:35:00,1001.5,2022-07-28 16:46:00,30.7,35.1,2022-07-28 15:14:00,27.3,2022-07-28 06:21:00,69.0,47.0,2022-07-28 17:27:00,1.1,55.0,7.9,286.0,2022-07-28 14:00:00,0.0
2022-07-29,1002.0,1003.7,2022-07-29 00:01:00,999.6,2022-07-29 17:00:00,31.0,36.3,2022-07-29 11:50:00,27.9,2022-07-29 05:46:00,70.0,48.0,2022-07-29 11:53:00,1.2,3.0,8.0,293.0,2022-07-29 12:59:00,0.0
2022-07-30,1000.1,1002.0,2022-07-30 00:07:00,998.7,2022-07-30 14:43:00,29.4,33.5,2022-07-30 15:01:00,26.8,2022-07-30 05:37:00,83.0,58.0,2022-07-30 15:05:00,0.8,2.0,6.6,302.0,2022-07-30 12:46:00,4.5
2022-07-31,1001.4,1003.0,2022-07-31 23:17:00,1000.0,2022-07-31 14:39:00,29.8,34.1,2022-07-31 13:52:00,24.9,2022-07-31 05:46:00,77.0,53.0,2022-07-31 13:53:00,1.1,11.0,6.1,255.0,2022-07-31 14:38:00,9.5
2022-08-01,1003.9,1005.1,2022-08-01 22:49:00,1002.3,2022-08-01 03:12:00,29.0,33.4,2022-08-01 12:36:00,27.1,2022-08-01 05:36:00,83.0,59.0,2022-08-01 12:48:00,1.2,104.0,7.9,269.0,2022-08-01 13:22:00,0.0
2022-08-02,1005.7,1007.3,2022-08-02 11:14:00,1003.5,2022-08-02 16:52:00,27.2,29.3,2022-08-02 10:09:00,25.9,2022-08-02 04:40:00,89.0,71.0,2022-08-02 10:21:00,0.9,260.0,6.1,270.0,2022-08-02 12:46:00,0.5
2022-08-03,1006.0,1007.5,2022-08-03 22:09:00,1004.3,2022-08-03 14:45:00,27.4,33.7,2022-08-03 13:56:00,24.5,2022-08-03 19:48:00,87.0,52.0,2022-08-03 11:22:00,0.9,65.0,8.2,305.0,2022-08-03 14:28:00,44.0
2022-08-04,1006.7,1008.7,2022-08-04 21:35:00,1005.1,2022-08-04 02:33:00,27.6,34.2,2022-08-04 12:57:00,24.0,2022-08-04 21:11:00,85.0,50.0,2022-08-04 11:10:00,1.2,22.0,7.8,245.0,2022-08-04 15:32:00,8.5
2022-08-05,1006.6,1007.7,2022-08-05 00:01:00,1004.3,2022-08-05 16:03:00,29.0,35.5,2022-08-05 13:27:00,24.6,2022-08-05 05:40:00,80.0,48.0,2022-08-05 13:07:00,1.2,42.0,8.3,302.0,2022-08-05 15:26:00,9.0
2022-08-06,1005.2,1007.1,2022-08-06 00:01:00,1002.5,2022-08-06 15:30:00,29.8,35.5,2022-08-06 12:25:00,26.0,2022-08-06 04:11:00,78.0,50.0,2022-08-06 12:21:00,1.0,55.0,8.0,304.0,2022-08-06 14:17:00,0.0
2022-08-07,1005.1,1007.3,2022-08-07 21:19:00,1002.5,2022-08-07 15:24:00,28.9,35.9,2022-08-07 12:19:00,24.1,2022-08-07 17:30:00,80.0,45.0,2022-08-07 12:19:00,1.1,29.0,9.3,197.0,2022-08-07 16:18:00,0.5
2022-08-08,1005.3,1006.9,2022-08-08 00:01:00,1002.6,2022-08-08 15:39:00,29.1,36.7,2022-08-08 14:41:00,24.8,2022-08-08 04:31:00,76.0,44.0,2022-08-08 14:19:00,0.9,31.0,7.6,311.0,2022-08-08 17:04:00,6.0
2022-08-09,1004.9,1006.7,2022-08-09 22:36:00,1002.8,2022-08-09 14:19:00,28.0,35.2,2022-08-09 12:19:00,24.8,2022-08-09 15:49:00,87.0,52.0,2022-08-09 10:35:00,1.0,56.0,7.7,43.0,2022-08-09 14:47:00,27.0
2022-08-10,1005.4,1007.6,2022-08-10 20:37:00,1003.4,2022-08-10 17:02:00,29.2,35.2,2022-08-10 12:34:00,24.9,2022-08-10 05:48:00,78.0,49.0,2022-08-10 12:09:00,1.0,34.0,7.1,199.0,2022-08-10 19:09:00,0.0
2022-08-11,1006.4,1008.3,2022-08-11 21:46:00,1004.6,2022-08-11 15:01:00,29.1,34.2,2022-08-11 10:44:00,26.0,2022-08-12 00:00:00,81.0,54.0,2022-08-11 10:45:00,1.3,295.0,8.2,302.0,2022-08-11 15:06:00,3.5
2022-08-12,1006.3,1007.5,2022-08-12 09:49:00,1005.4,2022-08-12 05:05:00,28.2,33.9,2022-08-12 13:39:00,25.7,2022-08-12 00:23:00,87.0,57.0,2022-08-12 11:46:00,0.9,296.0,7.3,284.0,2022-08-12 13:43:00,8.0
2022-08-13,1005.6,1006.5,2022-08-13 07:42:00,1004.1,2022-08-13 15:39:00,29.1,33.4,2022-08-13 13:10:00,25.1,2022-08-13 05:19:00,79.0,56.0,2022-08-13 11:10:00,1.1,51.0,7.1,283.0,2022-08-13 14:48:00,0.5
2022-08-14,1004.7,1006.0,2022-08-14 09:15:00,1003.3,2022-08-14 15:46:00,30.0,34.6,2022-08-14 12:19:00,25.9,2022-08-14 05:31:00,74.0,52.0,2022-08-14 11:03:00,1.0,110.0,7.5,291.0,2022-08-14 14:36:00,0.0
2022-08-15,1003.8,1004.9,2022-08-15 09:54:00,1002.3,2022-08-15 14:52:00,29.6,34.5,2022-08-15 11:55:00,26.8,2022-08-15 19:00:00,78.0,49.0,2022-08-15 13:23:00,0.8,12.0,6.4,203.0,2022-08-15 17:21:00,0.0
2022-08-16,1004.0,1005.8,2022-08-16 22:53:00,1001.8,2022-08-16 15:39:00,29.6,36.3,2022-08-16 14:38:00,25.8,2022-08-16 03:15:00,78.0,48.0,2022-08-16 14:27:00,1.0,62.0,6.7,31.0,2022-08-16 13:47:00,0.0
2022-08-17,1004.6,1006.5,2022-08-17 21:20:00,1002.8,2022-08-17 14:57:00,28.1,33.8,2022-08-17 13:26:00,25.3,2022-08-17 20:46:00,87.0,57.0,2022-08-17 13:26:00,1.2,121.0,7.7,354.0,2022-08-17 13:44:00,18.0
2022-08-18,1004.2,1005.6,2022-08-18 22:28:00,1002.7,2022-08-18 03:11:00,27.4,34.4,2022-08-18 11:42:00,24.5,2022-08-18 20:45:00,89.0,54.0,2022-08-18 11:44:00,1.0,287.0,8.0,222.0,2022-08-18 13:14:00,18.0
2022-08-19,1005.1,1007.8,2022-08-19 23:36:00,1003.4,2022-08-19 15:29:00,29.2,34.4,2022-08-19 13:47:00,24.8,2022-08-19 05:21:00,76.0,50.0,2022-08-19 13:37:00,1.6,196.0,9.8,196.0,2022-08-19 15:33:00,0.5
2022-08-20,1007.0,1008.4,2022-08-20 21:59:00,1005.6,2022-08-20 16:04:00,29.7,33.8,2022-08-20 11:52:00,25.8,2022-08-20 05:56:00,75.0,52.0,2022-08-20 11:52:00,1.2,172.0,6.7,266.0,2022-08-20 14:18:00,0.0
2022-08-21,1005.4,1007.4,2022-08-21 00:01:00,1003.9,2022-08-21 16:09:00,29.6,34.7,2022-08-21 14:13:00,25.7,2022-08-21 05:48:00,78.0,48.0,2022-08-21 14:12:00,1.0,92.0,6.8,300.0,2022-08-21 15:04:00,0.0
2022-08-22,1003.3,1004.9,2022-08-22 09:05:00,1001.4,2022-08-22 17:45:00,30.3,35.3,2022-08-22 15:28:00,26.4,2022-08-22 05:51:00,79.0,54.0,2022-08-22 15:26:00,1.1,137.0,6.1,271.0,2022-08-22 12:54:00,0.0
2022-08-23,1002.6,1004.3,2022-08-23 09:24:00,1000.2,2022-08-23 17:07:00,31.2,35.9,2022-08-23 13:40:00,28.1,2022-08-23 05:33:00,73.0,46.0,2022-08-23 13:31:00,1.0,5.0,6.5,296.0,2022-08-23 11:25:00,0.0
2022-08-24,1003.2,1006.8,2022-08-24 23:28:00,1000.6,2022-08-24 03:39:00,29.9,34.1,2022-08-24 11:10:00,27.7,2022-08-24 06:03:00,82.0,61.0,2022-08-24 11:10:00,0.7,36.0,8.5,262.0,2022-08-24 12:37:00,0.5
2022-08-25,1007.4,1010.2,2022-08-25 21:49:00,1005.3,2022-08-25 03:45:00,30.3,34.8,2022-08-25 12:13:00,26.8,2022-08-25 05:48:00,69.0,50.0,2022-08-25 11:39:00,1.7,201.0,9.6,270.0,2022-08-25 13:22:00,0.0
2022-08-26,1007.8,1009.7,2022-08-26 00:18:00,1006.3,2022-08-26 14:31:00,30.4,35.4,2022-08-26 14:57:00,26.5,2022-08-26 05:25:00,71.0,47.0,2022-08-26 14:54:00,1.0,296.0,6.2,308.0,2022-08-26 11:21:00,0.0
2022-08-27,1005.5,1008.4,2022-08-27 00:05:00,1002.8,2022-08-27 15:55:00,30.5,35.7,2022-08-27 13:53:00,26.1,2022-08-27 05:53:00,76.0,50.0,2022-08-27 13:43:00,1.1,125.0,6.1,300.0,2022-08-27 13:35:00,0.0
2022-08-28,1006.3,1008.1,2022-08-28 22:41:00,1004.7,2022-08-28 04:17:00,28.5,35.8,2022-08-28 12:01:00,25.2,2022-08-28 16:37:00,84.0,51.0,2022-08-28 12:03:00,1.1,318.0,7.3,309.0,2022-08-28 13:24:00,6.5
2022-08-29,1007.1,1008.3,2022-08-29 11:24:00,1005.8,2022-08-29 15:59:00,28.0,32.3,2022-08-29 13:35:00,25.4,2022-08-29 15:53:00,87.0,67.0,2022-08-29 10:33:00,0.7,104.0,7.0,47.0,2022-08-29 15:30:00,21.0
2022-08-30,1005.3,1007.8,2022-08-30 00:02:00,1003.2,2022-08-30 18:37:00,28.5,33.2,2022-08-30 11:23:00,25.9,2022-08-30 05:49:00,89.0,60.0,2022-08-30 11:23:00,1.0,202.0,7.1,271.0,2022-08-30 12:45:00,2.5
2022-08-31,1002.8,1004.6,2022-08-31 00:01:00,1000.4,2022-08-31 15:27:00,29.6,34.9,2022-08-31 15:13:00,25.8,2022-08-31 03:55:00,81.0,54.0,2022-08-31 15:12:00,1.0,14.0,5.8,303.0,2022-08-31 15:52:00,0.0
2022-09-01,1001.3,1003.4,2022-09-01 00:29:00,999.2,2022-09-01 19:39:00,29.1,33.6,2022-09-01 12:40:00,26.8,2022-09-01 05:13:00,73.0,54.0,2022-09-01 11:24:00,2.6,8.0,14.2,18.0,2022-09-01 19:13:00,0.0
2022-09-02,996.9,1000.2,2022-09-02 00:03:00,994.7,2022-09-02 16:32:00,26.9,28.9,2022-09-02 14:27:00,25.4,2022-09-02 05:19:00,83.0,57.0,2022-09-02 00:01:00,3.5,11.0,12.4,20.0,2022-09-02 08:55:00,2.5
2022-09-03,994.1,995.9,2022-09-03 21:59:00,992.6,2022-09-03 14:44:00,27.5,30.1,2022-09-03 14:43:00,25.5,2022-09-03 01:49:00,90.0,72.0,2022-09-03 14:46:00,3.1,358.0,12.5,355.0,2022-09-03 14:46:00,19.5
2022-09-04,997.2,999.6,2022-09-04 21:49:00,995.5,2022-09-04 00:01:00,28.4,32.3,2022-09-04 13:48:00,25.9,2022-09-04 06:33:00,81.0,56.0,2022-09-04 15:20:00,1.3,206.0,8.4,9.0,2022-09-04 00:31:00,0.0
2022-09-05,1000.9,1004.3,2022-09-05 22:41:00,998.7,2022-09-05 02:40:00,29.2,33.0,2022-09-05 15:19:00,26.6,2022-09-05 06:14:00,83.0,60.0,2022-09-05 14:31:00,1.9,173.0,7.5,205.0,2022-09-05 10:50:00,0.0
2022-09-06,1006.9,1010.3,2022-09-06 21:43:00,1003.1,2022-09-06 02:17:00,28.5,33.0,2022-09-06 12:40:00,26.7,2022-09-06 03:43:00,85.0,61.0,2022-09-06 12:40:00,1.0,175.0,6.7,286.0,2022-09-06 13:27:00,0.0
2022-09-07,1010.3,1011.5,2022-09-07 22:26:00,1009.0,2022-09-07 03:08:00,28.5,34.2,2022-09-07 13:59:00,26.4,2022-09-08 00:00:00,84.0,57.0,2022-09-07 14:21:00,0.5,64.0,7.2,271.0,2022-09-07 11:50:00,0.0
2022-09-08,1009.5,1011.2,2022-09-08 08:57:00,1007.5,2022-09-08 15:16:00,27.8,33.9,2022-09-08 12:06:00,25.7,2022-09-08 05:58:00,86.0,56.0,2022-09-08 12:05:00,0.9,204.0,8.5,315.0,2022-09-08 13:36:00,5.0
2022-09-09,1008.1,1009.8,2022-09-09 08:13:00,1005.7,2022-09-09 16:21:00,29.2,34.4,2022-09-09 14:05:00,26.1,2022-09-09 00:46:00,71.0,45.0,2022-09-09 16:03:00,0.9,12.0,5.7,271.0,2022-09-09 11:58:00,0.0
2022-09-10,1006.8,1008.8,2022-09-10 00:02:00,1004.4,2022-09-10 15:46:00,27.9,33.3,2022-09-10 13:19:00,24.5,2022-09-10 06:29:00,70.0,52.0,2022-09-10 12:44:00,0.8,12.0,6.6,358.0,2022-09-10 17:01:00,0.0
2022-09-11,1003.4,1006.8,2022-09-11 00:01:00,1001.3,2022-09-11 16:23:00,27.3,31.3,2022-09-11 11:09:00,23.2,2022-09-11 06:01:00,77.0,58.0,2022-09-11 11:10:00,1.8,16.0,9.8,22.0,2022-09-11 17:03:00,0.0
2022-09-12,1001.3,1002.5,2022-09-12 09:47:00,1000.1,2022-09-12 15:07:00,27.6,30.9,2022-09-12 14:50:00,25.4,2022-09-12 02:48:00,82.0,65.0,2022-09-12 12:29:00,2.7,8.0,12.0,17.0,2022-09-12 14:21:00,0.5
2022-09-13,1002.4,1003.9,2022-09-13 08:59:00,1001.2,2022-09-13 01:20:00,27.6,32.6,2022-09-13 11:31:00,25.2,2022-09-13 23:31:00,77.0,51.0,2022-09-13 11:19:00,1.5,9.0,9.3,346.0,2022-09-13 10:32:00,0.0
2022-09-14,1002.0,1003.8,2022-09-14 08:02:00,1000.4,2022-09-14 14:53:00,28.3,34.2,2022-09-14 11:39:00,23.4,2022-09-14 05:11:00,74.0,43.0,2022-09-14 13:48:00,0.7,293.0,5.9,270.0,2022-09-14 14:24:00,0.0
2022-09-15,1001.8,1003.0,2022-09-15 08:19:00,999.9,2022-09-15 14:56:00,29.3,35.5,2022-09-15 13:31:00,24.2,2022-09-15 04:43:00,69.0,38.0,2022-09-15 13:31:00,0.7,36.0,7.2,302.0,2022-09-15 13:49:00,0.0
2022-09-16,1002.1,1003.5,2022-09-16 08:06:00,1000.5,2022-09-16 16:14:00,28.9,34.5,2022-09-16 14:38:00,25.4,2022-09-16 05:46:00,73.0,45.0,2022-09-16 11:12:00,0.7,3.0,6.4,291.0,2022-09-16 14:46:00,0.0
2022-09-17,1002.6,1004.5,2022-09-17 08:05:00,1000.5,2022-09-17 15:15:00,28.5,34.1,2022-09-17 12:43:00,24.1,2022-09-17 05:31:00,73.0,41.0,2022-09-17 12:54:00,0.7,133.0,6.2,15.0,2022-09-17 14:45:00,0.0
2022-09-18,1002.8,1004.3,2022-09-18 21:42:00,1000.8,2022-09-18 14:46:00,28.0,34.0,2022-09-18 13:10:00,24.6,2022-09-18 02:56:00,76.0,46.0,2022-09-18 15:36:00,0.9,133.0,6.5,275.0,2022-09-18 14:22:00,0.0
2022-09-19,1003.7,1005.6,2022-09-19 22:13:00,1001.4,2022-09-19 13:58:00,27.5,34.3,2022-09-19 11:17:00,22.2,2022-09-19 14:19:00,78.0,49.0,2022-09-19 11:24:00,1.0,31.0,14.1,302.0,2022-09-19 13:51:00,10.5
2022-09-20,1005.1,1007.7,2022-09-20 21:59:00,1003.6,2022-09-20 14:41:00,27.9,33.9,2022-09-20 12:48:00,24.7,2022-09-20 23:43:00,75.0,47.0,2022-09-20 13:46:00,0.5,8.0,4.8,350.0,2022-09-20 16:25:00,0.0
2022-09-21,1006.9,1008.5,2022-09-21 22:22:00,1005.3,2022-09-21 15:37:00,27.3,33.3,2022-09-21 13:08:00,22.4,2022-09-21 06:33:00,69.0,44.0,2022-09-21 13:08:00,1.0,352.0,6.5,322.0,2022-09-21 15:21:00,0.0
2022-09-22,1007.1,1008.7,2022-09-22 08:27:00,1004.8,2022-09-22 15:10:00,27.7,33.6,2022-09-22 14:13:00,23.8,2022-09-22 05:11:00,71.0,48.0,2022-09-22 13:58:00,0.8,9.0,5.9,314.0,2022-09-22 15:55:00,0.0
2022-09-23,1006.9,1008.7,2022-09-23 21:46:00,1004.8,2022-09-23 15:36:00,27.5,33.1,2022-09-23 14:56:00,23.3,2022-09-23 06:03:00,66.0,43.0,2022-09-23 14:17:00,0.9,7.0,6.2,311.0,2022-09-23 15:06:00,0.0
2022-09-24,1006.4,1007.9,2022-09-24 09:52:00,1004.4,2022-09-24 15:31:00,27.2,32.9,2022-09-24 12:04:00,22.9,2022-09-24 06:13:00,69.0,47.0,2022-09-24 12:04:00,1.2,18.0,7.0,333.0,2022-09-24 14:11:00,0.0
2022-09-25,1006.0,1007.8,2022-09-25 09:19:00,1004.4,2022-09-25 15:01:00,27.5,33.6,2022-09-25 13:19:00,23.6,2022-09-25 04:35:00,78.0,53.0,2022-09-25 13:19:00,1.0,17.0,7.2,19.0,2022-09-25 16:23:00,0.0
2022-09-26,1005.1,1006.6,2022-09-26 08:30:00,1003.4,2022-09-26 15:28:00,28.9,35.2,2022-09-26 14:04:00,24.6,2022-09-26 06:11:00,81.0,51.0,2022-09-26 14:04:00,0.6,3.0,5.9,307.0,2022-09-26 14:45:00,0.0
2022-09-27,1005.1,1006.5,2022-09-27 22:19:00,1003.4,2022-09-27 15:26:00,29.1,34.2,2022-09-27 13:58:00,25.6,2022-09-27 05:23:00,78.0,47.0,2022-09-27 14:43:00,1.0,291.0,6.5,282.0,2022-09-27 13:28:00,0.0
2022-09-28,1005.6,1007.6,2022-09-28 23:14:00,1003.6,2022-09-28 14:52:00,29.2,33.7,2022-09-28 13:10:00,25.7,2022-09-28 06:49:00,78.0,50.0,2022-09-28 16:58:00,0.7,14.0,6.6,300.0,2022-09-28 13:37:00,0.0
2022-09-29,1008.0,1009.7,2022-09-29 23:58:00,1006.4,2022-09-29 04:08:00,29.1,33.0,2022-09-29 12:23:00,26.8,2022-09-29 06:10:00,78.0,49.0,2022-09-29 12:21:00,0.9,298.0,6.7,302.0,2022-09-29 12:48:00,0.0
2022-09-30,1010.1,1011.6,2022-09-30 21:58:00,1008.5,2022-09-30 14:15:00,29.3,33.9,2022-09-30 15:06:00,25.9,2022-09-30 04:27:00,76.0,47.0,2022-09-30 13:16:00,0.9,295.0,6.9,269.0,2022-09-30 13:57:00,0.0
2022-10-01,1010.7,1011.8,2022-10-01 08:33:00,1009.4,2022-10-01 16:28:00,28.8,34.1,2022-10-01 11:10:00,25.5,2022-10-01 06:11:00,79.0,51.0,2022-10-01 11:05:00,0.6,13.0,6.7,306.0,2022-10-01 14:30:00,0.0
2022-10-02,1010.4,1011.7,2022-10-02 09:04:00,1008.9,2022-10-02 14:40:00,29.5,35.2,2022-10-02 12:41:00,25.6,2022-10-02 06:21:00,75.0,46.0,2022-10-02 12:35:00,0.5,28.0,5.3,317.0,2022-10-02 14:42:00,0.0
2022-10-03,1010.3,1011.6,2022-10-03 08:45:00,1008.4,2022-10-03 15:33:00,29.1,34.2,2022-10-03 11:55:00,25.1,2022-10-03 05:25:00,78.0,52.0,2022-10-03 11:55:00,0.6,263.0,6.0,266.0,2022-10-03 13:37:00,0.0
2022-10-04,1010.4,1012.2,2022-10-04 09:03:00,1008.4,2022-10-04 15:55:00,29.4,33.8,2022-10-04 11:34:00,26.5,2022-10-04 05:43:00,77.0,50.0,2022-10-04 11:33:00,0.5,296.0,6.7,292.0,2022-10-04 15:09:00,0.0
2022-10-05,1010.7,1012.3,2022-10-05 09:03:00,1008.7,2022-10-05 16:19:00,29.3,34.6,2022-10-05 11:45:00,26.1,2022-10-05 05:49:00,78.0,47.0,2022-10-05 11:48:00,1.0,91.0,6.2,314.0,2022-10-05 14:45:00,0.0
2022-10-06,1011.1,1012.8,2022-10-06 08:11:00,1008.7,2022-10-06 16:14:00,29.1,34.5,2022-10-06 13:52:00,25.6,2022-10-06 06:03:00,78.0,51.0,2022-10-06 11:43:00,0.8,47.0,6.5,286.0,2022-10-06 15:34:00,0.0
2022-10-07,1010.7,1012.4,2022-10-07 23:41:00,1007.9,2022-10-07 14:38:00,28.4,33.5,2022-10-07 11:03:00,25.6,2022-10-07 23:28:00,78.0,52.0,2022-10-07 10:55:00,0.9,351.0,7.6,14.0,2022-10-07 15:22:00,0.0
2022-10-08,1011.0,1012.5,2022-10-08 09:21:00,1008.6,2022-10-08 13:57:00,27.7,33.7,2022-10-08 14:25:00,24.4,2022-10-08 03:41:00,73.0,49.0,2022-10-08 13:47:00,0.7,318.0,5.2,308.0,2022-10-08 15:30:00,0.0
2022-10-09,1011.6,1013.2,2022-10-09 22:01:00,1009.5,2022-10-09 14:58:00,26.8,32.4,2022-10-09 12:32:00,24.5,2022-10-09 05:57:00,76.0,55.0,2022-10-09 12:34:00,1.2,13.0,7.8,1.0,2022-10-09 16:04:00,0.0
2022-10-10,1012.0,1013.8,2022-10-10 09:51:00,1009.8,2022-10-10 14:39:00,23.5,28.1,2022-10-10 15:03:00,19.8,2022-10-10 23:58:00,67.0,53.0,2022-10-10 15:04:00,2.5,23.0,10.8,15.0,2022-10-10 09:44:00,0.0
2022-10-11,1010.7,1012.7,2022-10-11 09:48:00,1008.8,2022-10-11 15:15:00,22.4,27.5,2022-10-11 14:56:00,19.7,2022-10-11 00:15:00,66.0,53.0,2022-10-11 14:56:00,1.4,26.0,6.5,17.0,2022-10-11 08:37:00,0.0
2022-10-12,1009.1,1010.8,2022-10-12 09:49:00,1007.3,2022-10-12 15:10:00,24.3,30.5,2022-10-12 12:20:00,19.7,2022-10-12 05:51:00,70.0,49.0,2022-10-12 11:31:00,1.3,31.0,8.6,25.0,2022-10-12 16:11:00,0.0
2022-10-13,1008.1,1010.0,2022-10-13 08:41:00,1005.8,2022-10-13 14:45:00,25.4,32.4,2022-10-13 14:02:00,20.8,2022-10-13 06:01:00,75.0,46.0,2022-10-13 14:02:00,1.4,9.0,8.0,24.0,2022-10-13 17:05:00,0.0
2022-10-14,1006.6,1008.7,2022-10-14 07:59:00,1004.3,2022-10-14 15:57:00,25.5,31.7,2022-10-14 12:19:00,21.6,2022-10-14 05:01:00,78.0,52.0,2022-10-14 12:18:00,1.4,16.0,7.4,339.0,2022-10-14 13:28:00,0.0
2022-10-15,1003.6,1005.8,2022-10-15 07:13:00,1001.6,2022-10-15 16:08:00,25.7,31.2,2022-10-15 11:46:00,22.4,2022-10-15 06:01:00,84.0,56.0,2022-10-15 11:51:00,1.4,16.0,7.5,17.0,2022-10-15 18:54:00,0.0
2022-10-16,1001.1,1002.8,2022-10-16 08:35:00,999.3,2022-10-16 15:21:00,25.6,28.1,2022-10-16 14:29:00,24.1,2022-10-16 02:31:00,95.0,77.0,2022-10-16 14:32:00,0.6,28.0,4.8,48.0,2022-10-16 15:32:00,2.0
2022-10-17,1003.6,1006.6,2022-10-17 22:52:00,1001.5,2022-10-17 02:40:00,25.0,30.2,2022-10-17 13:33:00,21.5,2022-10-17 00:01:00,82.0,61.0,2022-10-17 13:43:00,2.0,16.0,11.1,20.0,2022-10-17 16:06:00,0.0
2022-10-18,1008.1,1010.3,2022-10-18 21:58:00,1005.6,2022-10-18 00:51:00,22.4,27.8,2022-10-18 13:13:00,19.9,2022-10-18 06:03:00,68.0,51.0,2022-10-18 13:38:00,2.2,22.0,8.9,42.0,2022-10-18 00:09:00,0.0
2022-10-19,1010.8,1013.1,2022-10-19 21:34:00,1009.3,2022-10-19 02:30:00,23.6,30.5,2022-10-19 13:29:00,19.5,2022-10-19 05:26:00,65.0,48.0,2022-10-19 13:30:00,1.4,15.0,6.8,24.0,2022-10-19 18:14:00,0.0
2022-10-20,1012.7,1013.9,2022-10-20 22:47:00,1011.1,2022-10-20 15:32:00,24.6,29.4,2022-10-20 15:30:00,22.2,2022-10-21 00:00:00,68.0,56.0,2022-10-20 15:29:00,0.8,7.0,6.4,347.0,2022-10-20 16:40:00,0.0
2022-10-21,1011.7,1013.8,2022-10-21 08:53:00,1009.4,2022-10-21 15:37:00,25.0,31.6,2022-10-21 12:50:00,20.5,2022-10-21 05:19:00,78.0,50.0,2022-10-21 12:27:00,0.8,3.0,7.6,27.0,2022-10-21 17:49:00,0.0
2022-10-22,1010.3,1012.1,2022-10-22 09:25:00,1008.9,2022-10-22 03:51:00,25.4,28.6,2022-10-22 15:34:00,22.3,2022-10-22 06:11:00,88.0,66.0,2022-10-22 16:22:00,0.1,28.0,3.4,353.0,2022-10-22 09:40:00,0.0
2022-10-23,1010.6,1012.3,2022-10-23 09:55:00,1009.0,2022-10-23 15:25:00,24.6,27.5,2022-10-23 12:21:00,22.1,2022-10-24 00:00:00,85.0,67.0,2022-10-23 15:09:00,1.2,5.0,6.2,22.0,2022-10-23 16:42:00,0.0
2022-10-24,1011.2,1013.0,2022-10-24 22:16:00,1009.2,2022-10-24 03:26:00,23.4,28.1,2022-10-24 13:59:00,20.6,2022-10-24 23:56:00,66.0,50.0,2022-10-24 14:15:00,1.7,22.0,7.0,56.0,2022-10-24 13:25:00,0.0
2022-10-25,1013.2,1014.9,2022-10-25 09:27:00,1011.7,2022-10-25 14:46:00,23.2,28.7,2022-10-25 11:31:00,19.8,2022-10-25 02:43:00,63.0,52.0,2022-10-25 14:34:00,0.9,7.0,5.8,346.0,2022-10-25 16:29:00,0.0
2022-10-26,1012.6,1014.3,2022-10-26 08:34:00,1010.6,2022-10-26 15:59:00,24.2,29.5,2022-10-26 13:29:00,20.2,2022-10-26 04:25:00,68.0,48.0,2022-10-26 14:29:00,0.7,21.0,5.4,283.0,2022-10-26 15:14:00,0.0
2022-10-27,1011.0,1012.6,2022-10-27 09:23:00,1009.1,2022-10-27 16:27:00,24.9,30.6,2022-10-27 12:08:00,21.3,2022-10-27 05:03:00,78.0,47.0,2022-10-27 11:54:00,0.6,355.0,8.1,318.0,2022-10-27 14:00:00,0.0
2022-10-28,1009.7,,,,,25.2,,,,,78.0,,,0.9,2.0,,,,0.0
2022-10-29,1007.8,1009.9,2022-10-29 08:49:00,1005.4,2022-10-29 14:33:00,25.0,31.1,2022-10-29 13:10:00,21.4,2022-10-29 06:11:00,77.0,53.0,2022-10-29 12:19:00,1.1,5.0,7.0,19.0,2022-10-29 16:32:00,0.0
2022-10-30,1004.6,1006.4,2022-10-30 00:01:00,1002.3,2022-10-30 14:15:00,25.2,31.8,2022-10-30 13:03:00,21.3,2022-10-30 05:26:00,79.0,53.0,2022-10-30 13:03:00,1.1,13.0,6.1,319.0,2022-10-30 12:54:00,0.0
2022-10-31,1003.5,1005.6,2022-10-31 19:36:00,1001.6,2022-10-31 05:15:00,23.2,26.1,2022-10-31 13:32:00,21.2,2022-10-31 19:56:00,92.0,78.0,2022-10-31 10:59:00,2.3,16.0,13.1,25.0,2022-10-31 20:04:00,3.0
2022-11-01,1003.3,1005.3,2022-11-01 21:25:00,1001.2,2022-11-01 02:57:00,23.8,29.8,2022-11-01 12:32:00,20.5,2022-11-01 04:51:00,76.0,53.0,2022-11-01 12:33:00,1.8,11.0,9.5,18.0,2022-11-01 00:50:00,0.5
2022-11-02,1006.3,1008.6,2022-11-02 21:35:00,1003.8,2022-11-02 03:17:00,24.0,30.1,2022-11-02 13:15:00,20.4,2022-11-02 06:13:00,81.0,56.0,2022-11-02 12:11:00,1.0,13.0,5.5,359.0,2022-11-02 16:39:00,0.0
2022-11-03,1009.7,1012.1,2022-11-03 22:21:00,1008.0,2022-11-03 03:06:00,25.4,32.2,2022-11-03 13:54:00,21.8,2022-11-03 02:48:00,84.0,55.0,2022-11-03 13:55:00,0.6,2.0,5.4,10.0,2022-11-03 15:11:00,0.0
2022-11-04,1012.3,1014.5,2022-11-04 21:37:00,1010.7,2022-11-04 15:13:00,24.4,30.7,2022-11-04 13:18:00,20.8,2022-11-04 23:57:00,83.0,58.0,2022-11-04 13:18:00,1.2,6.0,6.6,317.0,2022-11-04 15:03:00,0.0
2022-11-05,1014.4,1015.8,2022-11-05 21:28:00,1012.9,2022-11-05 14:36:00,21.9,25.4,2022-11-05 11:30:00,20.0,2022-11-05 06:19:00,78.0,64.0,2022-11-05 11:31:00,1.5,4.0,7.2,14.0,2022-11-05 14:51:00,0.0
2022-11-06,1013.8,1015.7,2022-11-06 09:08:00,1011.5,2022-11-06 15:29:00,22.6,28.4,2022-11-06 13:16:00,19.3,2022-11-06 03:56:00,78.0,55.0,2022-11-06 13:16:00,1.2,7.0,6.5,331.0,2022-11-06 15:26:00,0.0
2022-11-07,1012.6,1014.8,2022-11-07 09:20:00,1010.5,2022-11-07 14:48:00,23.6,28.8,2022-11-07 12:35:00,19.8,2022-11-07 06:13:00,85.0,58.0,2022-11-07 12:22:00,0.8,1.0,5.9,25.0,2022-11-07 11:19:00,0.0
2022-11-08,1013.1,1015.0,2022-11-08 09:19:00,1011.9,2022-11-08 15:44:00,24.1,29.0,2022-11-08 14:04:00,21.8,2022-11-08 05:43:00,86.0,56.0,2022-11-08 13:36:00,0.7,5.0,6.3,320.0,2022-11-08 14:49:00,0.0
2022-11-09,1012.5,1014.0,2022-11-09 22:13:00,1010.7,2022-11-09 14:53:00,24.5,29.4,2022-11-09 13:25:00,20.8,2022-11-09 06:11:00,85.0,63.0,2022-11-09 13:25:00,0.3,9.0,5.9,261.0,2022-11-09 14:11:00,0.0
2022-11-10,1012.4,1014.3,2022-11-10 09:30:00,1010.2,2022-11-10 14:49:00,25.1,30.7,2022-11-10 13:03:00,21.7,2022-11-10 06:33:00,85.0,57.0,2022-11-10 14:31:00,0.5,1.0,5.7,4.0,2022-11-10 15:00:00,0.0
2022-11-11,1012.0,1014.1,2022-11-11 09:20:00,1010.2,2022-11-11 15:16:00,25.6,31.1,2022-11-11 14:30:00,22.8,2022-11-11 01:51:00,85.0,56.0,2022-11-11 14:15:00,0.8,282.0,5.3,13.0,2022-11-11 19:50:00,0.0
2022-11-12,1011.3,1013.2,2022-11-12 08:56:00,1009.1,2022-11-12 15:04:00,25.8,31.7,2022-11-12 14:37:00,22.5,2022-11-12 23:32:00,85.0,53.0,2022-11-12 13:58:00,0.4,10.0,5.2,311.0,2022-11-12 14:55:00,0.0
2022-11-13,1012.4,1014.5,2022-11-13 09:36:00,1010.5,2022-11-13 15:49:00,24.6,31.0,2022-11-13 13:41:00,22.1,2022-11-13 05:59:00,88.0,55.0,2022-11-13 12:51:00,0.6,9.0,5.4,299.0,2022-11-13 14:45:00,0.0
2022-11-14,1012.5,1014.9,2022-11-14 08:52:00,1010.3,2022-11-14 15:06:00,24.4,31.1,2022-11-14 14:08:00,21.4,2022-11-14 03:44:00,84.0,54.0,2022-11-14 14:45:00,0.4,7.0,5.5,311.0,2022-11-14 15:10:00,0.0
2022-11-15,1012.0,1013.8,2022-11-15 09:12:00,1009.9,2022-11-15 14:22:00,24.3,30.5,2022-11-15 13:29:00,20.7,2022-11-15 06:01:00,85.0,57.0,2022-11-15 13:29:00,0.7,4.0,6.2,304.0,2022-11-15 14:59:00,0.0
2022-11-16,1011.8,1013.6,2022-11-16 09:01:00,1010.1,2022-11-16 14:29:00,24.1,29.9,2022-11-16 13:29:00,21.8,2022-11-17 00:00:00,87.0,55.0,2022-11-16 13:29:00,0.4,4.0,5.4,313.0,2022-11-16 15:29:00,0.0
2022-11-17,1011.5,1013.0,2022-11-17 08:56:00,1009.3,2022-11-17 15:12:00,24.9,30.6,2022-11-17 13:42:00,21.5,2022-11-17 04:51:00,81.0,51.0,2022-11-17 13:17:00,0.9,27.0,6.5,51.0,2022-11-17 12:01:00,0.0
2022-11-18,1012.3,1013.7,2022-11-18 09:05:00,1009.9,2022-11-18 14:53:00,24.9,31.1,2022-11-18 13:36:00,22.1,2022-11-18 01:33:00,84.0,51.0,2022-11-18 12:24:00,1.0,28.0,6.4,309.0,2022-11-18 14:20:00,0.0
2022-11-19,1011.5,1013.5,2022-11-19 09:08:00,1009.4,2022-11-19 15:10:00,24.6,29.9,2022-11-19 13:55:00,22.0,2022-11-19 23:53:00,86.0,58.0,2022-11-19 12:57:00,0.9,7.0,6.2,358.0,2022-11-19 14:56:00,0.0
2022-11-20,1010.5,1012.6,2022-11-20 08:47:00,1008.6,2022-11-20 15:05:00,24.7,30.3,2022-11-20 14:02:00,22.0,2022-11-20 00:13:00,86.0,56.0,2022-11-20 12:41:00,0.8,0.0,6.2,37.0,2022-11-20 10:49:00,0.0
2022-11-21,1010.8,1012.2,2022-11-21 08:29:00,1009.1,2022-11-21 14:40:00,24.7,30.9,2022-11-21 11:57:00,21.3,2022-11-21 06:41:00,85.0,55.0,2022-11-21 11:57:00,1.0,0.0,5.4,299.0,2022-11-21 13:45:00,0.0
2022-11-22,1010.6,1012.4,2022-11-22 09:28:00,1009.5,2022-11-22 17:52:00,24.4,29.5,2022-11-22 12:27:00,21.4,2022-11-22 05:48:00,88.0,61.0,2022-11-22 12:28:00,0.9,11.0,4.6,330.0,2022-11-22 13:24:00,0.0
2022-11-23,1010.9,1012.8,2022-11-23 09:56:00,1009.1,2022-11-23 14:58:00,24.7,29.7,2022-11-23 14:02:00,22.0,2022-11-23 23:53:00,86.0,61.0,2022-11-23 14:00:00,1.3,11.0,6.5,45.0,2022-11-23 10:50:00,0.0
2022-11-24,1011.8,1013.7,2022-11-24 22:31:00,1009.8,2022-11-24 14:51:00,24.0,29.3,2022-11-24 14:00:00,21.4,2022-11-24 05:01:00,84.0,62.0,2022-11-24 14:01:00,1.0,5.0,4.8,359.0,2022-11-24 20:53:00,0.0
2022-11-25,1012.1,1013.5,2022-11-25 22:20:00,1009.9,2022-11-25 14:00:00,23.8,29.2,2022-11-25 13:10:00,21.3,2022-11-25 06:08:00,89.0,67.0,2022-11-25 13:10:00,0.9,0.0,6.9,314.0,2022-11-25 13:47:00,0.0
2022-11-26,1011.3,1013.2,2022-11-26 05:28:00,1009.9,2022-11-26 14:50:00,23.8,27.7,2022-11-26 10:28:00,21.5,2022-11-26 23:59:00,82.0,61.0,2022-11-26 10:37:00,1.3,0.0,7.5,27.0,2022-11-26 10:48:00,0.0
2022-11-27,1010.5,1011.9,2022-11-27 09:06:00,1008.0,2022-11-27 15:17:00,24.3,29.6,2022-11-27 12:18:00,20.8,2022-11-27 06:23:00,82.0,57.0,2022-11-27 12:18:00,0.9,0.0,6.4,241.0,2022-11-27 15:24:00,0.0
2022-11-28,1010.5,1012.1,2022-11-28 08:33:00,1008.4,2022-11-28 15:04:00,26.6,32.6,2022-11-28 12:14:00,21.5,2022-11-28 06:21:00,80.0,50.0,2022-11-28 12:45:00,1.2,0.0,7.4,258.0,2022-11-28 15:04:00,0.0
2022-11-29,1010.8,1012.2,2022-11-29 08:37:00,1008.5,2022-11-29 15:13:00,27.4,32.8,2022-11-29 11:17:00,24.1,2022-11-29 06:13:00,80.0,50.0,2022-11-29 11:47:00,0.9,0.0,6.8,291.0,2022-11-29 13:32:00,0.0
2022-11-30,1013.6,1015.8,2022-11-30 09:53:00,1011.4,2022-11-30 14:31:00,23.3,27.2,2022-11-30 13:53:00,19.5,2022-11-30 23:45:00,77.0,54.0,2022-11-30 14:10:00,2.1,7.0,8.4,16.0,2022-11-30 18:12:00,0.0
2022-12-01,1014.2,1016.0,2022-12-01 08:53:00,1012.3,2022-12-01 15:02:00,21.1,25.9,2022-12-01 13:18:00,18.3,2022-12-01 06:43:00,74.0,56.0,2022-12-01 12:20:00,2.2,20.0,8.6,30.0,2022-12-01 17:05:00,0.0
2022-12-02,1013.6,1016.0,2022-12-02 09:25:00,1010.8,2022-12-02 15:03:00,21.1,26.1,2022-12-02 14:03:00,18.3,2022-12-02 03:33:00,79.0,58.0,2022-12-02 13:38:00,2.0,9.0,8.0,68.0,2022-12-02 10:13:00,0.0
2022-12-03,1012.2,1014.4,2022-12-03 08:44:00,1009.6,2022-12-03 14:18:00,22.4,28.8,2022-12-03 13:17:00,18.3,2022-12-03 03:53:00,84.0,58.0,2022-12-03 13:20:00,1.4,21.0,6.6,316.0,2022-12-03 15:38:00,0.0
2022-12-04,1013.4,1015.3,2022-12-04 09:26:00,1011.5,2022-12-04 03:02:00,21.9,26.0,2022-12-04 14:33:00,19.7,2022-12-04 04:56:00,88.0,67.0,2022-12-04 14:33:00,1.3,12.0,7.8,33.0,2022-12-04 19:02:00,0.0
2022-12-05,1013.7,1016.1,2022-12-05 09:08:00,1011.4,2022-12-05 14:46:00,20.5,24.8,2022-12-05 12:01:00,17.1,2022-12-06 00:00:00,78.0,59.0,2022-12-05 14:23:00,2.6,11.0,10.6,18.0,2022-12-05 11:52:00,0.0
2022-12-06,1013.2,1015.8,2022-12-06 09:31:00,1011.0,2022-12-06 14:24:00,19.7,25.7,2022-12-06 14:18:00,16.6,2022-12-06 02:22:00,74.0,53.0,2022-12-06 14:18:00,1.2,7.0,7.3,19.0,2022-12-06 06:45:00,0.0
2022-12-07,1013.7,1016.1,2022-12-07 09:21:00,1011.3,2022-12-07 15:07:00,20.7,26.3,2022-12-07 13:34:00,17.4,2022-12-07 23:55:00,76.0,54.0,2022-12-07 11:24:00,1.8,11.0,8.8,308.0,2022-12-07 12:45:00,0.0
2022-12-08,1012.4,1014.6,2022-12-08 08:40:00,1010.1,2022-12-08 16:15:00,20.2,26.5,2022-12-08 13:47:00,16.0,2022-12-08 05:18:00,78.0,53.0,2022-12-08 13:26:00,2.0,11.0,8.1,41.0,2022-12-08 08:48:00,0.0
2022-12-09,1009.3,1011.5,2022-12-09 08:42:00,1006.7,2022-12-09 14:33:00,19.8,24.7,2022-12-09 13:54:00,16.3,2022-12-09 05:47:00,80.0,59.0,2022-12-09 13:10:00,2.4,16.0,10.2,14.0,2022-12-09 16:39:00,0.0
2022-12-10,1008.3,1010.4,2022-12-10 09:20:00,1005.6,2022-12-10 14:55:00,20.4,26.5,2022-12-10 14:41:00,15.9,2022-12-10 03:14:00,79.0,53.0,2022-12-10 14:07:00,1.5,2.0,7.1,12.0,2022-12-10 10:54:00,0.0
2022-12-11,1008.4,1010.6,2022-12-11 09:20:00,1006.0,2022-12-11 14:44:00,20.0,25.4,2022-12-11 13:28:00,17.2,2022-12-11 06:51:00,74.0,50.0,2022-12-11 13:31:00,2.1,4.0,8.7,25.0,2022-12-11 12:39:00,0.0
2022-12-12,1011.0,1012.6,2022-12-12 21:28:00,1009.0,2022-12-12 02:21:00,19.0,24.2,2022-12-12 12:26:00,16.8,2022-12-12 06:31:00,72.0,56.0,2022-12-12 12:25:00,2.4,20.0,10.9,6.0,2022-12-12 16:54:00,0.0
2022-12-13,1013.0,1015.3,2022-12-13 22:48:00,1011.3,2022-12-13 04:17:00,18.4,23.8,2022-12-13 12:36:00,16.0,2022-12-13 23:55:00,75.0,54.0,2022-12-13 12:36:00,1.9,16.0,7.3,338.0,2022-12-13 15:15:00,0.0
2022-12-14,1015.1,1017.4,2022-12-14 08:18:00,1013.2,2022-12-14 15:10:00,17.3,19.9,2022-12-14 15:00:00,15.6,2022-12-14 06:27:00,74.0,62.0,2022-12-14 13:05:00,2.1,3.0,8.4,39.0,2022-12-14 10:20:00,0.0
2022-12-15,1013.1,1015.9,2022-12-15 08:59:00,1010.2,2022-12-15 15:27:00,19.1,24.6,2022-12-15 13:17:00,16.0,2022-12-15 06:31:00,78.0,55.0,2022-12-15 13:17:00,1.8,4.0,6.8,316.0,2022-12-15 15:20:00,0.0
