,StnPres,Tx,RH,WS,WD,WSGust,WDGust,Precp,GloblRad,TxSoil0cm,TxSoil5cm,TxSoil20cm,TxSoil50cm,TxSoil100cm
2022-01-01 01:00:00,665.8,-1.2,51,7.3,4.0,,,0.0,,,,,,
2022-01-01 02:00:00,665.6,-3.0,76,4.7,6.0,,,0.0,,,,,,
2022-01-01 03:00:00,665.4,-3.6,99,5.5,10.0,,,0.0,,,,,,
2022-01-01 04:00:00,665.4,-4.0,99,4.8,4.0,,,0.0,,,,,,
2022-01-01 05:00:00,665.5,-4.2,96,6.3,343.0,,,0.0,,,,,,
2022-01-01 06:00:00,665.8,-3.7,76,8.8,331.0,,,0.0,,,,,,
2022-01-01 07:00:00,666.1,-99.7,-9997,11.4,318.0,,,0.0,,,,,,
2022-01-01 08:00:00,666.6,-0.1,64,10.9,323.0,,,0.0,,,,,,
2022-01-01 09:00:00,667.0,0.6,63,10.8,347.0,,,0.0,,,,,,
2022-01-01 10:00:00,667.2,0.4,66,9.5,343.0,,,0.0,,,,,,
2022-01-01 11:00:00,666.8,0.3,70,8.2,358.0,,,0.0,,,,,,
2022-01-01 12:00:00,666.3,-0.2,88,5.4,357.0,,,0.0,,,,,,
2022-01-01 13:00:00,665.7,-1.0,98,5.0,350.0,,,0.0,,,,,,
2022-01-01 14:00:00,665.5,-1.4,100,4.8,353.0,,,0.0,,,,,,
2022-01-01 15:00:00,665.4,-1.8,100,4.4,357.0,,,0.0,,,,,,
2022-01-01 16:00:00,665.4,-2.1,100,8.3,5.0,,,0.0,,,,,,
2022-01-01 17:00:00,665.6,-3.0,93,9.3,358.0,,,0.0,,,,,,
2022-01-01 18:00:00,665.8,-3.2,86,7.0,4.0,,,0.0,,,,,,
2022-01-01 19:00:00,666.2,-3.1,79,4.4,2.0,,,0.0,,,,,,
2022-01-01 20:00:00,666.6,-1.5,58,3.1,12.0,,,0.0,,,,,,
2022-01-01 21:00:00,666.6,-2.2,64,1.8,52.0,,,0.0,,,,,,
2022-01-01 22:00:00,666.5,-2.2,65,1.9,357.0,,,0.0,,,,,,
2022-01-01 23:00:00,666.4,-0.3,42,2.0,23.0,,,0.0,,,,,,
2022-01-02 00:00:00,666.2,-1.8,62,0.8,60.0,,,0.0,,,,,,
2022-01-02 01:00:00,666.0,-2.4,71,0.8,46.0,,,0.0,,,,,,
2022-01-02 02:00:00,665.4,-2.7,77,3.9,10.0,,,0.0,,,,,,
2022-01-02 03:00:00,665.1,-0.4,44,9.1,350.0,,,-999.6,,,,,,
2022-01-02 04:00:00,665.0,-0.8,46,5.6,359.0,,,0.0,,,,,,
2022-01-02 05:00:00,665.1,-0.4,41,5.4,357.0,,,0.0,,,,,,
2022-01-02 06:00:00,665.5,0.0,30,4.0,9.0,,,0.0,,,,,,
2022-01-02 07:00:00,-9999.7,-99.7,-9997,-99.7,-999.7,,,0.0,,,,,,
2022-01-02 08:00:00,666.4,-0.2,37,1.8,35.0,,,0.0,,,,,,
2022-01-02 09:00:00,666.8,0.5,45,0.3,274.0,,,0.0,,,,,,
2022-01-02 10:00:00,667.0,3.4,41,0.8,111.0,,,0.0,,,,,,
2022-01-02 11:00:00,666.7,2.2,44,2.6,358.0,,,0.0,,,,,,
2022-01-02 12:00:00,666.2,1.5,53,4.0,348.0,,,0.0,,,,,,
2022-01-02 13:00:00,665.7,1.8,53,4.2,341.0,,,0.0,,,,,,
2022-01-02 14:00:00,665.2,1.8,46,4.6,340.0,,,0.0,,,,,,
2022-01-02 15:00:00,664.9,1.8,53,3.7,334.0,,,0.0,,,,,,
2022-01-02 16:00:00,665.2,-0.8,73,4.3,339.0,,,0.0,,,,,,
2022-01-02 17:00:00,665.3,-0.2,46,3.9,11.0,,,0.0,,,,,,
2022-01-02 18:00:00,665.5,0.2,25,4.6,360.0,,,0.0,,,,,,
2022-01-02 19:00:00,665.7,-0.1,25,2.6,18.0,,,0.0,,,,,,
2022-01-02 20:00:00,665.7,-0.8,24,1.5,33.0,,,0.0,,,,,,
2022-01-02 21:00:00,665.7,-0.7,21,2.2,34.0,,,0.0,,,,,,
2022-01-02 22:00:00,665.7,-0.9,20,2.3,33.0,,,0.0,,,,,,
2022-01-02 23:00:00,665.7,-0.3,22,3.5,11.0,,,-999.6,,,,,,
2022-01-03 00:00:00,665.7,-1.0,24,3.7,15.0,,,0.0,,,,,,
2022-01-03 01:00:00,665.4,-0.9,24,4.6,18.0,,,0.0,,,,,,
2022-01-03 02:00:00,665.1,-1.8,33,3.7,18.0,,,0.0,,,,,,
2022-01-03 03:00:00,665.1,-1.7,32,2.7,18.0,,,0.0,,,,,,
2022-01-03 04:00:00,665.0,-1.6,32,3.4,31.0,,,0.0,,,,,,
2022-01-03 05:00:00,665.2,-2.0,38,2.9,32.0,,,0.0,,,,,,
2022-01-03 06:00:00,665.6,-1.7,32,2.9,32.0,,,0.0,,,,,,
2022-01-03 07:00:00,665.8,-0.1,31,2.4,49.0,,,0.0,,,,,,
2022-01-03 08:00:00,666.3,1.0,30,2.6,29.0,,,0.0,,,,,,
2022-01-03 09:00:00,666.7,1.5,33,0.8,27.0,,,0.0,,,,,,
2022-01-03 10:00:00,666.7,2.0,39,1.9,14.0,,,0.0,,,,,,
2022-01-03 11:00:00,666.4,3.4,42,2.7,24.0,,,0.0,,,,,,
2022-01-03 12:00:00,666.0,2.6,50,2.1,10.0,,,0.0,,,,,,
2022-01-03 13:00:00,665.4,2.6,54,2.9,5.0,,,0.0,,,,,,
2022-01-03 14:00:00,665.1,2.3,57,3.4,341.0,,,0.0,,,,,,
2022-01-03 15:00:00,665.1,2.2,62,3.5,340.0,,,0.0,,,,,,
2022-01-03 16:00:00,665.1,-0.2,75,3.0,345.0,,,0.0,,,,,,
2022-01-03 17:00:00,665.4,-0.2,64,3.8,359.0,,,0.0,,,,,,
2022-01-03 18:00:00,665.7,1.5,33,8.0,346.0,,,0.0,,,,,,
2022-01-03 19:00:00,665.8,1.9,29,9.1,317.0,,,0.0,,,,,,
2022-01-03 20:00:00,666.1,1.6,32,8.2,320.0,,,0.0,,,,,,
2022-01-03 21:00:00,666.6,1.5,32,5.5,314.0,,,0.0,,,,,,
2022-01-03 22:00:00,666.8,0.9,35,4.0,325.0,,,0.0,,,,,,
2022-01-03 23:00:00,666.8,1.7,30,6.0,340.0,,,0.0,,,,,,
2022-01-04 00:00:00,666.9,1.5,29,4.1,331.0,,,0.0,,,,,,
2022-01-04 01:00:00,666.7,1.4,30,4.7,327.0,,,0.0,,,,,,
2022-01-04 02:00:00,666.4,1.9,30,5.9,321.0,,,0.0,,,,,,
2022-01-04 03:00:00,666.1,2.1,31,6.6,312.0,,,0.0,,,,,,
2022-01-04 04:00:00,666.0,2.1,31,6.7,321.0,,,0.0,,,,,,
2022-01-04 05:00:00,666.0,1.6,32,5.5,311.0,,,0.0,,,,,,
2022-01-04 06:00:00,666.4,1.8,32,6.8,329.0,,,0.0,,,,,,
2022-01-04 07:00:00,666.7,1.9,32,6.1,337.0,,,0.0,,,,,,
2022-01-04 08:00:00,667.2,2.1,33,5.3,345.0,,,0.0,,,,,,
2022-01-04 09:00:00,667.8,2.8,32,4.1,349.0,,,0.0,,,,,,
2022-01-04 10:00:00,667.6,4.1,30,1.5,11.0,,,0.0,,,,,,
2022-01-04 11:00:00,667.2,3.8,36,2.6,346.0,,,0.0,,,,,,
2022-01-04 12:00:00,666.5,4.4,43,3.0,339.0,,,0.0,,,,,,
2022-01-04 13:00:00,666.1,4.3,54,3.6,348.0,,,0.0,,,,,,
2022-01-04 14:00:00,665.8,4.3,52,2.6,351.0,,,0.0,,,,,,
2022-01-04 15:00:00,665.6,3.8,51,2.3,350.0,,,0.0,,,,,,
2022-01-04 16:00:00,665.8,2.2,59,0.6,6.0,,,0.0,,,,,,
2022-01-04 17:00:00,665.9,1.8,44,1.7,40.0,,,0.0,,,,,,
2022-01-04 18:00:00,666.1,1.8,32,1.3,33.0,,,0.0,,,,,,
2022-01-04 19:00:00,666.7,1.2,34,1.8,12.0,,,0.0,,,,,,
2022-01-04 20:00:00,666.8,1.4,34,2.6,135.0,,,0.0,,,,,,
2022-01-04 21:00:00,666.9,2.2,29,2.9,152.0,,,0.0,,,,,,
2022-01-04 22:00:00,666.8,1.6,32,2.7,145.0,,,0.0,,,,,,
2022-01-04 23:00:00,666.6,1.6,32,2.4,143.0,,,0.0,,,,,,
2022-01-05 00:00:00,666.4,1.8,32,2.7,165.0,,,0.0,,,,,,
2022-01-05 01:00:00,666.2,1.9,31,3.1,169.0,,,0.0,,,,,,
2022-01-05 02:00:00,665.6,1.9,30,2.8,163.0,,,0.0,,,,,,
2022-01-05 03:00:00,665.3,0.9,37,1.7,172.0,,,0.0,,,,,,
2022-01-05 04:00:00,665.0,1.4,31,4.7,146.0,,,0.0,,,,,,
2022-01-05 05:00:00,665.3,0.7,39,2.6,143.0,,,0.0,,,,,,
2022-01-05 06:00:00,665.4,1.0,71,3.5,147.0,,,0.0,,,,,,
2022-01-05 07:00:00,665.7,1.5,66,3.8,151.0,,,0.0,,,,,,
2022-01-05 08:00:00,665.8,2.6,54,3.3,153.0,,,0.0,,,,,,
2022-01-05 09:00:00,666.1,2.8,59,2.3,175.0,,,0.0,,,,,,
2022-01-05 10:00:00,666.2,2.2,74,1.7,176.0,,,0.0,,,,,,
2022-01-05 11:00:00,665.9,2.9,72,2.2,164.0,,,0.0,,,,,,
2022-01-05 12:00:00,665.4,3.0,74,1.6,219.0,,,0.0,,,,,,
2022-01-05 13:00:00,664.9,3.5,72,0.6,193.0,,,0.0,,,,,,
2022-01-05 14:00:00,664.7,2.9,81,3.2,198.0,,,0.0,,,,,,
2022-01-05 15:00:00,664.7,1.8,90,1.0,125.0,,,0.0,,,,,,
2022-01-05 16:00:00,665.2,0.8,98,3.1,4.0,,,0.0,,,,,,
2022-01-05 17:00:00,665.1,1.0,97,0.4,34.0,,,0.0,,,,,,
2022-01-05 18:00:00,665.4,1.2,100,1.6,204.0,,,0.0,,,,,,
2022-01-05 19:00:00,665.7,1.2,100,0.4,16.0,,,0.0,,,,,,
2022-01-05 20:00:00,665.8,1.4,100,2.0,146.0,,,0.0,,,,,,
2022-01-05 21:00:00,665.8,1.2,100,2.3,176.0,,,0.0,,,,,,
2022-01-05 22:00:00,666.0,1.0,100,1.0,20.0,,,0.0,,,,,,
2022-01-05 23:00:00,665.9,0.4,100,1.4,151.0,,,0.0,,,,,,
2022-01-06 00:00:00,665.2,-0.4,100,2.2,159.0,,,0.0,,,,,,
2022-01-06 01:00:00,665.2,-0.1,100,0.6,104.0,,,0.0,,,,,,
2022-01-06 02:00:00,665.0,0.6,100,1.5,98.0,,,0.0,,,,,,
2022-01-06 03:00:00,664.8,0.3,100,0.6,78.0,,,0.0,,,,,,
2022-01-06 04:00:00,664.9,-0.1,100,2.1,28.0,,,0.0,,,,,,
2022-01-06 05:00:00,665.1,-0.3,100,1.4,95.0,,,0.0,,,,,,
2022-01-06 06:00:00,665.2,-0.4,100,2.3,156.0,,,0.0,,,,,,
2022-01-06 07:00:00,665.6,-0.3,100,0.4,146.0,,,0.0,,,,,,
2022-01-06 08:00:00,665.9,-0.4,100,1.1,101.0,,,0.0,,,,,,
2022-01-06 09:00:00,666.4,0.5,100,1.6,156.0,,,0.0,,,,,,
2022-01-06 10:00:00,666.5,1.4,98,2.2,5.0,,,0.0,,,,,,
2022-01-06 11:00:00,666.2,2.6,94,0.3,349.0,,,0.0,,,,,,
2022-01-06 12:00:00,665.4,1.8,100,1.1,149.0,,,0.0,,,,,,
2022-01-06 13:00:00,664.9,2.2,97,1.1,155.0,,,0.0,,,,,,
2022-01-06 14:00:00,664.6,2.0,95,1.4,164.0,,,0.0,,,,,,
2022-01-06 15:00:00,664.4,1.5,100,2.7,171.0,,,0.0,,,,,,
2022-01-06 16:00:00,664.3,0.9,100,2.7,163.0,,,0.0,,,,,,
2022-01-06 17:00:00,664.6,0.5,100,3.2,185.0,,,0.0,,,,,,
2022-01-06 18:00:00,665.2,0.1,100,2.2,190.0,,,0.0,,,,,,
2022-01-06 19:00:00,665.2,0.6,100,2.4,159.0,,,0.0,,,,,,
2022-01-06 20:00:00,665.2,0.5,100,4.1,171.0,,,0.0,,,,,,
2022-01-06 21:00:00,665.5,0.0,100,3.4,166.0,,,0.0,,,,,,
2022-01-06 22:00:00,665.3,-0.4,100,3.7,206.0,,,0.5,,,,,,
2022-01-06 23:00:00,665.3,-0.1,100,2.1,101.0,,,0.0,,,,,,
2022-01-07 00:00:00,664.9,-0.3,100,3.1,167.0,,,0.0,,,,,,
2022-01-07 01:00:00,665.0,-0.1,100,-99.7,-999.7,,,0.0,,,,,,
2022-01-07 02:00:00,664.8,0.0,100,-99.7,-999.7,,,0.0,,,,,,
2022-01-07 03:00:00,664.8,-0.4,100,-99.7,-999.7,,,0.0,,,,,,
2022-01-07 04:00:00,664.4,-0.5,100,-99.7,-999.7,,,0.0,,,,,,
2022-01-07 05:00:00,665.0,-0.7,100,-99.7,-999.7,,,0.0,,,,,,
2022-01-07 06:00:00,665.3,-0.5,100,-99.7,-999.7,,,0.0,,,,,,
2022-01-07 07:00:00,665.5,-0.8,100,-99.7,-999.7,,,0.0,,,,,,
2022-01-07 08:00:00,665.6,-0.8,100,-99.7,-999.7,,,0.0,,,,,,
2022-01-07 09:00:00,666.1,-0.6,100,-99.7,-999.7,,,0.0,,,,,,
2022-01-07 10:00:00,666.1,-0.4,100,-99.7,-999.7,,,0.0,,,,,,
2022-01-07 11:00:00,665.8,-0.3,100,-99.7,-999.7,,,0.5,,,,,,
2022-01-07 12:00:00,-9999.7,-99.7,-9997,-99.7,-999.7,,,-999.6,,,,,,
2022-01-07 13:00:00,664.6,-0.4,100,-99.7,-999.7,,,2.0,,,,,,
2022-01-07 14:00:00,664.3,-0.3,100,-99.7,-999.7,,,1.0,,,,,,
2022-01-07 15:00:00,664.1,-0.2,100,-99.7,-999.7,,,1.0,,,,,,
2022-01-07 16:00:00,664.2,-0.8,100,-99.7,-999.7,,,1.5,,,,,,
2022-01-07 17:00:00,664.4,-0.6,100,-99.7,-999.7,,,0.5,,,,,,
2022-01-07 18:00:00,664.7,-0.7,100,-99.7,-999.7,,,0.0,,,,,,
2022-01-07 19:00:00,665.0,-0.9,100,-99.7,-999.7,,,0.0,,,,,,
2022-01-07 20:00:00,665.2,-1.0,100,-99.7,-999.7,,,0.0,,,,,,
2022-01-07 21:00:00,665.2,-1.5,100,-99.7,-999.7,,,0.0,,,,,,
2022-01-07 22:00:00,665.0,-1.9,100,-99.7,-999.7,,,0.0,,,,,,
2022-01-07 23:00:00,664.5,-1.6,100,-99.7,-999.7,,,0.0,,,,,,
2022-01-08 00:00:00,664.2,-1.3,100,-99.7,-999.7,,,0.0,,,,,,
2022-01-08 01:00:00,664.1,-1.2,100,-99.7,-999.7,,,0.0,,,,,,
2022-01-08 02:00:00,663.8,-1.3,100,-99.7,-999.7,,,0.0,,,,,,
2022-01-08 03:00:00,663.3,-1.4,100,-99.7,-999.7,,,0.0,,,,,,
2022-01-08 04:00:00,663.5,-1.9,100,-99.7,-999.7,,,0.0,,,,,,
2022-01-08 05:00:00,663.5,-2.0,100,-99.7,-999.7,,,0.0,,,,,,
2022-01-08 06:00:00,663.6,-2.2,100,-99.7,-999.7,,,0.0,,,,,,
2022-01-08 07:00:00,663.7,-2.2,100,-99.7,-999.7,,,0.0,,,,,,
2022-01-08 08:00:00,664.1,-2.2,100,-99.7,-999.7,,,0.0,,,,,,
2022-01-08 09:00:00,664.4,-2.1,100,-99.7,-999.7,,,0.0,,,,,,
2022-01-08 10:00:00,664.4,-1.7,100,-99.7,-999.7,,,0.0,,,,,,
2022-01-08 11:00:00,665.3,-1.5,100,-99.7,-999.7,,,0.0,,,,,,
2022-01-08 12:00:00,665.4,-1.2,100,-99.7,-999.7,,,1.0,,,,,,
2022-01-08 13:00:00,663.0,-1.3,100,-99.7,-999.7,,,1.0,,,,,,
2022-01-08 14:00:00,662.8,-1.7,100,-99.7,-999.7,,,0.5,,,,,,
2022-01-08 15:00:00,662.5,-1.8,100,-99.7,-999.7,,,0.5,,,,,,
2022-01-08 16:00:00,662.6,-2.2,100,-99.7,-999.7,,,0.0,,,,,,
2022-01-08 17:00:00,662.7,-2.8,100,-99.7,-999.7,,,0.5,,,,,,
2022-01-08 18:00:00,662.9,-3.6,100,-99.7,-999.7,,,0.0,,,,,,
2022-01-08 19:00:00,663.0,-4.6,100,-99.7,-999.7,,,0.0,,,,,,
2022-01-08 20:00:00,663.3,-5.0,100,-99.7,-999.7,,,0.0,,,,,,
2022-01-08 21:00:00,663.0,-5.0,99,-99.7,-999.7,,,0.0,,,,,,
2022-01-08 22:00:00,-9999.7,-99.7,-9997,-99.7,-999.7,,,0.0,,,,,,
2022-01-08 23:00:00,662.6,-5.7,97,-99.7,-999.7,,,-999.6,,,,,,
2022-01-09 00:00:00,662.4,-6.0,97,-99.7,-999.7,,,0.0,,,,,,
2022-01-09 01:00:00,662.3,-6.6,96,-99.7,-999.7,,,0.0,,,,,,
2022-01-09 02:00:00,662.0,-6.4,97,-99.7,-999.7,,,0.0,,,,,,
2022-01-09 03:00:00,661.7,-6.4,97,-99.7,-999.7,,,0.0,,,,,,
2022-01-09 04:00:00,661.6,-6.1,98,-99.7,-999.7,,,0.0,,,,,,
2022-01-09 05:00:00,661.7,-5.1,98,-99.7,-999.7,,,0.0,,,,,,
2022-01-09 06:00:00,661.9,-5.1,98,-99.7,-999.7,,,0.0,,,,,,
2022-01-09 07:00:00,-9999.7,-99.7,-9997,-99.7,-999.7,,,0.0,,,,,,
2022-01-09 08:00:00,662.5,-3.3,100,-99.7,-999.7,,,0.0,,,,,,
2022-01-09 09:00:00,662.9,-3.8,99,-99.7,-999.7,,,0.0,,,,,,
2022-01-09 10:00:00,662.9,-2.7,100,-99.7,-999.7,,,0.5,,,,,,
2022-01-09 11:00:00,662.6,-2.5,99,-99.7,-999.7,,,1.0,,,,,,
2022-01-09 12:00:00,661.9,-3.0,98,-99.7,-999.7,,,1.0,,,,,,
2022-01-09 13:00:00,661.4,-2.1,100,-99.7,-999.7,,,1.0,,,,,,
2022-01-09 14:00:00,661.2,-2.1,99,-99.7,-999.7,,,1.0,,,,,,
2022-01-09 15:00:00,661.2,-2.0,100,-99.7,-999.7,,,0.5,,,,,,
2022-01-09 16:00:00,661.2,-2.4,99,-99.7,-999.7,,,0.5,,,,,,
2022-01-09 17:00:00,661.6,-2.9,100,-99.7,-999.7,,,0.0,,,,,,
2022-01-09 18:00:00,662.0,-3.4,100,-99.7,-999.7,,,0.0,,,,,,
2022-01-09 19:00:00,662.5,-4.4,96,-99.7,-999.7,,,0.0,,,,,,
2022-01-09 20:00:00,662.8,-5.2,95,-99.7,-999.7,,,0.0,,,,,,
2022-01-09 21:00:00,662.8,-4.0,96,-99.7,-999.7,,,0.0,,,,,,
2022-01-09 22:00:00,662.9,-3.9,96,-99.7,-999.7,,,0.0,,,,,,
2022-01-09 23:00:00,662.8,-3.6,96,-99.7,-999.7,,,0.0,,,,,,
2022-01-10 00:00:00,662.6,-3.5,95,-99.7,-999.7,,,0.0,,,,,,
2022-01-10 01:00:00,662.5,-3.4,96,-99.7,-999.7,,,0.0,,,,,,
2022-01-10 02:00:00,662.0,-3.8,94,-99.7,-999.7,,,0.0,,,,,,
2022-01-10 03:00:00,661.8,-3.7,95,-99.7,-999.7,,,0.0,,,,,,
2022-01-10 04:00:00,661.6,-3.8,93,-99.7,-999.7,,,0.0,,,,,,
2022-01-10 05:00:00,661.7,-3.9,96,-99.7,-999.7,,,0.0,,,,,,
2022-01-10 06:00:00,662.1,-3.9,96,-99.7,-999.7,,,0.0,,,,,,
2022-01-10 07:00:00,662.4,-3.4,97,-99.7,-999.7,,,0.0,,,,,,
2022-01-10 08:00:00,662.8,-2.5,96,-99.7,-999.7,,,0.0,,,,,,
2022-01-10 09:00:00,663.2,-2.4,95,-99.7,-999.7,,,0.0,,,,,,
2022-01-10 10:00:00,663.2,-1.8,96,-99.7,-999.7,,,0.0,,,,,,
2022-01-10 11:00:00,662.7,-1.6,98,-99.7,-999.7,,,0.0,,,,,,
2022-01-10 12:00:00,662.1,-1.2,97,-99.7,-999.7,,,0.5,,,,,,
2022-01-10 13:00:00,661.7,-1.8,98,-99.7,-999.7,,,0.5,,,,,,
2022-01-10 14:00:00,661.5,-1.7,95,-99.7,-999.7,,,0.5,,,,,,
2022-01-10 15:00:00,661.4,-1.9,95,-99.7,-999.7,,,0.0,,,,,,
2022-01-10 16:00:00,661.3,-2.1,99,-99.7,-999.7,,,0.0,,,,,,
2022-01-10 17:00:00,661.6,-2.4,100,-99.7,-999.7,,,0.5,,,,,,
2022-01-10 18:00:00,661.7,-2.8,100,-99.7,-999.7,,,0.0,,,,,,
2022-01-10 19:00:00,662.1,-3.5,99,-99.7,-999.7,,,0.0,,,,,,
2022-01-10 20:00:00,662.2,-3.6,99,-99.7,-999.7,,,0.0,,,,,,
2022-01-10 21:00:00,662.3,-3.5,99,-99.7,-999.7,,,0.0,,,,,,
2022-01-10 22:00:00,662.2,-3.8,99,-99.7,-999.7,,,0.0,,,,,,
2022-01-10 23:00:00,661.8,-4.6,94,-99.7,-999.7,,,0.0,,,,,,
2022-01-11 00:00:00,661.4,-4.4,92,-99.7,-999.7,,,0.0,,,,,,
2022-01-11 01:00:00,661.3,-4.1,97,-99.7,-999.7,,,0.0,,,,,,
2022-01-11 02:00:00,660.8,-3.8,100,-99.7,-999.7,,,0.0,,,,,,
2022-01-11 03:00:00,660.6,-3.6,98,-99.7,-999.7,,,0.0,,,,,,
2022-01-11 04:00:00,660.4,-4.0,98,-99.7,-999.7,,,0.0,,,,,,
2022-01-11 05:00:00,-9999.7,-99.7,-9997,-99.7,-999.7,,,0.0,,,,,,
2022-01-11 06:00:00,660.7,-3.7,98,-99.7,-999.7,,,0.0,,,,,,
2022-01-11 07:00:00,660.8,-3.8,98,-99.7,-999.7,,,0.0,,,,,,
2022-01-11 08:00:00,661.2,-3.9,96,-99.7,-999.7,,,0.0,,,,,,
2022-01-11 09:00:00,661.8,-3.2,99,-99.7,-999.7,,,0.0,,,,,,
2022-01-11 10:00:00,662.0,-2.6,98,-99.7,-999.7,,,0.0,,,,,,
2022-01-11 11:00:00,661.9,-2.1,98,-99.7,-999.7,,,0.0,,,,,,
2022-01-11 12:00:00,661.1,-1.4,97,-99.7,-999.7,,,0.0,,,,,,
2022-01-11 13:00:00,660.6,-1.4,98,-99.7,-999.7,,,0.0,,,,,,
2022-01-11 14:00:00,660.3,-1.7,99,-99.7,-999.7,,,0.0,,,,,,
2022-01-11 15:00:00,660.3,-2.0,100,-99.7,-999.7,,,0.5,,,,,,
2022-01-11 16:00:00,660.6,-2.8,100,-99.7,-999.7,,,0.0,,,,,,
2022-01-11 17:00:00,660.9,-3.6,99,-99.7,-999.7,,,0.0,,,,,,
2022-01-11 18:00:00,661.0,-4.6,94,-99.7,-999.7,,,0.0,,,,,,
2022-01-11 19:00:00,661.3,-4.2,100,-99.7,-999.7,,,0.0,,,,,,
2022-01-11 20:00:00,661.5,-4.1,98,-99.7,-999.7,,,0.0,,,,,,
2022-01-11 21:00:00,661.8,-4.0,99,-99.7,-999.7,,,0.0,,,,,,
2022-01-11 22:00:00,661.6,-4.1,100,-99.7,-999.7,,,0.0,,,,,,
2022-01-11 23:00:00,661.5,-3.9,99,-99.7,-999.7,,,0.0,,,,,,
2022-01-12 00:00:00,661.3,-4.1,100,-99.7,-999.7,,,0.0,,,,,,
2022-01-12 01:00:00,660.8,-4.2,100,-99.7,-999.7,,,0.0,,,,,,
2022-01-12 02:00:00,659.9,-4.0,99,-99.7,-999.7,,,0.0,,,,,,
2022-01-12 03:00:00,659.5,-3.7,99,-99.7,-999.7,,,0.0,,,,,,
2022-01-12 04:00:00,659.1,-3.9,100,-99.7,-999.7,,,0.0,,,,,,
2022-01-12 05:00:00,659.2,-3.7,100,-99.7,-999.7,,,0.0,,,,,,
2022-01-12 06:00:00,659.8,-4.4,100,-99.7,-999.7,,,0.0,,,,,,
2022-01-12 07:00:00,660.0,-4.4,100,-99.7,-999.7,,,0.0,,,,,,
2022-01-12 08:00:00,660.3,-4.0,100,-99.7,-999.7,,,0.0,,,,,,
2022-01-12 09:00:00,660.5,-3.9,100,-99.7,-999.7,,,0.0,,,,,,
2022-01-12 10:00:00,660.6,-3.6,100,-99.7,-999.7,,,0.0,,,,,,
2022-01-12 11:00:00,660.5,-3.7,100,-99.7,-999.7,,,0.0,,,,,,
2022-01-12 12:00:00,660.0,-3.5,100,-99.7,-999.7,,,0.0,,,,,,
2022-01-12 13:00:00,659.6,-3.5,100,-99.7,-999.7,,,0.0,,,,,,
2022-01-12 14:00:00,-9999.7,-99.7,-9997,-99.7,-999.7,,,0.0,,,,,,
2022-01-12 15:00:00,659.7,-3.9,100,-99.7,-999.7,,,-999.6,,,,,,
2022-01-12 16:00:00,660.0,-4.4,100,-99.7,-999.7,,,0.0,,,,,,
2022-01-12 17:00:00,660.7,-4.5,100,-99.7,-999.7,,,0.0,,,,,,
2022-01-12 18:00:00,660.8,-5.3,99,-99.7,-999.7,,,0.0,,,,,,
2022-01-12 19:00:00,661.2,-5.5,99,-99.7,-999.7,,,0.0,,,,,,
2022-01-12 20:00:00,661.8,-5.2,98,-99.7,-999.7,,,0.0,,,,,,
2022-01-12 21:00:00,661.8,-5.1,97,-99.7,-999.7,,,0.0,,,,,,
2022-01-12 22:00:00,661.8,-4.9,96,-99.7,-999.7,,,0.0,,,,,,
2022-01-12 23:00:00,661.6,-4.7,93,-99.7,-999.7,,,0.0,,,,,,
2022-01-13 00:00:00,-9999.7,-99.7,-9997,-99.7,-999.7,,,-999.6,,,,,,
2022-01-13 01:00:00,-9999.7,-99.7,-9997,-99.7,-999.7,,,-999.6,,,,,,
2022-01-13 02:00:00,-9999.7,-99.7,-9997,-99.7,-999.7,,,-999.6,,,,,,
2022-01-13 03:00:00,-9999.7,-99.7,-9997,-99.7,-999.7,,,-999.6,,,,,,
2022-01-13 04:00:00,-9999.7,-99.7,-9997,-99.7,-999.7,,,-999.6,,,,,,
2022-01-13 05:00:00,-9999.7,-99.7,-9997,-99.7,-999.7,,,-999.6,,,,,,
2022-01-13 06:00:00,-9999.7,-99.7,-9997,-99.7,-999.7,,,-999.6,,,,,,
2022-01-13 07:00:00,-9999.7,-99.7,-9997,-99.7,-999.7,,,-999.6,,,,,,
2022-01-13 08:00:00,-9999.7,-99.7,-9997,-99.7,-999.7,,,-999.6,,,,,,
2022-01-13 09:00:00,-9999.7,-99.7,-9997,-99.7,-999.7,,,-999.6,,,,,,
2022-01-13 10:00:00,663.3,0.1,64,10.6,340.0,,,0.0,,,,,,
2022-01-13 11:00:00,662.9,0.7,63,9.5,353.0,,,0.0,,,,,,
2022-01-13 12:00:00,662.2,0.7,73,7.7,9.0,,,0.0,,,,,,
2022-01-13 13:00:00,661.4,0.8,79,6.0,2.0,,,1.0,,,,,,
2022-01-13 14:00:00,661.3,-0.3,88,6.5,5.0,,,1.0,,,,,,
2022-01-13 15:00:00,661.0,0.5,83,6.4,360.0,,,1.0,,,,,,
2022-01-13 16:00:00,661.1,-1.4,97,5.9,1.0,,,0.0,,,,,,
2022-01-13 17:00:00,661.4,0.0,65,8.7,356.0,,,0.0,,,,,,
2022-01-13 18:00:00,661.3,-1.6,74,9.0,2.0,,,0.0,,,,,,
2022-01-13 19:00:00,661.7,-1.3,67,5.7,3.0,,,0.0,,,,,,
2022-01-13 20:00:00,662.2,-0.3,56,11.6,353.0,,,0.0,,,,,,
2022-01-13 21:00:00,662.3,-0.4,53,9.7,359.0,,,0.0,,,,,,
2022-01-13 22:00:00,662.4,-1.6,62,6.5,3.0,,,0.0,,,,,,
2022-01-13 23:00:00,662.2,-1.0,57,9.9,359.0,,,0.0,,,,,,
2022-01-14 00:00:00,662.1,-0.4,52,9.3,359.0,,,0.0,,,,,,
2022-01-14 01:00:00,662.0,-1.5,61,7.0,5.0,,,0.0,,,,,,
2022-01-14 02:00:00,661.9,-1.7,62,6.9,5.0,,,0.0,,,,,,
2022-01-14 03:00:00,661.6,-1.1,59,7.7,4.0,,,0.0,,,,,,
2022-01-14 04:00:00,661.5,-2.2,68,6.4,8.0,,,0.0,,,,,,
2022-01-14 05:00:00,661.5,-1.9,64,8.0,3.0,,,0.0,,,,,,
2022-01-14 06:00:00,661.8,-2.0,61,10.2,356.0,,,0.0,,,,,,
2022-01-14 07:00:00,662.1,-2.4,70,9.8,354.0,,,0.0,,,,,,
2022-01-14 08:00:00,662.7,-2.9,75,9.7,352.0,,,0.0,,,,,,
2022-01-14 09:00:00,663.3,-2.4,74,9.6,343.0,,,0.0,,,,,,
2022-01-14 10:00:00,663.4,-2.5,85,8.2,353.0,,,0.0,,,,,,
2022-01-14 11:00:00,663.1,-2.7,96,5.3,11.0,,,0.0,,,,,,
2022-01-14 12:00:00,662.6,-1.7,97,5.7,8.0,,,0.0,,,,,,
2022-01-14 13:00:00,661.9,-1.9,96,6.1,5.0,,,0.0,,,,,,
2022-01-14 14:00:00,661.7,-1.9,100,5.1,8.0,,,0.0,,,,,,
2022-01-14 15:00:00,661.3,-2.3,100,6.5,1.0,,,0.0,,,,,,
2022-01-14 16:00:00,661.5,-2.7,100,-99.7,-999.7,,,0.0,,,,,,
2022-01-14 17:00:00,661.8,-2.9,100,-99.7,-999.7,,,0.0,,,,,,
2022-01-14 18:00:00,662.0,-3.1,100,-99.7,-999.7,,,0.0,,,,,,
2022-01-14 19:00:00,662.4,-3.1,100,-99.7,-999.7,,,0.0,,,,,,
2022-01-14 20:00:00,662.6,-3.1,100,-99.7,-999.7,,,0.0,,,,,,
2022-01-14 21:00:00,662.9,-3.0,100,-99.7,-999.7,,,0.0,,,,,,
2022-01-14 22:00:00,662.9,-2.9,100,-99.7,-999.7,,,0.0,,,,,,
2022-01-14 23:00:00,662.9,-2.8,100,-99.7,-999.7,,,0.0,,,,,,
2022-01-15 00:00:00,662.8,-2.7,100,-99.7,-999.7,,,0.0,,,,,,
2022-01-15 01:00:00,662.7,-2.9,100,-99.7,-999.7,,,0.0,,,,,,
2022-01-15 02:00:00,662.7,-3.0,100,-99.7,-999.7,,,0.0,,,,,,
2022-01-15 03:00:00,662.6,-3.2,100,-99.7,-999.7,,,0.0,,,,,,
2022-01-15 04:00:00,662.6,-3.2,100,-99.7,-999.7,,,0.0,,,,,,
2022-01-15 05:00:00,662.8,-3.3,100,-99.7,-999.7,,,0.0,,,,,,
2022-01-15 06:00:00,663.1,-3.3,100,-99.7,-999.7,,,0.0,,,,,,
2022-01-15 07:00:00,663.8,-3.0,100,-99.7,-999.7,,,0.0,,,,,,
2022-01-15 08:00:00,664.0,-3.5,100,-99.7,-999.7,,,0.0,,,,,,
2022-01-15 09:00:00,664.8,-3.0,100,-99.7,-999.7,,,0.0,,,,,,
2022-01-15 10:00:00,664.8,-3.6,97,-99.7,-999.7,,,0.5,,,,,,
2022-01-15 11:00:00,664.5,-3.1,97,10.4,345.0,,,0.0,,,,,,
2022-01-15 12:00:00,664.2,-1.9,99,9.1,338.0,,,0.0,,,,,,
2022-01-15 13:00:00,663.7,-1.6,96,8.2,335.0,,,0.0,,,,,,
2022-01-15 14:00:00,663.7,-0.9,100,5.9,347.0,,,0.0,,,,,,
2022-01-15 15:00:00,663.6,-1.0,100,5.3,347.0,,,0.0,,,,,,
2022-01-15 16:00:00,663.9,-1.4,100,5.0,348.0,,,0.0,,,,,,
2022-01-15 17:00:00,664.2,-2.4,92,8.0,337.0,,,0.0,,,,,,
2022-01-15 18:00:00,664.7,-2.6,83,8.4,340.0,,,0.0,,,,,,
2022-01-15 19:00:00,665.3,-2.3,69,7.0,307.0,,,0.0,,,,,,
2022-01-15 20:00:00,666.1,0.3,60,8.1,313.0,,,0.0,,,,,,
2022-01-15 21:00:00,665.9,-0.4,59,8.4,322.0,,,0.0,,,,,,
2022-01-15 22:00:00,666.0,-0.2,56,6.8,336.0,,,0.0,,,,,,
2022-01-15 23:00:00,666.2,-0.1,58,7.5,338.0,,,0.0,,,,,,
2022-01-16 00:00:00,666.1,0.3,56,6.9,353.0,,,0.0,,,,,,
2022-01-16 01:00:00,666.0,-0.3,61,3.7,15.0,,,0.0,,,,,,
2022-01-16 02:00:00,-9999.7,-99.7,-9997,-99.7,-999.7,,,-999.6,,,,,,
2022-01-16 03:00:00,-9999.7,-99.7,-9997,-99.7,-999.7,,,-999.6,,,,,,
2022-01-16 04:00:00,-9999.7,-99.7,-9997,-99.7,-999.7,,,-999.6,,,,,,
2022-01-16 05:00:00,-9999.7,-99.7,-9997,-99.7,-999.7,,,-999.6,,,,,,
2022-01-16 06:00:00,-9999.7,-99.7,-9997,-99.7,-999.7,,,-999.6,,,,,,
2022-01-16 07:00:00,-9999.7,-99.7,-9997,-99.7,-999.7,,,-999.6,,,,,,
2022-01-16 08:00:00,-9999.7,-99.7,-9997,-99.7,-999.7,,,-999.6,,,,,,
2022-01-16 09:00:00,-9999.7,-99.7,-9997,-99.7,-999.7,,,-999.6,,,,,,
2022-01-16 10:00:00,-9999.7,-99.7,-9997,-99.7,-999.7,,,-999.6,,,,,,
2022-01-16 11:00:00,-9999.7,-99.7,-9997,-99.7,-999.7,,,-999.6,,,,,,
2022-01-16 12:00:00,-9999.7,-99.7,-9997,-99.7,-999.7,,,-999.6,,,,,,
2022-01-16 13:00:00,-9999.7,-99.7,-9997,-99.7,-999.7,,,-999.6,,,,,,
2022-01-16 14:00:00,665.2,2.5,68,0.0,0.0,,,6.0,,,,,,
2022-01-16 15:00:00,664.8,2.8,70,2.0,5.0,,,1.5,,,,,,
2022-01-16 16:00:00,664.5,1.0,80,1.5,339.0,,,1.0,,,,,,
2022-01-16 17:00:00,664.4,-0.1,89,1.0,34.0,,,0.5,,,,,,
2022-01-16 18:00:00,663.5,-1.2,93,3.1,160.0,,,0.0,,,,,,
2022-01-16 19:00:00,665.1,-1.0,100,1.3,107.0,,,0.0,,,,,,
2022-01-16 20:00:00,666.0,-1.2,100,3.2,138.0,,,0.0,,,,,,
2022-01-16 21:00:00,665.6,-1.6,100,3.8,151.0,,,0.0,,,,,,
2022-01-16 22:00:00,665.6,-1.4,100,3.0,146.0,,,0.0,,,,,,
2022-01-16 23:00:00,666.5,-1.0,100,2.3,145.0,,,0.0,,,,,,
2022-01-17 00:00:00,667.2,-0.8,100,0.4,159.0,,,0.0,,,,,,
2022-01-17 01:00:00,666.9,-0.7,100,3.6,144.0,,,0.0,,,,,,
2022-01-17 02:00:00,664.7,-1.4,100,3.0,143.0,,,0.0,,,,,,
2022-01-17 03:00:00,666.0,-0.7,100,4.3,162.0,,,0.0,,,,,,
2022-01-17 04:00:00,666.4,-0.1,100,2.9,94.0,,,0.0,,,,,,
2022-01-17 05:00:00,665.8,0.0,100,-99.7,-999.7,,,0.0,,,,,,
2022-01-17 06:00:00,666.1,0.3,100,2.2,112.0,,,0.0,,,,,,
2022-01-17 07:00:00,666.6,0.8,100,1.1,155.0,,,0.0,,,,,,
2022-01-17 08:00:00,666.5,0.8,100,1.6,163.0,,,0.5,,,,,,
2022-01-17 09:00:00,666.5,0.6,100,1.6,157.0,,,0.5,,,,,,
2022-01-17 10:00:00,666.7,0.9,100,2.1,150.0,,,0.5,,,,,,
2022-01-17 11:00:00,666.2,1.1,100,1.1,110.0,,,0.5,,,,,,
2022-01-17 12:00:00,665.7,1.4,100,1.7,148.0,,,1.0,,,,,,
2022-01-17 13:00:00,665.4,1.5,100,2.1,117.0,,,1.5,,,,,,
2022-01-17 14:00:00,664.8,1.7,100,2.3,78.0,,,1.0,,,,,,
2022-01-17 15:00:00,664.7,1.4,100,3.0,125.0,,,1.0,,,,,,
2022-01-17 16:00:00,664.6,1.3,100,3.3,126.0,,,1.5,,,,,,
2022-01-17 17:00:00,665.0,1.1,100,2.0,160.0,,,1.0,,,,,,
2022-01-17 18:00:00,665.1,1.1,100,5.2,358.0,,,0.5,,,,,,
2022-01-17 19:00:00,665.3,0.8,100,1.6,108.0,,,1.0,,,,,,
2022-01-17 20:00:00,665.5,0.9,100,1.6,97.0,,,2.0,,,,,,
2022-01-17 21:00:00,666.1,1.2,100,2.4,99.0,,,4.0,,,,,,
2022-01-17 22:00:00,666.5,1.3,100,1.9,72.0,,,1.5,,,,,,
2022-01-17 23:00:00,666.1,1.0,100,4.6,109.0,,,2.5,,,,,,
2022-01-18 00:00:00,666.1,0.7,100,3.9,106.0,,,2.0,,,,,,
2022-01-18 01:00:00,666.0,1.0,100,2.4,84.0,,,2.0,,,,,,
2022-01-18 02:00:00,665.3,0.5,100,3.1,6.0,,,0.0,,,,,,
2022-01-18 03:00:00,665.1,0.4,100,4.1,3.0,,,0.5,,,,,,
2022-01-18 04:00:00,664.8,-0.4,100,1.7,33.0,,,0.0,,,,,,
2022-01-18 05:00:00,664.4,-0.3,100,-99.7,-999.7,,,0.0,,,,,,
2022-01-18 06:00:00,664.9,-0.2,100,-99.7,-999.7,,,0.5,,,,,,
2022-01-18 07:00:00,665.2,-0.1,100,-99.7,-999.7,,,0.0,,,,,,
2022-01-18 08:00:00,665.2,0.0,100,-99.7,-999.7,,,0.5,,,,,,
2022-01-18 09:00:00,666.5,0.4,100,3.5,153.0,,,2.0,,,,,,
2022-01-18 10:00:00,666.9,0.1,100,3.0,158.0,,,3.5,,,,,,
2022-01-18 11:00:00,667.2,0.4,100,2.6,175.0,,,3.5,,,,,,
2022-01-18 12:00:00,666.4,0.3,100,2.5,162.0,,,4.5,,,,,,
2022-01-18 13:00:00,-9999.7,-99.7,-9997,-99.7,-999.7,,,2.5,,,,,,
2022-01-18 14:00:00,-9999.7,-99.7,-9997,-99.7,-999.7,,,-999.6,,,,,,
2022-01-18 15:00:00,663.4,-0.2,100,2.5,178.0,,,-999.6,,,,,,
2022-01-18 16:00:00,663.4,-0.3,100,0.9,134.0,,,5.5,,,,,,
2022-01-18 17:00:00,663.6,0.0,100,2.6,60.0,,,0.0,,,,,,
2022-01-18 18:00:00,663.6,0.0,100,3.0,92.0,,,0.5,,,,,,
2022-01-18 19:00:00,663.5,-0.3,100,2.3,126.0,,,1.0,,,,,,
2022-01-18 20:00:00,663.7,0.4,100,1.7,38.0,,,1.0,,,,,,
2022-01-18 21:00:00,663.9,-0.3,100,2.5,143.0,,,2.0,,,,,,
2022-01-18 22:00:00,664.1,-0.3,100,6.1,159.0,,,3.0,,,,,,
2022-01-18 23:00:00,663.9,-0.2,100,-99.7,-999.7,,,1.0,,,,,,
2022-01-19 00:00:00,663.8,-0.3,100,-99.7,-999.7,,,0.5,,,,,,
2022-01-19 01:00:00,663.4,-0.6,100,-99.7,-999.7,,,0.0,,,,,,
2022-01-19 02:00:00,663.3,-0.6,100,-99.7,-999.7,,,0.0,,,,,,
2022-01-19 03:00:00,663.1,-0.7,100,-99.7,-999.7,,,0.0,,,,,,
2022-01-19 04:00:00,663.0,-0.6,100,-99.7,-999.7,,,0.0,,,,,,
2022-01-19 05:00:00,662.8,-0.9,100,-99.7,-999.7,,,0.0,,,,,,
2022-01-19 06:00:00,662.2,-1.1,100,-99.7,-999.7,,,0.0,,,,,,
2022-01-19 07:00:00,662.1,-1.4,100,-99.7,-999.7,,,0.0,,,,,,
2022-01-19 08:00:00,663.0,-1.5,100,-99.7,-999.7,,,0.0,,,,,,
2022-01-19 09:00:00,664.6,-1.4,100,-99.7,-999.7,,,0.0,,,,,,
2022-01-19 10:00:00,-9999.7,-99.7,-9997,-99.7,-999.7,,,-999.6,,,,,,
2022-01-19 11:00:00,-9999.7,-99.7,-9997,-99.7,-999.7,,,-999.6,,,,,,
2022-01-19 12:00:00,-9999.7,-99.7,-9997,-99.7,-999.7,,,-999.6,,,,,,
2022-01-19 13:00:00,662.9,-1.1,100,-99.7,-999.7,,,5.5,,,,,,
2022-01-19 14:00:00,662.6,-0.9,100,-99.7,-999.7,,,1.5,,,,,,
2022-01-19 15:00:00,662.4,-1.4,100,-99.7,-999.7,,,0.5,,,,,,
2022-01-19 16:00:00,662.6,-1.4,100,-99.7,-999.7,,,1.0,,,,,,
2022-01-19 17:00:00,662.7,-1.7,100,-99.7,-999.7,,,0.0,,,,,,
2022-01-19 18:00:00,661.8,-2.5,100,-99.7,-999.7,,,0.0,,,,,,
2022-01-19 19:00:00,661.7,-2.4,100,-99.7,-999.7,,,0.0,,,,,,
2022-01-19 20:00:00,662.0,-2.7,100,-99.7,-999.7,,,0.0,,,,,,
2022-01-19 21:00:00,661.1,-3.6,100,-99.7,-999.7,,,0.0,,,,,,
2022-01-19 22:00:00,661.2,-4.2,100,-99.7,-999.7,,,0.0,,,,,,
2022-01-19 23:00:00,661.1,-5.2,98,-99.7,-999.7,,,0.0,,,,,,
2022-01-20 00:00:00,661.3,-6.2,94,-99.7,-999.7,,,0.0,,,,,,
2022-01-20 01:00:00,662.9,-6.8,86,-99.7,-999.7,,,0.0,,,,,,
2022-01-20 02:00:00,662.8,-5.8,70,-99.7,-999.7,,,0.0,,,,,,
2022-01-20 03:00:00,662.9,-4.1,50,-99.7,-999.7,,,0.0,,,,,,
2022-01-20 04:00:00,663.0,-3.3,42,-99.7,-999.7,,,0.0,,,,,,
2022-01-20 05:00:00,662.0,-3.2,45,1.1,188.0,,,0.0,,,,,,
2022-01-20 06:00:00,662.2,-3.4,43,1.3,202.0,,,0.0,,,,,,
2022-01-20 07:00:00,663.2,-3.9,86,2.1,137.0,,,0.0,,,,,,
2022-01-20 08:00:00,664.7,-2.4,71,2.1,139.0,,,0.0,,,,,,
2022-01-20 09:00:00,664.7,-2.1,84,0.9,177.0,,,0.0,,,,,,
2022-01-20 10:00:00,664.9,-1.5,91,1.3,207.0,,,0.0,,,,,,
2022-01-20 11:00:00,-9999.7,-99.7,-9997,-99.7,-999.7,,,-999.6,,,,,,
2022-01-20 12:00:00,-9999.7,-99.7,-9997,-99.7,-999.7,,,-999.6,,,,,,
2022-01-20 13:00:00,-9999.7,-99.7,-9997,-99.7,-999.7,,,-999.6,,,,,,
2022-01-20 14:00:00,-9999.7,-99.7,-9997,-99.7,-999.7,,,-999.6,,,,,,
2022-01-20 15:00:00,-9999.7,-99.7,-9997,-99.7,-999.7,,,-999.6,,,,,,
2022-01-20 16:00:00,-9999.7,-99.7,-9997,-99.7,-999.7,,,-999.6,,,,,,
2022-01-20 17:00:00,-9999.7,-99.7,-9997,-99.7,-999.7,,,-999.6,,,,,,
2022-01-20 18:00:00,-9999.7,-99.7,-9997,-99.7,-999.7,,,-999.6,,,,,,
2022-01-20 19:00:00,-9999.7,-99.7,-9997,-99.7,-999.7,,,-999.6,,,,,,
2022-01-20 20:00:00,-9999.7,-99.7,-9997,-99.7,-999.7,,,-999.6,,,,,,
2022-01-20 21:00:00,-9999.7,-99.7,-9997,-99.7,-999.7,,,-999.6,,,,,,
2022-01-20 22:00:00,-9999.7,-99.7,-9997,-99.7,-999.7,,,-999.6,,,,,,
2022-01-20 23:00:00,-9999.7,-99.7,-9997,-99.7,-999.7,,,-999.6,,,,,,
2022-01-21 00:00:00,-9999.7,-99.7,-9997,-99.7,-999.7,,,-999.6,,,,,,
2022-01-21 01:00:00,-9999.7,-99.7,-9997,-99.7,-999.7,,,-999.6,,,,,,
2022-01-21 02:00:00,-9999.7,-99.7,-9997,-99.7,-999.7,,,-999.6,,,,,,
2022-01-21 03:00:00,-9999.7,-99.7,-9997,-99.7,-999.7,,,-999.6,,,,,,
2022-01-21 04:00:00,-9999.7,-99.7,-9997,-99.7,-999.7,,,-999.6,,,,,,
2022-01-21 05:00:00,-9999.7,-99.7,-9997,-99.7,-999.7,,,-999.6,,,,,,
2022-01-21 06:00:00,-9999.7,-99.7,-9997,-99.7,-999.7,,,-999.6,,,,,,
2022-01-21 07:00:00,-9999.7,-99.7,-9997,-99.7,-999.7,,,-999.6,,,,,,
2022-01-21 08:00:00,664.6,-1.5,100,-99.7,-999.7,,,4.5,,,,,,
2022-01-21 09:00:00,-9999.7,-99.7,-9997,-99.7,-999.7,,,0.0,,,,,,
2022-01-21 10:00:00,665.4,-1.0,100,-99.7,-999.7,,,0.0,,,,,,
2022-01-21 11:00:00,665.3,-0.4,100,-99.7,-999.7,,,0.0,,,,,,
2022-01-21 12:00:00,664.6,-0.4,100,-99.7,-999.7,,,0.0,,,,,,
2022-01-21 13:00:00,663.9,-0.2,100,-99.7,-999.7,,,0.5,,,,,,
2022-01-21 14:00:00,663.5,0.0,100,-99.7,-999.7,,,0.0,,,,,,
2022-01-21 15:00:00,-9999.7,-99.7,-9997,-99.7,-999.7,,,-999.6,,,,,,
2022-01-21 16:00:00,-9999.7,-99.7,-9997,-99.7,-999.7,,,0.0,,,,,,
2022-01-21 17:00:00,664.2,-0.9,100,-99.7,-999.7,,,0.5,,,,,,
2022-01-21 18:00:00,-9999.7,-99.7,-9997,-99.7,-999.7,,,-999.6,,,,,,
2022-01-21 19:00:00,664.2,-1.0,100,-99.7,-999.7,,,-999.6,,,,,,
2022-01-21 20:00:00,664.4,-0.9,100,-99.7,-999.7,,,0.0,,,,,,
2022-01-21 21:00:00,664.6,-0.9,100,-99.7,-999.7,,,0.0,,,,,,
2022-01-21 22:00:00,664.7,-0.7,100,-99.7,-999.7,,,0.0,,,,,,
2022-01-21 23:00:00,664.5,-0.5,100,-99.7,-999.7,,,0.0,,,,,,
2022-01-22 00:00:00,664.3,-0.2,100,-99.7,-999.7,,,0.0,,,,,,
2022-01-22 01:00:00,664.2,-0.2,100,-99.7,-999.7,,,0.0,,,,,,
2022-01-22 02:00:00,663.8,-0.1,100,-99.7,-999.7,,,0.0,,,,,,
2022-01-22 03:00:00,663.5,0.0,100,-99.7,-999.7,,,0.0,,,,,,
2022-01-22 04:00:00,663.3,0.0,100,-99.7,-999.7,,,0.0,,,,,,
2022-01-22 05:00:00,663.3,0.0,100,-99.7,-999.7,,,0.0,,,,,,
2022-01-22 06:00:00,663.6,0.0,100,-99.7,-999.7,,,0.0,,,,,,
2022-01-22 07:00:00,663.6,0.0,100,-99.7,-999.7,,,0.0,,,,,,
2022-01-22 08:00:00,664.4,0.1,100,-99.7,-999.7,,,0.0,,,,,,
2022-01-22 09:00:00,664.8,0.0,100,-99.7,-999.7,,,0.0,,,,,,
2022-01-22 10:00:00,665.1,0.2,100,-99.7,-999.7,,,0.0,,,,,,
2022-01-22 11:00:00,664.6,0.3,100,-99.7,-999.7,,,0.5,,,,,,
2022-01-22 12:00:00,662.7,0.6,100,-99.7,-999.7,,,4.5,,,,,,
2022-01-22 13:00:00,662.3,0.9,100,5.7,159.0,,,2.5,,,,,,
2022-01-22 14:00:00,661.9,1.2,100,4.8,160.0,,,2.0,,,,,,
2022-01-22 15:00:00,661.6,1.4,100,4.6,187.0,,,3.5,,,,,,
2022-01-22 16:00:00,661.5,1.3,100,4.5,152.0,,,3.0,,,,,,
2022-01-22 17:00:00,662.0,1.1,100,5.8,132.0,,,3.0,,,,,,
2022-01-22 18:00:00,662.8,1.1,100,3.4,184.0,,,3.0,,,,,,
2022-01-22 19:00:00,663.4,1.6,100,3.8,196.0,,,4.0,,,,,,
2022-01-22 20:00:00,663.6,2.0,100,2.5,176.0,,,3.0,,,,,,
2022-01-22 21:00:00,663.5,2.1,100,4.8,170.0,,,3.5,,,,,,
2022-01-22 22:00:00,663.8,2.1,100,3.1,165.0,,,3.5,,,,,,
2022-01-22 23:00:00,663.6,2.1,100,2.4,167.0,,,3.0,,,,,,
2022-01-23 00:00:00,663.6,1.7,100,0.3,112.0,,,2.5,,,,,,
2022-01-23 01:00:00,663.4,2.4,100,0.6,137.0,,,2.0,,,,,,
2022-01-23 02:00:00,663.1,2.0,100,2.7,160.0,,,5.0,,,,,,
2022-01-23 03:00:00,662.5,1.1,100,2.0,30.0,,,1.5,,,,,,
2022-01-23 04:00:00,661.9,0.8,100,2.3,82.0,,,1.0,,,,,,
2022-01-23 05:00:00,662.1,0.3,100,2.1,81.0,,,1.0,,,,,,
2022-01-23 06:00:00,662.7,0.5,100,1.3,129.0,,,0.5,,,,,,
2022-01-23 07:00:00,662.6,0.4,100,2.3,157.0,,,0.5,,,,,,
2022-01-23 08:00:00,664.0,0.5,100,1.8,189.0,,,0.5,,,,,,
2022-01-23 09:00:00,665.9,0.3,100,2.1,162.0,,,0.5,,,,,,
2022-01-23 10:00:00,664.1,1.1,99,2.4,163.0,,,0.0,,,,,,
2022-01-23 11:00:00,663.6,0.6,100,3.4,175.0,,,0.0,,,,,,
2022-01-23 12:00:00,662.9,1.1,100,3.4,163.0,,,1.5,,,,,,
2022-01-23 13:00:00,662.1,1.2,100,3.4,159.0,,,3.0,,,,,,
2022-01-23 14:00:00,661.8,1.4,100,3.0,170.0,,,1.5,,,,,,
2022-01-23 15:00:00,661.9,1.2,100,4.0,109.0,,,0.5,,,,,,
2022-01-23 16:00:00,661.9,1.0,100,2.2,76.0,,,0.0,,,,,,
2022-01-23 17:00:00,662.2,0.5,100,2.6,55.0,,,0.0,,,,,,
2022-01-23 18:00:00,662.4,0.4,100,2.2,56.0,,,0.0,,,,,,
2022-01-23 19:00:00,662.8,0.7,100,2.3,42.0,,,0.0,,,,,,
2022-01-23 20:00:00,662.9,0.5,100,2.4,70.0,,,0.0,,,,,,
2022-01-23 21:00:00,663.1,0.7,100,3.3,32.0,,,0.0,,,,,,
2022-01-23 22:00:00,663.2,1.0,100,3.0,15.0,,,0.0,,,,,,
2022-01-23 23:00:00,663.1,0.4,100,2.0,67.0,,,0.0,,,,,,
2022-01-24 00:00:00,663.0,-0.1,100,2.2,44.0,,,0.0,,,,,,
2022-01-24 01:00:00,662.8,0.0,100,4.3,4.0,,,0.5,,,,,,
2022-01-24 02:00:00,662.4,-0.1,100,3.7,1.0,,,0.0,,,,,,
2022-01-24 03:00:00,662.3,-0.4,100,-99.7,-999.7,,,0.0,,,,,,
2022-01-24 04:00:00,662.2,-0.1,100,-99.7,-999.7,,,0.0,,,,,,
2022-01-24 05:00:00,661.8,-0.3,100,-99.7,-999.7,,,0.0,,,,,,
2022-01-24 06:00:00,661.9,-0.1,100,-99.7,-999.7,,,0.0,,,,,,
2022-01-24 07:00:00,662.4,0.0,100,-99.7,-999.7,,,0.0,,,,,,
2022-01-24 08:00:00,663.8,0.0,100,-99.7,-999.7,,,0.0,,,,,,
2022-01-24 09:00:00,663.9,0.0,100,-99.7,-999.7,,,0.0,,,,,,
2022-01-24 10:00:00,664.8,0.1,100,-99.7,-999.7,,,0.0,,,,,,
2022-01-24 11:00:00,664.3,0.1,100,2.9,357.0,,,2.0,,,,,,
2022-01-24 12:00:00,664.1,-0.1,100,2.4,23.0,,,1.5,,,,,,
2022-01-24 13:00:00,663.2,0.0,100,2.9,6.0,,,1.5,,,,,,
2022-01-24 14:00:00,663.1,0.2,100,3.4,12.0,,,2.0,,,,,,
2022-01-24 15:00:00,662.4,0.2,100,3.8,357.0,,,2.0,,,,,,
2022-01-24 16:00:00,661.9,0.1,100,3.2,9.0,,,1.0,,,,,,
2022-01-24 17:00:00,662.1,0.1,100,4.1,1.0,,,1.0,,,,,,
2022-01-24 18:00:00,662.7,0.2,100,1.7,62.0,,,0.5,,,,,,
2022-01-24 19:00:00,663.1,0.2,100,6.4,343.0,,,0.5,,,,,,
2022-01-24 20:00:00,663.2,0.2,100,2.8,360.0,,,1.0,,,,,,
2022-01-24 21:00:00,663.6,0.3,100,2.2,21.0,,,1.0,,,,,,
2022-01-24 22:00:00,664.0,0.7,100,2.6,49.0,,,0.5,,,,,,
2022-01-24 23:00:00,663.8,0.6,100,1.4,103.0,,,0.5,,,,,,
2022-01-25 00:00:00,663.3,0.3,100,3.6,21.0,,,0.0,,,,,,
2022-01-25 01:00:00,663.4,0.4,100,3.6,133.0,,,0.5,,,,,,
2022-01-25 02:00:00,663.2,0.2,100,1.7,102.0,,,0.5,,,,,,
2022-01-25 03:00:00,662.8,0.1,100,2.1,76.0,,,0.0,,,,,,
2022-01-25 04:00:00,662.8,0.1,100,3.2,96.0,,,0.0,,,,,,
2022-01-25 05:00:00,662.8,0.0,100,2.2,82.0,,,0.0,,,,,,
2022-01-25 06:00:00,663.1,0.0,100,2.2,99.0,,,0.0,,,,,,
2022-01-25 07:00:00,663.4,0.0,100,1.5,27.0,,,0.0,,,,,,
2022-01-25 08:00:00,663.7,-0.1,100,5.2,2.0,,,0.0,,,,,,
2022-01-25 09:00:00,664.6,-0.5,100,-99.7,-999.7,,,0.5,,,,,,
2022-01-25 10:00:00,665.1,-0.3,100,-99.7,-999.7,,,1.0,,,,,,
2022-01-25 11:00:00,-9999.7,-99.7,-9997,-99.7,-999.7,,,0.5,,,,,,
2022-01-25 12:00:00,-9999.7,-99.7,-9997,-99.7,-999.7,,,-999.6,,,,,,
2022-01-25 13:00:00,-9999.7,-99.7,-9997,-99.7,-999.7,,,-999.6,,,,,,
2022-01-25 14:00:00,663.6,0.0,100,4.5,353.0,,,4.0,,,,,,
2022-01-25 15:00:00,663.5,0.1,100,4.9,352.0,,,0.0,,,,,,
2022-01-25 16:00:00,662.3,-0.1,100,6.5,1.0,,,0.0,,,,,,
2022-01-25 17:00:00,662.1,-0.2,100,5.2,4.0,,,0.0,,,,,,
2022-01-25 18:00:00,662.1,-0.9,100,3.6,356.0,,,0.0,,,,,,
2022-01-25 19:00:00,660.2,-2.2,100,3.3,357.0,,,0.0,,,,,,
2022-01-25 20:00:00,660.1,-3.0,94,4.8,7.0,,,0.5,,,,,,
2022-01-25 21:00:00,661.1,-3.2,89,2.9,21.0,,,0.0,,,,,,
2022-01-25 22:00:00,661.5,-3.5,77,1.9,60.0,,,0.0,,,,,,
2022-01-25 23:00:00,662.5,-3.3,71,2.1,48.0,,,0.0,,,,,,
2022-01-26 00:00:00,662.7,-2.4,57,2.3,101.0,,,0.0,,,,,,
2022-01-26 01:00:00,-9999.7,-99.7,-9997,-99.7,-999.7,,,0.0,,,,,,
2022-01-26 02:00:00,-9999.7,-99.7,-9997,-99.7,-999.7,,,-999.6,,,,,,
2022-01-26 03:00:00,-9999.7,-99.7,-9997,-99.7,-999.7,,,-999.6,,,,,,
2022-01-26 04:00:00,-9999.7,-99.7,-9997,-99.7,-999.7,,,-999.6,,,,,,
2022-01-26 05:00:00,-9999.7,-99.7,-9997,-99.7,-999.7,,,-999.6,,,,,,
2022-01-26 06:00:00,-9999.7,-99.7,-9997,-99.7,-999.7,,,-999.6,,,,,,
2022-01-26 07:00:00,-9999.7,-99.7,-9997,-99.7,-999.7,,,-999.6,,,,,,
2022-01-26 08:00:00,-9999.7,-99.7,-9997,-99.7,-999.7,,,-999.6,,,,,,
2022-01-26 09:00:00,-9999.7,-99.7,-9997,-99.7,-999.7,,,-999.6,,,,,,
2022-01-26 10:00:00,668.2,0.8,71,1.1,246.0,,,0.0,,,,,,
2022-01-26 11:00:00,665.9,1.8,78,1.7,354.0,,,0.0,,,,,,
2022-01-26 12:00:00,665.3,2.0,75,3.1,359.0,,,0.0,,,,,,
2022-01-26 13:00:00,664.8,4.1,72,0.9,65.0,,,0.0,,,,,,
2022-01-26 14:00:00,664.4,2.4,73,1.7,25.0,,,0.0,,,,,,
2022-01-26 15:00:00,664.3,2.5,73,3.8,3.0,,,0.0,,,,,,
2022-01-26 16:00:00,664.3,1.4,84,4.5,350.0,,,0.0,,,,,,
2022-01-26 17:00:00,664.7,0.3,95,4.7,1.0,,,0.0,,,,,,
2022-01-26 18:00:00,664.8,-0.6,100,4.4,12.0,,,0.0,,,,,,
2022-01-26 19:00:00,665.0,-0.8,97,4.4,1.0,,,0.0,,,,,,
2022-01-26 20:00:00,665.2,-0.8,89,4.6,3.0,,,0.0,,,,,,
2022-01-26 21:00:00,665.3,-1.0,90,4.9,2.0,,,0.0,,,,,,
2022-01-26 22:00:00,665.4,-0.9,84,4.6,4.0,,,0.0,,,,,,
2022-01-26 23:00:00,665.4,-1.2,92,4.3,354.0,,,0.0,,,,,,
2022-01-27 00:00:00,665.3,-1.0,100,4.4,358.0,,,0.0,,,,,,
2022-01-27 01:00:00,665.1,-0.9,100,3.9,360.0,,,0.0,,,,,,
2022-01-27 02:00:00,664.9,-1.4,100,2.9,357.0,,,0.0,,,,,,
2022-01-27 03:00:00,664.7,-2.0,100,1.5,72.0,,,0.0,,,,,,
2022-01-27 04:00:00,664.7,-2.4,98,1.0,109.0,,,0.0,,,,,,
2022-01-27 05:00:00,664.6,-2.4,95,1.2,75.0,,,0.0,,,,,,
2022-01-27 06:00:00,664.8,-2.4,95,2.8,10.0,,,0.0,,,,,,
2022-01-27 07:00:00,665.1,-2.2,94,5.4,352.0,,,0.0,,,,,,
2022-01-27 08:00:00,665.7,-0.8,86,3.0,11.0,,,0.0,,,,,,
2022-01-27 09:00:00,666.1,-0.3,78,3.0,20.0,,,0.0,,,,,,
2022-01-27 10:00:00,666.3,2.4,67,1.6,84.0,,,0.0,,,,,,
2022-01-27 11:00:00,666.2,3.4,66,2.2,39.0,,,0.0,,,,,,
2022-01-27 12:00:00,665.7,2.1,75,5.1,351.0,,,0.0,,,,,,
2022-01-27 13:00:00,665.2,3.0,74,5.7,349.0,,,0.0,,,,,,
2022-01-27 14:00:00,664.9,4.4,72,1.7,72.0,,,0.0,,,,,,
2022-01-27 15:00:00,664.8,3.8,72,2.0,37.0,,,0.0,,,,,,
2022-01-27 16:00:00,665.0,3.4,75,2.1,24.0,,,0.0,,,,,,
2022-01-27 17:00:00,665.1,1.2,95,4.5,350.0,,,0.0,,,,,,
2022-01-27 18:00:00,665.2,0.4,98,3.9,355.0,,,0.0,,,,,,
2022-01-27 19:00:00,665.5,0.1,93,2.2,23.0,,,0.0,,,,,,
2022-01-27 20:00:00,665.6,0.2,90,2.2,32.0,,,0.0,,,,,,
2022-01-27 21:00:00,665.8,0.0,92,2.2,36.0,,,0.0,,,,,,
2022-01-27 22:00:00,665.7,-0.1,89,0.8,100.0,,,0.0,,,,,,
2022-01-27 23:00:00,665.7,0.3,87,2.1,48.0,,,0.0,,,,,,
2022-01-28 00:00:00,665.8,0.4,88,2.0,56.0,,,0.0,,,,,,
