,StnPres,SeaPres,Tx,Td,RH,WS,WD,WSGust,WDGust,Precp,PrecpHour,SunShine,GloblRad,Visb,UVI,Cloud Amount,TxSoil0cm,TxSoil5cm,TxSoil10cm,TxSoil20cm,TxSoil30cm,TxSoil50cm,TxSoil100cm,TxSoil200cm,TxSoil300cm,TxSoil500cm,VaporPressure
2024-01-01 01:00:00,766.8,3164.5,7.7,6.8,94.0,0.2,0.0,1.8,260.0,0.0,0.0,-99.8,0.0,-99.8,-99.8,-99.8,-99.8,-99.8,-99.8,-99.8,-99.8,-99.8,-99.8,-99.8,-99.8,-99.8,9.9
2024-01-01 02:00:00,766.4,3160.9,7.8,6.7,93.0,0.7,310.0,1.7,60.0,0.0,0.0,-99.8,0.0,-99.8,-99.8,-99.8,-99.8,-99.8,-99.8,-99.8,-99.8,-99.8,-99.8,-99.8,-99.8,-99.8,9.8
2024-01-01 03:00:00,766.1,3156.0,7.8,5.4,85.0,0.1,0.0,2.1,110.0,0.0,0.0,-99.8,0.0,-99.8,-99.8,-99.8,-99.8,-99.8,-99.8,-99.8,-99.8,-99.8,-99.8,-99.8,-99.8,-99.8,9.0
2024-01-01 04:00:00,766.0,3153.6,6.9,5.4,90.0,0.5,240.0,2.3,280.0,0.0,0.0,-99.8,0.0,-99.8,-99.8,-99.8,-99.8,-99.8,-99.8,-99.8,-99.8,-99.8,-99.8,-99.8,-99.8,-99.8,9.0
2024-01-01 05:00:00,766.0,3154.0,7.9,6.4,90.0,0.3,230.0,1.7,200.0,0.0,0.0,-99.8,0.0,-99.8,-99.8,-99.8,11.8,-99.8,11.2,11.3,11.6,-99.8,-99.8,-99.8,-99.8,-99.8,9.6
2024-01-01 06:00:00,766.5,3158.4,7.7,6.2,90.0,0.4,320.0,3.1,170.0,0.0,0.0,0.0,0.0,-99.8,-99.8,-99.8,-99.8,-99.8,-99.8,-99.8,-99.8,-99.8,-99.8,-99.8,-99.8,-99.8,9.5
2024-01-01 07:00:00,767.0,3162.7,7.2,5.5,89.0,0.4,320.0,1.7,300.0,0.0,0.0,0.0,0.01,-99.8,-99.8,-99.8,-99.8,-99.8,-99.8,-99.8,-99.8,-99.8,-99.8,-99.8,-99.8,-99.8,9.0
2024-01-01 08:00:00,767.3,3167.2,8.2,6.5,89.0,0.9,220.0,2.5,240.0,0.0,0.0,0.1,0.23,30.0,-99.8,6.0,-99.8,30.0,-99.8,-99.8,-99.8,-99.8,-99.8,-99.8,-99.8,-99.8,9.7
2024-01-01 09:00:00,767.7,3172.4,9.6,6.9,83.0,0.6,200.0,3.3,200.0,0.0,0.0,0.8,1.2,30.0,-99.8,4.0,11.6,30.0,10.9,11.1,11.5,-99.8,-99.8,-99.8,-99.8,-99.8,10.0
2024-01-01 10:00:00,767.8,3171.7,8.1,7.7,97.0,0.8,310.0,2.9,290.0,0.0,0.0,0.1,0.71,-99.8,-99.8,-99.8,-99.8,-99.8,-99.8,-99.8,-99.8,-99.8,-99.8,-99.8,-99.8,-99.8,10.5
2024-01-01 11:00:00,767.6,3170.9,9.4,8.2,92.0,1.3,330.0,3.4,340.0,0.0,0.0,0.0,0.74,30.0,-99.8,8.0,-99.8,30.0,-99.8,-99.8,-99.8,-99.8,-99.8,-99.8,-99.8,-99.8,10.9
2024-01-01 12:00:00,766.9,3163.4,9.8,7.4,85.0,0.9,310.0,3.2,320.0,0.0,0.0,0.2,1.21,-99.8,-99.8,-99.8,-99.8,-99.8,-99.8,-99.8,-99.8,-99.8,-99.8,-99.8,-99.8,-99.8,10.3
2024-01-01 13:00:00,766.3,3157.6,10.4,8.0,85.0,1.0,10.0,4.7,340.0,0.0,0.0,0.6,1.94,-99.8,-99.8,-99.8,-99.8,-99.8,-99.8,-99.8,-99.8,-99.8,-99.8,-99.8,-99.8,-99.8,10.7
2024-01-01 14:00:00,766.0,3153.2,9.4,7.4,87.0,1.5,320.0,3.6,350.0,0.0,0.0,0.2,1.25,1.5,-99.8,9.0,12.4,1.5,11.2,11.1,11.5,-99.8,-99.8,-99.8,-99.8,-99.8,10.3
2024-01-01 15:00:00,765.6,3148.9,9.4,6.8,84.0,1.2,280.0,3.4,310.0,0.0,0.0,0.1,0.94,-99.8,-99.8,-99.8,-99.8,-99.8,-99.8,-99.8,-99.8,-99.8,-99.8,-99.8,-99.8,-99.8,9.9
2024-01-01 16:00:00,765.7,3148.5,9.2,7.0,86.0,1.0,330.0,3.3,250.0,0.0,0.0,0.5,1.1,-99.8,-99.8,-99.8,-99.8,-99.8,-99.8,-99.8,-99.8,-99.8,-99.8,-99.8,-99.8,-99.8,10.0
2024-01-01 17:00:00,766.0,3150.5,7.3,6.2,93.0,0.6,260.0,2.4,270.0,0.0,0.0,0.3,0.36,30.0,-99.8,4.0,-99.8,30.0,-99.8,-99.8,-99.8,-99.8,-99.8,-99.8,-99.8,-99.8,9.5
2024-01-01 18:00:00,766.2,3151.1,6.3,6.0,98.0,0.2,0.0,1.4,260.0,0.0,0.0,0.0,0.01,-99.8,-99.8,-99.8,-99.8,-99.8,-99.8,-99.8,-99.8,-99.8,-99.8,-99.8,-99.8,-99.8,9.4
2024-01-01 19:00:00,766.5,3152.7,5.6,5.0,96.0,0.7,300.0,2.3,280.0,0.0,0.0,0.0,0.0,-99.8,-99.8,-99.8,-99.8,-99.8,-99.8,-99.8,-99.8,-99.8,-99.8,-99.8,-99.8,-99.8,8.7
2024-01-01 20:00:00,766.6,3154.6,5.2,4.0,92.0,1.0,340.0,2.5,330.0,0.0,0.0,-99.8,0.0,-99.8,-99.8,-99.8,-99.8,-99.8,-99.8,-99.8,-99.8,-99.8,-99.8,-99.8,-99.8,-99.8,8.1
2024-01-01 21:00:00,766.7,3156.9,4.7,3.5,92.0,0.7,310.0,1.7,330.0,0.0,0.0,-99.8,0.0,-99.8,-99.8,-99.8,11.0,-99.8,11.0,11.3,11.6,-99.8,-99.8,-99.8,-99.8,-99.8,7.9
2024-01-01 22:00:00,766.8,3155.7,4.5,3.3,92.0,0.6,150.0,1.9,120.0,0.0,0.0,-99.8,0.0,-99.8,-99.8,-99.8,-99.8,-99.8,-99.8,-99.8,-99.8,-99.8,-99.8,-99.8,-99.8,-99.8,7.7
2024-01-01 23:00:00,766.6,3155.5,4.7,4.1,96.0,1.0,140.0,2.3,100.0,0.0,0.0,-99.8,0.0,-99.8,-99.8,-99.8,-99.8,-99.8,-99.8,-99.8,-99.8,-99.8,-99.8,-99.8,-99.8,-99.8,8.2
2024-01-02 00:00:00,766.2,3151.2,4.3,1.3,81.0,0.6,180.0,2.5,90.0,0.0,0.0,-99.8,0.0,-99.8,-99.8,-99.8,-99.8,-99.8,-99.8,-99.8,-99.8,-99.8,-99.8,-99.8,-99.8,-99.8,6.7
2024-01-02 01:00:00,766.1,3151.6,4.8,1.5,79.0,1.0,160.0,2.0,220.0,0.0,0.0,-99.8,0.0,-99.8,-99.8,-99.8,-99.8,-99.8,-99.8,-99.8,-99.8,-99.8,-99.8,-99.8,-99.8,-99.8,6.8
2024-01-02 02:00:00,765.8,3146.7,4.5,3.0,90.0,1.7,150.0,2.4,150.0,0.0,0.0,-99.8,0.0,-99.8,-99.8,-99.8,-99.8,-99.8,-99.8,-99.8,-99.8,-99.8,-99.8,-99.8,-99.8,-99.8,7.6
2024-01-02 03:00:00,765.6,3144.9,4.8,2.8,87.0,1.2,220.0,2.0,160.0,0.0,0.0,-99.8,0.0,-99.8,-99.8,-99.8,-99.8,-99.8,-99.8,-99.8,-99.8,-99.8,-99.8,-99.8,-99.8,-99.8,7.5
2024-01-02 04:00:00,765.3,3141.2,4.6,2.5,86.0,1.6,180.0,2.9,170.0,0.0,0.0,-99.8,0.0,-99.8,-99.8,-99.8,-99.8,-99.8,-99.8,-99.8,-99.8,-99.8,-99.8,-99.8,-99.8,-99.8,7.3
2024-01-02 05:00:00,765.2,3138.4,5.2,1.9,79.0,1.8,190.0,3.3,190.0,0.0,0.0,-99.8,0.0,-99.8,-99.8,-99.8,9.6,-99.8,9.7,10.6,11.3,-99.8,-99.8,-99.8,-99.8,-99.8,7.0
2024-01-02 06:00:00,765.3,3139.0,5.8,2.3,78.0,2.5,160.0,4.1,170.0,0.0,0.0,0.0,0.0,-99.8,-99.8,-99.8,-99.8,-99.8,-99.8,-99.8,-99.8,-99.8,-99.8,-99.8,-99.8,-99.8,7.2
2024-01-02 07:00:00,765.6,3143.4,7.4,4.4,81.0,1.4,150.0,5.6,150.0,0.0,0.0,0.0,0.01,-99.8,-99.8,-99.8,-99.8,-99.8,-99.8,-99.8,-99.8,-99.8,-99.8,-99.8,-99.8,-99.8,8.4
2024-01-02 08:00:00,765.9,3146.4,7.7,5.0,83.0,1.1,50.0,3.6,80.0,0.0,0.0,0.0,0.26,30.0,-99.8,7.0,-99.8,30.0,-99.8,-99.8,-99.8,-99.8,-99.8,-99.8,-99.8,-99.8,8.7
2024-01-02 09:00:00,766.4,3153.0,9.1,6.0,81.0,0.8,350.0,2.5,360.0,0.0,0.0,0.1,0.71,30.0,-99.8,8.0,9.9,30.0,9.4,10.2,11.0,-99.8,-99.8,-99.8,-99.8,-99.8,9.4
2024-01-02 10:00:00,766.5,3153.9,9.2,6.3,82.0,1.9,280.0,5.3,290.0,0.0,0.0,0.2,1.05,-99.8,-99.8,-99.8,-99.8,-99.8,-99.8,-99.8,-99.8,-99.8,-99.8,-99.8,-99.8,-99.8,9.5
2024-01-02 11:00:00,766.1,3151.5,10.4,6.7,78.0,1.8,290.0,6.4,280.0,0.0,0.0,0.4,1.77,30.0,-99.8,9.0,-99.8,30.0,-99.8,-99.8,-99.8,-99.8,-99.8,-99.8,-99.8,-99.8,9.8
2024-01-02 12:00:00,765.5,3142.7,9.0,5.7,80.0,2.3,260.0,7.0,270.0,0.0,0.0,0.3,1.69,-99.8,-99.8,-99.8,-99.8,-99.8,-99.8,-99.8,-99.8,-99.8,-99.8,-99.8,-99.8,-99.8,9.2
2024-01-02 13:00:00,764.8,3135.7,8.9,6.5,85.0,1.8,290.0,7.3,280.0,0.0,0.0,0.2,1.55,-99.8,-99.8,-99.8,-99.8,-99.8,-99.8,-99.8,-99.8,-99.8,-99.8,-99.8,-99.8,-99.8,9.7
2024-01-02 14:00:00,764.4,3130.8,8.7,7.2,90.0,2.2,260.0,7.8,310.0,0.0,0.0,0.1,1.32,12.0,-99.8,9.0,11.2,12.0,10.2,10.3,10.9,-99.8,-99.8,-99.8,-99.8,-99.8,10.2
2024-01-02 15:00:00,764.2,3128.9,8.6,7.2,91.0,1.7,290.0,6.2,250.0,0.0,0.0,0.0,0.78,-99.8,-99.8,-99.8,-99.8,-99.8,-99.8,-99.8,-99.8,-99.8,-99.8,-99.8,-99.8,-99.8,10.2
2024-01-02 16:00:00,764.4,3130.5,8.4,7.3,93.0,1.3,260.0,6.3,280.0,0.0,0.0,0.0,0.59,-99.8,-99.8,-99.8,-99.8,-99.8,-99.8,-99.8,-99.8,-99.8,-99.8,-99.8,-99.8,-99.8,10.2
2024-01-02 17:00:00,764.7,3134.1,8.1,7.2,94.0,1.1,320.0,6.1,250.0,0.0,0.0,0.0,0.22,15.0,-99.8,8.0,-99.8,15.0,-99.8,-99.8,-99.8,-99.8,-99.8,-99.8,-99.8,-99.8,10.2
2024-01-02 18:00:00,765.0,3137.3,7.5,6.9,96.0,0.9,320.0,4.7,270.0,0.0,0.0,0.0,0.01,-99.8,-99.8,-99.8,-99.8,-99.8,-99.8,-99.8,-99.8,-99.8,-99.8,-99.8,-99.8,-99.8,10.0
2024-01-02 19:00:00,765.4,3143.4,7.3,6.9,97.0,1.2,300.0,4.5,230.0,0.0,0.0,0.0,0.0,-99.8,-99.8,-99.8,-99.8,-99.8,-99.8,-99.8,-99.8,-99.8,-99.8,-99.8,-99.8,-99.8,10.0
2024-01-02 20:00:00,765.8,3147.7,7.0,6.4,96.0,1.5,300.0,5.1,280.0,0.0,0.0,-99.8,0.0,-99.8,-99.8,-99.8,-99.8,-99.8,-99.8,-99.8,-99.8,-99.8,-99.8,-99.8,-99.8,-99.8,9.6
2024-01-02 21:00:00,766.0,3151.1,6.5,5.8,95.0,1.5,280.0,4.1,280.0,0.0,0.0,-99.8,0.0,-99.8,-99.8,-99.8,11.2,-99.8,10.5,10.7,11.0,-99.8,-99.8,-99.8,-99.8,-99.8,9.2
2024-01-02 22:00:00,766.0,3150.9,6.3,5.4,94.0,1.2,260.0,4.4,220.0,0.0,0.0,-99.8,0.0,-99.8,-99.8,-99.8,-99.8,-99.8,-99.8,-99.8,-99.8,-99.8,-99.8,-99.8,-99.8,-99.8,9.0
2024-01-02 23:00:00,766.0,3152.3,6.1,5.4,95.0,0.6,240.0,3.2,250.0,0.0,0.0,-99.8,0.0,-99.8,-99.8,-99.8,-99.8,-99.8,-99.8,-99.8,-99.8,-99.8,-99.8,-99.8,-99.8,-99.8,9.0
2024-01-03 00:00:00,765.7,3147.2,6.1,4.9,92.0,1.0,240.0,4.4,290.0,0.0,0.0,-99.8,0.0,-99.8,-99.8,-99.8,-99.8,-99.8,-99.8,-99.8,-99.8,-99.8,-99.8,-99.8,-99.8,-99.8,8.7
2024-01-03 01:00:00,765.5,3144.9,6.1,5.2,94.0,1.5,270.0,5.1,230.0,0.0,0.0,-99.8,0.0,-99.8,-99.8,-99.8,-99.8,-99.8,-99.8,-99.8,-99.8,-99.8,-99.8,-99.8,-99.8,-99.8,8.8
2024-01-03 02:00:00,765.1,3140.0,5.8,4.8,93.0,1.1,230.0,4.2,270.0,0.0,0.0,-99.8,0.0,-99.8,-99.8,-99.8,-99.8,-99.8,-99.8,-99.8,-99.8,-99.8,-99.8,-99.8,-99.8,-99.8,8.6
2024-01-03 03:00:00,764.7,3134.8,5.2,3.9,91.0,1.1,260.0,3.5,250.0,0.0,0.0,-99.8,0.0,-99.8,-99.8,-99.8,-99.8,-99.8,-99.8,-99.8,-99.8,-99.8,-99.8,-99.8,-99.8,-99.8,8.1
2024-01-03 04:00:00,764.4,3131.0,5.0,3.3,89.0,1.2,260.0,3.1,260.0,0.0,0.0,-99.8,0.0,-99.8,-99.8,-99.8,-99.8,-99.8,-99.8,-99.8,-99.8,-99.8,-99.8,-99.8,-99.8,-99.8,7.7
2024-01-03 05:00:00,764.7,3132.4,3.9,3.0,94.0,0.9,260.0,3.2,220.0,0.0,0.0,-99.8,0.0,-99.8,-99.8,-99.8,10.4,-99.8,10.1,10.5,11.0,-99.8,-99.8,-99.8,-99.8,-99.8,7.6
2024-01-03 06:00:00,765.0,3136.2,4.9,3.2,89.0,1.3,260.0,3.2,260.0,0.0,0.0,0.0,0.0,-99.8,-99.8,-99.8,-99.8,-99.8,-99.8,-99.8,-99.8,-99.8,-99.8,-99.8,-99.8,-99.8,7.7
2024-01-03 07:00:00,765.4,3137.8,3.1,2.8,98.0,0.9,250.0,2.7,260.0,0.0,0.0,0.0,0.01,-99.8,-99.8,-99.8,-99.8,-99.8,-99.8,-99.8,-99.8,-99.8,-99.8,-99.8,-99.8,-99.8,7.5
2024-01-03 08:00:00,765.8,3143.3,4.3,1.3,81.0,1.0,220.0,1.7,240.0,0.0,0.0,0.3,0.29,30.0,-99.8,2.0,-99.8,30.0,-99.8,-99.8,-99.8,-99.8,-99.8,-99.8,-99.8,-99.8,6.7
2024-01-03 09:00:00,766.0,3148.8,7.4,2.5,71.0,0.5,350.0,3.3,280.0,0.0,0.0,1.0,1.3,30.0,-99.8,2.0,9.9,30.0,9.6,10.3,10.9,-99.8,-99.8,-99.8,-99.8,-99.8,7.3
2024-01-03 10:00:00,766.0,3150.4,8.8,3.0,67.0,0.5,999.9,2.7,20.0,0.0,0.0,1.0,2.02,-99.8,-99.8,-99.8,-99.8,-99.8,-99.8,-99.8,-99.8,-99.8,-99.8,-99.8,-99.8,-99.8,7.6
2024-01-03 11:00:00,765.7,3148.5,10.0,5.0,71.0,2.0,340.0,5.2,350.0,0.0,0.0,1.0,2.65,30.0,-99.8,2.0,-99.8,30.0,-99.8,-99.8,-99.8,-99.8,-99.8,-99.8,-99.8,-99.8,8.7
2024-01-03 12:00:00,765.1,3142.2,10.1,5.5,73.0,1.0,340.0,3.8,340.0,0.0,0.0,0.5,1.93,-99.8,-99.8,-99.8,-99.8,-99.8,-99.8,-99.8,-99.8,-99.8,-99.8,-99.8,-99.8,-99.8,9.0
2024-01-03 13:00:00,764.3,3132.8,9.5,4.1,69.0,1.5,300.0,4.5,300.0,0.0,0.0,0.6,2.19,-99.8,-99.8,-99.8,-99.8,-99.8,-99.8,-99.8,-99.8,-99.8,-99.8,-99.8,-99.8,-99.8,8.2
2024-01-03 14:00:00,764.2,3131.2,9.4,4.8,73.0,1.0,300.0,4.9,280.0,0.0,0.0,0.5,1.71,30.0,-99.8,4.0,11.8,30.0,10.6,10.4,10.8,-99.8,-99.8,-99.8,-99.8,-99.8,8.6
2024-01-03 15:00:00,764.0,3127.2,8.6,5.0,78.0,0.7,280.0,4.0,260.0,0.0,0.0,0.3,1.24,-99.8,-99.8,-99.8,-99.8,-99.8,-99.8,-99.8,-99.8,-99.8,-99.8,-99.8,-99.8,-99.8,8.7
2024-01-03 16:00:00,764.2,3128.2,7.9,4.3,78.0,1.4,290.0,4.1,250.0,0.0,0.0,0.1,0.59,-99.8,-99.8,-99.8,-99.8,-99.8,-99.8,-99.8,-99.8,-99.8,-99.8,-99.8,-99.8,-99.8,8.3
2024-01-03 17:00:00,764.6,3129.8,6.9,5.4,90.0,1.0,270.0,3.7,220.0,0.0,0.0,0.3,0.37,20.0,-99.8,5.0,-99.8,20.0,-99.8,-99.8,-99.8,-99.8,-99.8,-99.8,-99.8,-99.8,9.0
2024-01-03 18:00:00,764.7,3130.2,5.4,4.7,95.0,1.3,240.0,3.5,250.0,0.0,0.0,0.0,0.02,-99.8,-99.8,-99.8,-99.8,-99.8,-99.8,-99.8,-99.8,-99.8,-99.8,-99.8,-99.8,-99.8,8.5
2024-01-03 19:00:00,764.8,3128.1,4.7,4.3,97.0,1.0,260.0,3.5,230.0,0.0,0.0,0.0,0.0,-99.8,-99.8,-99.8,-99.8,-99.8,-99.8,-99.8,-99.8,-99.8,-99.8,-99.8,-99.8,-99.8,8.3
2024-01-03 20:00:00,764.8,3130.0,5.0,4.9,99.0,0.2,0.0,1.9,240.0,0.0,0.0,-99.8,0.0,-99.8,-99.8,-99.8,-99.8,-99.8,-99.8,-99.8,-99.8,-99.8,-99.8,-99.8,-99.8,-99.8,8.7
2024-01-03 21:00:00,765.0,3134.7,3.9,3.5,97.0,0.5,20.0,1.7,40.0,0.0,0.0,-99.8,0.0,-99.8,-99.8,-99.8,10.9,-99.8,10.5,10.8,11.1,-99.8,-99.8,-99.8,-99.8,-99.8,7.9
2024-01-03 22:00:00,764.8,3133.6,3.3,2.9,97.0,0.6,40.0,2.2,40.0,0.0,0.0,-99.8,0.0,-99.8,-99.8,-99.8,-99.8,-99.8,-99.8,-99.8,-99.8,-99.8,-99.8,-99.8,-99.8,-99.8,7.5
2024-01-03 23:00:00,764.7,3134.2,3.4,2.4,93.0,0.7,20.0,2.4,10.0,0.0,0.0,-99.8,0.0,-99.8,-99.8,-99.8,-99.8,-99.8,-99.8,-99.8,-99.8,-99.8,-99.8,-99.8,-99.8,-99.8,7.3
2024-01-04 00:00:00,764.4,3130.8,3.1,2.1,93.0,0.6,70.0,1.9,350.0,0.0,0.0,-99.8,0.0,-99.8,-99.8,-99.8,-99.8,-99.8,-99.8,-99.8,-99.8,-99.8,-99.8,-99.8,-99.8,-99.8,7.1
2024-01-04 01:00:00,764.1,3127.2,3.4,1.9,90.0,0.8,30.0,4.0,170.0,0.0,0.0,-99.8,0.0,-99.8,-99.8,-99.8,-99.8,-99.8,-99.8,-99.8,-99.8,-99.8,-99.8,-99.8,-99.8,-99.8,7.0
2024-01-04 02:00:00,763.7,3122.1,2.9,1.7,92.0,1.1,350.0,3.6,140.0,0.0,0.0,-99.8,0.0,-99.8,-99.8,-99.8,-99.8,-99.8,-99.8,-99.8,-99.8,-99.8,-99.8,-99.8,-99.8,-99.8,6.9
2024-01-04 03:00:00,763.5,3120.6,4.2,1.1,80.0,0.9,110.0,3.6,140.0,0.0,0.0,-99.8,0.0,-99.8,-99.8,-99.8,-99.8,-99.8,-99.8,-99.8,-99.8,-99.8,-99.8,-99.8,-99.8,-99.8,6.6
2024-01-04 04:00:00,763.5,3120.2,4.6,0.4,74.0,2.7,170.0,5.1,170.0,0.0,0.0,-99.8,0.0,-99.8,-99.8,-99.8,-99.8,-99.8,-99.8,-99.8,-99.8,-99.8,-99.8,-99.8,-99.8,-99.8,6.3
2024-01-04 05:00:00,763.8,3121.1,3.8,0.1,77.0,1.9,180.0,4.8,140.0,0.0,0.0,-99.8,0.0,-99.8,-99.8,-99.8,9.2,-99.8,9.3,10.2,10.9,-99.8,-99.8,-99.8,-99.8,-99.8,6.2
2024-01-04 06:00:00,764.2,3123.2,3.6,0.3,79.0,1.0,160.0,4.0,230.0,0.0,0.0,0.0,0.0,-99.8,-99.8,-99.8,-99.8,-99.8,-99.8,-99.8,-99.8,-99.8,-99.8,-99.8,-99.8,-99.8,6.2
2024-01-04 07:00:00,764.6,3127.2,4.1,-0.3,73.0,1.2,230.0,3.7,230.0,0.0,0.0,0.0,0.01,-99.8,-99.8,-99.8,-99.8,-99.8,-99.8,-99.8,-99.8,-99.8,-99.8,-99.8,-99.8,-99.8,6.0
2024-01-04 08:00:00,765.2,3135.0,4.9,-0.1,70.0,1.5,210.0,4.0,220.0,0.0,0.0,0.3,0.29,30.0,-99.8,3.0,-99.8,30.0,-99.8,-99.8,-99.8,-99.8,-99.8,-99.8,-99.8,-99.8,6.1
2024-01-04 09:00:00,765.8,3142.2,6.6,-0.4,61.0,1.1,220.0,3.7,200.0,0.0,0.0,1.0,1.32,30.0,-99.8,0.0,9.0,30.0,8.9,9.8,10.7,-99.8,-99.8,-99.8,-99.8,-99.8,5.9
2024-01-04 10:00:00,766.0,3143.9,6.9,1.4,68.0,0.7,200.0,3.9,210.0,0.0,0.0,1.0,2.06,-99.8,-99.8,-99.8,-99.8,-99.8,-99.8,-99.8,-99.8,-99.8,-99.8,-99.8,-99.8,-99.8,6.8
2024-01-04 11:00:00,765.7,3142.1,7.8,1.6,65.0,0.7,230.0,3.2,330.0,0.0,0.0,1.0,2.66,30.0,-99.8,3.0,-99.8,30.0,-99.8,-99.8,-99.8,-99.8,-99.8,-99.8,-99.8,-99.8,6.9
2024-01-04 12:00:00,765.0,3135.4,8.7,5.8,82.0,0.8,340.0,3.7,250.0,0.0,0.0,0.9,2.95,-99.8,-99.8,-99.8,-99.8,-99.8,-99.8,-99.8,-99.8,-99.8,-99.8,-99.8,-99.8,-99.8,9.2
2024-01-04 13:00:00,764.6,3129.7,7.3,4.8,84.0,0.8,999.9,3.7,340.0,0.0,0.0,0.4,2.21,-99.8,-99.8,-99.8,-99.8,-99.8,-99.8,-99.8,-99.8,-99.8,-99.8,-99.8,-99.8,-99.8,8.6
2024-01-04 14:00:00,764.2,3124.6,7.2,4.5,83.0,1.3,280.0,3.6,270.0,0.0,0.0,0.3,1.46,15.0,-99.8,9.0,11.2,15.0,10.0,10.0,10.5,-99.8,-99.8,-99.8,-99.8,-99.8,8.4
2024-01-04 15:00:00,764.2,3125.0,6.2,2.8,79.0,1.6,220.0,3.8,150.0,0.0,0.0,0.2,1.08,-99.8,-99.8,-99.8,-99.8,-99.8,-99.8,-99.8,-99.8,-99.8,-99.8,-99.8,-99.8,-99.8,7.5
2024-01-04 16:00:00,764.4,3127.2,5.8,1.9,76.0,0.7,230.0,4.8,280.0,0.0,0.0,0.6,0.97,-99.8,-99.8,-99.8,-99.8,-99.8,-99.8,-99.8,-99.8,-99.8,-99.8,-99.8,-99.8,-99.8,7.0
2024-01-04 17:00:00,764.8,3127.4,3.5,0.2,79.0,0.4,250.0,2.2,160.0,0.0,0.0,1.0,0.59,20.0,-99.8,3.0,-99.8,20.0,-99.8,-99.8,-99.8,-99.8,-99.8,-99.8,-99.8,-99.8,6.2
2024-01-04 18:00:00,765.1,3128.9,2.4,-9.2,42.0,1.3,230.0,3.5,230.0,0.0,0.0,0.0,0.01,-99.8,-99.8,-99.8,-99.8,-99.8,-99.8,-99.8,-99.8,-99.8,-99.8,-99.8,-99.8,-99.8,3.1
2024-01-04 19:00:00,765.4,3133.8,3.2,-10.8,35.0,1.3,210.0,2.5,210.0,0.0,0.0,0.0,0.0,-99.8,-99.8,-99.8,-99.8,-99.8,-99.8,-99.8,-99.8,-99.8,-99.8,-99.8,-99.8,-99.8,2.7
2024-01-04 20:00:00,765.7,3136.7,2.2,-8.2,46.0,1.8,270.0,3.4,280.0,0.0,0.0,-99.8,0.0,-99.8,-99.8,-99.8,-99.8,-99.8,-99.8,-99.8,-99.8,-99.8,-99.8,-99.8,-99.8,-99.8,3.3
2024-01-04 21:00:00,766.0,3141.7,1.9,-9.1,44.0,1.3,270.0,2.3,280.0,0.0,0.0,-99.8,0.0,-99.8,-99.8,-99.8,8.9,-99.8,9.5,10.2,10.7,-99.8,-99.8,-99.8,-99.8,-99.8,3.1
2024-01-04 22:00:00,766.2,3145.0,2.5,-8.2,45.0,0.8,300.0,1.8,270.0,0.0,0.0,-99.8,0.0,-99.8,-99.8,-99.8,-99.8,-99.8,-99.8,-99.8,-99.8,-99.8,-99.8,-99.8,-99.8,-99.8,3.3
2024-01-04 23:00:00,766.0,3143.5,2.1,-7.0,51.0,0.8,320.0,2.2,350.0,0.0,0.0,-99.8,0.0,-99.8,-99.8,-99.8,-99.8,-99.8,-99.8,-99.8,-99.8,-99.8,-99.8,-99.8,-99.8,-99.8,3.6
2024-01-05 00:00:00,766.0,3145.4,2.6,-7.9,46.0,0.3,200.0,1.3,300.0,0.0,0.0,-99.8,0.0,-99.8,-99.8,-99.8,-99.8,-99.8,-99.8,-99.8,-99.8,-99.8,-99.8,-99.8,-99.8,-99.8,3.4
2024-01-05 01:00:00,765.7,3141.0,3.1,-8.0,44.0,1.5,210.0,2.8,220.0,0.0,0.0,-99.8,0.0,-99.8,-99.8,-99.8,-99.8,-99.8,-99.8,-99.8,-99.8,-99.8,-99.8,-99.8,-99.8,-99.8,3.4
2024-01-05 02:00:00,765.4,3139.0,4.1,-9.3,37.0,1.7,210.0,3.6,240.0,0.0,0.0,-99.8,0.0,-99.8,-99.8,-99.8,-99.8,-99.8,-99.8,-99.8,-99.8,-99.8,-99.8,-99.8,-99.8,-99.8,3.0
2024-01-05 03:00:00,765.1,3133.1,3.0,-8.4,43.0,1.3,230.0,3.1,260.0,0.0,0.0,-99.8,0.0,-99.8,-99.8,-99.8,-99.8,-99.8,-99.8,-99.8,-99.8,-99.8,-99.8,-99.8,-99.8,-99.8,3.3
2024-01-05 04:00:00,765.2,3133.6,3.0,-8.1,44.0,1.2,240.0,2.7,240.0,0.0,0.0,-99.8,0.0,-99.8,-99.8,-99.8,-99.8,-99.8,-99.8,-99.8,-99.8,-99.8,-99.8,-99.8,-99.8,-99.8,3.3
2024-01-05 05:00:00,765.4,3132.1,2.5,-8.5,44.0,1.5,260.0,2.4,260.0,0.0,0.0,-99.8,0.0,-99.8,-99.8,-99.8,7.5,-99.8,8.1,9.3,10.3,-99.8,-99.8,-99.8,-99.8,-99.8,3.2
2024-01-05 06:00:00,765.9,3136.2,2.7,-7.2,48.0,0.9,300.0,2.5,270.0,0.0,0.0,0.0,0.0,-99.8,-99.8,-99.8,-99.8,-99.8,-99.8,-99.8,-99.8,-99.8,-99.8,-99.8,-99.8,-99.8,3.6
2024-01-05 07:00:00,766.3,3141.6,2.8,-6.6,50.0,1.1,270.0,1.5,270.0,0.0,0.0,0.0,0.01,-99.8,-99.8,-99.8,-99.8,-99.8,-99.8,-99.8,-99.8,-99.8,-99.8,-99.8,-99.8,-99.8,3.7
2024-01-05 08:00:00,766.7,3146.6,4.4,-5.1,50.0,0.6,270.0,1.4,280.0,0.0,0.0,0.3,0.28,30.0,-99.8,2.0,-99.8,30.0,-99.8,-99.8,-99.8,-99.8,-99.8,-99.8,-99.8,-99.8,4.2
2024-01-05 09:00:00,767.3,3157.9,8.4,-2.8,45.0,0.9,270.0,2.3,260.0,0.0,0.0,1.0,1.31,30.0,-99.8,0.0,7.5,30.0,7.6,8.9,10.0,-99.8,-99.8,-99.8,-99.8,-99.8,5.0
2024-01-05 10:00:00,767.4,3160.7,9.1,-3.4,41.0,0.7,310.0,2.4,280.0,0.0,0.0,1.0,2.04,-99.8,-99.8,-99.8,-99.8,-99.8,-99.8,-99.8,-99.8,-99.8,-99.8,-99.8,-99.8,-99.8,4.8
2024-01-05 11:00:00,766.9,3155.1,9.3,-5.4,35.0,0.8,330.0,3.5,360.0,0.0,0.0,1.0,2.59,30.0,-99.8,0.0,-99.8,30.0,-99.8,-99.8,-99.8,-99.8,-99.8,-99.8,-99.8,-99.8,4.1
2024-01-05 12:00:00,766.3,3151.2,10.7,-1.0,44.0,1.8,320.0,4.1,320.0,0.0,0.0,1.0,2.88,-99.8,-99.8,-99.8,-99.8,-99.8,-99.8,-99.8,-99.8,-99.8,-99.8,-99.8,-99.8,-99.8,5.7
2024-01-05 13:00:00,765.6,3144.4,10.7,1.8,54.0,2.1,330.0,4.8,320.0,0.0,0.0,1.0,2.88,-99.8,-99.8,-99.8,-99.8,-99.8,-99.8,-99.8,-99.8,-99.8,-99.8,-99.8,-99.8,-99.8,7.0
2024-01-05 14:00:00,765.0,3137.7,9.5,0.4,53.0,0.9,330.0,4.9,350.0,0.0,0.0,1.0,2.61,30.0,-99.8,2.0,10.3,30.0,9.0,9.1,9.8,-99.8,-99.8,-99.8,-99.8,-99.8,6.3
2024-01-05 15:00:00,765.1,3134.5,7.3,4.4,82.0,1.2,320.0,6.1,330.0,0.0,0.0,0.5,1.34,-99.8,-99.8,-99.8,-99.8,-99.8,-99.8,-99.8,-99.8,-99.8,-99.8,-99.8,-99.8,-99.8,8.4
2024-01-05 16:00:00,765.4,3137.3,7.0,5.0,87.0,0.8,350.0,3.3,200.0,0.0,0.0,0.5,0.93,-99.8,-99.8,-99.8,-99.8,-99.8,-99.8,-99.8,-99.8,-99.8,-99.8,-99.8,-99.8,-99.8,8.7
2024-01-05 17:00:00,765.7,3137.6,5.3,-0.3,67.0,1.3,270.0,2.8,290.0,0.0,0.0,1.0,0.56,30.0,-99.8,2.0,-99.8,30.0,-99.8,-99.8,-99.8,-99.8,-99.8,-99.8,-99.8,-99.8,6.0
2024-01-05 18:00:00,766.1,3140.0,3.7,-0.9,72.0,1.3,280.0,2.7,260.0,0.0,0.0,0.0,0.01,-99.8,-99.8,-99.8,-99.8,-99.8,-99.8,-99.8,-99.8,-99.8,-99.8,-99.8,-99.8,-99.8,5.7
2024-01-05 19:00:00,766.5,3144.2,3.6,-1.7,68.0,1.4,270.0,2.4,270.0,0.0,0.0,0.0,0.0,-99.8,-99.8,-99.8,-99.8,-99.8,-99.8,-99.8,-99.8,-99.8,-99.8,-99.8,-99.8,-99.8,5.4
2024-01-05 20:00:00,766.7,3148.5,3.6,-1.5,69.0,0.6,230.0,2.0,220.0,0.0,0.0,-99.8,0.0,-99.8,-99.8,-99.8,-99.8,-99.8,-99.8,-99.8,-99.8,-99.8,-99.8,-99.8,-99.8,-99.8,5.5
2024-01-05 21:00:00,766.9,3155.5,3.3,-2.0,68.0,1.0,260.0,1.5,260.0,0.0,0.0,-99.8,0.0,-99.8,-99.8,-99.8,8.8,-99.8,9.0,9.6,10.1,-99.8,-99.8,-99.8,-99.8,-99.8,5.3
2024-01-05 22:00:00,766.9,3156.3,3.2,-1.5,71.0,1.1,240.0,1.8,260.0,0.0,0.0,-99.8,0.0,-99.8,-99.8,-99.8,-99.8,-99.8,-99.8,-99.8,-99.8,-99.8,-99.8,-99.8,-99.8,-99.8,5.5
2024-01-05 23:00:00,767.0,3158.2,3.6,-1.9,67.0,1.1,280.0,2.1,270.0,0.0,0.0,-99.8,0.0,-99.8,-99.8,-99.8,-99.8,-99.8,-99.8,-99.8,-99.8,-99.8,-99.8,-99.8,-99.8,-99.8,5.3
2024-01-06 00:00:00,766.7,3155.8,2.8,-4.0,61.0,1.5,270.0,2.2,270.0,0.0,0.0,-99.8,0.0,-99.8,-99.8,-99.8,-99.8,-99.8,-99.8,-99.8,-99.8,-99.8,-99.8,-99.8,-99.8,-99.8,4.6
2024-01-06 01:00:00,766.4,3152.7,2.9,-5.2,55.0,1.2,240.0,1.9,270.0,0.0,0.0,-99.8,0.0,-99.8,-99.8,-99.8,-99.8,-99.8,-99.8,-99.8,-99.8,-99.8,-99.8,-99.8,-99.8,-99.8,4.2
2024-01-06 02:00:00,766.1,3149.8,4.3,-3.5,57.0,1.0,260.0,2.0,270.0,0.0,0.0,-99.8,0.0,-99.8,-99.8,-99.8,-99.8,-99.8,-99.8,-99.8,-99.8,-99.8,-99.8,-99.8,-99.8,-99.8,4.7
2024-01-06 03:00:00,766.1,3146.9,4.3,-3.5,57.0,1.7,180.0,3.3,160.0,0.0,0.0,-99.8,0.0,-99.8,-99.8,-99.8,-99.8,-99.8,-99.8,-99.8,-99.8,-99.8,-99.8,-99.8,-99.8,-99.8,4.7
2024-01-06 04:00:00,766.0,3147.5,5.9,-2.9,53.0,1.6,230.0,3.4,220.0,0.0,0.0,-99.8,0.0,-99.8,-99.8,-99.8,-99.8,-99.8,-99.8,-99.8,-99.8,-99.8,-99.8,-99.8,-99.8,-99.8,4.9
2024-01-06 05:00:00,766.1,3145.3,5.1,-2.5,58.0,1.5,200.0,3.8,240.0,0.0,0.0,-99.8,0.0,-99.8,-99.8,-99.8,7.8,-99.8,8.0,9.0,9.9,-99.8,-99.8,-99.8,-99.8,-99.8,5.1
2024-01-06 06:00:00,766.3,3144.0,4.1,-2.3,63.0,1.1,240.0,4.9,270.0,0.0,0.0,0.0,0.0,-99.8,-99.8,-99.8,-99.8,-99.8,-99.8,-99.8,-99.8,-99.8,-99.8,-99.8,-99.8,-99.8,5.2
2024-01-06 07:00:00,766.9,3150.8,4.6,-1.2,66.0,1.4,270.0,4.5,290.0,0.0,0.0,0.0,0.01,-99.8,-99.8,-99.8,-99.8,-99.8,-99.8,-99.8,-99.8,-99.8,-99.8,-99.8,-99.8,-99.8,5.6
2024-01-06 08:00:00,767.4,3157.6,5.7,-0.4,65.0,1.0,270.0,4.0,250.0,0.0,0.0,0.1,0.3,20.0,-99.8,7.0,-99.8,20.0,-99.8,-99.8,-99.8,-99.8,-99.8,-99.8,-99.8,-99.8,5.9
2024-01-06 09:00:00,767.9,3163.7,6.6,-1.1,58.0,0.5,260.0,2.3,270.0,0.0,0.0,0.9,0.93,30.0,-99.8,7.0,8.1,30.0,7.8,8.8,9.7,-99.8,-99.8,-99.8,-99.8,-99.8,5.6
2024-01-06 10:00:00,767.8,3165.6,8.9,0.1,54.0,0.7,340.0,3.1,360.0,0.0,0.0,1.0,2.03,-99.8,-99.8,-99.8,-99.8,-99.8,-99.8,-99.8,-99.8,-99.8,-99.8,-99.8,-99.8,-99.8,6.2
2024-01-06 11:00:00,767.3,3161.1,9.1,-1.3,48.0,0.8,340.0,3.7,350.0,0.0,0.0,1.0,2.1,30.0,-99.8,4.0,-99.8,30.0,-99.8,-99.8,-99.8,-99.8,-99.8,-99.8,-99.8,-99.8,5.6
2024-01-06 12:00:00,766.7,3154.7,9.9,-1.2,46.0,1.2,330.0,2.9,320.0,0.0,0.0,1.0,2.76,-99.8,-99.8,-99.8,-99.8,-99.8,-99.8,-99.8,-99.8,-99.8,-99.8,-99.8,-99.8,-99.8,5.6
2024-01-06 13:00:00,766.1,3147.4,9.1,3.1,66.0,1.0,340.0,3.3,340.0,0.0,0.0,0.8,2.37,-99.8,-99.8,-99.8,-99.8,-99.8,-99.8,-99.8,-99.8,-99.8,-99.8,-99.8,-99.8,-99.8,7.6
2024-01-06 14:00:00,765.6,3144.3,9.4,0.8,55.0,0.9,330.0,3.1,330.0,0.0,0.0,0.9,2.35,25.0,-99.8,8.0,10.4,25.0,9.0,9.0,9.6,-99.8,-99.8,-99.8,-99.8,-99.8,6.5
2024-01-06 15:00:00,765.3,3140.8,9.2,1.9,60.0,0.9,340.0,3.2,340.0,0.0,0.0,0.9,1.89,-99.8,-99.8,-99.8,-99.8,-99.8,-99.8,-99.8,-99.8,-99.8,-99.8,-99.8,-99.8,-99.8,7.0
2024-01-06 16:00:00,765.4,3142.1,7.8,1.4,64.0,0.8,310.0,3.1,330.0,0.0,0.0,0.8,1.17,-99.8,-99.8,-99.8,-99.8,-99.8,-99.8,-99.8,-99.8,-99.8,-99.8,-99.8,-99.8,-99.8,6.8
2024-01-06 17:00:00,765.6,3141.0,6.1,3.4,83.0,0.9,110.0,3.0,120.0,0.0,0.0,0.9,0.58,25.0,-99.8,2.0,-99.8,25.0,-99.8,-99.8,-99.8,-99.8,-99.8,-99.8,-99.8,-99.8,7.8
2024-01-06 18:00:00,765.9,3142.5,5.8,-1.8,58.0,1.2,350.0,4.2,280.0,0.0,0.0,0.0,0.01,-99.8,-99.8,-99.8,-99.8,-99.8,-99.8,-99.8,-99.8,-99.8,-99.8,-99.8,-99.8,-99.8,5.4
2024-01-06 19:00:00,766.3,3145.7,4.5,-2.4,61.0,0.3,150.0,4.1,340.0,0.0,0.0,0.0,0.0,-99.8,-99.8,-99.8,-99.8,-99.8,-99.8,-99.8,-99.8,-99.8,-99.8,-99.8,-99.8,-99.8,5.1
2024-01-06 20:00:00,766.5,3148.3,3.8,-4.2,56.0,0.2,0.0,1.8,100.0,0.0,0.0,-99.8,0.0,-99.8,-99.8,-99.8,-99.8,-99.8,-99.8,-99.8,-99.8,-99.8,-99.8,-99.8,-99.8,-99.8,4.5
2024-01-06 21:00:00,766.9,3154.2,4.1,-0.3,73.0,1.5,260.0,2.5,280.0,0.0,0.0,-99.8,0.0,-99.8,-99.8,-99.8,8.9,-99.8,9.0,9.5,9.9,-99.8,-99.8,-99.8,-99.8,-99.8,6.0
2024-01-06 22:00:00,766.7,3153.9,3.2,-0.1,79.0,1.4,260.0,2.6,300.0,0.0,0.0,-99.8,0.0,-99.8,-99.8,-99.8,-99.8,-99.8,-99.8,-99.8,-99.8,-99.8,-99.8,-99.8,-99.8,-99.8,6.1
2024-01-06 23:00:00,766.6,3153.0,3.1,0.2,81.0,0.9,110.0,2.5,260.0,0.0,0.0,-99.8,0.0,-99.8,-99.8,-99.8,-99.8,-99.8,-99.8,-99.8,-99.8,-99.8,-99.8,-99.8,-99.8,-99.8,6.2
2024-01-07 00:00:00,766.4,3151.5,2.8,-0.8,77.0,1.1,270.0,2.5,270.0,0.0,0.0,-99.8,0.0,-99.8,-99.8,-99.8,-99.8,-99.8,-99.8,-99.8,-99.8,-99.8,-99.8,-99.8,-99.8,-99.8,5.8
2024-01-07 01:00:00,765.9,3146.4,3.8,-0.8,72.0,1.5,130.0,3.0,120.0,0.0,0.0,-99.8,0.0,-99.8,-99.8,-99.8,-99.8,-99.8,-99.8,-99.8,-99.8,-99.8,-99.8,-99.8,-99.8,-99.8,5.8
2024-01-07 02:00:00,765.9,3146.6,3.6,-1.2,71.0,1.4,220.0,3.0,170.0,0.0,0.0,-99.8,0.0,-99.8,-99.8,-99.8,-99.8,-99.8,-99.8,-99.8,-99.8,-99.8,-99.8,-99.8,-99.8,-99.8,5.6
2024-01-07 03:00:00,766.0,3148.4,4.4,-0.6,70.0,0.8,240.0,2.4,250.0,0.0,0.0,-99.8,0.0,-99.8,-99.8,-99.8,-99.8,-99.8,-99.8,-99.8,-99.8,-99.8,-99.8,-99.8,-99.8,-99.8,5.9
2024-01-07 04:00:00,765.8,3143.8,3.9,-1.1,70.0,1.7,160.0,3.6,140.0,0.0,0.0,-99.8,0.0,-99.8,-99.8,-99.8,-99.8,-99.8,-99.8,-99.8,-99.8,-99.8,-99.8,-99.8,-99.8,-99.8,5.6
2024-01-07 05:00:00,765.8,3142.2,4.4,-1.6,65.0,2.0,150.0,4.0,160.0,0.0,0.0,-99.8,0.0,-99.8,-99.8,-99.8,8.0,-99.8,8.1,8.9,9.8,-99.8,-99.8,-99.8,-99.8,-99.8,5.4
2024-01-07 06:00:00,765.9,3143.0,4.5,-0.5,70.0,2.6,160.0,4.9,160.0,0.0,0.0,0.0,0.0,-99.8,-99.8,-99.8,-99.8,-99.8,-99.8,-99.8,-99.8,-99.8,-99.8,-99.8,-99.8,-99.8,5.9
2024-01-07 07:00:00,766.8,3150.4,4.2,0.7,78.0,0.5,50.0,5.1,150.0,0.0,0.0,0.0,0.01,-99.8,-99.8,-99.8,-99.8,-99.8,-99.8,-99.8,-99.8,-99.8,-99.8,-99.8,-99.8,-99.8,6.4
2024-01-07 08:00:00,767.5,3157.3,4.5,2.2,85.0,0.3,30.0,2.2,360.0,0.0,0.0,0.0,0.14,12.0,-99.8,9.0,-99.8,12.0,-99.8,-99.8,-99.8,-99.8,-99.8,-99.8,-99.8,-99.8,7.2
2024-01-07 09:00:00,768.1,3165.7,5.7,3.4,85.0,0.4,250.0,3.1,290.0,0.0,0.0,0.0,0.52,12.0,-99.8,8.0,8.3,12.0,7.9,8.7,9.6,-99.8,-99.8,-99.8,-99.8,-99.8,7.8
2024-01-07 10:00:00,768.5,3168.9,5.8,3.3,84.0,1.2,260.0,4.0,260.0,0.0,0.0,0.1,1.04,-99.8,-99.8,-99.8,-99.8,-99.8,-99.8,-99.8,-99.8,-99.8,-99.8,-99.8,-99.8,-99.8,7.7
2024-01-07 11:00:00,767.7,3162.8,7.7,4.5,80.0,1.3,270.0,3.7,210.0,0.0,0.0,0.2,1.62,12.0,-99.8,8.0,-99.8,12.0,-99.8,-99.8,-99.8,-99.8,-99.8,-99.8,-99.8,-99.8,8.4
2024-01-07 12:00:00,767.1,3155.8,7.5,4.8,83.0,0.9,320.0,3.7,250.0,0.0,0.0,0.6,2.16,-99.8,-99.8,-99.8,-99.8,-99.8,-99.8,-99.8,-99.8,-99.8,-99.8,-99.8,-99.8,-99.8,8.6
2024-01-07 13:00:00,766.6,3153.3,8.6,4.4,75.0,1.5,290.0,4.6,280.0,0.0,0.0,0.9,2.9,-99.8,-99.8,-99.8,-99.8,-99.8,-99.8,-99.8,-99.8,-99.8,-99.8,-99.8,-99.8,-99.8,8.4
2024-01-07 14:00:00,766.0,3146.1,8.2,5.7,84.0,0.8,330.0,5.4,280.0,0.0,0.0,0.7,2.46,12.0,-99.8,8.0,9.9,12.0,8.7,8.8,9.5,-99.8,-99.8,-99.8,-99.8,-99.8,9.2
2024-01-07 15:00:00,766.0,3145.3,6.8,5.3,90.0,1.2,300.0,3.4,180.0,0.0,0.0,0.0,0.76,-99.8,-99.8,-99.8,-99.8,-99.8,-99.8,-99.8,-99.8,-99.8,-99.8,-99.8,-99.8,-99.8,8.9
2024-01-07 16:00:00,766.3,3146.7,6.0,4.3,89.0,0.9,240.0,4.0,300.0,0.0,0.0,0.0,0.5,-99.8,-99.8,-99.8,-99.8,-99.8,-99.8,-99.8,-99.8,-99.8,-99.8,-99.8,-99.8,-99.8,8.3
2024-01-07 17:00:00,766.4,3148.2,5.8,4.9,94.0,0.6,30.0,2.4,210.0,0.0,0.0,0.0,0.23,2.5,-99.8,8.0,-99.8,2.5,-99.8,-99.8,-99.8,-99.8,-99.8,-99.8,-99.8,-99.8,8.7
2024-01-07 18:00:00,766.6,3148.7,4.5,4.1,97.0,0.5,280.0,2.0,140.0,0.0,0.0,0.0,0.03,-99.8,-99.8,-99.8,-99.8,-99.8,-99.8,-99.8,-99.8,-99.8,-99.8,-99.8,-99.8,-99.8,8.2
2024-01-07 19:00:00,766.8,3150.8,4.8,4.5,98.0,0.4,260.0,2.3,260.0,0.0,0.0,0.0,0.0,-99.8,-99.8,-99.8,-99.8,-99.8,-99.8,-99.8,-99.8,-99.8,-99.8,-99.8,-99.8,-99.8,8.4
2024-01-07 20:00:00,767.1,3154.3,4.7,4.4,98.0,0.4,30.0,2.8,140.0,0.0,0.0,-99.8,0.0,-99.8,-99.8,-99.8,-99.8,-99.8,-99.8,-99.8,-99.8,-99.8,-99.8,-99.8,-99.8,-99.8,8.4
2024-01-07 21:00:00,766.9,3153.8,4.7,3.5,92.0,1.3,130.0,4.6,140.0,0.0,0.0,-99.8,0.0,-99.8,-99.8,-99.8,9.5,-99.8,9.0,9.3,9.7,-99.8,-99.8,-99.8,-99.8,-99.8,7.9
2024-01-07 22:00:00,767.0,3153.9,3.9,3.0,94.0,0.5,50.0,2.6,140.0,0.0,0.0,-99.8,0.0,-99.8,-99.8,-99.8,-99.8,-99.8,-99.8,-99.8,-99.8,-99.8,-99.8,-99.8,-99.8,-99.8,7.6
2024-01-07 23:00:00,766.8,3155.0,4.4,3.2,92.0,0.8,130.0,3.9,160.0,0.0,0.0,-99.8,0.0,-99.8,-99.8,-99.8,-99.8,-99.8,-99.8,-99.8,-99.8,-99.8,-99.8,-99.8,-99.8,-99.8,7.7
2024-01-08 00:00:00,766.4,3151.0,4.8,2.7,86.0,1.9,160.0,3.3,160.0,0.0,0.0,-99.8,0.0,-99.8,-99.8,-99.8,-99.8,-99.8,-99.8,-99.8,-99.8,-99.8,-99.8,-99.8,-99.8,-99.8,7.4
2024-01-08 01:00:00,766.3,3150.3,4.0,2.8,92.0,0.8,80.0,3.1,130.0,0.0,0.0,-99.8,0.0,-99.8,-99.8,-99.8,-99.8,-99.8,-99.8,-99.8,-99.8,-99.8,-99.8,-99.8,-99.8,-99.8,7.5
2024-01-08 02:00:00,765.7,3144.2,4.6,2.5,86.0,1.8,140.0,4.5,180.0,0.0,0.0,-99.8,0.0,-99.8,-99.8,-99.8,-99.8,-99.8,-99.8,-99.8,-99.8,-99.8,-99.8,-99.8,-99.8,-99.8,7.3
2024-01-08 03:00:00,765.2,3137.3,4.8,2.0,82.0,2.2,180.0,4.2,190.0,0.0,0.0,-99.8,0.0,-99.8,-99.8,-99.8,-99.8,-99.8,-99.8,-99.8,-99.8,-99.8,-99.8,-99.8,-99.8,-99.8,7.1
2024-01-08 04:00:00,765.1,3134.9,4.6,2.0,83.0,0.4,170.0,4.4,170.0,0.0,0.0,-99.8,0.0,-99.8,-99.8,-99.8,-99.8,-99.8,-99.8,-99.8,-99.8,-99.8,-99.8,-99.8,-99.8,-99.8,7.1
2024-01-08 05:00:00,765.1,3135.0,4.9,1.4,78.0,1.7,160.0,3.3,150.0,0.0,0.0,-99.8,0.0,-99.8,-99.8,-99.8,8.6,-99.8,8.4,9.1,9.7,-99.8,-99.8,-99.8,-99.8,-99.8,6.8
2024-01-08 06:00:00,765.6,3137.1,3.7,2.2,90.0,0.5,20.0,3.0,240.0,0.0,0.0,0.0,0.0,-99.8,-99.8,-99.8,-99.8,-99.8,-99.8,-99.8,-99.8,-99.8,-99.8,-99.8,-99.8,-99.8,7.2
2024-01-08 07:00:00,766.0,3142.5,4.3,1.8,84.0,0.9,70.0,4.6,160.0,0.0,0.0,0.0,0.01,-99.8,-99.8,-99.8,-99.8,-99.8,-99.8,-99.8,-99.8,-99.8,-99.8,-99.8,-99.8,-99.8,7.0
2024-01-08 08:00:00,766.1,3144.2,4.9,0.8,75.0,0.2,0.0,3.8,140.0,0.0,0.0,0.2,0.26,20.0,-99.8,4.0,-99.8,20.0,-99.8,-99.8,-99.8,-99.8,-99.8,-99.8,-99.8,-99.8,6.5
2024-01-08 09:00:00,766.9,3155.7,7.1,1.8,69.0,0.6,220.0,4.2,140.0,0.0,0.0,0.4,0.83,25.0,-99.8,6.0,8.6,25.0,8.2,8.9,9.6,-99.8,-99.8,-99.8,-99.8,-99.8,7.0
2024-01-08 10:00:00,767.0,3157.1,8.2,2.2,66.0,0.7,290.0,3.4,250.0,0.0,0.0,0.5,1.36,-99.8,-99.8,-99.8,-99.8,-99.8,-99.8,-99.8,-99.8,-99.8,-99.8,-99.8,-99.8,-99.8,7.2
2024-01-08 11:00:00,766.6,3154.9,9.2,2.3,62.0,1.2,210.0,4.4,240.0,0.0,0.0,0.9,2.52,25.0,-99.8,6.0,-99.8,25.0,-99.8,-99.8,-99.8,-99.8,-99.8,-99.8,-99.8,-99.8,7.2
2024-01-08 12:00:00,765.9,3149.1,10.1,4.1,66.0,1.0,320.0,3.6,270.0,0.0,0.0,0.6,2.0,-99.8,-99.8,-99.8,-99.8,-99.8,-99.8,-99.8,-99.8,-99.8,-99.8,-99.8,-99.8,-99.8,8.2
2024-01-08 13:00:00,765.4,3140.6,8.5,6.1,85.0,1.0,260.0,3.1,220.0,0.0,0.0,0.3,1.68,-99.8,-99.8,-99.8,-99.8,-99.8,-99.8,-99.8,-99.8,-99.8,-99.8,-99.8,-99.8,-99.8,9.4
2024-01-08 14:00:00,765.0,3136.4,8.0,6.8,92.0,0.9,330.0,3.5,280.0,0.0,0.0,0.5,1.89,0.8,-99.8,-99.7,10.5,0.8,9.1,9.0,9.5,-99.8,-99.8,-99.8,-99.8,-99.8,9.9
2024-01-08 15:00:00,764.9,3136.3,8.5,6.8,89.0,0.3,320.0,2.7,200.0,0.0,0.0,0.0,0.9,-99.8,-99.8,-99.8,-99.8,-99.8,-99.8,-99.8,-99.8,-99.8,-99.8,-99.8,-99.8,-99.8,9.9
2024-01-08 16:00:00,765.0,3136.7,8.2,5.1,81.0,0.3,10.0,2.2,180.0,0.0,0.0,0.0,0.64,-99.8,-99.8,-99.8,-99.8,-99.8,-99.8,-99.8,-99.8,-99.8,-99.8,-99.8,-99.8,-99.8,8.8
2024-01-08 17:00:00,765.2,3137.9,7.2,3.4,77.0,0.5,90.0,3.0,130.0,0.0,0.0,0.0,0.28,20.0,-99.8,8.0,-99.8,20.0,-99.8,-99.8,-99.8,-99.8,-99.8,-99.8,-99.8,-99.8,7.8
2024-01-08 18:00:00,765.7,3140.4,6.2,2.5,77.0,0.3,20.0,2.1,290.0,0.0,0.0,0.0,0.02,-99.8,-99.8,-99.8,-99.8,-99.8,-99.8,-99.8,-99.8,-99.8,-99.8,-99.8,-99.8,-99.8,7.3
2024-01-08 19:00:00,766.0,3143.9,5.9,2.9,81.0,0.8,50.0,2.3,280.0,0.0,0.0,0.0,0.0,-99.8,-99.8,-99.8,-99.8,-99.8,-99.8,-99.8,-99.8,-99.8,-99.8,-99.8,-99.8,-99.8,7.5
2024-01-08 20:00:00,766.4,3149.5,6.3,3.8,84.0,0.5,30.0,2.2,30.0,0.0,0.0,-99.8,0.0,-99.8,-99.8,-99.8,-99.8,-99.8,-99.8,-99.8,-99.8,-99.8,-99.8,-99.8,-99.8,-99.8,8.0
2024-01-08 21:00:00,766.3,3151.5,6.4,4.7,89.0,0.7,40.0,2.4,20.0,0.0,0.0,-99.8,0.0,-99.8,-99.8,-99.8,10.0,-99.8,9.3,9.5,9.8,-99.8,-99.8,-99.8,-99.8,-99.8,8.5
2024-01-08 22:00:00,766.1,3151.1,6.6,5.4,92.0,1.2,10.0,3.0,270.0,0.0,0.0,-99.8,0.0,-99.8,-99.8,-99.8,-99.8,-99.8,-99.8,-99.8,-99.8,-99.8,-99.8,-99.8,-99.8,-99.8,9.0
2024-01-08 23:00:00,766.0,3151.5,6.7,6.1,96.0,0.6,40.0,5.2,280.0,0.0,0.0,-99.8,0.0,-99.8,-99.8,-99.8,-99.8,-99.8,-99.8,-99.8,-99.8,-99.8,-99.8,-99.8,-99.8,-99.8,9.4
2024-01-09 00:00:00,765.9,3151.6,6.7,6.4,98.0,0.9,30.0,4.3,360.0,0.0,0.0,-99.8,0.0,-99.8,-99.8,-99.8,-99.8,-99.8,-99.8,-99.8,-99.8,-99.8,-99.8,-99.8,-99.8,-99.8,9.6
2024-01-09 01:00:00,765.6,3146.2,6.7,6.7,100.0,0.8,30.0,2.9,270.0,0.0,0.0,-99.8,0.0,-99.8,-99.8,-99.8,-99.8,-99.8,-99.8,-99.8,-99.8,-99.8,-99.8,-99.8,-99.8,-99.8,9.8
2024-01-09 02:00:00,765.3,3142.4,6.7,6.7,100.0,1.1,330.0,4.8,260.0,0.0,0.0,-99.8,0.0,-99.8,-99.8,-99.8,-99.8,-99.8,-99.8,-99.8,-99.8,-99.8,-99.8,-99.8,-99.8,-99.8,9.8
2024-01-09 03:00:00,764.9,3138.6,6.6,6.6,100.0,1.1,999.9,5.2,350.0,0.0,0.0,-99.8,0.0,-99.8,-99.8,-99.8,-99.8,-99.8,-99.8,-99.8,-99.8,-99.8,-99.8,-99.8,-99.8,-99.8,9.7
2024-01-09 04:00:00,764.6,3134.9,6.5,6.5,100.0,0.8,10.0,5.2,90.0,0.0,0.0,-99.8,0.0,-99.8,-99.8,-99.8,-99.8,-99.8,-99.8,-99.8,-99.8,-99.8,-99.8,-99.8,-99.8,-99.8,9.7
2024-01-09 05:00:00,764.8,3135.7,6.5,6.5,100.0,0.5,30.0,5.2,120.0,0.0,0.0,-99.8,0.0,-99.8,-99.8,-99.8,10.0,-99.8,9.2,9.4,9.9,-99.8,-99.8,-99.8,-99.8,-99.8,9.7
2024-01-09 06:00:00,764.9,3135.0,6.1,6.1,100.0,0.7,120.0,4.1,270.0,0.0,0.0,0.0,0.0,-99.8,-99.8,-99.8,-99.8,-99.8,-99.8,-99.8,-99.8,-99.8,-99.8,-99.8,-99.8,-99.8,9.4
2024-01-09 07:00:00,765.2,3137.6,6.0,6.0,100.0,0.6,20.0,2.0,350.0,0.0,0.0,0.0,0.01,-99.8,-99.8,-99.8,-99.8,-99.8,-99.8,-99.8,-99.8,-99.8,-99.8,-99.8,-99.8,-99.8,9.4
2024-01-09 08:00:00,765.5,3142.6,6.9,6.8,99.0,0.4,340.0,2.1,340.0,0.0,0.0,0.1,0.29,1.5,-99.8,9.0,-99.8,1.5,-99.8,-99.8,-99.8,-99.8,-99.8,-99.8,-99.8,-99.8,9.9
2024-01-09 09:00:00,765.9,3148.7,8.2,5.8,85.0,0.9,280.0,3.8,280.0,0.0,0.0,1.0,1.39,18.0,-99.8,1.0,10.1,18.0,9.2,9.4,9.9,-99.8,-99.8,-99.8,-99.8,-99.8,9.2
2024-01-09 10:00:00,765.7,3148.9,9.8,6.5,80.0,1.2,280.0,4.4,210.0,0.0,0.0,1.0,2.17,-99.8,-99.8,-99.8,-99.8,-99.8,-99.8,-99.8,-99.8,-99.8,-99.8,-99.8,-99.8,-99.8,9.7
2024-01-09 11:00:00,765.2,3145.6,11.3,7.6,78.0,1.0,310.0,4.8,200.0,0.0,0.0,1.0,2.84,9.0,-99.8,6.0,-99.8,9.0,-99.8,-99.8,-99.8,-99.8,-99.8,-99.8,-99.8,-99.8,10.4
2024-01-09 12:00:00,764.6,3138.1,10.5,5.5,71.0,0.7,999.9,4.9,310.0,0.0,0.0,0.7,2.7,-99.8,-99.8,-99.8,-99.8,-99.8,-99.8,-99.8,-99.8,-99.8,-99.8,-99.8,-99.8,-99.8,9.0
2024-01-09 13:00:00,763.7,3127.1,9.5,7.6,88.0,1.2,999.9,5.3,270.0,0.0,0.0,0.2,1.58,-99.8,-99.8,-99.8,-99.8,-99.8,-99.8,-99.8,-99.8,-99.8,-99.8,-99.8,-99.8,-99.8,10.4
2024-01-09 14:00:00,763.2,3120.2,8.3,6.6,89.0,0.9,250.0,3.7,210.0,0.0,0.0,0.0,0.89,1.5,-99.8,9.0,11.9,1.5,10.3,9.8,10.0,-99.8,-99.8,-99.8,-99.8,-99.8,9.7
2024-01-09 15:00:00,763.0,3117.9,8.3,6.8,90.0,0.7,310.0,3.3,290.0,0.0,0.0,0.0,0.7,-99.8,-99.8,-99.8,-99.8,-99.8,-99.8,-99.8,-99.8,-99.8,-99.8,-99.8,-99.8,-99.8,9.9
2024-01-09 16:00:00,763.1,3118.3,7.9,7.0,94.0,1.0,360.0,3.3,310.0,0.0,0.0,0.0,0.39,-99.8,-99.8,-99.8,-99.8,-99.8,-99.8,-99.8,-99.8,-99.8,-99.8,-99.8,-99.8,-99.8,10.0
2024-01-09 17:00:00,763.4,3120.5,7.1,5.9,92.0,1.2,240.0,4.5,220.0,0.0,0.0,0.0,0.23,2.5,-99.8,9.0,-99.8,2.5,-99.8,-99.8,-99.8,-99.8,-99.8,-99.8,-99.8,-99.8,9.3
2024-01-09 18:00:00,763.5,3120.7,6.8,6.2,96.0,0.4,20.0,3.5,120.0,0.0,0.0,0.0,0.03,-99.8,-99.8,-99.8,-99.8,-99.8,-99.8,-99.8,-99.8,-99.8,-99.8,-99.8,-99.8,-99.8,9.5
2024-01-09 19:00:00,763.7,3122.8,6.8,6.7,99.0,0.7,10.0,3.2,70.0,0.0,0.0,0.0,0.0,-99.8,-99.8,-99.8,-99.8,-99.8,-99.8,-99.8,-99.8,-99.8,-99.8,-99.8,-99.8,-99.8,9.8
2024-01-09 20:00:00,764.2,3129.0,6.6,6.6,100.0,1.7,280.0,6.7,250.0,0.0,0.0,-99.8,0.0,-99.8,-99.8,-99.8,-99.8,-99.8,-99.8,-99.8,-99.8,-99.8,-99.8,-99.8,-99.8,-99.8,9.7
2024-01-09 21:00:00,764.1,3129.3,6.4,6.4,100.0,2.0,280.0,7.0,280.0,0.0,0.0,-99.8,0.0,-99.8,-99.8,-99.8,11.1,-99.8,10.4,10.3,10.4,-99.8,-99.8,-99.8,-99.8,-99.8,9.6
2024-01-09 22:00:00,764.1,3130.8,5.9,5.9,100.0,0.6,280.0,4.2,120.0,0.0,0.0,-99.8,0.0,-99.8,-99.8,-99.8,-99.8,-99.8,-99.8,-99.8,-99.8,-99.8,-99.8,-99.8,-99.8,-99.8,9.3
2024-01-09 23:00:00,764.0,3131.7,6.0,6.0,100.0,0.7,999.9,4.5,270.0,0.0,0.0,-99.8,0.0,-99.8,-99.8,-99.8,-99.8,-99.8,-99.8,-99.8,-99.8,-99.8,-99.8,-99.8,-99.8,-99.8,9.4
2024-01-10 00:00:00,763.9,3129.0,5.5,5.5,100.0,1.0,300.0,3.3,290.0,0.0,0.0,-99.8,0.0,-99.8,-99.8,-99.8,-99.8,-99.8,-99.8,-99.8,-99.8,-99.8,-99.8,-99.8,-99.8,-99.8,9.0
2024-01-10 01:00:00,763.9,3127.6,5.4,5.4,100.0,0.9,280.0,4.6,210.0,0.0,0.0,-99.8,0.0,-99.8,-99.8,-99.8,-99.8,-99.8,-99.8,-99.8,-99.8,-99.8,-99.8,-99.8,-99.8,-99.8,9.0
2024-01-10 02:00:00,763.5,3121.1,4.9,4.8,99.0,1.1,260.0,3.4,230.0,0.0,0.0,-99.8,0.0,-99.8,-99.8,-99.8,-99.8,-99.8,-99.8,-99.8,-99.8,-99.8,-99.8,-99.8,-99.8,-99.8,8.6
2024-01-10 03:00:00,763.2,3115.9,3.3,3.2,99.0,0.9,280.0,3.0,210.0,0.0,0.0,-99.8,0.0,-99.8,-99.8,-99.8,-99.8,-99.8,-99.8,-99.8,-99.8,-99.8,-99.8,-99.8,-99.8,-99.8,7.7
2024-01-10 04:00:00,763.1,3113.5,2.7,2.6,99.0,0.6,290.0,2.2,270.0,0.0,0.0,-99.8,0.0,-99.8,-99.8,-99.8,-99.8,-99.8,-99.8,-99.8,-99.8,-99.8,-99.8,-99.8,-99.8,-99.8,7.4
2024-01-10 05:00:00,763.1,3112.6,2.8,2.5,98.0,0.6,300.0,2.8,320.0,0.0,0.0,-99.8,0.0,-99.8,-99.8,-99.8,9.5,-99.8,9.6,10.0,10.4,-99.8,-99.8,-99.8,-99.8,-99.8,7.3
2024-01-10 06:00:00,763.4,3116.0,3.2,2.8,97.0,0.2,0.0,2.1,290.0,0.0,0.0,0.0,0.0,-99.8,-99.8,-99.8,-99.8,-99.8,-99.8,-99.8,-99.8,-99.8,-99.8,-99.8,-99.8,-99.8,7.5
2024-01-10 07:00:00,763.8,3120.0,3.0,2.3,95.0,0.5,350.0,2.7,360.0,0.0,0.0,0.0,0.01,-99.8,-99.8,-99.8,-99.8,-99.8,-99.8,-99.8,-99.8,-99.8,-99.8,-99.8,-99.8,-99.8,7.2
2024-01-10 08:00:00,764.0,3122.9,3.8,2.6,92.0,0.6,100.0,3.1,340.0,0.0,0.0,0.0,0.12,20.0,-99.8,0.0,-99.8,20.0,-99.8,-99.8,-99.8,-99.8,-99.8,-99.8,-99.8,-99.8,7.4
2024-01-10 09:00:00,764.5,3131.5,6.5,3.1,79.0,0.6,260.0,2.2,30.0,0.0,0.0,0.5,0.9,25.0,-99.8,7.0,9.3,25.0,9.1,9.7,10.3,-99.8,-99.8,-99.8,-99.8,-99.8,7.6
2024-01-10 10:00:00,764.7,3134.5,7.7,4.7,81.0,0.5,60.0,2.4,10.0,0.0,0.0,0.8,2.0,-99.8,-99.8,-99.8,-99.8,-99.8,-99.8,-99.8,-99.8,-99.8,-99.8,-99.8,-99.8,-99.8,8.5
2024-01-10 11:00:00,764.5,3132.4,7.6,4.4,80.0,0.7,20.0,2.8,330.0,0.0,0.0,0.9,2.33,25.0,-99.8,3.0,-99.8,25.0,-99.8,-99.8,-99.8,-99.8,-99.8,-99.8,-99.8,-99.8,8.4
2024-01-10 12:00:00,764.0,3125.1,6.6,5.7,94.0,0.8,310.0,3.5,330.0,0.0,0.0,0.3,1.48,-99.8,-99.8,-99.8,-99.8,-99.8,-99.8,-99.8,-99.8,-99.8,-99.8,-99.8,-99.8,-99.8,9.2
2024-01-10 13:00:00,763.4,3119.7,7.5,6.3,92.0,0.8,300.0,2.9,350.0,0.0,0.0,0.4,2.34,-99.8,-99.8,-99.8,-99.8,-99.8,-99.8,-99.8,-99.8,-99.8,-99.8,-99.8,-99.8,-99.8,9.5
2024-01-10 14:00:00,762.8,3114.6,9.1,5.3,77.0,1.3,270.0,4.3,230.0,0.0,0.0,0.6,2.03,5.0,-99.8,6.0,11.2,5.0,9.9,9.8,10.2,-99.8,-99.8,-99.8,-99.8,-99.8,8.9
2024-01-10 15:00:00,762.9,3111.3,7.2,6.5,95.0,0.9,310.0,4.7,280.0,0.0,0.0,0.4,1.21,-99.8,-99.8,-99.8,-99.8,-99.8,-99.8,-99.8,-99.8,-99.8,-99.8,-99.8,-99.8,-99.8,9.7
2024-01-10 16:00:00,763.1,3111.5,6.3,4.8,90.0,0.3,290.0,2.7,270.0,0.0,0.0,0.0,0.57,-99.8,-99.8,-99.8,-99.8,-99.8,-99.8,-99.8,-99.8,-99.8,-99.8,-99.8,-99.8,-99.8,8.6
2024-01-10 17:00:00,763.2,3111.9,5.7,5.0,95.0,0.5,999.9,2.5,250.0,0.0,0.0,0.0,0.22,1.2,-99.8,10.0,-99.8,1.2,-99.8,-99.8,-99.8,-99.8,-99.8,-99.8,-99.8,-99.8,8.7
2024-01-10 18:00:00,763.6,3116.1,5.2,5.1,99.0,0.8,300.0,3.7,280.0,0.0,0.0,0.0,0.02,-99.8,-99.8,-99.8,-99.8,-99.8,-99.8,-99.8,-99.8,-99.8,-99.8,-99.8,-99.8,-99.8,8.8
2024-01-10 19:00:00,763.9,3118.6,4.9,4.9,100.0,0.5,20.0,3.6,260.0,0.0,0.0,0.0,0.0,-99.8,-99.8,-99.8,-99.8,-99.8,-99.8,-99.8,-99.8,-99.8,-99.8,-99.8,-99.8,-99.8,8.7
2024-01-10 20:00:00,764.2,3122.6,4.7,4.7,100.0,0.2,0.0,2.6,150.0,0.0,0.0,-99.8,0.0,-99.8,-99.8,-99.8,-99.8,-99.8,-99.8,-99.8,-99.8,-99.8,-99.8,-99.8,-99.8,-99.8,8.5
2024-01-10 21:00:00,764.2,3125.7,4.4,4.3,99.0,0.6,10.0,1.9,260.0,0.0,0.0,-99.8,0.0,-99.8,-99.8,-99.8,10.6,-99.8,10.0,10.2,10.4,-99.8,-99.8,-99.8,-99.8,-99.8,8.3
2024-01-10 22:00:00,764.1,3125.5,3.9,3.8,99.0,0.7,130.0,2.4,150.0,0.0,0.0,-99.8,0.0,-99.8,-99.8,-99.8,-99.8,-99.8,-99.8,-99.8,-99.8,-99.8,-99.8,-99.8,-99.8,-99.8,8.0
2024-01-10 23:00:00,763.9,3122.6,3.4,3.1,98.0,1.3,210.0,3.2,170.0,0.0,0.0,-99.8,0.0,-99.8,-99.8,-99.8,-99.8,-99.8,-99.8,-99.8,-99.8,-99.8,-99.8,-99.8,-99.8,-99.8,7.6
2024-01-11 00:00:00,763.9,3121.1,3.2,3.2,100.0,1.3,220.0,3.1,240.0,0.0,0.0,-99.8,0.0,-99.8,-99.8,-99.8,-99.8,-99.8,-99.8,-99.8,-99.8,-99.8,-99.8,-99.8,-99.8,-99.8,7.7
2024-01-11 01:00:00,763.6,3118.0,2.4,-0.9,79.0,2.2,190.0,3.6,210.0,0.0,0.0,-99.8,0.0,-99.8,-99.8,-99.8,-99.8,-99.8,-99.8,-99.8,-99.8,-99.8,-99.8,-99.8,-99.8,-99.8,5.7
2024-01-11 02:00:00,763.4,3116.9,1.6,-3.7,68.0,1.2,200.0,4.3,210.0,0.0,0.0,-99.8,0.0,-99.8,-99.8,-99.8,-99.8,-99.8,-99.8,-99.8,-99.8,-99.8,-99.8,-99.8,-99.8,-99.8,4.7
2024-01-11 03:00:00,763.3,3114.3,2.3,-1.5,76.0,0.9,200.0,2.7,210.0,0.0,0.0,-99.8,0.0,-99.8,-99.8,-99.8,-99.8,-99.8,-99.8,-99.8,-99.8,-99.8,-99.8,-99.8,-99.8,-99.8,5.5
2024-01-11 04:00:00,763.5,3116.2,3.0,-1.5,72.0,1.9,240.0,3.6,240.0,0.0,0.0,-99.8,0.0,-99.8,-99.8,-99.8,-99.8,-99.8,-99.8,-99.8,-99.8,-99.8,-99.8,-99.8,-99.8,-99.8,5.5
2024-01-11 05:00:00,763.5,3115.8,3.3,-3.7,60.0,1.7,150.0,4.5,140.0,0.0,0.0,-99.8,0.0,-99.8,-99.8,-99.8,8.5,-99.8,8.8,9.7,10.3,-99.8,-99.8,-99.8,-99.8,-99.8,4.7
2024-01-11 06:00:00,763.9,3119.6,3.5,-6.2,49.0,2.3,150.0,5.3,150.0,0.0,0.0,0.0,0.0,-99.8,-99.8,-99.8,-99.8,-99.8,-99.8,-99.8,-99.8,-99.8,-99.8,-99.8,-99.8,-99.8,3.9
2024-01-11 07:00:00,764.3,3123.5,3.5,-5.2,53.0,1.4,140.0,6.8,130.0,0.0,0.0,0.0,0.01,-99.8,-99.8,-99.8,-99.8,-99.8,-99.8,-99.8,-99.8,-99.8,-99.8,-99.8,-99.8,-99.8,4.2
2024-01-11 08:00:00,764.7,3128.5,4.3,-3.2,58.0,0.8,130.0,6.8,180.0,0.0,0.0,0.2,0.24,28.0,-99.8,0.0,-99.8,28.0,-99.8,-99.8,-99.8,-99.8,-99.8,-99.8,-99.8,-99.8,4.8
2024-01-11 09:00:00,764.9,3133.1,6.5,-2.4,53.0,1.2,250.0,4.2,180.0,0.0,0.0,1.0,1.34,28.0,-99.8,0.0,8.2,28.0,8.2,9.2,10.1,-99.8,-99.8,-99.8,-99.8,-99.8,5.1
2024-01-11 10:00:00,765.1,3135.9,7.5,-0.5,57.0,1.0,999.9,4.6,210.0,0.0,0.0,1.0,2.07,-99.8,-99.8,-99.8,-99.8,-99.8,-99.8,-99.8,-99.8,-99.8,-99.8,-99.8,-99.8,-99.8,5.9
2024-01-11 11:00:00,764.7,3131.0,7.5,1.1,64.0,1.7,250.0,5.2,260.0,0.0,0.0,1.0,2.62,30.0,-99.8,0.0,-99.8,30.0,-99.8,-99.8,-99.8,-99.8,-99.8,-99.8,-99.8,-99.8,6.6
2024-01-11 12:00:00,764.4,3127.4,7.4,-2.9,48.0,1.6,250.0,6.0,290.0,0.0,0.0,1.0,2.92,-99.8,-99.8,-99.8,-99.8,-99.8,-99.8,-99.8,-99.8,-99.8,-99.8,-99.8,-99.8,-99.8,4.9
2024-01-11 13:00:00,763.6,3119.5,8.7,-0.6,52.0,1.5,330.0,5.5,220.0,0.0,0.0,1.0,2.94,-99.8,-99.8,-99.8,-99.8,-99.8,-99.8,-99.8,-99.8,-99.8,-99.8,-99.8,-99.8,-99.8,5.9
2024-01-11 14:00:00,763.3,3112.9,6.8,0.7,65.0,1.5,300.0,6.2,300.0,0.0,0.0,1.0,2.53,30.0,-99.8,1.0,10.3,30.0,9.2,9.3,9.9,-99.8,-99.8,-99.8,-99.8,-99.8,6.4
2024-01-11 15:00:00,763.1,3109.6,5.2,2.4,82.0,0.8,220.0,5.1,270.0,0.0,0.0,0.1,0.78,-99.8,-99.8,-99.8,-99.8,-99.8,-99.8,-99.8,-99.8,-99.8,-99.8,-99.8,-99.8,-99.8,7.3
2024-01-11 16:00:00,763.2,3111.9,5.5,-1.6,60.0,0.9,280.0,3.9,220.0,0.0,0.0,0.6,0.94,-99.8,-99.8,-99.8,-99.8,-99.8,-99.8,-99.8,-99.8,-99.8,-99.8,-99.8,-99.8,-99.8,5.4
2024-01-11 17:00:00,763.5,3113.2,3.7,-2.9,62.0,0.7,320.0,2.9,230.0,0.0,0.0,0.9,0.58,30.0,-99.8,1.0,-99.8,30.0,-99.8,-99.8,-99.8,-99.8,-99.8,-99.8,-99.8,-99.8,4.9
2024-01-11 18:00:00,763.7,3113.7,2.2,-5.9,55.0,0.1,0.0,2.2,290.0,0.0,0.0,0.2,0.02,-99.8,-99.8,-99.8,-99.8,-99.8,-99.8,-99.8,-99.8,-99.8,-99.8,-99.8,-99.8,-99.8,3.9
2024-01-11 19:00:00,763.8,3114.8,2.2,-7.1,50.0,0.5,130.0,1.6,350.0,0.0,0.0,0.0,0.0,-99.8,-99.8,-99.8,-99.8,-99.8,-99.8,-99.8,-99.8,-99.8,-99.8,-99.8,-99.8,-99.8,3.6
2024-01-11 20:00:00,764.2,3120.5,2.6,-8.1,45.0,1.5,160.0,2.3,160.0,0.0,0.0,-99.8,0.0,-99.8,-99.8,-99.8,-99.8,-99.8,-99.8,-99.8,-99.8,-99.8,-99.8,-99.8,-99.8,-99.8,3.3
2024-01-11 21:00:00,764.3,3123.5,1.9,-7.7,49.0,0.1,0.0,2.4,330.0,0.0,0.0,-99.8,0.0,-99.8,-99.8,-99.8,8.4,-99.8,8.8,9.6,10.1,-99.8,-99.8,-99.8,-99.8,-99.8,3.4
2024-01-11 22:00:00,764.4,3125.5,1.6,-5.1,61.0,0.1,0.0,1.7,120.0,0.0,0.0,-99.8,0.0,-99.8,-99.8,-99.8,-99.8,-99.8,-99.8,-99.8,-99.8,-99.8,-99.8,-99.8,-99.8,-99.8,4.2
2024-01-11 23:00:00,764.4,3125.6,1.7,-6.1,56.0,1.4,330.0,3.4,340.0,0.0,0.0,-99.8,0.0,-99.8,-99.8,-99.8,-99.8,-99.8,-99.8,-99.8,-99.8,-99.8,-99.8,-99.8,-99.8,-99.8,3.9
2024-01-12 00:00:00,764.4,3126.5,2.5,-8.2,45.0,1.5,340.0,4.7,320.0,0.0,0.0,-99.8,0.0,-99.8,-99.8,-99.8,-99.8,-99.8,-99.8,-99.8,-99.8,-99.8,-99.8,-99.8,-99.8,-99.8,3.3
2024-01-12 01:00:00,764.3,3126.9,2.3,-6.5,52.0,0.6,10.0,3.5,340.0,0.0,0.0,-99.8,0.0,-99.8,-99.8,-99.8,-99.8,-99.8,-99.8,-99.8,-99.8,-99.8,-99.8,-99.8,-99.8,-99.8,3.8
2024-01-12 02:00:00,764.0,3121.4,2.4,-7.5,48.0,0.3,10.0,2.4,350.0,0.0,0.0,-99.8,0.0,-99.8,-99.8,-99.8,-99.8,-99.8,-99.8,-99.8,-99.8,-99.8,-99.8,-99.8,-99.8,-99.8,3.5
2024-01-12 03:00:00,763.7,3116.9,3.0,-7.8,45.0,0.7,60.0,3.1,110.0,0.0,0.0,-99.8,0.0,-99.8,-99.8,-99.8,-99.8,-99.8,-99.8,-99.8,-99.8,-99.8,-99.8,-99.8,-99.8,-99.8,3.4
2024-01-12 04:00:00,763.4,3115.7,4.3,-7.2,43.0,0.9,350.0,3.7,10.0,0.0,0.0,-99.8,0.0,-99.8,-99.8,-99.8,-99.8,-99.8,-99.8,-99.8,-99.8,-99.8,-99.8,-99.8,-99.8,-99.8,3.6
2024-01-12 05:00:00,763.6,3114.0,3.1,-5.1,55.0,1.4,350.0,3.5,350.0,0.0,0.0,-99.8,0.0,-99.8,-99.8,-99.8,7.3,-99.8,7.6,8.8,9.7,-99.8,-99.8,-99.8,-99.8,-99.8,4.2
2024-01-12 06:00:00,763.9,3115.4,3.2,-4.5,57.0,1.1,340.0,3.1,320.0,0.0,0.0,0.0,0.0,-99.8,-99.8,-99.8,-99.8,-99.8,-99.8,-99.8,-99.8,-99.8,-99.8,-99.8,-99.8,-99.8,4.4
2024-01-12 07:00:00,764.3,3118.6,2.4,-5.0,58.0,0.4,360.0,3.6,350.0,0.0,0.0,0.0,0.01,-99.8,-99.8,-99.8,-99.8,-99.8,-99.8,-99.8,-99.8,-99.8,-99.8,-99.8,-99.8,-99.8,4.2
2024-01-12 08:00:00,764.7,3125.1,3.7,-3.8,58.0,0.4,310.0,2.1,350.0,0.0,0.0,0.2,0.24,30.0,-99.8,0.0,-99.8,30.0,-99.8,-99.8,-99.8,-99.8,-99.8,-99.8,-99.8,-99.8,4.6
2024-01-12 09:00:00,765.0,3132.1,7.4,-3.2,47.0,0.2,0.0,1.5,60.0,0.0,0.0,1.0,1.26,30.0,-99.8,0.0,7.3,30.0,7.3,8.5,9.5,-99.8,-99.8,-99.8,-99.8,-99.8,4.8
2024-01-12 10:00:00,765.2,3134.9,8.2,-0.5,54.0,1.2,330.0,2.9,340.0,0.0,0.0,1.0,2.0,-99.8,-99.8,-99.8,-99.8,-99.8,-99.8,-99.8,-99.8,-99.8,-99.8,-99.8,-99.8,-99.8,5.9
2024-01-12 11:00:00,764.7,3130.4,8.7,-0.1,54.0,0.8,340.0,3.3,340.0,0.0,0.0,1.0,2.57,30.0,-99.8,0.0,-99.8,30.0,-99.8,-99.8,-99.8,-99.8,-99.8,-99.8,-99.8,-99.8,6.1
2024-01-12 12:00:00,764.2,3125.9,8.6,-1.5,49.0,0.9,360.0,4.0,240.0,0.0,0.0,1.0,2.88,-99.8,-99.8,-99.8,-99.8,-99.8,-99.8,-99.8,-99.8,-99.8,-99.8,-99.8,-99.8,-99.8,5.5
2024-01-12 13:00:00,763.9,3123.2,9.2,1.6,59.0,1.3,330.0,3.4,360.0,0.0,0.0,1.0,2.89,-99.8,-99.8,-99.8,-99.8,-99.8,-99.8,-99.8,-99.8,-99.8,-99.8,-99.8,-99.8,-99.8,6.9
2024-01-12 14:00:00,763.6,3119.1,8.4,3.1,69.0,1.2,330.0,3.5,350.0,0.0,0.0,1.0,2.62,30.0,-99.8,1.0,10.1,30.0,8.7,8.8,9.4,-99.8,-99.8,-99.8,-99.8,-99.8,7.6
2024-01-12 15:00:00,763.7,3118.4,6.4,3.9,84.0,0.7,340.0,4.1,350.0,0.0,0.0,0.6,1.57,-99.8,-99.8,-99.8,-99.8,-99.8,-99.8,-99.8,-99.8,-99.8,-99.8,-99.8,-99.8,-99.8,8.1
2024-01-12 16:00:00,763.7,3120.5,6.7,4.5,86.0,0.6,330.0,3.3,240.0,0.0,0.0,0.9,1.34,-99.8,-99.8,-99.8,-99.8,-99.8,-99.8,-99.8,-99.8,-99.8,-99.8,-99.8,-99.8,-99.8,8.4
2024-01-12 17:00:00,763.9,3120.3,6.1,2.6,78.0,0.8,250.0,2.6,280.0,0.0,0.0,0.9,0.58,30.0,-99.8,0.0,-99.8,30.0,-99.8,-99.8,-99.8,-99.8,-99.8,-99.8,-99.8,-99.8,7.4
2024-01-12 18:00:00,764.2,3121.0,4.1,1.3,82.0,1.2,230.0,2.9,220.0,0.0,0.0,0.2,0.03,-99.8,-99.8,-99.8,-99.8,-99.8,-99.8,-99.8,-99.8,-99.8,-99.8,-99.8,-99.8,-99.8,6.7
2024-01-12 19:00:00,764.5,3122.2,3.3,1.0,85.0,0.9,280.0,2.5,260.0,0.0,0.0,0.0,0.0,-99.8,-99.8,-99.8,-99.8,-99.8,-99.8,-99.8,-99.8,-99.8,-99.8,-99.8,-99.8,-99.8,6.6
2024-01-12 20:00:00,764.8,3126.8,3.1,1.3,88.0,0.9,290.0,1.9,290.0,0.0,0.0,-99.8,0.0,-99.8,-99.8,-99.8,-99.8,-99.8,-99.8,-99.8,-99.8,-99.8,-99.8,-99.8,-99.8,-99.8,6.7
2024-01-12 21:00:00,764.9,3132.2,2.8,0.9,87.0,0.7,330.0,1.6,280.0,0.0,0.0,-99.8,0.0,-99.8,-99.8,-99.8,8.7,-99.8,8.8,9.3,9.7,-99.8,-99.8,-99.8,-99.8,-99.8,6.5
2024-01-12 22:00:00,764.8,3132.6,3.1,0.7,84.0,1.2,110.0,3.2,80.0,0.0,0.0,-99.8,0.0,-99.8,-99.8,-99.8,-99.8,-99.8,-99.8,-99.8,-99.8,-99.8,-99.8,-99.8,-99.8,-99.8,6.4
2024-01-12 23:00:00,764.5,3130.3,3.3,0.5,82.0,1.3,140.0,3.6,80.0,0.0,0.0,-99.8,0.0,-99.8,-99.8,-99.8,-99.8,-99.8,-99.8,-99.8,-99.8,-99.8,-99.8,-99.8,-99.8,-99.8,6.3
2024-01-13 00:00:00,764.6,3130.1,2.4,0.1,85.0,0.2,0.0,3.3,90.0,0.0,0.0,-99.8,0.0,-99.8,-99.8,-99.8,-99.8,-99.8,-99.8,-99.8,-99.8,-99.8,-99.8,-99.8,-99.8,-99.8,6.2
2024-01-13 01:00:00,764.6,3131.6,3.0,-0.5,78.0,1.0,90.0,2.6,80.0,0.0,0.0,-99.8,0.0,-99.8,-99.8,-99.8,-99.8,-99.8,-99.8,-99.8,-99.8,-99.8,-99.8,-99.8,-99.8,-99.8,5.9
2024-01-13 02:00:00,764.3,3126.4,2.2,-0.5,82.0,0.1,0.0,2.0,120.0,0.0,0.0,-99.8,0.0,-99.8,-99.8,-99.8,-99.8,-99.8,-99.8,-99.8,-99.8,-99.8,-99.8,-99.8,-99.8,-99.8,5.9
2024-01-13 03:00:00,764.2,3122.5,2.0,-0.3,85.0,1.1,150.0,2.0,180.0,0.0,0.0,-99.8,0.0,-99.8,-99.8,-99.8,-99.8,-99.8,-99.8,-99.8,-99.8,-99.8,-99.8,-99.8,-99.8,-99.8,6.0
2024-01-13 04:00:00,764.1,3121.6,1.9,-1.7,77.0,0.9,150.0,3.1,100.0,0.0,0.0,-99.8,0.0,-99.8,-99.8,-99.8,-99.8,-99.8,-99.8,-99.8,-99.8,-99.8,-99.8,-99.8,-99.8,-99.8,5.4
2024-01-13 05:00:00,764.5,3125.0,1.8,-1.4,79.0,0.7,120.0,1.9,100.0,0.0,0.0,-99.8,0.0,-99.8,-99.8,-99.8,7.3,-99.8,7.7,8.7,9.5,-99.8,-99.8,-99.8,-99.8,-99.8,5.5
2024-01-13 06:00:00,764.8,3125.2,1.5,-2.1,77.0,1.0,140.0,2.9,100.0,0.0,0.0,0.0,0.0,-99.8,-99.8,-99.8,-99.8,-99.8,-99.8,-99.8,-99.8,-99.8,-99.8,-99.8,-99.8,-99.8,5.2
2024-01-13 07:00:00,765.1,3127.2,1.4,-6.0,58.0,0.9,290.0,2.1,110.0,0.0,0.0,0.0,0.01,-99.8,-99.8,-99.8,-99.8,-99.8,-99.8,-99.8,-99.8,-99.8,-99.8,-99.8,-99.8,-99.8,3.9
2024-01-13 08:00:00,765.9,3137.3,2.9,-1.8,71.0,0.7,210.0,2.6,220.0,0.0,0.0,0.2,0.23,30.0,-99.8,0.0,-99.8,30.0,-99.8,-99.8,-99.8,-99.8,-99.8,-99.8,-99.8,-99.8,5.4
2024-01-13 09:00:00,766.3,3145.9,6.5,-0.7,60.0,0.6,320.0,2.4,120.0,0.0,0.0,1.0,1.3,30.0,-99.8,0.0,7.2,30.0,7.2,8.4,9.3,-99.8,-99.8,-99.8,-99.8,-99.8,5.8
2024-01-13 10:00:00,766.5,3151.0,8.4,0.4,57.0,0.8,350.0,1.9,320.0,0.0,0.0,1.0,2.03,-99.8,-99.8,-99.8,-99.8,-99.8,-99.8,-99.8,-99.8,-99.8,-99.8,-99.8,-99.8,-99.8,6.3
2024-01-13 11:00:00,766.2,3149.0,9.1,2.0,61.0,0.9,340.0,2.5,320.0,0.0,0.0,1.0,2.58,30.0,-99.8,0.0,-99.8,30.0,-99.8,-99.8,-99.8,-99.8,-99.8,-99.8,-99.8,-99.8,7.1
2024-01-13 12:00:00,765.8,3143.0,8.7,3.3,69.0,1.0,340.0,3.7,20.0,0.0,0.0,1.0,2.85,-99.8,-99.8,-99.8,-99.8,-99.8,-99.8,-99.8,-99.8,-99.8,-99.8,-99.8,-99.8,-99.8,7.7
2024-01-13 13:00:00,765.4,3138.6,8.0,4.6,79.0,1.2,340.0,3.3,330.0,0.0,0.0,0.9,2.47,-99.8,-99.8,-99.8,-99.8,-99.8,-99.8,-99.8,-99.8,-99.8,-99.8,-99.8,-99.8,-99.8,8.5
2024-01-13 14:00:00,765.0,3135.2,9.5,6.0,79.0,0.7,10.0,2.6,360.0,0.0,0.0,0.8,2.17,30.0,-99.8,3.0,10.1,30.0,8.6,8.6,9.2,-99.8,-99.8,-99.8,-99.8,-99.8,9.4
2024-01-13 15:00:00,765.0,3132.0,7.2,5.4,88.0,1.0,260.0,3.9,250.0,0.0,0.0,0.5,1.95,-99.8,-99.8,-99.8,-99.8,-99.8,-99.8,-99.8,-99.8,-99.8,-99.8,-99.8,-99.8,-99.8,9.0
2024-01-13 16:00:00,765.0,3131.2,6.7,5.5,92.0,1.5,200.0,3.0,220.0,0.0,0.0,0.8,1.41,-99.8,-99.8,-99.8,-99.8,-99.8,-99.8,-99.8,-99.8,-99.8,-99.8,-99.8,-99.8,-99.8,9.0
2024-01-13 17:00:00,765.4,3133.9,5.6,5.2,97.0,0.5,70.0,3.0,230.0,0.0,0.0,0.0,0.27,1.5,-99.8,9.0,-99.8,1.5,-99.8,-99.8,-99.8,-99.8,-99.8,-99.8,-99.8,-99.8,8.8
2024-01-13 18:00:00,765.7,3135.6,4.8,4.2,96.0,1.9,170.0,2.9,160.0,0.0,0.0,0.0,0.02,-99.8,-99.8,-99.8,-99.8,-99.8,-99.8,-99.8,-99.8,-99.8,-99.8,-99.8,-99.8,-99.8,8.3
2024-01-13 19:00:00,766.3,3141.3,4.4,3.8,96.0,1.5,280.0,2.8,280.0,0.0,0.0,0.0,0.0,-99.8,-99.8,-99.8,-99.8,-99.8,-99.8,-99.8,-99.8,-99.8,-99.8,-99.8,-99.8,-99.8,8.0
2024-01-13 20:00:00,766.5,3144.6,3.8,3.5,98.0,1.0,200.0,2.4,220.0,0.0,0.0,-99.8,0.0,-99.8,-99.8,-99.8,-99.8,-99.8,-99.8,-99.8,-99.8,-99.8,-99.8,-99.8,-99.8,-99.8,7.9
2024-01-13 21:00:00,766.6,3150.2,3.6,2.3,91.0,1.2,100.0,2.1,90.0,0.0,0.0,-99.8,0.0,-99.8,-99.8,-99.8,9.1,-99.8,8.9,9.3,9.6,-99.8,-99.8,-99.8,-99.8,-99.8,7.2
2024-01-13 22:00:00,766.6,3153.4,4.1,-1.3,68.0,1.2,110.0,2.9,170.0,0.0,0.0,-99.8,0.0,-99.8,-99.8,-99.8,-99.8,-99.8,-99.8,-99.8,-99.8,-99.8,-99.8,-99.8,-99.8,-99.8,5.6
2024-01-13 23:00:00,766.4,3152.0,4.0,-11.2,32.0,1.2,330.0,1.9,120.0,0.0,0.0,-99.8,0.0,-99.8,-99.8,-99.8,-99.8,-99.8,-99.8,-99.8,-99.8,-99.8,-99.8,-99.8,-99.8,-99.8,2.6
2024-01-14 00:00:00,766.3,3149.1,3.0,-7.5,46.0,0.9,220.0,1.9,160.0,0.0,0.0,-99.8,0.0,-99.8,-99.8,-99.8,-99.8,-99.8,-99.8,-99.8,-99.8,-99.8,-99.8,-99.8,-99.8,-99.8,3.5
