,StnPres,SeaPres,Tx,Td,RH,WS,WD,WSGust,WDGust,Precp
2023-01-01 01:00:00,1019.2,1022.1,17.2,14.1,82,2.1,20.0,3.4,350.0,0.0
2023-01-01 02:00:00,1019.0,1022.0,17.3,14.4,83,2.5,20.0,4.2,30.0,0.0
2023-01-01 03:00:00,1019.3,1022.2,17.3,14.4,83,1.6,60.0,3.9,40.0,0.0
2023-01-01 04:00:00,1019.1,1022.0,17.1,14.4,84,0.6,70.0,2.1,50.0,0.0
2023-01-01 05:00:00,1019.2,1022.1,17.0,14.4,84,1.4,350.0,2.4,340.0,0.0
2023-01-01 06:00:00,1019.6,1022.6,17.0,14.5,85,0.8,20.0,2.2,350.0,0.0
2023-01-01 07:00:00,1020.2,1023.1,17.1,14.7,85,1.3,350.0,2.2,340.0,0.0
2023-01-01 08:00:00,1020.6,1023.5,17.6,15.2,86,1.1,30.0,2.1,10.0,0.0
2023-01-01 09:00:00,1020.8,1023.7,18.1,15.6,85,2.0,40.0,3.6,40.0,0.0
2023-01-01 10:00:00,1020.8,1023.8,18.9,15.9,83,2.9,10.0,4.9,40.0,0.0
2023-01-01 11:00:00,1020.4,1023.3,19.6,16.1,80,2.9,10.0,6.1,360.0,0.0
2023-01-01 12:00:00,1019.6,1022.5,20.0,15.9,77,4.7,20.0,7.9,10.0,0.0
2023-01-01 13:00:00,1018.9,1021.8,20.1,16.0,77,4.0,10.0,7.7,10.0,0.0
2023-01-01 14:00:00,1018.4,1021.3,19.7,15.7,77,4.7,10.0,7.4,10.0,0.0
2023-01-01 15:00:00,1018.2,1021.1,19.3,15.6,79,4.2,10.0,8.2,30.0,0.0
2023-01-01 16:00:00,1018.3,1021.2,18.7,15.5,81,4.8,10.0,8.3,360.0,0.0
2023-01-01 17:00:00,1018.5,1021.4,18.5,15.6,83,3.8,10.0,8.4,20.0,0.0
2023-01-01 18:00:00,1019.0,1021.9,18.3,15.5,83,3.5,360.0,7.0,30.0,0.0
2023-01-01 19:00:00,1019.4,1022.3,18.3,15.5,83,4.0,10.0,7.2,350.0,0.0
2023-01-01 20:00:00,1019.7,1022.6,18.3,15.6,84,3.8,10.0,9.3,10.0,0.0
2023-01-01 21:00:00,1020.0,1022.9,18.2,15.5,84,4.1,10.0,7.8,20.0,0.0
2023-01-01 22:00:00,1020.1,1022.9,18.3,15.6,84,4.2,20.0,7.5,30.0,0.0
2023-01-01 23:00:00,1020.1,1022.9,18.3,15.7,85,3.9,20.0,7.7,30.0,0.0
2023-01-02 00:00:00,1020.1,1023.0,18.3,15.9,85,3.5,20.0,6.6,20.0,0.0
2023-01-02 01:00:00,1020.1,1023.0,18.4,16.0,85,2.8,20.0,6.0,20.0,0.0
2023-01-02 02:00:00,1019.9,1022.7,18.1,15.7,86,3.2,10.0,5.9,10.0,0.0
2023-01-02 03:00:00,1019.6,1022.5,17.8,15.5,86,4.0,20.0,7.5,10.0,0.0
2023-01-02 04:00:00,1019.6,1022.5,17.8,15.6,87,3.1,10.0,6.1,30.0,0.0
2023-01-02 05:00:00,1019.7,1022.6,17.9,15.9,87,2.3,10.0,5.7,20.0,0.5
2023-01-02 06:00:00,1020.3,1023.3,17.9,16.0,88,2.6,360.0,5.3,10.0,1.0
2023-01-02 07:00:00,1020.8,1023.7,18.0,16.1,88,3.2,10.0,5.4,10.0,1.0
2023-01-02 08:00:00,1021.3,1024.2,18.1,16.2,88,3.3,360.0,6.1,340.0,1.0
2023-01-02 09:00:00,1021.0,1023.9,18.4,16.5,88,3.1,30.0,7.3,30.0,0.5
2023-01-02 10:00:00,1021.2,1024.1,18.8,16.8,88,3.3,360.0,5.7,30.0,0.5
2023-01-02 11:00:00,1020.5,1023.4,19.2,16.9,86,3.9,360.0,7.1,20.0,0.0
2023-01-02 12:00:00,1019.7,1022.6,19.3,16.7,85,5.1,10.0,8.9,30.0,0.0
2023-01-02 13:00:00,1018.9,1021.8,19.1,16.4,84,5.1,10.0,8.8,20.0,0.0
2023-01-02 14:00:00,1018.3,1021.2,19.4,16.4,82,3.7,360.0,7.6,10.0,0.0
2023-01-02 15:00:00,1017.6,1020.6,18.8,16.0,83,4.8,20.0,8.5,10.0,0.0
2023-01-02 16:00:00,1017.4,1020.3,18.9,16.0,83,5.0,20.0,11.0,20.0,0.0
2023-01-02 17:00:00,1017.9,1020.8,18.8,15.8,82,3.9,10.0,9.0,20.0,0.0
2023-01-02 18:00:00,1018.7,1021.5,18.2,15.4,83,4.2,10.0,7.9,10.0,0.0
2023-01-02 19:00:00,1019.7,1022.6,18.1,15.3,83,4.9,10.0,9.8,20.0,0.0
2023-01-02 20:00:00,1020.3,1023.2,18.1,15.3,83,3.6,20.0,7.7,10.0,0.0
2023-01-02 21:00:00,1020.5,1023.4,18.0,14.9,82,4.4,20.0,8.5,20.0,0.0
2023-01-02 22:00:00,1020.4,1023.3,17.7,14.6,82,5.0,20.0,8.8,30.0,0.0
2023-01-02 23:00:00,1020.2,1023.1,17.1,14.2,82,3.8,20.0,8.1,30.0,0.0
2023-01-03 00:00:00,1020.1,1023.0,16.9,14.0,82,3.3,20.0,7.9,30.0,0.0
2023-01-03 01:00:00,1020.1,1023.0,17.1,14.1,82,3.4,20.0,6.6,20.0,0.0
2023-01-03 02:00:00,1020.0,1022.9,17.1,13.8,80,4.6,20.0,7.2,30.0,0.0
2023-01-03 03:00:00,1019.5,1022.4,17.0,13.5,79,3.3,30.0,8.3,30.0,0.0
2023-01-03 04:00:00,1019.5,1022.4,17.0,13.4,79,3.7,20.0,7.4,20.0,0.0
2023-01-03 05:00:00,1018.9,1021.8,16.9,13.3,79,4.1,30.0,8.2,20.0,0.0
2023-01-03 06:00:00,1019.4,1022.3,16.6,13.2,80,3.3,20.0,7.0,30.0,0.0
2023-01-03 07:00:00,1020.4,1023.2,16.5,13.3,81,3.5,20.0,6.7,360.0,0.0
2023-01-03 08:00:00,1021.0,1023.9,17.2,13.8,80,5.1,20.0,8.6,20.0,0.0
2023-01-03 09:00:00,1021.6,1024.5,16.8,13.9,83,5.3,20.0,9.2,30.0,0.0
2023-01-03 10:00:00,1021.6,1024.6,17.1,14.3,83,4.8,10.0,9.9,30.0,0.0
2023-01-03 11:00:00,1021.2,1024.1,18.3,14.7,79,4.0,360.0,8.7,30.0,0.0
2023-01-03 12:00:00,1020.4,1023.3,18.4,14.2,76,4.8,20.0,8.3,10.0,0.0
2023-01-03 13:00:00,1019.5,1022.5,19.2,14.3,73,3.4,10.0,8.5,360.0,0.0
2023-01-03 14:00:00,1018.8,1021.7,19.5,14.6,73,4.4,10.0,8.2,40.0,0.0
2023-01-03 15:00:00,1018.6,1021.5,19.0,13.9,72,5.6,20.0,9.6,30.0,0.0
2023-01-03 16:00:00,1018.5,1021.4,18.4,13.5,73,5.1,10.0,8.9,10.0,0.0
2023-01-03 17:00:00,1018.8,1021.7,17.6,12.8,73,4.6,20.0,8.9,10.0,0.0
2023-01-03 18:00:00,1019.0,1021.9,17.0,12.8,76,4.3,20.0,8.8,20.0,0.0
2023-01-03 19:00:00,1019.5,1022.4,16.7,12.4,76,4.4,20.0,8.6,20.0,0.0
2023-01-03 20:00:00,1020.1,1023.0,16.4,12.1,75,3.7,20.0,7.5,20.0,0.0
2023-01-03 21:00:00,1020.3,1023.2,16.3,12.0,75,3.9,20.0,7.7,30.0,0.0
2023-01-03 22:00:00,1020.6,1023.5,16.2,11.7,74,4.5,20.0,8.6,30.0,0.0
2023-01-03 23:00:00,1020.7,1023.6,16.0,11.6,75,4.0,30.0,7.2,20.0,0.0
2023-01-04 00:00:00,1020.6,1023.5,15.7,11.6,76,3.5,20.0,5.5,30.0,0.0
2023-01-04 01:00:00,1020.3,1023.2,15.7,11.5,76,3.7,20.0,6.5,30.0,0.0
2023-01-04 02:00:00,1019.9,1022.8,15.7,11.4,75,3.8,20.0,6.2,40.0,0.0
2023-01-04 03:00:00,1019.8,1022.7,15.6,11.3,75,3.3,20.0,7.6,30.0,0.0
2023-01-04 04:00:00,1019.6,1022.5,15.7,11.4,75,3.9,30.0,7.9,20.0,0.0
2023-01-04 05:00:00,1019.7,1022.6,15.7,11.4,75,4.3,20.0,8.3,40.0,0.0
2023-01-04 06:00:00,1020.3,1023.2,15.7,11.5,75,3.8,20.0,7.0,10.0,0.0
2023-01-04 07:00:00,1020.6,1023.5,15.8,11.7,76,3.6,20.0,7.0,20.0,0.0
2023-01-04 08:00:00,1021.6,1024.4,15.9,11.6,75,3.6,20.0,6.1,360.0,0.0
2023-01-04 09:00:00,1021.8,1024.8,16.6,11.9,73,3.7,20.0,7.8,10.0,0.0
2023-01-04 10:00:00,1021.5,1024.4,18.0,12.5,70,3.4,20.0,6.5,30.0,0.0
2023-01-04 11:00:00,1020.8,1023.7,19.3,12.9,66,2.2,40.0,5.4,360.0,0.0
2023-01-04 12:00:00,1019.8,1022.8,20.6,13.5,63,2.6,20.0,4.6,10.0,0.0
2023-01-04 13:00:00,1019.1,1022.0,20.7,13.9,65,3.7,360.0,5.8,20.0,0.0
2023-01-04 14:00:00,1018.5,1021.4,20.0,13.9,67,4.5,10.0,7.4,360.0,0.0
2023-01-04 15:00:00,1018.1,1020.9,20.1,14.2,69,4.1,360.0,7.4,360.0,0.0
2023-01-04 16:00:00,1017.8,1020.7,19.7,14.1,70,4.4,360.0,8.1,20.0,0.0
2023-01-04 17:00:00,1018.3,1021.2,18.9,13.7,71,3.0,360.0,7.2,30.0,0.0
2023-01-04 18:00:00,1018.8,1021.7,17.7,13.5,76,3.9,10.0,7.8,360.0,0.0
2023-01-04 19:00:00,1019.6,1022.5,17.4,13.6,78,3.0,10.0,7.3,20.0,0.0
2023-01-04 20:00:00,1020.1,1023.0,17.2,13.6,79,3.1,10.0,5.8,360.0,0.0
2023-01-04 21:00:00,1020.6,1023.5,17.3,14.1,81,4.0,20.0,6.4,30.0,0.0
2023-01-04 22:00:00,1021.0,1023.9,17.1,14.2,82,2.8,20.0,6.8,20.0,0.0
2023-01-04 23:00:00,1021.0,1023.9,17.0,14.2,83,2.3,20.0,5.3,30.0,0.0
2023-01-05 00:00:00,1020.7,1023.6,16.5,13.9,84,1.6,20.0,3.3,20.0,0.0
2023-01-05 01:00:00,1020.4,1023.3,16.2,13.7,84,1.8,20.0,2.7,20.0,0.0
2023-01-05 02:00:00,1019.9,1022.8,16.0,13.5,84,2.4,20.0,3.9,30.0,0.0
2023-01-05 03:00:00,1019.6,1022.5,16.1,13.6,84,2.2,20.0,4.4,40.0,0.0
2023-01-05 04:00:00,1019.7,1022.6,16.6,14.1,85,2.2,20.0,3.2,20.0,0.0
2023-01-05 05:00:00,1020.2,1023.0,17.5,15.0,85,3.5,20.0,5.8,20.0,0.0
2023-01-05 06:00:00,1020.6,1023.5,17.5,14.9,84,3.8,20.0,6.8,30.0,0.0
2023-01-05 07:00:00,1021.0,1023.9,17.7,14.9,83,3.3,20.0,6.7,20.0,0.0
2023-01-05 08:00:00,1021.4,1024.3,18.1,14.9,81,4.9,20.0,8.9,30.0,0.0
2023-01-05 09:00:00,1021.7,1024.6,19.2,15.3,78,4.4,10.0,8.9,360.0,0.0
2023-01-05 10:00:00,1021.3,1024.2,19.9,15.7,76,5.0,20.0,9.6,20.0,0.0
2023-01-05 11:00:00,1020.7,1023.6,20.9,16.1,73,4.9,10.0,9.4,30.0,0.0
2023-01-05 12:00:00,1019.8,1022.7,21.4,16.1,71,5.7,10.0,9.2,340.0,0.0
2023-01-05 13:00:00,1018.5,1021.5,22.1,16.3,69,5.8,10.0,9.6,10.0,0.0
2023-01-05 14:00:00,1017.8,1020.7,21.9,16.2,70,6.1,10.0,11.3,10.0,0.0
2023-01-05 15:00:00,1017.4,1020.4,21.7,16.3,71,5.5,10.0,10.2,360.0,0.0
2023-01-05 16:00:00,1017.7,1020.6,21.1,16.1,73,5.2,10.0,10.2,30.0,0.0
2023-01-05 17:00:00,1018.1,1021.0,19.7,15.7,77,4.9,10.0,9.4,10.0,0.0
2023-01-05 18:00:00,1018.5,1021.4,18.8,15.6,81,4.4,10.0,9.2,20.0,0.0
2023-01-05 19:00:00,1019.3,1022.2,18.3,15.5,83,4.0,10.0,7.3,10.0,0.0
2023-01-05 20:00:00,1019.8,1022.7,18.2,15.5,84,3.7,10.0,8.0,10.0,0.0
2023-01-05 21:00:00,1020.4,1023.3,18.1,15.5,84,3.6,10.0,7.1,10.0,0.0
2023-01-05 22:00:00,1020.6,1023.5,17.9,15.4,85,3.3,10.0,7.0,350.0,0.0
2023-01-05 23:00:00,1020.5,1023.4,17.9,15.5,85,2.7,360.0,6.1,20.0,0.0
2023-01-06 00:00:00,1020.2,1023.1,18.0,15.7,86,2.8,360.0,5.2,20.0,0.0
2023-01-06 01:00:00,1019.8,1022.7,18.1,15.8,86,2.4,360.0,4.8,340.0,0.0
2023-01-06 02:00:00,1019.3,1022.2,18.1,15.8,86,3.1,10.0,5.2,10.0,0.0
2023-01-06 03:00:00,1019.0,1021.9,18.1,15.8,86,2.9,20.0,5.2,40.0,0.0
2023-01-06 04:00:00,1018.9,1021.7,18.0,15.6,85,3.2,20.0,5.6,10.0,0.0
2023-01-06 05:00:00,1019.4,1022.3,17.7,15.4,86,3.7,20.0,7.0,30.0,0.0
2023-01-06 06:00:00,1020.0,1022.9,17.5,15.2,86,4.0,10.0,8.2,10.0,0.0
2023-01-06 07:00:00,1020.4,1023.3,17.4,15.2,86,4.1,10.0,8.1,30.0,0.0
2023-01-06 08:00:00,1021.1,1024.0,17.3,15.2,87,5.2,10.0,8.9,20.0,0.0
2023-01-06 09:00:00,1021.3,1024.2,17.5,15.2,86,6.3,20.0,9.8,20.0,0.0
2023-01-06 10:00:00,1021.2,1024.1,17.9,15.2,84,6.0,10.0,10.5,10.0,0.0
2023-01-06 11:00:00,1020.8,1023.8,18.5,15.4,81,5.9,10.0,10.8,10.0,0.0
2023-01-06 12:00:00,1019.7,1022.6,19.7,15.7,78,6.5,20.0,10.5,20.0,0.0
2023-01-06 13:00:00,1018.9,1021.8,19.7,15.2,75,7.7,20.0,12.6,10.0,0.0
2023-01-06 14:00:00,1017.9,1020.9,19.5,15.1,75,7.0,20.0,12.3,10.0,0.0
2023-01-06 15:00:00,1017.2,1020.1,19.5,15.0,75,6.9,20.0,12.2,20.0,0.0
2023-01-06 16:00:00,1017.1,1020.0,18.9,14.7,76,6.9,20.0,11.8,10.0,0.0
2023-01-06 17:00:00,1017.4,1020.3,18.4,14.0,75,5.8,20.0,11.1,20.0,0.0
2023-01-06 18:00:00,1018.0,1020.9,18.1,13.5,74,5.1,20.0,11.6,10.0,0.0
2023-01-06 19:00:00,1018.4,1021.3,17.7,13.0,74,3.9,20.0,8.1,30.0,0.0
2023-01-06 20:00:00,1018.6,1021.5,17.6,13.0,74,4.0,20.0,7.4,10.0,0.0
2023-01-06 21:00:00,1019.0,1021.8,17.0,12.8,76,3.3,20.0,5.8,30.0,0.0
2023-01-06 22:00:00,1018.9,1021.8,16.7,12.7,77,2.3,30.0,4.9,30.0,0.0
2023-01-06 23:00:00,1018.8,1021.7,16.1,12.3,78,1.6,30.0,3.7,30.0,0.0
2023-01-07 00:00:00,1018.6,1021.5,16.2,12.3,77,1.6,20.0,2.8,20.0,0.0
2023-01-07 01:00:00,1018.1,1021.0,15.8,10.6,71,1.9,10.0,4.0,30.0,0.0
2023-01-07 02:00:00,1017.6,1020.5,16.8,8.5,57,3.1,20.0,5.1,30.0,0.0
2023-01-07 03:00:00,1017.2,1020.1,17.0,8.8,58,3.6,20.0,6.2,20.0,0.0
2023-01-07 04:00:00,1016.8,1019.7,17.0,11.0,67,4.1,20.0,7.4,30.0,0.0
2023-01-07 05:00:00,1016.9,1019.8,16.6,11.9,73,3.7,20.0,6.0,30.0,0.0
2023-01-07 06:00:00,1017.1,1020.0,16.4,11.8,74,3.2,20.0,6.0,10.0,0.0
2023-01-07 07:00:00,1017.2,1020.1,16.4,11.2,71,3.2,20.0,7.0,20.0,0.0
2023-01-07 08:00:00,1017.6,1020.5,16.7,10.8,68,3.3,20.0,5.8,30.0,0.0
2023-01-07 09:00:00,1018.0,1020.8,18.6,11.2,62,4.2,20.0,6.9,10.0,0.0
2023-01-07 10:00:00,1017.9,1020.8,19.8,11.4,58,3.4,20.0,7.9,20.0,0.0
2023-01-07 11:00:00,1017.5,1020.4,21.3,12.0,55,2.9,10.0,5.7,10.0,0.0
2023-01-07 12:00:00,1016.6,1019.5,22.6,12.7,53,3.0,360.0,6.2,10.0,0.0
2023-01-07 13:00:00,1015.9,1018.8,22.8,12.7,52,3.1,350.0,6.0,30.0,0.0
2023-01-07 14:00:00,1015.2,1018.1,22.3,12.6,54,3.9,360.0,6.6,330.0,0.0
2023-01-07 15:00:00,1014.9,1017.8,21.6,12.5,56,4.1,10.0,7.5,360.0,0.0
2023-01-07 16:00:00,1015.2,1018.1,20.6,12.5,59,3.9,360.0,7.1,10.0,0.0
2023-01-07 17:00:00,1015.6,1018.5,19.6,12.5,63,4.2,360.0,7.3,20.0,0.0
2023-01-07 18:00:00,1016.1,1019.0,19.1,12.4,65,3.1,360.0,6.7,20.0,0.0
2023-01-07 19:00:00,1017.1,1020.0,18.6,12.0,65,2.9,20.0,6.0,360.0,0.0
2023-01-07 20:00:00,1017.8,1020.7,18.1,11.8,66,2.8,360.0,5.5,360.0,0.0
2023-01-07 21:00:00,1018.0,1020.9,17.6,11.7,68,3.1,10.0,6.1,10.0,0.0
2023-01-07 22:00:00,1018.3,1021.3,17.4,11.7,69,2.6,10.0,5.0,360.0,0.0
2023-01-07 23:00:00,1018.4,1021.3,17.0,11.7,71,1.1,20.0,3.8,360.0,0.0
2023-01-08 00:00:00,1018.3,1021.2,16.8,11.5,70,1.0,10.0,2.4,10.0,0.0
2023-01-08 01:00:00,1018.0,1020.9,16.6,11.2,70,1.2,20.0,2.2,360.0,0.0
2023-01-08 02:00:00,1017.8,1020.7,16.2,11.0,71,0.6,20.0,2.0,350.0,0.0
2023-01-08 03:00:00,1017.3,1020.2,15.9,11.1,73,0.7,10.0,1.4,50.0,0.0
2023-01-08 04:00:00,1017.2,1020.1,15.9,11.2,73,0.7,60.0,1.4,340.0,0.0
2023-01-08 05:00:00,1017.3,1020.2,15.8,11.3,74,0.9,20.0,1.8,30.0,0.0
2023-01-08 06:00:00,1017.6,1020.5,15.6,11.3,75,1.2,50.0,1.8,50.0,0.0
2023-01-08 07:00:00,1018.3,1021.2,15.1,11.1,77,0.8,10.0,1.8,30.0,0.0
2023-01-08 08:00:00,1018.7,1021.6,15.7,11.5,75,1.2,20.0,2.3,20.0,0.0
2023-01-08 09:00:00,1019.4,1022.3,17.8,12.1,69,1.5,340.0,2.6,20.0,0.0
2023-01-08 10:00:00,1019.5,1022.4,20.2,13.2,64,2.0,320.0,3.6,290.0,0.0
2023-01-08 11:00:00,1019.1,1022.0,21.8,14.3,62,1.2,320.0,3.0,330.0,0.0
2023-01-08 12:00:00,1018.6,1021.5,22.3,14.3,60,2.7,310.0,4.4,300.0,0.0
2023-01-08 13:00:00,1018.1,1021.0,22.5,14.6,61,2.6,330.0,4.9,340.0,0.0
2023-01-08 14:00:00,1017.8,1020.7,22.1,15.1,64,3.2,320.0,5.9,300.0,0.0
2023-01-08 15:00:00,1017.2,1020.1,21.2,14.6,66,3.3,360.0,5.7,340.0,0.0
2023-01-08 16:00:00,1017.3,1020.1,21.5,15.3,67,3.1,350.0,5.6,360.0,0.0
2023-01-08 17:00:00,1017.7,1020.6,19.4,14.4,72,2.8,350.0,5.6,350.0,0.0
2023-01-08 18:00:00,1018.0,1020.9,17.9,14.1,78,2.5,20.0,5.6,10.0,0.0
2023-01-08 19:00:00,1018.5,1021.4,17.3,14.1,81,1.8,10.0,4.2,30.0,0.0
2023-01-08 20:00:00,1018.7,1021.6,17.1,14.1,82,1.2,330.0,3.0,320.0,0.0
2023-01-08 21:00:00,1019.0,1021.9,17.0,14.3,84,1.7,10.0,3.9,340.0,0.0
2023-01-08 22:00:00,1018.9,1021.8,16.9,14.3,84,1.6,20.0,4.2,20.0,0.0
2023-01-08 23:00:00,1018.5,1021.4,17.0,14.5,85,2.8,360.0,5.2,360.0,0.0
2023-01-09 00:00:00,1018.5,1021.4,16.8,14.3,85,1.5,10.0,4.7,10.0,0.0
2023-01-09 01:00:00,1018.6,1021.5,16.8,14.4,86,0.8,20.0,2.0,350.0,0.0
2023-01-09 02:00:00,1018.1,1021.0,16.8,14.5,86,0.3,210.0,1.6,110.0,0.0
2023-01-09 03:00:00,1017.7,1020.6,16.9,14.6,86,0.5,20.0,2.3,310.0,0.0
2023-01-09 04:00:00,1017.8,1020.7,17.0,14.8,86,1.1,320.0,2.2,340.0,0.0
2023-01-09 05:00:00,1017.3,1020.2,17.2,15.0,87,1.1,340.0,2.1,310.0,0.0
2023-01-09 06:00:00,1017.4,1020.2,17.3,15.2,87,1.6,30.0,3.1,330.0,0.0
2023-01-09 07:00:00,1017.7,1020.6,17.2,15.1,87,1.7,360.0,3.2,30.0,0.0
2023-01-09 08:00:00,1018.5,1021.4,17.1,15.0,87,2.1,360.0,3.5,10.0,0.0
2023-01-09 09:00:00,1019.5,1022.4,17.2,15.1,87,2.2,350.0,3.4,360.0,0.0
2023-01-09 10:00:00,1019.5,1022.3,17.9,15.7,86,2.6,10.0,4.7,30.0,0.0
2023-01-09 11:00:00,1019.1,1022.0,18.6,15.8,83,3.1,20.0,5.9,20.0,0.0
2023-01-09 12:00:00,1018.1,1021.0,20.2,16.2,77,2.0,20.0,5.8,30.0,0.0
2023-01-09 13:00:00,1017.4,1020.3,22.2,16.0,68,1.8,340.0,4.4,300.0,0.0
2023-01-09 14:00:00,1016.6,1019.5,22.3,16.0,67,2.9,330.0,5.8,300.0,0.0
2023-01-09 15:00:00,1016.1,1019.0,20.7,15.4,71,3.3,360.0,6.1,360.0,0.0
2023-01-09 16:00:00,1016.1,1019.0,19.0,15.0,77,4.6,360.0,7.5,20.0,0.0
2023-01-09 17:00:00,1016.4,1019.3,18.3,14.8,80,4.8,10.0,7.9,10.0,0.0
2023-01-09 18:00:00,1016.8,1019.7,17.9,14.8,81,3.9,20.0,7.5,10.0,0.0
2023-01-09 19:00:00,1017.3,1020.2,18.1,15.0,82,3.2,20.0,6.3,20.0,0.0
2023-01-09 20:00:00,1017.6,1020.5,18.1,15.1,82,2.4,30.0,5.6,10.0,0.0
2023-01-09 21:00:00,1017.7,1020.6,18.1,15.2,83,2.1,20.0,4.1,20.0,0.0
2023-01-09 22:00:00,1017.8,1020.7,18.2,15.4,83,1.5,30.0,3.5,10.0,0.0
2023-01-09 23:00:00,1017.7,1020.7,18.3,15.6,84,1.1,320.0,2.5,30.0,0.0
2023-01-10 00:00:00,1017.8,1020.8,18.4,15.8,84,1.3,360.0,2.1,360.0,0.0
2023-01-10 01:00:00,1017.7,1020.6,18.5,16.0,85,2.1,350.0,3.6,360.0,0.0
2023-01-10 02:00:00,1017.2,1020.1,18.1,15.7,85,2.4,40.0,4.7,20.0,0.0
2023-01-10 03:00:00,1016.0,1018.9,18.4,16.2,87,1.7,80.0,3.7,50.0,0.0
2023-01-10 04:00:00,1015.6,1018.5,18.1,15.9,86,1.3,360.0,5.0,350.0,0.0
2023-01-10 05:00:00,1015.8,1018.7,18.1,16.0,87,2.5,340.0,4.3,330.0,0.0
2023-01-10 06:00:00,1016.3,1019.2,17.8,15.7,87,3.2,360.0,7.0,360.0,0.0
2023-01-10 07:00:00,1016.7,1019.6,17.9,15.9,88,2.7,20.0,6.9,10.0,0.0
2023-01-10 08:00:00,1017.1,1020.0,18.3,16.2,87,1.4,30.0,3.8,20.0,0.0
2023-01-10 09:00:00,1017.5,1020.3,18.8,16.5,86,1.5,30.0,3.0,20.0,0.0
2023-01-10 10:00:00,1017.7,1020.5,19.1,16.5,85,2.3,330.0,3.6,300.0,0.0
2023-01-10 11:00:00,1017.0,1019.9,19.2,16.4,83,2.9,360.0,5.3,20.0,0.0
2023-01-10 12:00:00,1016.1,1019.0,19.8,16.5,80,3.0,360.0,5.5,350.0,0.0
2023-01-10 13:00:00,1015.5,1018.4,20.2,16.2,77,3.2,360.0,5.6,10.0,0.0
2023-01-10 14:00:00,1014.9,1017.8,20.7,16.0,74,4.7,10.0,7.2,360.0,0.0
2023-01-10 15:00:00,1014.8,1017.8,19.9,15.8,77,4.7,10.0,7.8,10.0,0.0
2023-01-10 16:00:00,1014.3,1017.2,19.2,15.8,80,3.8,10.0,8.0,360.0,0.0
2023-01-10 17:00:00,1014.9,1017.8,18.9,15.8,82,4.0,10.0,6.8,330.0,0.0
2023-01-10 18:00:00,1015.2,1018.1,18.6,15.8,83,2.7,20.0,6.9,30.0,0.0
2023-01-10 19:00:00,1015.9,1018.7,18.6,15.9,84,3.0,20.0,5.6,20.0,0.0
2023-01-10 20:00:00,1016.1,1019.0,18.5,15.9,84,3.2,10.0,6.4,20.0,0.0
2023-01-10 21:00:00,1016.9,1019.8,18.5,15.9,84,3.9,10.0,6.7,10.0,0.0
2023-01-10 22:00:00,1017.1,1020.0,18.0,15.5,85,3.6,20.0,7.2,30.0,0.0
2023-01-10 23:00:00,1016.8,1019.7,18.0,15.5,85,3.2,10.0,6.0,20.0,0.0
2023-01-11 00:00:00,1016.7,1019.6,18.0,15.6,85,2.8,10.0,6.1,10.0,0.0
2023-01-11 01:00:00,1016.3,1019.2,18.0,15.5,85,2.5,30.0,4.7,10.0,0.0
2023-01-11 02:00:00,1016.2,1019.1,18.0,15.5,85,2.8,10.0,4.8,340.0,0.0
2023-01-11 03:00:00,1015.6,1018.4,17.9,15.6,86,0.8,180.0,4.8,20.0,0.0
2023-01-11 04:00:00,1015.1,1018.0,18.0,15.7,86,2.4,10.0,3.9,10.0,0.0
2023-01-11 05:00:00,1015.4,1018.3,18.0,15.7,86,2.9,20.0,5.2,40.0,0.0
2023-01-11 06:00:00,1016.3,1019.2,18.0,15.7,86,2.5,20.0,5.3,30.0,0.0
2023-01-11 07:00:00,1016.2,1019.1,18.1,15.9,86,1.9,20.0,4.2,20.0,0.0
2023-01-11 08:00:00,1016.6,1019.5,18.2,16.0,86,2.5,20.0,4.8,30.0,0.0
2023-01-11 09:00:00,1017.3,1020.2,18.1,15.8,86,4.0,10.0,6.0,360.0,0.0
2023-01-11 10:00:00,1017.3,1020.2,18.1,15.6,85,4.0,360.0,6.7,20.0,0.0
2023-01-11 11:00:00,1017.0,1019.9,19.0,16.1,83,3.1,360.0,6.5,20.0,0.0
2023-01-11 12:00:00,1015.7,1018.6,18.7,15.9,83,3.4,20.0,6.0,30.0,0.0
2023-01-11 13:00:00,1014.9,1017.8,19.3,16.1,81,3.7,350.0,6.3,350.0,0.0
2023-01-11 14:00:00,1014.3,1017.2,19.9,16.0,78,4.1,360.0,6.7,350.0,0.0
2023-01-11 15:00:00,1013.7,1016.6,19.1,15.7,80,4.4,20.0,7.7,360.0,0.0
2023-01-11 16:00:00,1013.9,1016.8,18.7,15.7,82,4.4,10.0,7.4,10.0,0.0
2023-01-11 17:00:00,1014.2,1017.1,18.6,15.7,83,3.4,20.0,6.8,10.0,0.0
2023-01-11 18:00:00,1014.9,1017.8,18.2,15.7,85,3.6,360.0,6.3,20.0,0.0
2023-01-11 19:00:00,1015.3,1018.2,17.4,15.2,87,3.5,10.0,7.1,360.0,0.0
2023-01-11 20:00:00,1015.5,1018.4,17.3,15.2,87,2.8,20.0,7.0,20.0,0.0
2023-01-11 21:00:00,1015.6,1018.5,17.3,15.3,88,2.3,10.0,5.6,30.0,0.0
2023-01-11 22:00:00,1015.6,1018.5,17.5,15.5,88,2.1,350.0,4.6,10.0,0.0
2023-01-11 23:00:00,1015.7,1018.6,17.5,15.6,88,1.6,360.0,4.8,20.0,0.0
2023-01-12 00:00:00,1015.6,1018.5,17.5,15.6,88,0.7,350.0,3.3,20.0,0.0
2023-01-12 01:00:00,1015.1,1018.0,17.5,15.6,88,0.3,10.0,1.7,10.0,0.0
2023-01-12 02:00:00,1014.5,1017.4,17.6,15.7,88,0.8,20.0,1.6,10.0,0.0
2023-01-12 03:00:00,1014.2,1017.1,17.5,15.6,88,1.8,340.0,3.0,10.0,0.0
2023-01-12 04:00:00,1014.3,1017.2,17.3,15.5,89,1.5,360.0,3.0,320.0,0.0
2023-01-12 05:00:00,1014.6,1017.5,17.0,15.2,89,2.4,350.0,3.7,340.0,0.0
2023-01-12 06:00:00,1015.0,1017.9,17.0,15.3,89,2.2,20.0,3.7,10.0,0.0
2023-01-12 07:00:00,1015.2,1018.2,17.0,15.3,89,1.5,30.0,3.5,20.0,0.0
2023-01-12 08:00:00,1015.4,1018.3,17.3,15.6,89,1.3,20.0,2.6,20.0,0.0
2023-01-12 09:00:00,1015.7,1018.6,18.0,16.3,89,1.6,20.0,2.5,360.0,0.0
2023-01-12 10:00:00,1015.8,1018.7,18.4,16.4,88,2.2,20.0,3.5,340.0,0.0
2023-01-12 11:00:00,1015.1,1017.9,19.3,16.8,85,1.8,50.0,3.8,50.0,0.0
2023-01-12 12:00:00,1014.0,1016.9,21.1,17.4,79,1.2,320.0,3.2,70.0,0.0
2023-01-12 13:00:00,1013.2,1016.1,21.8,17.3,75,2.9,310.0,5.6,300.0,0.0
2023-01-12 14:00:00,1012.5,1015.4,20.9,16.6,76,3.1,320.0,5.3,290.0,0.0
2023-01-12 15:00:00,1012.3,1015.2,20.5,16.2,76,2.5,320.0,4.8,320.0,0.0
2023-01-12 16:00:00,1012.4,1015.3,20.1,16.2,78,2.3,360.0,5.1,320.0,0.0
2023-01-12 17:00:00,1012.9,1015.8,20.0,16.0,77,1.9,360.0,3.7,340.0,0.0
2023-01-12 18:00:00,1013.1,1016.0,18.9,15.7,81,2.1,10.0,3.3,10.0,0.0
2023-01-12 19:00:00,1013.6,1016.6,18.2,15.5,84,2.3,10.0,4.7,340.0,0.0
2023-01-12 20:00:00,1013.9,1016.8,18.0,15.5,85,1.2,30.0,3.0,10.0,0.0
2023-01-12 21:00:00,1013.8,1016.7,17.9,15.5,85,1.0,340.0,2.3,20.0,0.0
2023-01-12 22:00:00,1013.6,1016.5,17.8,15.4,85,1.1,340.0,1.7,10.0,0.0
2023-01-12 23:00:00,1013.4,1016.3,17.8,15.5,86,0.8,30.0,1.8,350.0,0.0
2023-01-13 00:00:00,1013.2,1016.1,17.8,15.6,86,0.6,70.0,1.6,10.0,0.0
2023-01-13 01:00:00,1012.7,1015.6,17.7,15.6,87,0.6,40.0,1.1,40.0,0.0
2023-01-13 02:00:00,1012.2,1015.1,17.6,15.5,87,0.7,20.0,1.6,350.0,0.0
2023-01-13 03:00:00,1011.6,1014.5,17.4,15.3,87,0.5,350.0,1.0,20.0,0.0
2023-01-13 04:00:00,1011.1,1014.0,17.1,15.1,87,0.3,300.0,1.3,300.0,0.0
2023-01-13 05:00:00,1011.2,1014.1,17.0,15.0,88,0.6,360.0,1.3,310.0,0.0
2023-01-13 06:00:00,1011.7,1014.6,16.6,14.6,88,0.8,80.0,1.2,80.0,0.0
2023-01-13 07:00:00,1012.3,1015.2,16.3,14.5,89,0.0,0.0,1.2,110.0,0.0
2023-01-13 08:00:00,1012.9,1015.8,17.6,15.7,88,0.7,70.0,1.1,50.0,0.0
2023-01-13 09:00:00,1013.3,1016.2,19.8,17.4,86,0.8,360.0,1.9,60.0,0.0
2023-01-13 10:00:00,1013.1,1016.0,22.2,17.5,74,2.1,60.0,3.4,70.0,0.0
2023-01-13 11:00:00,1012.4,1015.3,25.4,18.0,63,0.7,50.0,3.2,60.0,0.0
2023-01-13 12:00:00,1011.3,1014.2,27.1,16.9,53,0.8,80.0,3.4,20.0,0.0
2023-01-13 13:00:00,1010.5,1013.4,28.1,16.8,50,1.4,260.0,3.9,290.0,0.0
2023-01-13 14:00:00,1009.5,1012.4,29.3,16.7,46,1.1,190.0,4.8,290.0,0.0
2023-01-13 15:00:00,1009.2,1012.1,29.0,16.9,47,1.8,250.0,4.0,220.0,0.0
2023-01-13 16:00:00,1009.2,1012.1,27.1,16.9,53,2.7,290.0,4.1,310.0,0.0
2023-01-13 17:00:00,1009.5,1012.4,25.1,16.3,58,2.2,250.0,5.0,250.0,0.0
2023-01-13 18:00:00,1009.4,1012.3,24.5,17.5,65,3.0,220.0,5.0,210.0,0.0
2023-01-13 19:00:00,1009.8,1012.7,23.9,17.9,69,0.6,220.0,4.0,210.0,0.0
2023-01-13 20:00:00,1010.2,1013.1,23.4,17.9,71,0.3,140.0,1.4,230.0,0.0
2023-01-13 21:00:00,1010.2,1013.1,22.9,17.9,73,0.0,0.0,1.5,130.0,0.0
2023-01-13 22:00:00,1009.7,1012.6,22.5,17.9,75,0.5,190.0,1.2,190.0,0.0
2023-01-13 23:00:00,1009.4,1012.3,22.0,17.6,76,0.4,260.0,1.3,190.0,0.0
2023-01-14 00:00:00,1009.0,1011.9,21.5,17.7,78,0.3,310.0,1.0,230.0,0.0
2023-01-14 01:00:00,1008.8,1011.7,21.0,17.7,81,0.0,0.0,1.2,300.0,0.0
2023-01-14 02:00:00,1008.5,1011.4,20.5,17.6,83,0.5,150.0,1.7,100.0,0.0
2023-01-14 03:00:00,1008.4,1011.2,19.8,17.1,84,0.3,80.0,1.0,150.0,0.0
2023-01-14 04:00:00,1008.2,1011.1,19.5,17.0,85,0.0,0.0,1.2,70.0,0.0
2023-01-14 05:00:00,1008.3,1011.2,19.4,17.0,85,0.4,180.0,1.4,200.0,0.0
2023-01-14 06:00:00,1008.9,1011.8,19.5,17.0,85,0.4,200.0,1.3,160.0,0.0
2023-01-14 07:00:00,1009.2,1012.1,18.9,16.4,85,0.6,90.0,0.9,90.0,0.0
2023-01-14 08:00:00,1009.7,1012.6,22.1,18.8,81,0.6,130.0,1.5,110.0,0.0
2023-01-14 09:00:00,1010.2,1013.1,23.9,18.6,72,1.1,180.0,2.9,170.0,0.0
2023-01-14 10:00:00,1010.3,1013.2,25.2,18.6,67,1.9,210.0,4.2,210.0,0.0
2023-01-14 11:00:00,1009.2,1012.1,26.9,19.3,62,1.4,190.0,4.5,220.0,0.0
2023-01-14 12:00:00,1008.0,1011.0,28.1,19.5,59,2.9,220.0,5.9,220.0,0.0
2023-01-14 13:00:00,1006.8,1009.8,28.5,19.3,57,3.0,230.0,6.8,220.0,0.0
2023-01-14 14:00:00,1006.2,1009.1,28.5,19.7,59,2.8,240.0,6.4,220.0,0.0
2023-01-14 15:00:00,1005.8,1008.7,27.4,19.4,61,4.1,260.0,6.8,290.0,0.0
2023-01-14 16:00:00,1006.0,1008.8,26.8,20.0,66,3.6,240.0,6.5,250.0,0.0
2023-01-14 17:00:00,1006.4,1009.3,26.1,20.2,70,2.9,250.0,5.9,260.0,0.0
2023-01-14 18:00:00,1007.0,1009.9,24.4,20.6,79,1.7,290.0,4.5,270.0,0.0
2023-01-14 19:00:00,1007.4,1010.3,23.8,20.7,83,0.9,320.0,2.8,280.0,0.0
2023-01-14 20:00:00,1008.0,1010.9,23.4,20.6,84,0.7,40.0,1.5,330.0,0.0
2023-01-14 21:00:00,1008.2,1011.1,22.8,20.5,86,0.9,120.0,2.2,100.0,0.0
2023-01-14 22:00:00,1008.5,1011.4,22.4,20.2,87,0.5,160.0,1.7,100.0,0.0
2023-01-14 23:00:00,1008.6,1011.5,21.8,19.6,87,0.3,230.0,1.4,110.0,0.0
2023-01-15 00:00:00,1009.1,1012.0,21.5,19.4,88,1.3,330.0,2.5,330.0,0.0
2023-01-15 01:00:00,1009.5,1012.4,22.1,20.1,88,2.3,340.0,5.9,340.0,0.0
2023-01-15 02:00:00,1009.7,1012.6,20.2,18.2,88,3.8,10.0,7.0,30.0,0.0
2023-01-15 03:00:00,1009.4,1012.3,19.0,17.0,88,3.7,10.0,8.8,10.0,0.0
2023-01-15 04:00:00,1009.7,1012.6,18.2,16.0,86,5.2,20.0,8.5,20.0,0.0
2023-01-15 05:00:00,1009.9,1012.8,17.8,15.3,85,4.5,20.0,8.2,20.0,0.0
2023-01-15 06:00:00,1010.3,1013.1,17.3,14.7,84,3.7,20.0,7.7,20.0,0.0
2023-01-15 07:00:00,1010.7,1013.6,17.1,14.5,84,2.5,10.0,5.8,10.0,0.0
2023-01-15 08:00:00,1011.3,1014.2,17.4,14.6,83,3.5,10.0,5.9,30.0,0.0
2023-01-15 09:00:00,1011.9,1014.9,18.4,14.8,79,4.7,10.0,7.7,10.0,0.0
2023-01-15 10:00:00,1011.8,1014.7,20.1,14.8,71,4.5,10.0,7.5,360.0,0.0
2023-01-15 11:00:00,1011.2,1014.1,20.9,15.0,69,4.5,10.0,8.1,360.0,0.0
2023-01-15 12:00:00,1010.5,1013.4,20.4,14.1,67,6.0,10.0,10.0,20.0,0.0
2023-01-15 13:00:00,1009.7,1012.6,20.5,14.1,66,6.4,10.0,10.0,20.0,0.0
2023-01-15 14:00:00,1009.3,1012.2,19.7,13.3,66,7.4,20.0,11.6,360.0,0.0
2023-01-15 15:00:00,1009.3,1012.2,19.0,12.8,67,7.2,10.0,12.2,10.0,0.0
2023-01-15 16:00:00,1009.7,1012.6,18.2,12.5,69,6.6,20.0,11.9,20.0,0.0
2023-01-15 17:00:00,1010.3,1013.2,16.5,11.7,73,6.7,10.0,12.0,10.0,0.0
2023-01-15 18:00:00,1011.3,1014.2,15.4,10.9,74,6.1,20.0,11.1,10.0,0.0
2023-01-15 19:00:00,1012.4,1015.3,14.8,10.5,75,5.6,20.0,10.5,10.0,0.0
2023-01-15 20:00:00,1013.3,1016.2,14.4,10.2,75,6.4,20.0,11.5,30.0,0.0
2023-01-15 21:00:00,1014.1,1017.0,14.2,9.8,75,5.7,20.0,11.2,360.0,0.0
2023-01-15 22:00:00,1014.5,1017.4,13.7,9.3,75,6.0,20.0,11.8,20.0,0.0
2023-01-15 23:00:00,1014.9,1017.9,13.4,9.0,74,5.8,20.0,10.1,40.0,0.0
2023-01-16 00:00:00,1015.4,1018.3,13.3,8.8,74,5.2,20.0,9.9,10.0,0.0
2023-01-16 01:00:00,1015.6,1018.5,13.2,8.6,73,5.4,20.0,10.0,10.0,0.0
2023-01-16 02:00:00,1015.6,1018.5,13.2,8.5,73,5.3,30.0,11.2,20.0,0.0
2023-01-16 03:00:00,1015.8,1018.7,13.1,8.3,72,5.2,20.0,9.2,30.0,0.0
2023-01-16 04:00:00,1015.9,1018.8,13.1,8.4,72,5.9,20.0,9.4,20.0,0.0
2023-01-16 05:00:00,1016.4,1019.3,13.1,8.3,72,6.2,20.0,11.3,10.0,0.0
2023-01-16 06:00:00,1017.5,1020.4,12.9,8.4,73,6.6,20.0,13.0,10.0,0.0
2023-01-16 07:00:00,1018.1,1021.0,12.5,8.2,75,6.1,30.0,11.7,40.0,0.0
2023-01-16 08:00:00,1018.6,1021.5,12.7,8.5,75,5.7,20.0,12.4,20.0,0.0
2023-01-16 09:00:00,1018.6,1021.5,13.1,8.6,74,5.7,20.0,11.6,360.0,0.0
2023-01-16 10:00:00,1018.7,1021.5,14.6,9.3,70,4.4,20.0,9.5,30.0,0.0
2023-01-16 11:00:00,1018.3,1021.2,15.1,9.3,68,4.5,360.0,7.7,360.0,0.0
2023-01-16 12:00:00,1017.4,1020.3,15.3,9.5,68,5.5,10.0,9.4,10.0,0.0
2023-01-16 13:00:00,1016.6,1019.6,15.8,9.3,65,4.9,20.0,11.9,20.0,0.0
2023-01-16 14:00:00,1016.2,1019.1,15.1,9.2,67,6.5,10.0,10.3,10.0,0.0
2023-01-16 15:00:00,1015.8,1018.7,15.3,9.3,67,6.5,10.0,10.6,10.0,0.0
2023-01-16 16:00:00,1015.9,1018.8,14.5,8.9,69,5.7,10.0,10.6,10.0,0.0
2023-01-16 17:00:00,1016.6,1019.5,13.7,8.7,71,5.8,20.0,10.7,360.0,0.0
2023-01-16 18:00:00,1017.1,1020.0,13.0,8.5,74,5.6,20.0,10.0,30.0,0.0
2023-01-16 19:00:00,1017.9,1020.9,13.0,8.6,74,4.7,20.0,10.6,20.0,0.0
2023-01-16 20:00:00,1018.7,1021.6,13.1,8.6,74,5.0,20.0,9.3,360.0,0.0
2023-01-16 21:00:00,1019.3,1022.2,13.1,8.5,73,4.9,20.0,9.4,20.0,0.0
2023-01-16 22:00:00,1019.5,1022.4,13.2,8.6,73,3.9,20.0,8.5,30.0,0.0
2023-01-16 23:00:00,1019.9,1022.8,13.3,8.8,74,3.7,20.0,7.5,40.0,0.0
2023-01-17 00:00:00,1019.8,1022.6,13.4,8.9,73,4.3,20.0,7.2,20.0,0.0
2023-01-17 01:00:00,1019.7,1022.6,13.3,9.0,75,4.4,20.0,7.7,20.0,0.0
2023-01-17 02:00:00,1019.4,1022.3,13.1,9.2,77,3.2,20.0,7.8,20.0,0.0
2023-01-17 03:00:00,1018.9,1021.8,12.4,9.0,79,2.8,10.0,5.6,360.0,0.0
2023-01-17 04:00:00,1018.5,1021.5,12.5,9.4,81,3.5,20.0,5.8,10.0,0.0
2023-01-17 05:00:00,1018.6,1021.5,12.6,9.4,80,3.1,20.0,5.8,20.0,0.0
2023-01-17 06:00:00,1018.6,1021.5,12.7,9.5,81,3.5,20.0,6.8,20.0,0.0
2023-01-17 07:00:00,1019.5,1022.4,12.8,9.7,81,3.6,20.0,5.9,20.0,0.0
2023-01-17 08:00:00,1020.0,1022.9,14.2,10.1,76,4.1,20.0,7.8,30.0,0.0
2023-01-17 09:00:00,1020.5,1023.4,16.0,10.7,70,4.4,30.0,9.1,10.0,0.0
2023-01-17 10:00:00,1020.4,1023.3,17.1,10.8,66,5.0,30.0,9.9,360.0,0.0
2023-01-17 11:00:00,1019.9,1022.8,17.2,11.9,70,5.0,10.0,9.0,30.0,0.0
2023-01-17 12:00:00,1018.8,1021.8,17.4,11.9,70,5.4,20.0,9.3,30.0,0.0
2023-01-17 13:00:00,1018.0,1020.9,17.6,12.0,69,5.3,10.0,9.3,10.0,0.0
2023-01-17 14:00:00,1017.6,1020.5,17.2,12.0,71,5.7,360.0,9.8,30.0,0.0
2023-01-17 15:00:00,1017.5,1020.4,16.3,11.8,74,5.9,10.0,10.2,360.0,0.0
2023-01-17 16:00:00,1017.8,1020.7,15.7,11.9,78,6.1,10.0,10.4,10.0,0.0
2023-01-17 17:00:00,1018.5,1021.4,15.3,11.8,79,6.2,20.0,10.1,10.0,0.0
2023-01-17 18:00:00,1019.4,1022.3,15.0,11.8,81,4.7,10.0,10.3,360.0,0.0
2023-01-17 19:00:00,1020.4,1023.3,15.0,12.1,82,5.0,10.0,8.3,20.0,0.0
2023-01-17 20:00:00,1021.1,1024.0,15.0,12.2,83,4.6,20.0,8.5,10.0,0.0
2023-01-17 21:00:00,1021.6,1024.5,15.1,12.2,82,4.2,30.0,8.5,20.0,0.0
2023-01-17 22:00:00,1021.9,1024.8,15.2,12.2,82,4.5,20.0,8.0,360.0,0.0
2023-01-17 23:00:00,1021.9,1024.8,15.0,12.0,82,4.4,20.0,7.7,10.0,0.0
2023-01-18 00:00:00,1021.9,1024.8,14.6,11.8,83,4.6,20.0,7.7,10.0,0.0
2023-01-18 01:00:00,1021.7,1024.6,14.1,11.2,82,4.9,30.0,9.4,20.0,0.0
2023-01-18 02:00:00,1021.4,1024.3,13.7,10.8,82,4.1,20.0,8.6,30.0,0.0
2023-01-18 03:00:00,1021.2,1024.1,13.4,10.6,83,4.7,20.0,9.3,10.0,0.0
2023-01-18 04:00:00,1020.8,1023.7,13.3,10.3,82,4.7,20.0,7.9,360.0,0.0
2023-01-18 05:00:00,1021.0,1023.9,13.1,10.1,81,4.8,20.0,8.4,20.0,0.0
2023-01-18 06:00:00,1021.8,1024.7,12.8,9.7,81,4.1,20.0,8.3,20.0,0.0
2023-01-18 07:00:00,1022.3,1025.2,12.8,9.6,81,5.5,20.0,9.0,360.0,0.0
2023-01-18 08:00:00,1022.5,1025.4,13.4,9.8,78,5.3,30.0,9.7,20.0,0.0
2023-01-18 09:00:00,1022.6,1025.4,14.5,10.2,75,5.9,20.0,9.9,20.0,0.0
2023-01-18 10:00:00,1022.6,1025.5,15.5,10.3,71,5.2,20.0,9.2,10.0,0.0
2023-01-18 11:00:00,1021.9,1024.8,16.6,10.7,68,5.8,10.0,10.5,10.0,0.0
2023-01-18 12:00:00,1020.9,1023.8,17.2,10.8,65,6.9,20.0,11.5,30.0,0.0
2023-01-18 13:00:00,1019.7,1022.6,17.5,10.6,64,6.7,10.0,11.8,340.0,0.0
2023-01-18 14:00:00,1019.0,1021.9,16.8,10.5,66,7.1,10.0,11.7,350.0,0.0
2023-01-18 15:00:00,1018.5,1021.5,16.4,10.4,67,7.2,10.0,12.3,20.0,0.0
2023-01-18 16:00:00,1018.4,1021.4,15.8,10.2,69,6.5,10.0,11.4,360.0,0.0
2023-01-18 17:00:00,1018.7,1021.6,14.9,9.7,71,5.9,10.0,10.5,10.0,0.0
2023-01-18 18:00:00,1019.1,1022.0,13.9,9.5,74,5.4,20.0,9.2,20.0,0.0
2023-01-18 19:00:00,1019.6,1022.6,13.6,9.4,75,4.9,20.0,9.8,10.0,0.0
2023-01-18 20:00:00,1019.9,1022.8,13.5,9.4,76,5.3,20.0,9.2,30.0,0.0
2023-01-18 21:00:00,1019.9,1022.8,13.6,9.5,76,4.3,20.0,8.8,30.0,0.0
2023-01-18 22:00:00,1020.2,1023.1,13.8,9.7,76,4.0,30.0,8.5,360.0,0.0
2023-01-18 23:00:00,1020.3,1023.2,13.7,9.7,76,3.2,20.0,6.8,360.0,0.0
2023-01-19 00:00:00,1019.9,1022.9,13.6,9.7,77,3.6,20.0,6.7,20.0,0.0
2023-01-19 01:00:00,1019.6,1022.5,13.5,9.5,76,3.6,20.0,7.3,30.0,0.0
2023-01-19 02:00:00,1019.5,1022.4,13.5,9.5,76,4.2,20.0,6.8,40.0,0.0
2023-01-19 03:00:00,1019.4,1022.3,13.5,9.4,76,3.6,30.0,6.0,20.0,0.0
2023-01-19 04:00:00,1019.4,1022.3,13.4,9.4,76,3.6,30.0,6.6,30.0,0.0
2023-01-19 05:00:00,1019.5,1022.4,13.3,9.5,77,3.1,20.0,6.6,30.0,0.0
2023-01-19 06:00:00,1019.8,1022.7,13.1,9.5,78,3.4,20.0,6.6,10.0,0.0
2023-01-19 07:00:00,1020.2,1023.1,13.3,9.6,78,3.7,20.0,6.5,10.0,0.0
2023-01-19 08:00:00,1020.5,1023.4,14.5,10.0,74,3.9,30.0,8.2,30.0,0.0
2023-01-19 09:00:00,1020.6,1023.5,15.7,10.2,69,4.4,20.0,7.2,40.0,0.0
2023-01-19 10:00:00,1020.8,1023.7,17.6,10.8,64,3.0,30.0,6.1,60.0,0.0
2023-01-19 11:00:00,1020.2,1023.1,18.6,11.3,62,4.6,10.0,7.3,350.0,0.0
2023-01-19 12:00:00,1019.2,1022.1,19.2,12.3,64,5.3,10.0,8.9,10.0,0.0
2023-01-19 13:00:00,1018.1,1021.1,19.6,12.2,62,4.8,20.0,9.2,360.0,0.0
2023-01-19 14:00:00,1017.3,1020.3,20.0,12.5,62,4.5,20.0,8.2,10.0,0.0
2023-01-19 15:00:00,1016.8,1019.7,19.7,12.7,64,4.9,360.0,8.0,20.0,0.0
2023-01-19 16:00:00,1016.9,1019.8,18.6,12.7,68,5.4,10.0,9.7,10.0,0.0
2023-01-19 17:00:00,1017.1,1020.0,17.6,12.6,72,4.4,10.0,9.1,10.0,0.0
2023-01-19 18:00:00,1017.4,1020.3,16.4,12.2,76,4.5,10.0,7.6,10.0,0.0
2023-01-19 19:00:00,1018.0,1020.8,15.9,12.2,78,3.7,10.0,8.5,10.0,0.0
2023-01-19 20:00:00,1018.5,1021.4,15.7,12.4,80,3.2,10.0,5.9,10.0,0.0
2023-01-19 21:00:00,1018.9,1021.8,15.6,12.6,82,2.6,20.0,5.5,20.0,0.0
2023-01-19 22:00:00,1019.3,1022.2,14.9,12.1,83,1.3,10.0,4.0,20.0,0.0
2023-01-19 23:00:00,1019.3,1022.2,15.1,12.5,84,2.5,10.0,4.8,360.0,0.0
2023-01-20 00:00:00,1019.3,1022.2,15.3,12.6,83,1.7,20.0,4.1,360.0,0.0
2023-01-20 01:00:00,1019.5,1022.4,14.9,12.3,84,1.0,20.0,3.3,360.0,0.0
2023-01-20 02:00:00,1019.0,1022.0,14.5,12.1,85,1.4,40.0,3.0,30.0,0.0
2023-01-20 03:00:00,1018.9,1021.8,14.6,12.3,86,2.0,20.0,3.0,360.0,0.0
2023-01-20 04:00:00,1018.6,1021.5,15.2,12.8,85,2.3,20.0,4.0,20.0,0.0
2023-01-20 05:00:00,1018.4,1021.3,15.8,13.0,83,3.8,20.0,7.0,360.0,0.0
2023-01-20 06:00:00,1018.6,1021.5,16.0,12.9,81,3.8,20.0,7.1,360.0,0.0
2023-01-20 07:00:00,1019.0,1021.9,16.2,12.6,79,4.3,20.0,7.7,20.0,0.0
2023-01-20 08:00:00,1019.5,1022.5,16.7,12.5,76,5.0,20.0,9.0,30.0,0.0
2023-01-20 09:00:00,1020.0,1022.9,17.5,12.9,74,4.1,20.0,8.8,20.0,0.0
2023-01-20 10:00:00,1019.8,1022.6,18.3,12.8,70,5.3,20.0,9.6,360.0,0.0
2023-01-20 11:00:00,1018.9,1021.9,19.3,12.5,64,5.9,10.0,9.6,10.0,0.0
2023-01-20 12:00:00,1018.2,1021.1,19.5,12.3,63,5.8,10.0,10.6,10.0,0.0
2023-01-20 13:00:00,1017.0,1019.9,19.4,12.1,62,6.4,10.0,9.9,20.0,0.0
2023-01-20 14:00:00,1016.6,1019.6,19.7,12.1,61,5.8,10.0,10.2,10.0,0.0
2023-01-20 15:00:00,1016.6,1019.5,18.9,12.0,64,5.9,10.0,9.8,350.0,0.0
2023-01-20 16:00:00,1016.9,1019.9,18.1,11.6,65,6.2,20.0,11.7,10.0,0.0
2023-01-20 17:00:00,1017.4,1020.3,17.5,11.5,67,5.1,10.0,10.3,10.0,0.0
2023-01-20 18:00:00,1017.5,1020.4,16.6,11.1,70,4.6,10.0,9.4,10.0,0.0
2023-01-20 19:00:00,1018.0,1020.9,16.5,11.2,70,4.2,10.0,8.0,360.0,0.0
2023-01-20 20:00:00,1018.3,1021.2,16.4,11.1,71,3.5,20.0,7.1,30.0,0.0
2023-01-20 21:00:00,1018.2,1021.1,16.1,10.9,71,2.6,10.0,6.4,30.0,0.0
2023-01-20 22:00:00,1017.9,1020.8,16.1,11.0,71,3.3,10.0,5.6,10.0,0.0
2023-01-20 23:00:00,1018.1,1021.0,16.0,11.1,72,2.6,10.0,6.2,20.0,0.0
2023-01-21 00:00:00,1017.8,1020.7,15.9,11.5,75,3.7,20.0,6.7,360.0,0.0
2023-01-21 01:00:00,1017.5,1020.4,15.8,11.5,75,3.7,20.0,7.9,20.0,0.0
2023-01-21 02:00:00,1017.3,1020.2,15.5,11.1,75,3.0,20.0,6.4,20.0,0.0
2023-01-21 03:00:00,1017.1,1020.0,15.2,11.0,75,3.5,20.0,5.9,20.0,0.0
2023-01-21 04:00:00,1017.4,1020.3,14.8,10.9,77,2.2,20.0,5.5,30.0,0.0
2023-01-21 05:00:00,1017.6,1020.5,14.9,11.3,78,2.2,20.0,3.9,10.0,0.0
2023-01-21 06:00:00,1018.4,1021.3,14.9,11.4,79,2.4,20.0,4.4,20.0,0.0
2023-01-21 07:00:00,1018.8,1021.7,15.3,11.8,79,3.8,20.0,6.4,30.0,0.0
2023-01-21 08:00:00,1019.1,1022.1,16.3,12.3,76,3.6,30.0,6.0,30.0,0.0
2023-01-21 09:00:00,1019.5,1022.4,17.0,12.4,74,3.5,30.0,8.1,10.0,0.0
2023-01-21 10:00:00,1019.5,1022.4,18.4,12.9,70,3.6,20.0,6.3,10.0,0.0
2023-01-21 11:00:00,1018.7,1021.6,20.4,13.4,64,3.3,20.0,6.0,30.0,0.0
2023-01-21 12:00:00,1017.4,1020.3,21.0,14.3,65,4.4,360.0,6.6,20.0,0.0
2023-01-21 13:00:00,1015.8,1018.7,21.2,14.4,65,4.5,10.0,7.9,10.0,0.0
2023-01-21 14:00:00,1014.7,1017.6,20.9,14.5,66,4.6,360.0,7.6,10.0,0.0
2023-01-21 15:00:00,1013.6,1016.5,19.9,14.0,68,5.6,20.0,8.8,30.0,0.0
2023-01-21 16:00:00,1013.7,1016.6,19.7,14.1,70,5.0,10.0,8.9,20.0,0.0
2023-01-21 17:00:00,1014.4,1017.3,18.1,13.9,76,4.4,350.0,7.8,10.0,0.0
2023-01-21 18:00:00,1014.9,1017.8,17.0,13.7,80,5.6,10.0,9.9,10.0,0.0
2023-01-21 19:00:00,1015.4,1018.3,16.5,13.4,82,4.5,10.0,8.5,360.0,0.0
2023-01-21 20:00:00,1015.7,1018.6,16.4,13.5,83,3.1,20.0,7.3,20.0,0.0
2023-01-21 21:00:00,1016.1,1019.0,16.4,13.7,84,2.3,350.0,5.6,10.0,0.0
2023-01-21 22:00:00,1016.2,1019.1,16.1,13.7,85,2.9,360.0,5.6,350.0,0.0
2023-01-21 23:00:00,1016.2,1019.0,15.9,13.7,86,2.7,10.0,5.4,360.0,0.0
2023-01-22 00:00:00,1016.1,1019.0,15.8,13.7,87,2.7,10.0,4.4,360.0,0.0
2023-01-22 01:00:00,1016.4,1019.3,15.9,13.8,87,1.7,340.0,3.8,360.0,0.0
2023-01-22 02:00:00,1016.5,1019.4,15.8,13.7,87,2.2,350.0,3.7,360.0,0.0
2023-01-22 03:00:00,1016.3,1019.2,15.6,13.5,87,2.1,20.0,4.4,20.0,0.0
2023-01-22 04:00:00,1016.5,1019.4,15.6,13.6,87,2.1,20.0,4.6,10.0,0.0
2023-01-22 05:00:00,1016.4,1019.2,15.6,13.6,87,1.8,350.0,3.8,350.0,0.0
2023-01-22 06:00:00,1016.6,1019.5,15.6,13.6,87,2.6,10.0,4.1,360.0,0.0
2023-01-22 07:00:00,1016.7,1019.6,15.5,13.5,88,3.2,10.0,6.4,30.0,0.0
2023-01-22 08:00:00,1017.0,1019.9,15.5,13.5,87,3.7,20.0,6.8,20.0,0.0
2023-01-22 09:00:00,1016.9,1019.8,15.9,13.8,87,3.0,40.0,6.5,30.0,0.0
2023-01-22 10:00:00,1016.4,1019.3,17.0,14.1,82,3.6,20.0,5.7,30.0,0.0
2023-01-22 11:00:00,1015.8,1018.7,19.1,14.4,74,3.2,360.0,5.8,10.0,0.0
2023-01-22 12:00:00,1014.8,1017.7,20.8,14.7,68,3.2,360.0,5.9,10.0,0.0
2023-01-22 13:00:00,1013.6,1016.5,22.0,14.6,63,3.2,360.0,6.1,350.0,0.0
2023-01-22 14:00:00,1012.6,1015.5,23.1,14.7,59,3.5,360.0,6.2,50.0,0.0
2023-01-22 15:00:00,1012.4,1015.3,22.8,14.6,59,4.2,350.0,7.4,330.0,0.0
2023-01-22 16:00:00,1012.7,1015.6,21.4,14.7,65,4.0,340.0,7.2,10.0,0.0
2023-01-22 17:00:00,1012.9,1015.8,20.2,14.4,69,3.1,350.0,6.0,330.0,0.0
2023-01-22 18:00:00,1013.3,1016.2,17.8,13.9,78,2.3,340.0,5.0,360.0,0.0
2023-01-22 19:00:00,1013.8,1016.7,17.1,14.0,82,1.6,360.0,3.8,330.0,0.0
2023-01-22 20:00:00,1013.8,1016.7,16.8,13.9,83,1.2,40.0,2.3,10.0,0.0
2023-01-22 21:00:00,1014.1,1017.0,16.8,14.0,83,0.9,340.0,1.6,40.0,0.0
2023-01-22 22:00:00,1013.7,1016.6,16.4,13.7,84,0.4,350.0,1.5,310.0,0.0
2023-01-22 23:00:00,1013.5,1016.4,16.1,13.5,84,0.4,290.0,0.8,110.0,0.0
2023-01-23 00:00:00,1013.6,1016.5,16.2,13.7,84,0.4,340.0,1.8,330.0,0.0
2023-01-23 01:00:00,1013.8,1016.6,16.6,14.1,85,3.4,10.0,6.4,10.0,0.0
2023-01-23 02:00:00,1013.4,1016.3,16.3,14.0,86,2.4,360.0,5.2,10.0,0.0
2023-01-23 03:00:00,1013.2,1016.1,16.4,14.3,87,3.2,10.0,4.7,10.0,0.0
2023-01-23 04:00:00,1012.9,1015.8,16.5,14.5,87,3.5,360.0,5.5,10.0,0.0
2023-01-23 05:00:00,1012.8,1015.7,16.8,14.8,88,3.4,10.0,6.0,10.0,0.0
2023-01-23 06:00:00,1013.1,1016.0,17.0,15.0,87,3.5,10.0,7.2,360.0,0.0
2023-01-23 07:00:00,1013.3,1016.2,17.1,15.0,87,3.5,20.0,6.8,20.0,0.0
2023-01-23 08:00:00,1013.8,1016.7,17.4,15.3,87,3.6,20.0,5.7,30.0,0.0
2023-01-23 09:00:00,1014.2,1017.1,18.4,15.8,84,3.3,10.0,5.7,20.0,0.0
2023-01-23 10:00:00,1014.0,1016.9,19.8,16.2,79,2.8,10.0,5.7,360.0,0.0
2023-01-23 11:00:00,1013.5,1016.4,20.6,15.8,73,2.8,10.0,5.5,20.0,0.0
2023-01-23 12:00:00,1012.7,1015.6,21.6,16.1,70,4.0,330.0,7.1,360.0,0.0
2023-01-23 13:00:00,1012.2,1015.1,20.7,15.4,71,4.7,360.0,8.4,320.0,0.0
2023-01-23 14:00:00,1011.5,1014.4,20.3,15.0,71,5.5,360.0,9.5,20.0,0.0
2023-01-23 15:00:00,1011.3,1014.2,19.2,14.5,74,5.4,10.0,10.3,10.0,0.0
2023-01-23 16:00:00,1011.4,1014.4,18.3,14.2,76,5.7,20.0,10.0,20.0,0.0
2023-01-23 17:00:00,1011.8,1014.7,18.0,14.0,77,5.2,10.0,10.5,10.0,0.0
2023-01-23 18:00:00,1012.1,1015.0,17.6,14.0,79,3.8,10.0,8.1,10.0,0.0
2023-01-23 19:00:00,1012.7,1015.5,17.0,13.8,81,4.0,10.0,6.1,360.0,0.0
2023-01-23 20:00:00,1013.6,1016.4,16.7,13.8,83,3.2,360.0,5.9,20.0,0.0
2023-01-23 21:00:00,1014.2,1017.1,16.5,13.8,83,5.0,10.0,8.1,10.0,0.0
2023-01-23 22:00:00,1014.5,1017.4,16.4,13.5,83,5.6,20.0,9.5,20.0,0.0
2023-01-23 23:00:00,1015.1,1018.0,16.5,13.6,82,5.2,10.0,9.3,10.0,0.0
2023-01-24 00:00:00,1015.7,1018.5,16.3,13.3,82,5.0,20.0,9.4,30.0,0.0
2023-01-24 01:00:00,1016.3,1019.2,16.1,12.9,81,5.3,20.0,9.9,10.0,0.0
2023-01-24 02:00:00,1016.7,1019.6,16.0,12.5,79,5.9,20.0,12.0,30.0,0.0
2023-01-24 03:00:00,1017.1,1020.0,15.7,12.1,79,6.6,20.0,11.3,10.0,0.0
2023-01-24 04:00:00,1017.9,1020.8,14.8,11.1,78,8.9,20.0,15.5,360.0,0.0
2023-01-24 05:00:00,1018.7,1021.7,14.2,10.2,76,8.4,20.0,14.0,30.0,0.0
2023-01-24 06:00:00,1020.0,1022.9,13.4,9.1,75,8.7,20.0,17.3,20.0,0.0
2023-01-24 07:00:00,1021.2,1024.1,12.8,8.1,72,9.6,20.0,17.8,30.0,0.0
2023-01-24 08:00:00,1022.1,1025.0,12.8,8.0,72,9.8,20.0,18.2,30.0,0.0
2023-01-24 09:00:00,1023.0,1025.9,13.4,7.4,67,9.6,30.0,18.6,20.0,0.0
2023-01-24 10:00:00,1023.1,1026.0,13.8,7.1,64,10.2,20.0,19.5,30.0,0.0
2023-01-24 11:00:00,1022.4,1025.3,14.1,7.1,62,10.1,20.0,16.7,20.0,0.0
2023-01-24 12:00:00,1021.3,1024.3,14.5,6.5,58,8.8,30.0,18.1,10.0,0.0
2023-01-24 13:00:00,1020.5,1023.4,15.1,6.4,56,8.2,30.0,15.9,360.0,0.0
2023-01-24 14:00:00,1019.8,1022.8,14.7,6.8,58,9.5,20.0,17.0,10.0,0.0
2023-01-24 15:00:00,1019.6,1022.5,13.8,5.8,58,9.8,20.0,16.5,10.0,0.0
2023-01-24 16:00:00,1019.9,1022.8,12.6,4.1,56,9.7,10.0,17.9,10.0,0.0
2023-01-24 17:00:00,1020.2,1023.1,11.8,3.7,57,9.0,10.0,16.3,360.0,0.0
2023-01-24 18:00:00,1020.7,1023.6,11.0,3.0,57,8.5,20.0,16.8,10.0,0.0
2023-01-24 19:00:00,1021.3,1024.2,10.8,1.4,52,6.5,20.0,13.1,10.0,0.0
2023-01-24 20:00:00,1021.7,1024.7,10.3,0.0,48,6.3,20.0,12.3,30.0,0.0
2023-01-24 21:00:00,1021.6,1024.5,9.8,0.1,50,7.2,20.0,13.2,20.0,0.0
2023-01-24 22:00:00,1021.2,1024.2,9.5,0.1,51,6.5,20.0,13.1,20.0,0.0
2023-01-24 23:00:00,1021.2,1024.2,9.4,0.3,52,5.7,20.0,11.4,30.0,0.0
2023-01-25 00:00:00,1021.3,1024.2,9.4,0.5,53,5.5,20.0,10.0,30.0,0.0
2023-01-25 01:00:00,1021.7,1024.6,9.5,0.5,53,5.7,20.0,9.9,10.0,0.0
2023-01-25 02:00:00,1021.2,1024.1,9.2,0.4,53,5.2,30.0,9.4,30.0,0.0
2023-01-25 03:00:00,1021.0,1024.0,8.9,0.4,55,3.4,20.0,7.2,20.0,0.0
2023-01-25 04:00:00,1020.7,1023.6,9.0,0.9,56,3.2,20.0,7.3,20.0,0.0
2023-01-25 05:00:00,1020.6,1023.5,8.9,1.4,59,2.3,20.0,6.2,10.0,0.0
2023-01-25 06:00:00,1020.4,1023.3,8.3,1.6,62,2.1,10.0,4.6,20.0,0.0
2023-01-25 07:00:00,1020.7,1023.6,8.2,1.7,63,2.5,10.0,4.2,10.0,0.0
2023-01-25 08:00:00,1021.5,1024.4,9.6,2.3,60,3.4,20.0,5.3,360.0,0.0
2023-01-25 09:00:00,1021.8,1024.7,11.3,2.9,56,3.5,10.0,5.7,10.0,0.0
2023-01-25 10:00:00,1021.5,1024.4,13.0,3.7,53,3.2,30.0,6.3,10.0,0.0
2023-01-25 11:00:00,1020.4,1023.3,14.6,4.3,50,3.0,20.0,5.8,350.0,0.0
2023-01-25 12:00:00,1019.1,1022.0,16.5,5.8,49,1.7,350.0,5.1,310.0,0.0
2023-01-25 13:00:00,1018.0,1020.9,17.5,6.3,47,2.5,320.0,5.7,300.0,0.0
2023-01-25 14:00:00,1017.5,1020.4,17.8,7.7,51,3.4,340.0,6.5,300.0,0.0
2023-01-25 15:00:00,1017.2,1020.1,17.0,7.6,53,4.3,330.0,6.9,320.0,0.0
2023-01-25 16:00:00,1017.3,1020.2,16.1,7.1,55,4.5,340.0,8.3,340.0,0.0
2023-01-25 17:00:00,1017.6,1020.5,15.2,7.8,61,4.3,10.0,7.8,350.0,0.0
2023-01-25 18:00:00,1018.0,1020.9,14.5,7.6,63,3.7,360.0,7.9,10.0,0.0
2023-01-25 19:00:00,1018.3,1021.2,14.0,7.5,64,2.6,20.0,6.5,10.0,0.0
2023-01-25 20:00:00,1018.5,1021.4,13.5,7.6,67,1.9,360.0,5.0,30.0,0.0
2023-01-25 21:00:00,1018.6,1021.5,13.1,7.6,69,1.6,360.0,3.4,20.0,0.0
2023-01-25 22:00:00,1018.6,1021.5,12.8,7.6,70,1.5,20.0,3.2,350.0,0.0
2023-01-25 23:00:00,1018.5,1021.4,11.9,7.7,75,0.9,50.0,2.4,30.0,0.0
2023-01-26 00:00:00,1018.7,1021.6,11.5,7.7,77,0.6,60.0,1.0,40.0,0.0
2023-01-26 01:00:00,1019.0,1021.9,11.5,7.8,78,0.3,60.0,1.1,70.0,0.0
2023-01-26 02:00:00,1018.8,1021.7,11.7,8.0,78,0.0,0.0,0.8,100.0,0.0
2023-01-26 03:00:00,1019.0,1021.9,11.8,8.2,78,0.6,320.0,1.1,320.0,0.0
2023-01-26 04:00:00,1018.7,1021.6,12.0,8.2,77,1.5,30.0,2.2,20.0,0.0
2023-01-26 05:00:00,1018.7,1021.6,12.2,8.2,76,0.7,30.0,2.0,20.0,0.0
2023-01-26 06:00:00,1018.6,1021.5,12.2,8.5,77,0.5,60.0,1.3,100.0,0.0
2023-01-26 07:00:00,1018.9,1021.8,12.4,8.6,77,0.5,340.0,1.3,320.0,0.0
2023-01-26 08:00:00,1019.3,1022.2,13.2,8.7,74,1.1,350.0,2.1,10.0,0.0
2023-01-26 09:00:00,1019.7,1022.6,15.0,8.9,67,2.0,20.0,3.9,30.0,0.0
2023-01-26 10:00:00,1019.7,1022.6,16.2,10.3,67,2.7,20.0,4.3,10.0,0.0
2023-01-26 11:00:00,1018.6,1021.5,17.5,11.4,67,3.9,10.0,6.0,30.0,0.0
2023-01-26 12:00:00,1017.4,1020.3,17.1,11.9,71,4.1,360.0,7.2,350.0,0.0
2023-01-26 13:00:00,1016.3,1019.3,17.2,11.8,70,3.8,10.0,7.3,350.0,0.0
2023-01-26 14:00:00,1015.6,1018.5,17.5,11.5,68,4.6,360.0,8.2,10.0,0.0
2023-01-26 15:00:00,1015.5,1018.4,16.6,10.9,69,4.9,10.0,8.4,360.0,0.0
2023-01-26 16:00:00,1015.6,1018.5,16.6,11.2,70,4.2,360.0,8.4,20.0,0.0
2023-01-26 17:00:00,1015.5,1018.3,16.8,11.3,69,3.1,20.0,6.7,30.0,0.0
2023-01-26 18:00:00,1016.1,1019.0,14.9,10.8,76,2.8,350.0,5.7,330.0,0.0
2023-01-26 19:00:00,1016.8,1019.7,14.5,11.2,80,3.5,360.0,6.4,10.0,0.0
2023-01-26 20:00:00,1017.2,1020.1,14.2,11.2,82,2.9,20.0,6.3,30.0,0.0
2023-01-26 21:00:00,1017.5,1020.4,13.9,11.1,83,2.8,20.0,4.4,20.0,0.0
2023-01-26 22:00:00,1017.7,1020.6,14.0,11.2,83,3.2,20.0,5.0,20.0,0.0
2023-01-26 23:00:00,1017.8,1020.7,14.0,11.0,82,2.7,30.0,5.3,20.0,0.0
2023-01-27 00:00:00,1017.8,1020.7,14.4,10.9,79,2.5,30.0,4.5,20.0,0.0
2023-01-27 01:00:00,1018.2,1021.1,15.2,9.9,70,2.3,360.0,5.3,20.0,0.0
2023-01-27 02:00:00,1017.7,1020.6,15.8,9.6,66,3.4,360.0,5.9,10.0,0.0
2023-01-27 03:00:00,1017.2,1020.1,15.0,10.9,76,4.0,10.0,7.3,10.0,0.0
2023-01-27 04:00:00,1017.1,1020.0,14.5,9.8,73,4.8,20.0,8.0,30.0,0.0
2023-01-27 05:00:00,1017.5,1020.4,14.4,10.4,76,4.2,20.0,7.8,40.0,0.0
2023-01-27 06:00:00,1018.3,1021.1,14.5,10.6,77,5.3,10.0,8.9,10.0,0.0
2023-01-27 07:00:00,1018.9,1021.8,14.5,10.2,75,5.7,20.0,10.7,10.0,0.0
2023-01-27 08:00:00,1019.8,1022.6,15.4,10.6,73,6.1,20.0,12.0,10.0,0.0
2023-01-27 09:00:00,1020.2,1023.1,16.0,9.1,63,7.5,20.0,11.6,20.0,0.0
2023-01-27 10:00:00,1020.3,1023.2,16.3,8.4,59,7.0,20.0,12.2,10.0,0.0
2023-01-27 11:00:00,1019.6,1022.5,16.5,7.9,56,6.6,10.0,11.8,10.0,0.0
2023-01-27 12:00:00,1018.9,1021.9,16.6,7.1,53,7.5,360.0,12.3,20.0,0.0
2023-01-27 13:00:00,1017.9,1020.7,15.9,6.4,53,9.7,10.0,14.7,20.0,0.0
2023-01-27 14:00:00,1017.5,1020.4,15.9,5.5,50,7.9,10.0,15.2,360.0,0.0
2023-01-27 15:00:00,1017.4,1020.3,15.0,5.5,52,8.9,20.0,15.4,10.0,0.0
2023-01-27 16:00:00,1017.7,1020.6,13.8,4.0,51,8.7,20.0,14.8,350.0,0.0
2023-01-27 17:00:00,1018.5,1021.4,12.6,2.6,50,7.3,20.0,15.0,10.0,0.0
2023-01-27 18:00:00,1018.8,1021.7,11.4,2.7,55,7.1,20.0,14.2,30.0,0.0
2023-01-27 19:00:00,1019.1,1022.1,10.6,2.3,56,5.2,20.0,13.7,10.0,0.0
2023-01-27 20:00:00,1019.7,1022.6,10.3,2.2,57,5.7,20.0,11.5,10.0,0.0
2023-01-27 21:00:00,1019.9,1022.9,10.2,1.5,54,4.6,20.0,10.0,20.0,0.0
2023-01-27 22:00:00,1019.6,1022.5,10.5,0.9,51,5.4,10.0,9.2,10.0,0.0
2023-01-27 23:00:00,1019.6,1022.5,10.6,0.6,50,6.3,20.0,10.3,10.0,0.0
2023-01-28 00:00:00,1019.6,1022.5,10.3,0.5,50,5.5,20.0,10.3,10.0,0.0
2023-01-28 01:00:00,1019.4,1022.3,10.5,0.4,49,6.5,20.0,10.8,30.0,0.0
2023-01-28 02:00:00,1019.0,1021.9,10.4,0.5,50,5.7,20.0,10.6,360.0,0.0
2023-01-28 03:00:00,1018.7,1021.7,10.1,0.1,49,5.7,20.0,11.9,20.0,0.0
2023-01-28 04:00:00,1018.8,1021.7,9.4,-0.2,50,6.6,20.0,11.0,360.0,0.0
2023-01-28 05:00:00,1019.3,1022.2,9.1,0.0,52,5.9,20.0,10.9,360.0,0.0
2023-01-28 06:00:00,1019.8,1022.7,8.9,0.3,54,6.1,20.0,10.8,20.0,0.0
2023-01-28 07:00:00,1020.4,1023.3,8.8,-0.3,52,5.8,20.0,11.3,20.0,0.0
2023-01-28 08:00:00,1021.1,1024.1,9.3,-0.3,50,6.0,30.0,12.3,10.0,0.0
2023-01-28 09:00:00,1021.8,1024.8,9.9,-0.5,47,6.4,20.0,12.1,30.0,0.0
2023-01-28 10:00:00,1021.8,1024.7,10.7,0.1,48,6.8,30.0,13.0,10.0,0.0
2023-01-28 11:00:00,1021.0,1023.9,11.7,0.7,47,6.6,20.0,13.7,10.0,0.0
2023-01-28 12:00:00,1020.0,1023.0,12.6,1.6,46,5.7,40.0,12.5,10.0,0.0
2023-01-28 13:00:00,1019.0,1021.9,13.2,2.6,48,6.3,10.0,11.6,20.0,0.0
2023-01-28 14:00:00,1018.4,1021.4,13.3,3.0,49,7.1,10.0,12.4,10.0,0.0
2023-01-28 15:00:00,1018.0,1020.9,12.8,3.0,51,7.6,10.0,13.1,10.0,0.0
2023-01-28 16:00:00,1018.1,1021.1,12.5,2.6,50,7.6,20.0,12.6,10.0,0.0
2023-01-28 17:00:00,1018.7,1021.6,11.9,1.9,50,5.8,20.0,11.4,360.0,0.0
2023-01-28 18:00:00,1019.4,1022.3,10.6,1.7,54,6.2,10.0,9.4,20.0,0.0
2023-01-28 19:00:00,1020.0,1022.9,9.9,1.7,56,4.7,20.0,9.6,10.0,0.0
2023-01-28 20:00:00,1020.2,1023.1,9.6,1.6,57,4.7,20.0,8.4,10.0,0.0
2023-01-28 21:00:00,1020.4,1023.3,9.2,1.5,58,3.1,20.0,7.4,20.0,0.0
2023-01-28 22:00:00,1020.6,1023.5,9.2,1.5,58,3.6,20.0,6.9,30.0,0.0
2023-01-28 23:00:00,1020.4,1023.3,8.8,1.6,60,2.8,20.0,5.5,10.0,0.0
2023-01-29 00:00:00,1019.8,1022.8,8.7,1.9,62,3.0,20.0,4.9,10.0,0.0
2023-01-29 01:00:00,1019.4,1022.3,8.8,2.2,63,2.7,30.0,4.9,10.0,0.0
2023-01-29 02:00:00,1019.0,1021.9,8.7,2.4,64,1.9,30.0,5.0,30.0,0.0
2023-01-29 03:00:00,1018.5,1021.4,8.7,2.7,66,2.6,20.0,4.7,20.0,0.0
2023-01-29 04:00:00,1018.8,1021.7,9.4,3.0,64,2.2,20.0,4.5,40.0,0.0
2023-01-29 05:00:00,1018.8,1021.6,9.3,2.9,64,2.2,20.0,5.0,20.0,0.0
2023-01-29 06:00:00,1019.2,1022.1,9.0,3.0,66,2.2,20.0,4.3,40.0,0.0
2023-01-29 07:00:00,1019.5,1022.4,9.1,3.4,67,2.4,20.0,4.1,30.0,0.0
2023-01-29 08:00:00,1020.2,1023.1,10.8,4.3,64,2.3,30.0,4.1,30.0,0.0
2023-01-29 09:00:00,1020.8,1023.7,12.9,4.5,56,3.9,20.0,7.3,20.0,0.0
2023-01-29 10:00:00,1020.9,1023.8,15.0,5.1,51,3.4,20.0,7.0,30.0,0.0
2023-01-29 11:00:00,1020.2,1023.1,16.4,5.2,47,3.7,20.0,6.9,30.0,0.0
2023-01-29 12:00:00,1019.1,1022.1,18.1,5.5,43,3.2,30.0,5.9,360.0,0.0
2023-01-29 13:00:00,1018.3,1021.2,18.5,7.4,48,4.1,350.0,7.8,320.0,0.0
2023-01-29 14:00:00,1017.8,1020.7,17.4,8.2,54,6.5,10.0,10.7,10.0,0.0
2023-01-29 15:00:00,1017.9,1020.8,16.7,8.0,56,6.5,360.0,11.0,360.0,0.0
2023-01-29 16:00:00,1017.9,1020.8,15.9,7.8,58,6.2,10.0,10.8,20.0,0.0
2023-01-29 17:00:00,1018.6,1021.5,15.4,8.1,61,5.7,20.0,11.2,360.0,0.0
2023-01-29 18:00:00,1019.0,1022.0,14.3,8.2,66,5.1,10.0,9.3,10.0,0.0
2023-01-29 19:00:00,1019.3,1022.2,13.9,8.4,69,4.3,10.0,8.5,350.0,0.0
2023-01-29 20:00:00,1019.7,1022.6,13.5,8.5,71,3.6,10.0,7.4,20.0,0.0
2023-01-29 21:00:00,1020.1,1023.0,12.9,8.1,72,3.0,10.0,5.0,20.0,0.0
2023-01-29 22:00:00,1020.3,1023.2,12.4,7.6,72,2.8,10.0,5.0,20.0,0.0
2023-01-29 23:00:00,1020.1,1023.0,12.2,7.6,73,2.8,20.0,4.9,10.0,0.0
2023-01-30 00:00:00,1020.3,1023.2,11.7,7.1,73,2.6,20.0,4.8,360.0,0.0
2023-01-30 01:00:00,1020.0,1022.9,10.8,6.6,75,0.9,20.0,3.7,40.0,0.0
2023-01-30 02:00:00,1019.6,1022.5,10.0,6.3,77,0.7,80.0,1.2,360.0,0.0
2023-01-30 03:00:00,1019.2,1022.1,9.7,6.3,79,1.3,20.0,2.2,20.0,0.0
2023-01-30 04:00:00,1019.3,1022.2,9.7,6.3,79,1.6,20.0,3.8,20.0,0.0
2023-01-30 05:00:00,1019.8,1022.7,9.2,6.1,81,1.3,30.0,3.0,20.0,0.0
2023-01-30 06:00:00,1020.4,1023.3,9.5,6.2,79,2.0,20.0,3.4,10.0,0.0
2023-01-30 07:00:00,1021.0,1023.9,9.6,6.1,79,2.0,20.0,3.4,40.0,0.0
2023-01-30 08:00:00,1021.5,1024.4,11.2,6.6,73,2.5,20.0,4.6,20.0,0.0
2023-01-30 09:00:00,1022.0,1024.9,13.4,7.1,65,2.9,20.0,5.3,30.0,0.0
2023-01-30 10:00:00,1021.9,1024.8,15.4,7.7,60,3.0,20.0,4.8,360.0,0.0
2023-01-30 11:00:00,1021.1,1024.0,17.6,7.3,50,3.1,10.0,4.9,10.0,0.0
2023-01-30 12:00:00,1019.8,1022.8,19.0,7.5,47,2.9,20.0,5.4,10.0,0.0
2023-01-30 13:00:00,1018.2,1021.2,20.2,7.7,44,2.6,360.0,5.7,10.0,0.0
2023-01-30 14:00:00,1017.1,1020.0,20.7,7.9,43,3.3,360.0,6.5,10.0,0.0
2023-01-30 15:00:00,1017.0,1019.8,19.4,8.2,48,4.6,360.0,8.1,10.0,0.0
2023-01-30 16:00:00,1017.5,1020.5,17.8,8.4,54,5.7,10.0,8.5,10.0,0.0
2023-01-30 17:00:00,1017.8,1020.6,16.7,8.5,58,5.3,10.0,10.1,20.0,0.0
2023-01-30 18:00:00,1017.9,1020.8,15.4,8.6,64,3.5,10.0,8.6,360.0,0.0
2023-01-30 19:00:00,1018.2,1021.1,14.9,8.8,67,2.9,20.0,7.0,10.0,0.0
2023-01-30 20:00:00,1018.1,1021.1,14.2,8.9,70,1.5,10.0,4.8,20.0,0.0
2023-01-30 21:00:00,1017.9,1020.9,13.5,8.9,73,1.3,350.0,2.7,360.0,0.0
2023-01-30 22:00:00,1018.2,1021.1,13.2,8.7,74,1.4,20.0,2.9,20.0,0.0
2023-01-30 23:00:00,1018.1,1021.0,12.6,8.6,76,0.7,360.0,2.0,20.0,0.0
2023-01-31 00:00:00,1018.0,1020.9,11.8,8.0,77,0.9,70.0,1.2,10.0,0.0
2023-01-31 01:00:00,1017.6,1020.5,10.9,7.5,79,0.4,100.0,1.1,60.0,0.0
2023-01-31 02:00:00,1017.2,1020.1,10.3,7.0,79,0.4,280.0,1.5,310.0,0.0
2023-01-31 03:00:00,1017.0,1019.9,9.9,6.8,80,0.0,0.0,1.0,310.0,0.0
2023-01-31 04:00:00,1017.0,1019.9,10.2,7.3,82,1.0,50.0,1.4,40.0,0.0
2023-01-31 05:00:00,1017.3,1020.2,9.7,6.9,82,0.9,10.0,1.4,40.0,0.0
2023-01-31 06:00:00,1017.8,1020.7,9.2,6.7,84,0.3,70.0,1.5,10.0,0.0
2023-01-31 07:00:00,1017.8,1020.7,8.7,6.3,84,0.7,40.0,1.0,40.0,0.0
2023-01-31 08:00:00,1018.4,1021.4,11.2,8.5,83,1.2,40.0,1.9,30.0,0.0
2023-01-31 09:00:00,1018.5,1021.4,14.2,10.2,77,2.1,20.0,3.6,10.0,0.0
2023-01-31 10:00:00,1018.8,1021.7,16.2,11.1,72,2.1,280.0,4.7,360.0,0.0
2023-01-31 11:00:00,1017.9,1020.9,17.0,11.0,67,2.5,350.0,5.1,330.0,0.0
2023-01-31 12:00:00,1016.5,1019.4,18.3,11.0,62,1.5,280.0,4.5,330.0,0.0
2023-01-31 13:00:00,1015.1,1018.0,20.1,11.0,55,1.5,280.0,3.5,220.0,0.0
2023-01-31 14:00:00,1014.4,1017.3,19.3,11.2,59,3.4,310.0,5.5,280.0,0.0
2023-01-31 15:00:00,1014.3,1017.1,18.1,10.7,62,3.8,310.0,5.7,300.0,0.0
2023-01-31 16:00:00,1014.8,1017.7,17.2,10.3,64,3.6,330.0,5.8,340.0,0.0
2023-01-31 17:00:00,1015.2,1018.1,16.3,10.0,66,3.0,360.0,5.5,340.0,0.0
2023-01-31 18:00:00,1015.3,1018.3,15.1,10.0,71,2.1,20.0,4.5,10.0,0.0
2023-01-31 19:00:00,1015.4,1018.3,13.8,10.0,77,1.1,70.0,2.9,20.0,0.0
2023-01-31 20:00:00,1015.4,1018.3,13.4,10.1,80,0.7,40.0,1.5,70.0,0.0
2023-01-31 21:00:00,1015.3,1018.2,13.1,10.2,82,0.5,60.0,1.0,30.0,0.0
2023-01-31 22:00:00,1015.0,1017.9,12.4,9.7,83,0.9,80.0,1.7,80.0,0.0
2023-01-31 23:00:00,1015.0,1017.9,11.8,9.1,83,0.0,0.0,1.5,90.0,0.0
2023-02-01 00:00:00,1014.6,1017.5,11.5,8.4,81,0.6,50.0,1.0,70.0,0.0
2023-02-01 01:00:00,1014.4,1017.3,11.2,8.1,81,0.0,0.0,0.9,70.0,0.0
2023-02-01 02:00:00,1014.0,1016.9,11.8,8.5,80,0.5,70.0,1.2,50.0,0.0
2023-02-01 03:00:00,1013.9,1016.8,12.6,8.9,78,0.5,80.0,1.4,100.0,0.0
2023-02-01 04:00:00,1013.9,1016.8,12.6,8.8,77,0.9,60.0,1.3,50.0,0.0
2023-02-01 05:00:00,1014.0,1016.9,12.9,8.8,76,1.5,100.0,3.3,100.0,0.0
2023-02-01 06:00:00,1014.8,1017.7,12.8,8.5,75,0.8,100.0,2.8,110.0,0.0
2023-02-01 07:00:00,1015.3,1018.2,12.4,8.4,76,2.0,10.0,4.1,10.0,0.0
2023-02-01 08:00:00,1016.1,1019.0,15.0,8.6,65,1.5,30.0,3.0,10.0,0.0
2023-02-01 09:00:00,1016.4,1019.3,17.5,9.3,58,2.2,40.0,3.9,60.0,0.0
2023-02-01 10:00:00,1016.4,1019.3,20.7,9.1,47,1.7,40.0,3.9,10.0,0.0
2023-02-01 11:00:00,1015.7,1018.6,23.3,7.4,36,2.9,30.0,5.4,40.0,0.0
2023-02-01 12:00:00,1014.7,1017.6,25.6,8.1,33,2.8,360.0,5.2,10.0,0.0
2023-02-01 13:00:00,1013.6,1016.5,26.1,9.5,35,1.8,30.0,4.5,10.0,0.0
2023-02-01 14:00:00,1012.8,1015.7,26.0,10.9,38,3.3,310.0,6.1,330.0,0.0
2023-02-01 15:00:00,1012.5,1015.4,25.4,10.9,40,3.3,340.0,5.8,310.0,0.0
2023-02-01 16:00:00,1012.8,1015.7,23.8,10.4,42,3.5,360.0,5.8,330.0,0.0
2023-02-01 17:00:00,1013.2,1016.1,22.7,10.6,46,3.1,360.0,5.9,10.0,0.0
2023-02-01 18:00:00,1013.7,1016.6,19.9,10.6,54,4.0,10.0,6.3,20.0,0.0
2023-02-01 19:00:00,1014.0,1016.9,19.2,10.7,57,3.0,20.0,7.1,20.0,0.0
2023-02-01 20:00:00,1014.4,1017.3,18.7,10.9,60,1.4,10.0,4.1,20.0,0.0
2023-02-01 21:00:00,1014.5,1017.4,18.1,11.0,63,1.7,10.0,3.0,10.0,0.0
2023-02-01 22:00:00,1014.9,1017.8,17.6,11.2,66,0.9,350.0,2.0,10.0,0.0
2023-02-01 23:00:00,1015.1,1018.0,17.7,11.6,67,1.7,20.0,2.7,350.0,0.0
2023-02-02 00:00:00,1015.1,1018.0,17.7,11.9,68,1.1,350.0,3.4,30.0,0.0
2023-02-02 01:00:00,1015.3,1018.2,16.9,11.8,72,0.7,320.0,2.1,40.0,0.0
2023-02-02 02:00:00,1015.1,1018.0,17.0,12.1,73,1.1,350.0,1.7,10.0,0.0
2023-02-02 03:00:00,1015.2,1018.0,17.1,12.4,73,3.9,10.0,6.7,10.0,0.0
2023-02-02 04:00:00,1014.9,1017.9,16.6,13.3,80,4.2,10.0,7.0,10.0,0.0
2023-02-02 05:00:00,1015.5,1018.4,16.3,13.4,82,4.0,10.0,7.0,30.0,0.0
2023-02-02 06:00:00,1016.5,1019.3,16.2,13.3,83,5.0,20.0,7.8,10.0,0.0
2023-02-02 07:00:00,1017.3,1020.2,16.2,13.4,83,4.4,10.0,8.6,20.0,0.0
2023-02-02 08:00:00,1017.9,1020.8,16.6,13.5,81,5.1,20.0,8.1,20.0,0.0
2023-02-02 09:00:00,1018.3,1021.2,17.8,13.8,77,4.8,20.0,9.2,20.0,0.0
2023-02-02 10:00:00,1018.2,1021.1,19.2,13.9,71,5.5,20.0,8.7,20.0,0.0
2023-02-02 11:00:00,1017.7,1020.6,20.0,13.9,68,6.5,10.0,10.9,30.0,0.0
2023-02-02 12:00:00,1016.8,1019.8,20.1,13.5,65,7.0,20.0,10.9,10.0,0.0
2023-02-02 13:00:00,1015.9,1018.8,19.9,13.4,66,7.2,10.0,10.9,360.0,0.0
2023-02-02 14:00:00,1015.0,1017.9,20.0,13.3,65,6.7,10.0,10.8,10.0,0.0
2023-02-02 15:00:00,1014.6,1017.5,19.4,13.0,66,7.0,10.0,11.5,350.0,0.0
2023-02-02 16:00:00,1014.9,1017.7,18.7,12.7,68,7.0,360.0,12.0,360.0,0.0
2023-02-02 17:00:00,1015.2,1018.1,18.0,12.4,69,6.2,10.0,10.9,10.0,0.0
2023-02-02 18:00:00,1015.4,1018.3,16.9,12.2,73,4.2,10.0,9.9,10.0,0.0
2023-02-02 19:00:00,1015.8,1018.7,16.5,12.3,76,4.8,10.0,8.9,10.0,0.0
2023-02-02 20:00:00,1016.2,1019.1,16.1,12.2,77,5.3,20.0,8.7,10.0,0.0
2023-02-02 21:00:00,1016.4,1019.3,15.9,12.3,78,4.2,20.0,8.2,20.0,0.0
2023-02-02 22:00:00,1016.6,1019.5,15.8,12.2,79,3.8,20.0,8.0,20.0,0.0
2023-02-02 23:00:00,1016.6,1019.5,15.7,12.2,79,3.6,10.0,6.7,10.0,0.0
2023-02-03 00:00:00,1016.6,1019.5,15.6,12.2,80,3.0,20.0,5.8,10.0,0.0
2023-02-03 01:00:00,1016.4,1019.3,15.6,12.4,81,2.7,20.0,5.2,10.0,0.0
2023-02-03 02:00:00,1016.2,1019.1,15.8,12.5,80,3.1,10.0,5.4,30.0,0.0
2023-02-03 03:00:00,1016.0,1019.0,15.9,12.6,80,2.9,10.0,4.9,30.0,0.0
2023-02-03 04:00:00,1015.9,1018.8,15.9,12.7,81,3.9,10.0,6.3,10.0,0.0
2023-02-03 05:00:00,1016.3,1019.1,15.7,12.5,81,3.8,10.0,6.3,20.0,0.0
2023-02-03 06:00:00,1016.8,1019.6,15.6,12.3,81,3.7,20.0,6.8,20.0,0.0
2023-02-03 07:00:00,1017.2,1020.1,15.4,12.1,80,3.7,10.0,6.0,10.0,0.0
2023-02-03 08:00:00,1017.7,1020.6,15.8,12.2,79,4.6,20.0,7.4,10.0,0.0
2023-02-03 09:00:00,1018.2,1021.1,16.6,12.3,76,4.3,20.0,6.9,10.0,0.0
2023-02-03 10:00:00,1018.1,1021.0,17.8,12.9,72,3.8,360.0,6.3,30.0,0.0
2023-02-03 11:00:00,1017.4,1020.3,18.9,13.5,70,4.1,10.0,6.8,20.0,0.0
2023-02-03 12:00:00,1016.9,1019.8,19.3,13.3,68,5.2,360.0,8.1,10.0,0.0
2023-02-03 13:00:00,1015.9,1018.9,18.5,12.8,69,6.3,10.0,9.7,10.0,0.0
2023-02-03 14:00:00,1015.2,1018.2,18.9,12.9,68,5.7,360.0,10.1,10.0,0.0
2023-02-03 15:00:00,1014.9,1017.9,18.5,12.9,69,6.1,10.0,9.3,10.0,0.0
2023-02-03 16:00:00,1014.7,1017.6,17.6,12.5,72,5.8,10.0,10.0,20.0,0.0
2023-02-03 17:00:00,1014.3,1017.2,17.0,12.6,75,5.6,20.0,9.7,10.0,0.0
2023-02-03 18:00:00,1014.3,1017.3,16.8,12.9,77,3.8,10.0,8.9,360.0,0.0
2023-02-03 19:00:00,1015.0,1017.9,16.5,12.9,79,4.5,20.0,8.5,20.0,0.0
2023-02-03 20:00:00,1015.4,1018.3,16.6,13.2,80,3.9,10.0,7.1,10.0,0.0
2023-02-03 21:00:00,1015.9,1018.8,16.7,13.3,80,3.7,10.0,6.6,10.0,0.0
2023-02-03 22:00:00,1016.2,1019.1,16.7,13.4,81,3.3,20.0,7.1,20.0,0.0
2023-02-03 23:00:00,1016.3,1019.2,16.5,13.4,81,3.4,10.0,6.3,20.0,0.0
2023-02-04 00:00:00,1016.5,1019.4,16.4,13.4,82,3.2,10.0,5.6,20.0,0.0
2023-02-04 01:00:00,1016.2,1019.1,16.1,13.2,82,2.3,20.0,4.6,360.0,0.0
2023-02-04 02:00:00,1015.7,1018.7,16.0,13.3,83,2.6,10.0,4.3,10.0,0.0
2023-02-04 03:00:00,1015.0,1017.9,15.6,13.0,84,2.7,10.0,4.8,10.0,0.0
2023-02-04 04:00:00,1014.7,1017.7,15.5,13.0,85,3.6,10.0,5.7,10.0,0.0
2023-02-04 05:00:00,1015.2,1018.1,15.9,13.4,85,4.5,10.0,7.6,10.0,0.0
2023-02-04 06:00:00,1015.3,1018.2,15.9,13.3,84,2.6,40.0,7.8,10.0,0.0
2023-02-04 07:00:00,1015.7,1018.5,15.8,13.3,84,2.4,10.0,4.1,60.0,0.0
2023-02-04 08:00:00,1016.2,1019.1,16.7,13.9,83,3.6,360.0,5.8,350.0,0.0
2023-02-04 09:00:00,1016.4,1019.3,17.5,14.1,80,3.8,20.0,7.1,30.0,0.0
2023-02-04 10:00:00,1016.6,1019.6,19.2,14.6,74,3.3,360.0,6.1,360.0,0.0
2023-02-04 11:00:00,1016.4,1019.4,20.3,14.8,70,4.9,360.0,9.0,10.0,0.0
2023-02-04 12:00:00,1015.5,1018.4,20.3,14.3,68,4.9,360.0,8.7,20.0,0.0
2023-02-04 13:00:00,1014.6,1017.5,20.3,14.6,69,4.9,360.0,8.1,10.0,0.0
2023-02-04 14:00:00,1014.0,1017.0,19.7,13.9,69,6.2,10.0,9.7,360.0,0.0
2023-02-04 15:00:00,1013.5,1016.4,18.5,13.8,74,5.8,360.0,9.2,10.0,0.0
2023-02-04 16:00:00,1013.3,1016.2,18.1,14.1,77,5.5,10.0,9.6,10.0,0.0
2023-02-04 17:00:00,1013.6,1016.5,17.2,13.9,80,6.0,10.0,10.4,360.0,0.0
2023-02-04 18:00:00,1014.1,1016.9,16.7,13.9,83,5.6,20.0,10.7,360.0,0.0
2023-02-04 19:00:00,1014.2,1017.1,16.5,13.9,84,5.2,10.0,9.1,360.0,0.0
2023-02-04 20:00:00,1014.7,1017.6,16.6,14.1,85,5.1,10.0,8.8,10.0,0.0
2023-02-04 21:00:00,1014.7,1017.6,16.4,14.0,85,4.0,10.0,9.0,10.0,0.0
2023-02-04 22:00:00,1015.0,1017.8,16.5,14.1,85,3.6,360.0,7.2,10.0,0.0
2023-02-04 23:00:00,1014.8,1017.7,16.7,14.3,85,2.8,20.0,6.4,20.0,0.0
2023-02-05 00:00:00,1014.9,1017.8,16.6,14.2,85,3.5,20.0,6.3,30.0,0.0
2023-02-05 01:00:00,1015.2,1018.1,16.7,14.3,85,3.2,10.0,5.5,360.0,0.0
2023-02-05 02:00:00,1014.8,1017.7,16.5,14.1,85,3.6,10.0,5.7,10.0,0.0
2023-02-05 03:00:00,1014.5,1017.4,16.5,14.1,86,2.9,10.0,5.5,10.0,0.0
2023-02-05 04:00:00,1014.1,1017.0,16.2,13.8,85,4.4,10.0,6.1,30.0,0.0
2023-02-05 05:00:00,1014.5,1017.4,16.1,13.8,86,3.7,10.0,7.3,20.0,0.0
2023-02-05 06:00:00,1014.9,1017.8,16.1,13.8,86,2.4,30.0,5.8,10.0,0.0
2023-02-05 07:00:00,1015.2,1018.1,15.9,13.6,86,3.1,20.0,5.6,360.0,0.0
2023-02-05 08:00:00,1015.4,1018.2,16.2,13.9,86,3.6,20.0,6.5,10.0,0.0
2023-02-05 09:00:00,1015.8,1018.7,16.6,14.2,85,2.9,360.0,6.5,10.0,0.0
2023-02-05 10:00:00,1015.6,1018.5,17.2,14.4,83,3.4,340.0,6.6,320.0,0.0
2023-02-05 11:00:00,1014.8,1017.7,17.2,14.2,82,4.8,20.0,7.5,10.0,0.0
2023-02-05 12:00:00,1013.7,1016.6,18.5,14.5,77,3.9,20.0,8.2,20.0,0.0
2023-02-05 13:00:00,1012.7,1015.6,19.1,14.6,75,4.2,360.0,6.7,10.0,0.0
2023-02-05 14:00:00,1012.6,1015.6,17.7,14.2,79,5.6,10.0,9.1,20.0,0.0
2023-02-05 15:00:00,1012.5,1015.4,16.7,13.9,83,5.3,10.0,9.7,20.0,0.0
2023-02-05 16:00:00,1012.5,1015.4,16.0,13.4,84,6.5,10.0,10.6,10.0,0.0
2023-02-05 17:00:00,1012.9,1015.9,15.8,13.3,85,5.1,10.0,9.8,10.0,0.0
2023-02-05 18:00:00,1013.5,1016.4,15.8,13.3,84,4.8,20.0,8.4,20.0,0.0
2023-02-05 19:00:00,1013.6,1016.6,15.8,13.3,85,3.6,20.0,8.3,10.0,0.0
2023-02-05 20:00:00,1014.2,1017.2,15.8,13.2,84,2.8,10.0,6.2,10.0,0.0
2023-02-05 21:00:00,1014.3,1017.2,16.0,13.4,84,2.8,360.0,4.9,20.0,0.0
2023-02-05 22:00:00,1014.1,1017.0,16.1,13.6,85,2.8,10.0,4.9,10.0,0.0
2023-02-05 23:00:00,1014.3,1017.2,16.3,13.9,85,2.8,10.0,5.3,30.0,0.0
2023-02-06 00:00:00,1014.0,1016.9,16.1,13.7,85,3.8,10.0,6.1,30.0,0.0
2023-02-06 01:00:00,1014.0,1017.0,15.5,13.2,86,4.2,10.0,6.9,360.0,0.0
2023-02-06 02:00:00,1013.7,1016.6,15.3,13.0,86,2.9,10.0,8.0,20.0,0.0
2023-02-06 03:00:00,1013.4,1016.3,15.0,12.7,85,2.8,10.0,6.2,360.0,0.0
2023-02-06 04:00:00,1013.2,1016.2,15.0,12.7,86,2.6,30.0,6.0,10.0,0.0
2023-02-06 05:00:00,1012.9,1015.8,15.6,13.2,85,1.5,30.0,4.2,20.0,0.0
2023-02-06 06:00:00,1013.1,1016.0,15.8,13.3,85,2.1,350.0,4.4,300.0,0.0
2023-02-06 07:00:00,1013.3,1016.2,16.0,13.6,86,2.0,360.0,4.0,350.0,0.0
2023-02-06 08:00:00,1014.2,1017.0,16.5,14.4,87,2.2,350.0,4.4,10.0,1.0
2023-02-06 09:00:00,1014.9,1017.8,17.0,15.0,88,2.5,50.0,6.2,10.0,3.0
2023-02-06 10:00:00,1015.3,1018.2,17.4,15.5,88,2.3,70.0,5.7,90.0,1.0
2023-02-06 11:00:00,1014.0,1016.9,18.6,16.8,89,2.2,120.0,5.1,120.0,1.5
2023-02-06 12:00:00,1012.5,1015.5,20.0,17.5,85,4.1,80.0,6.7,120.0,0.0
2023-02-06 13:00:00,1011.4,1014.3,21.6,17.4,76,2.5,50.0,6.2,100.0,0.0
2023-02-06 14:00:00,1010.6,1013.6,21.6,16.9,74,3.6,320.0,5.4,320.0,0.0
2023-02-06 15:00:00,1009.7,1012.6,20.0,16.6,80,3.2,340.0,5.4,330.0,0.0
2023-02-06 16:00:00,1009.8,1012.6,19.2,15.8,80,3.2,330.0,4.8,340.0,0.0
2023-02-06 17:00:00,1010.4,1013.2,18.4,15.3,82,2.0,350.0,4.7,340.0,0.0
2023-02-06 18:00:00,1010.6,1013.5,18.0,15.0,82,2.4,350.0,4.5,10.0,0.0
2023-02-06 19:00:00,1010.9,1013.8,17.4,14.7,84,2.1,10.0,4.5,10.0,0.0
2023-02-06 20:00:00,1011.4,1014.3,17.5,14.9,84,1.6,360.0,3.4,10.0,0.0
2023-02-06 21:00:00,1011.2,1014.1,17.7,15.1,85,1.3,50.0,2.4,30.0,0.0
2023-02-06 22:00:00,1011.5,1014.4,17.7,15.2,85,1.5,320.0,2.1,340.0,0.0
2023-02-06 23:00:00,1012.4,1015.3,17.7,15.3,85,1.7,290.0,3.1,310.0,0.0
2023-02-07 00:00:00,1012.4,1015.4,17.7,15.4,86,2.1,10.0,3.9,290.0,0.0
2023-02-07 01:00:00,1012.6,1015.5,17.6,15.4,87,0.8,70.0,2.5,40.0,0.0
2023-02-07 02:00:00,1012.3,1015.2,17.7,15.6,87,0.9,20.0,1.8,40.0,0.0
2023-02-07 03:00:00,1012.1,1015.0,17.7,15.6,87,1.5,350.0,2.5,10.0,0.0
2023-02-07 04:00:00,1012.1,1015.0,17.3,15.2,87,1.3,40.0,3.2,350.0,0.0
2023-02-07 05:00:00,1012.3,1015.3,17.1,15.1,88,2.2,20.0,4.3,20.0,0.0
2023-02-07 06:00:00,1012.9,1015.7,16.6,14.7,88,2.4,20.0,5.1,10.0,0.0
2023-02-07 07:00:00,1013.3,1016.2,16.8,15.0,89,3.0,10.0,6.0,20.0,0.0
2023-02-07 08:00:00,1014.1,1017.0,16.9,15.1,89,3.1,10.0,6.0,10.0,0.0
2023-02-07 09:00:00,1014.7,1017.6,17.2,15.5,89,3.7,20.0,6.3,20.0,0.0
2023-02-07 10:00:00,1014.8,1017.7,18.2,16.2,88,3.0,10.0,6.5,20.0,0.0
2023-02-07 11:00:00,1014.6,1017.5,20.2,17.2,83,3.3,350.0,5.5,10.0,0.0
2023-02-07 12:00:00,1014.0,1016.9,21.6,17.4,77,3.5,340.0,5.6,320.0,0.0
2023-02-07 13:00:00,1013.2,1016.1,19.8,16.2,79,4.5,350.0,7.4,350.0,0.0
2023-02-07 14:00:00,1012.5,1015.4,20.3,16.2,77,4.7,360.0,7.5,10.0,0.0
2023-02-07 15:00:00,1012.1,1015.0,19.5,15.4,77,5.5,10.0,8.5,20.0,0.0
2023-02-07 16:00:00,1012.1,1015.0,19.5,15.8,79,4.1,360.0,8.8,30.0,0.0
2023-02-07 17:00:00,1012.3,1015.2,18.8,15.3,79,4.0,10.0,6.7,360.0,0.0
2023-02-07 18:00:00,1012.8,1015.6,18.2,15.0,81,3.2,10.0,5.8,360.0,0.0
2023-02-07 19:00:00,1013.5,1016.4,17.5,14.8,84,4.2,10.0,7.3,20.0,0.0
2023-02-07 20:00:00,1014.2,1017.1,17.4,15.0,85,4.4,10.0,7.5,10.0,0.0
2023-02-07 21:00:00,1014.7,1017.6,17.2,14.9,86,3.9,20.0,8.0,30.0,0.0
2023-02-07 22:00:00,1014.9,1017.8,17.1,14.9,86,3.3,10.0,6.2,360.0,0.0
2023-02-07 23:00:00,1014.9,1017.8,17.0,14.8,86,2.3,10.0,5.5,30.0,0.0
2023-02-08 00:00:00,1014.9,1017.8,16.9,14.7,86,2.7,10.0,5.0,10.0,0.0
2023-02-08 01:00:00,1015.0,1017.9,17.2,15.0,86,2.2,20.0,4.3,20.0,0.0
2023-02-08 02:00:00,1014.7,1017.6,17.4,15.1,86,3.3,10.0,5.1,10.0,0.0
2023-02-08 03:00:00,1014.4,1017.3,17.3,15.1,86,2.3,20.0,6.5,20.0,0.0
2023-02-08 04:00:00,1014.3,1017.2,17.2,14.9,86,3.1,20.0,5.3,360.0,0.0
2023-02-08 05:00:00,1014.4,1017.3,17.2,14.9,86,3.9,10.0,6.9,20.0,0.0
2023-02-08 06:00:00,1014.9,1017.8,17.0,14.7,86,3.4,10.0,7.5,10.0,0.0
2023-02-08 07:00:00,1015.7,1018.6,16.7,14.4,86,4.2,10.0,7.3,10.0,0.0
2023-02-08 08:00:00,1016.2,1019.1,16.9,14.6,86,3.7,20.0,7.0,10.0,0.0
2023-02-08 09:00:00,1017.0,1019.9,17.3,14.9,85,3.7,10.0,7.2,360.0,0.0
2023-02-08 10:00:00,1016.6,1019.5,17.9,15.2,84,3.4,20.0,7.4,20.0,0.0
2023-02-08 11:00:00,1016.3,1019.2,18.3,15.4,83,3.7,10.0,6.1,10.0,0.0
2023-02-08 12:00:00,1015.6,1018.5,19.1,15.6,80,4.5,10.0,6.5,360.0,0.0
2023-02-08 13:00:00,1014.6,1017.5,20.2,15.9,76,4.1,10.0,7.5,10.0,0.0
2023-02-08 14:00:00,1013.6,1016.5,20.1,15.4,74,4.7,10.0,7.3,360.0,0.0
2023-02-08 15:00:00,1013.1,1016.0,19.7,15.2,75,5.7,10.0,8.7,10.0,0.0
2023-02-08 16:00:00,1013.1,1016.0,18.6,14.8,78,5.7,10.0,10.5,360.0,0.0
2023-02-08 17:00:00,1013.7,1016.6,17.2,14.3,83,5.0,10.0,10.3,20.0,0.0
2023-02-08 18:00:00,1014.2,1017.1,16.5,14.1,85,5.4,20.0,10.2,20.0,0.0
2023-02-08 19:00:00,1014.8,1017.7,16.4,14.1,86,4.9,10.0,8.7,20.0,0.0
2023-02-08 20:00:00,1015.3,1018.2,16.5,14.4,87,4.7,10.0,8.4,30.0,0.0
2023-02-08 21:00:00,1016.0,1019.0,16.5,14.4,87,4.9,10.0,8.1,10.0,0.0
2023-02-08 22:00:00,1016.3,1019.2,16.2,14.2,87,4.3,20.0,9.8,360.0,0.0
2023-02-08 23:00:00,1016.4,1019.3,16.1,14.1,87,4.8,20.0,7.9,10.0,0.0
2023-02-09 00:00:00,1016.4,1019.3,16.1,14.1,87,4.4,20.0,8.5,10.0,0.0
2023-02-09 01:00:00,1016.3,1019.2,16.2,14.2,87,3.9,30.0,7.3,20.0,0.0
2023-02-09 02:00:00,1015.6,1018.5,15.7,13.7,87,4.6,10.0,8.0,10.0,0.0
2023-02-09 03:00:00,1015.1,1018.1,15.4,13.3,87,4.2,10.0,7.5,10.0,0.0
2023-02-09 04:00:00,1014.9,1017.8,15.4,13.3,87,3.6,10.0,6.5,30.0,0.0
2023-02-09 05:00:00,1014.8,1017.7,15.4,13.2,86,2.9,20.0,5.8,10.0,0.0
2023-02-09 06:00:00,1015.2,1018.1,15.5,13.3,87,3.3,20.0,5.2,30.0,0.0
2023-02-09 07:00:00,1015.5,1018.4,15.6,13.5,87,2.5,20.0,4.8,20.0,0.0
2023-02-09 08:00:00,1016.0,1018.9,15.7,13.6,87,2.6,30.0,4.5,30.0,0.0
2023-02-09 09:00:00,1015.9,1018.9,16.0,13.8,87,2.3,50.0,4.4,40.0,0.0
2023-02-09 10:00:00,1015.4,1018.3,17.2,14.9,86,1.4,60.0,4.0,80.0,0.0
2023-02-09 11:00:00,1015.6,1018.6,18.1,15.3,83,2.7,320.0,4.6,300.0,0.0
2023-02-09 12:00:00,1015.3,1018.2,19.0,15.3,79,3.4,310.0,6.4,290.0,0.0
2023-02-09 13:00:00,1014.8,1017.7,17.5,14.4,82,4.5,360.0,8.0,320.0,0.0
2023-02-09 14:00:00,1013.9,1016.8,16.9,14.1,83,4.1,360.0,7.6,20.0,0.0
2023-02-09 15:00:00,1013.2,1016.1,17.9,14.6,81,2.6,350.0,6.1,20.0,0.0
