,StnPres,SeaPres,StnPresMax,StnPresMaxTime,StnPresMin,StnPresMinTime,Tx,TxMaxAbs,TxMaxAbsTime,TxMinAbs,TxMinAbsTime,Td,RH,RHMin,RHMinTime,WS,WD,WSGust,WDGust,WGustTime,Precp,PrecpMax10,PrecpMax10Time,PrecpHrMax,PrecpHrMaxTime,SunShine,GloblRad,EvapA,TxSoil0cm,TxSoil5cm,TxSoil10cm,TxSoil20cm,TxSoil50cm,TxSoil100cm
2024-01-01,1016.4,1018.2,1018.1,2024-01-01 10:06:00,1013.9,2024-01-01 04:17:00,21.1,22.5,2024-01-01 11:48:00,20.0,2024-01-01 18:52:00,13.6,62,57,2024-01-01 11:53:00,13.8,70.0,26.0,60.0,2024-01-01 07:42:00,0.0,0.0,2024-01-01 00:01:00,0.0,2024-01-01 00:01:00,7.5,10.79,,,,,,,
2024-01-02,1015.5,1017.4,1017.2,2024-01-02 00:11:00,1013.3,2024-01-02 15:20:00,22.1,24.6,2024-01-02 11:46:00,20.3,2024-01-02 00:01:00,13.6,58,47,2024-01-02 11:14:00,8.8,70.0,21.3,50.0,2024-01-02 00:22:00,0.0,0.0,2024-01-02 00:01:00,0.0,2024-01-02 00:01:00,7.3,10.84,,,,,,,
2024-01-03,1015.1,1016.9,1016.8,2024-01-03 22:17:00,1013.6,2024-01-03 14:07:00,21.4,25.8,2024-01-03 14:24:00,17.3,2024-01-03 06:33:00,15.8,70,55,2024-01-03 14:13:00,5.8,60.0,25.4,50.0,2024-01-03 21:13:00,0.0,0.0,2024-01-03 00:01:00,0.0,2024-01-03 00:01:00,8.4,16.71,,,,,,,
2024-01-04,1017.0,1018.9,1019.0,2024-01-04 20:59:00,1014.1,2024-01-04 03:07:00,20.0,22.5,2024-01-04 14:16:00,18.1,2024-01-04 05:09:00,11.3,57,48,2024-01-04 12:21:00,11.5,60.0,24.7,50.0,2024-01-04 02:35:00,0.0,0.0,2024-01-04 00:01:00,0.0,2024-01-04 00:01:00,8.3,16.18,,,,,,,
2024-01-05,1017.8,1019.7,1019.4,2024-01-05 09:09:00,1016.1,2024-01-05 14:30:00,21.4,25.0,2024-01-05 13:08:00,18.3,2024-01-05 07:09:00,12.7,57,47,2024-01-05 11:34:00,5.1,70.0,14.7,50.0,2024-01-05 00:59:00,0.0,0.0,2024-01-05 00:01:00,0.0,2024-01-05 00:01:00,9.2,16.41,,,,,,,
2024-01-06,1017.7,1019.6,1019.6,2024-01-06 09:08:00,1015.7,2024-01-06 14:32:00,21.7,25.3,2024-01-06 15:02:00,17.4,2024-01-06 02:51:00,14.1,63,44,2024-01-06 12:51:00,2.5,60.0,9.6,50.0,2024-01-06 22:33:00,0.0,0.0,2024-01-06 00:01:00,0.0,2024-01-06 00:01:00,8.9,17.04,,,,,,,
2024-01-07,1018.2,1020.0,1021.1,2024-01-07 10:00:00,1016.4,2024-01-07 15:20:00,21.6,23.4,2024-01-07 09:40:00,20.3,2024-01-07 23:13:00,14.1,62,55,2024-01-07 09:55:00,9.0,60.0,25.4,80.0,2024-01-07 20:54:00,0.0,0.0,2024-01-07 00:01:00,0.0,2024-01-07 00:01:00,8.2,9.53,,,,,,,
2024-01-08,1016.3,1018.2,1018.6,2024-01-08 09:38:00,1014.7,2024-01-08 13:31:00,22.1,24.7,2024-01-08 12:11:00,20.2,2024-01-08 00:49:00,13.8,59,48,2024-01-08 12:12:00,8.9,70.0,23.8,50.0,2024-01-08 04:42:00,0.0,0.0,2024-01-08 00:01:00,0.0,2024-01-08 00:01:00,7.5,11.67,,,,,,,
2024-01-09,1013.8,1015.7,1016.1,2024-01-09 00:09:00,1011.4,2024-01-09 15:42:00,22.4,25.0,2024-01-09 15:00:00,20.4,2024-01-09 06:13:00,16.8,70,62,2024-01-09 15:12:00,3.4,70.0,10.8,70.0,2024-01-09 21:55:00,1.0,0.5,2024-01-09 09:56:00,1.0,2024-01-09 09:47:00,6.2,6.6,,,,,,,
2024-01-10,1014.5,1016.4,1016.4,2024-01-10 23:01:00,1012.8,2024-01-10 02:42:00,21.0,24.8,2024-01-10 10:40:00,18.0,2024-01-10 06:52:00,15.5,71,59,2024-01-10 10:13:00,6.5,70.0,22.9,50.0,2024-01-10 23:40:00,0.0,0.0,2024-01-10 00:01:00,0.0,2024-01-10 00:01:00,9.0,13.19,,,,,,,
2024-01-11,1016.9,1018.8,1018.3,2024-01-11 09:23:00,1015.1,2024-01-11 01:29:00,19.2,22.2,2024-01-11 13:11:00,17.6,2024-01-11 06:16:00,11.0,59,45,2024-01-11 12:51:00,10.1,70.0,22.9,50.0,2024-01-11 04:24:00,0.0,0.0,2024-01-11 00:01:00,0.0,2024-01-11 00:01:00,7.8,15.04,,,,,,,
2024-01-12,1016.6,1018.5,1017.9,2024-01-12 09:23:00,1015.1,2024-01-12 15:13:00,20.7,24.1,2024-01-12 13:16:00,17.5,2024-01-12 06:38:00,12.4,59,47,2024-01-12 10:47:00,6.5,70.0,13.0,70.0,2024-01-12 00:05:00,0.0,0.0,2024-01-12 00:01:00,0.0,2024-01-12 00:01:00,9.3,16.14,,,,,,,
2024-01-13,1017.7,1019.6,1019.2,2024-01-13 21:31:00,1016.0,2024-01-13 02:29:00,21.0,23.3,2024-01-13 11:42:00,19.7,2024-01-13 03:20:00,13.9,63,55,2024-01-13 11:16:00,8.7,70.0,19.1,60.0,2024-01-13 23:03:00,0.0,0.0,2024-01-13 00:01:00,0.0,2024-01-13 00:01:00,7.6,16.95,,,,,,,
2024-01-14,1018.8,1020.7,1020.4,2024-01-14 09:57:00,1017.7,2024-01-14 03:28:00,22.1,25.3,2024-01-14 13:48:00,20.3,2024-01-14 04:02:00,13.3,57,43,2024-01-14 13:49:00,7.4,70.0,19.3,50.0,2024-01-14 09:25:00,0.0,0.0,2024-01-14 00:01:00,0.0,2024-01-14 00:01:00,8.9,16.31,,,,,,,
2024-01-15,1018.6,1020.5,1020.4,2024-01-15 09:22:00,1016.7,2024-01-15 14:34:00,22.2,25.4,2024-01-15 11:33:00,19.5,2024-01-15 05:28:00,14.3,61,48,2024-01-15 13:19:00,6.6,80.0,20.1,60.0,2024-01-15 13:16:00,0.0,0.0,2024-01-15 00:01:00,0.0,2024-01-15 00:01:00,8.1,18.29,,,,,,,
2024-01-16,1019.4,1021.4,1021.2,2024-01-16 09:47:00,1018.5,2024-01-16 04:14:00,20.1,22.4,2024-01-16 11:49:00,18.9,2024-01-16 04:08:00,14.7,71,61,2024-01-16 10:29:00,6.9,60.0,21.1,50.0,2024-01-16 11:26:00,0.0,0.0,2024-01-16 00:01:00,0.0,2024-01-16 00:01:00,7.6,12.58,,,,,,,
2024-01-17,1018.3,1020.2,1020.2,2024-01-17 09:34:00,1015.9,2024-01-17 16:05:00,21.5,24.4,2024-01-17 13:49:00,18.2,2024-01-17 03:10:00,14.1,63,50,2024-01-17 23:59:00,7.9,70.0,18.7,60.0,2024-01-17 22:01:00,0.0,0.0,2024-01-17 00:01:00,0.0,2024-01-17 00:01:00,8.4,15.03,,,,,,,
2024-01-18,1015.6,1017.5,1017.9,2024-01-18 09:38:00,1013.1,2024-01-18 14:58:00,23.3,25.7,2024-01-18 13:20:00,20.6,2024-01-18 05:43:00,14.4,58,42,2024-01-18 09:19:00,6.9,70.0,14.9,60.0,2024-01-18 01:36:00,0.0,0.0,2024-01-18 00:01:00,0.0,2024-01-18 00:01:00,8.1,14.11,,,,,,,
2024-01-19,1013.8,1015.7,1015.9,2024-01-19 00:22:00,1012.2,2024-01-19 15:26:00,24.1,26.6,2024-01-19 14:09:00,22.1,2024-01-19 00:01:00,17.3,65,55,2024-01-19 14:34:00,8.0,70.0,17.1,50.0,2024-01-19 20:40:00,0.0,0.0,2024-01-19 00:01:00,0.0,2024-01-19 00:01:00,7.9,11.7,,,,,,,
2024-01-20,1013.3,1015.2,1014.9,2024-01-20 09:31:00,1011.8,2024-01-20 15:03:00,24.4,28.1,2024-01-20 14:37:00,22.4,2024-01-20 02:31:00,18.4,69,56,2024-01-20 10:14:00,3.2,70.0,11.8,70.0,2024-01-20 02:43:00,0.0,0.0,2024-01-20 00:01:00,0.0,2024-01-20 00:01:00,9.4,13.0,,,,,,,
2024-01-21,1015.9,1017.8,1017.9,2024-01-21 23:51:00,1013.9,2024-01-21 03:22:00,22.1,23.5,2024-01-21 12:33:00,20.4,2024-01-21 20:14:00,15.7,67,59,2024-01-21 13:42:00,11.4,70.0,24.3,50.0,2024-01-21 21:46:00,0.0,0.0,2024-01-21 00:01:00,0.0,2024-01-21 00:01:00,9.2,18.52,,,,,,,
2024-01-22,1017.2,1019.1,1019.1,2024-01-22 08:52:00,1015.2,2024-01-22 15:05:00,21.2,24.4,2024-01-22 12:13:00,19.0,2024-01-22 23:55:00,12.9,59,49,2024-01-22 10:36:00,11.9,70.0,25.3,50.0,2024-01-22 22:51:00,0.0,0.0,2024-01-22 00:01:00,0.0,2024-01-22 00:01:00,9.4,18.71,,,,,,,
2024-01-23,1021.3,1023.3,1023.6,2024-01-23 09:35:00,1017.4,2024-01-23 00:13:00,17.5,19.1,2024-01-23 00:03:00,16.6,2024-01-23 10:13:00,9.7,60,55,2024-01-23 14:52:00,10.1,70.0,25.0,50.0,2024-01-23 00:30:00,0.0,0.0,2024-01-23 00:01:00,0.0,2024-01-23 00:01:00,6.4,7.43,,,,,,,
2024-01-24,1022.9,1024.8,1024.8,2024-01-24 09:23:00,1021.7,2024-01-24 04:57:00,17.4,19.8,2024-01-24 14:03:00,15.7,2024-01-24 05:57:00,8.7,56,49,2024-01-24 12:01:00,10.6,70.0,23.4,50.0,2024-01-24 10:32:00,0.0,0.0,2024-01-24 00:01:00,0.0,2024-01-24 00:01:00,8.1,16.2,,,,,,,
2024-01-25,1023.6,1025.6,1025.5,2024-01-25 08:20:00,1022.1,2024-01-25 03:46:00,19.3,21.8,2024-01-25 11:12:00,17.7,2024-01-25 00:02:00,11.1,59,52,2024-01-25 11:12:00,6.2,60.0,16.5,60.0,2024-01-25 00:26:00,0.0,0.0,2024-01-25 00:01:00,0.0,2024-01-25 00:01:00,8.2,11.09,,,,,,,
2024-01-26,1023.2,1025.1,1025.1,2024-01-26 09:19:00,1021.4,2024-01-26 18:33:00,19.6,22.1,2024-01-26 10:00:00,16.3,2024-01-26 04:01:00,12.7,64,55,2024-01-26 09:34:00,3.2,60.0,15.0,50.0,2024-01-26 20:32:00,0.0,0.0,2024-01-26 00:01:00,0.0,2024-01-26 00:01:00,7.6,10.74,,,,,,,
2024-01-27,1021.8,1023.7,1023.7,2024-01-27 10:40:00,1019.8,2024-01-27 16:33:00,20.8,23.0,2024-01-27 09:50:00,18.8,2024-01-27 03:33:00,14.0,65,55,2024-01-27 09:46:00,5.1,60.0,15.5,70.0,2024-01-27 23:32:00,0.0,0.0,2024-01-27 00:01:00,0.0,2024-01-27 00:01:00,7.4,9.78,,,,,,,
2024-01-28,1021.1,1023.0,1022.8,2024-01-28 09:09:00,1019.3,2024-01-28 15:54:00,20.4,22.5,2024-01-28 11:23:00,19.3,2024-01-28 21:01:00,13.4,64,58,2024-01-28 12:32:00,11.8,70.0,24.3,50.0,2024-01-28 23:57:00,0.0,0.0,2024-01-28 00:01:00,0.0,2024-01-28 00:01:00,8.8,16.17,,,,,,,
2024-01-29,1020.3,1022.2,1022.5,2024-01-29 08:35:00,1018.0,2024-01-29 15:52:00,21.4,24.2,2024-01-29 13:21:00,19.9,2024-01-29 00:01:00,15.0,67,56,2024-01-29 12:37:00,9.0,70.0,24.8,80.0,2024-01-29 11:20:00,0.0,0.0,2024-01-29 00:01:00,0.0,2024-01-29 00:01:00,9.1,18.41,,,,,,,
2024-01-30,1019.4,1021.2,1021.1,2024-01-30 09:24:00,1017.4,2024-01-30 14:40:00,23.5,27.0,2024-01-30 13:48:00,20.3,2024-01-30 00:10:00,17.5,69,50,2024-01-30 13:52:00,5.2,100.0,11.7,140.0,2024-01-30 13:50:00,0.0,0.0,2024-01-30 00:01:00,0.0,2024-01-30 00:01:00,8.5,18.16,,,,,,,
2024-01-31,1018.3,1020.1,1020.6,2024-01-31 09:15:00,1016.5,2024-01-31 15:46:00,24.2,26.7,2024-01-31 14:08:00,22.7,2024-01-31 03:26:00,18.1,69,55,2024-01-31 14:10:00,6.1,90.0,14.9,90.0,2024-01-31 11:05:00,0.0,0.0,2024-01-31 00:01:00,0.0,2024-01-31 00:01:00,9.2,16.56,,,,,,,
2024-02-01,1017.0,1018.9,1018.7,2024-02-01 09:34:00,1015.1,2024-02-01 15:05:00,24.4,27.3,2024-02-01 13:41:00,22.3,2024-02-01 05:24:00,18.2,68,53,2024-02-01 12:50:00,5.4,90.0,11.9,60.0,2024-02-01 19:53:00,0.0,0.0,2024-02-01 00:01:00,0.0,2024-02-01 00:01:00,9.2,17.43,,,,,,,
2024-02-02,1016.7,1018.5,1018.4,2024-02-02 10:09:00,1015.2,2024-02-02 04:12:00,24.8,28.4,2024-02-02 14:36:00,22.2,2024-02-02 02:28:00,18.4,67,46,2024-02-02 14:36:00,5.8,70.0,15.2,70.0,2024-02-02 22:03:00,0.0,0.0,2024-02-02 00:01:00,0.0,2024-02-02 00:01:00,9.5,19.33,,,,,,,
2024-02-03,1016.7,1018.6,1018.3,2024-02-03 09:20:00,1015.4,2024-02-03 23:56:00,24.6,27.1,2024-02-03 11:42:00,23.6,2024-02-03 02:36:00,18.5,68,58,2024-02-03 11:14:00,7.3,80.0,15.3,60.0,2024-02-03 07:55:00,0.0,0.0,2024-02-03 00:01:00,0.0,2024-02-03 00:01:00,8.3,13.07,,,,,,,
2024-02-04,1015.4,1017.2,1016.8,2024-02-04 09:11:00,1013.2,2024-02-04 14:23:00,25.1,26.8,2024-02-04 15:16:00,24.0,2024-02-04 23:58:00,19.5,71,65,2024-02-04 07:47:00,6.3,80.0,16.9,80.0,2024-02-04 09:39:00,0.0,0.0,2024-02-04 00:01:00,0.0,2024-02-04 00:01:00,8.3,10.75,,,,,,,
2024-02-05,1015.9,1017.8,1017.6,2024-02-05 21:42:00,1013.7,2024-02-05 14:55:00,24.1,27.5,2024-02-05 10:44:00,21.9,2024-02-06 00:00:00,19.4,75,65,2024-02-05 10:46:00,7.9,70.0,23.6,60.0,2024-02-05 23:15:00,0.0,0.0,2024-02-05 00:01:00,0.0,2024-02-05 00:01:00,8.9,18.99,,,,,,,
2024-02-06,1017.0,1018.9,1019.0,2024-02-06 10:04:00,1015.4,2024-02-06 16:50:00,23.4,26.2,2024-02-06 14:27:00,21.8,2024-02-06 02:32:00,16.8,66,54,2024-02-06 11:52:00,9.8,70.0,24.1,50.0,2024-02-06 00:04:00,0.0,0.0,2024-02-06 00:01:00,0.0,2024-02-06 00:01:00,9.5,17.12,,,,,,,
2024-02-07,1014.0,1015.8,1016.5,2024-02-07 00:40:00,1011.0,2024-02-07 15:48:00,23.5,25.9,2024-02-07 14:27:00,21.2,2024-02-07 06:48:00,18.2,72,65,2024-02-07 15:44:00,3.4,50.0,19.5,60.0,2024-02-07 23:29:00,0.0,0.0,2024-02-07 00:01:00,0.0,2024-02-07 00:01:00,8.7,13.56,,,,,,,
2024-02-08,1014.1,1016.0,1015.8,2024-02-08 21:56:00,1012.0,2024-02-08 02:50:00,21.5,23.8,2024-02-08 12:48:00,20.3,2024-02-08 03:04:00,14.6,64,54,2024-02-08 12:56:00,8.2,60.0,17.3,60.0,2024-02-08 00:07:00,0.0,0.0,2024-02-08 00:01:00,0.0,2024-02-08 00:01:00,7.2,8.8,,,,,,,
2024-02-09,1018.3,1020.2,1021.1,2024-02-09 23:57:00,1015.6,2024-02-09 00:01:00,20.9,23.9,2024-02-09 11:13:00,19.4,2024-02-09 21:06:00,14.9,68,59,2024-02-09 11:14:00,5.0,60.0,17.3,50.0,2024-02-09 22:10:00,0.0,0.0,2024-02-09 00:01:00,0.0,2024-02-09 00:01:00,5.4,9.43,,,,,,,
2024-02-10,1021.4,1023.3,1023.2,2024-02-10 10:08:00,1019.8,2024-02-10 04:49:00,19.1,21.6,2024-02-10 11:02:00,17.4,2024-02-10 03:48:00,13.1,68,59,2024-02-10 11:04:00,7.1,60.0,20.4,50.0,2024-02-10 20:16:00,0.0,0.0,2024-02-10 00:01:00,0.0,2024-02-10 00:01:00,6.9,10.08,,,,,,,
2024-02-11,1023.3,1025.3,1025.1,2024-02-11 09:52:00,1021.1,2024-02-11 03:04:00,19.9,22.4,2024-02-11 12:41:00,18.7,2024-02-11 00:15:00,10.1,53,47,2024-02-11 13:13:00,11.2,70.0,21.9,50.0,2024-02-11 09:42:00,0.0,0.0,2024-02-11 00:01:00,0.0,2024-02-11 00:01:00,8.8,18.22,,,,,,,
2024-02-12,1023.9,1025.8,1025.5,2024-02-12 09:55:00,1022.6,2024-02-12 15:28:00,20.2,22.4,2024-02-12 13:51:00,18.5,2024-02-12 05:05:00,10.0,51,45,2024-02-12 14:32:00,8.6,70.0,19.6,70.0,2024-02-12 11:38:00,0.0,0.0,2024-02-12 00:01:00,0.0,2024-02-12 00:01:00,8.5,20.4,,,,,,,
2024-02-13,1021.4,1023.3,1023.8,2024-02-13 00:09:00,1019.4,2024-02-13 15:40:00,21.6,24.5,2024-02-13 13:46:00,19.4,2024-02-13 01:54:00,11.5,53,43,2024-02-13 16:23:00,8.6,70.0,17.9,70.0,2024-02-13 10:22:00,0.0,0.0,2024-02-13 00:01:00,0.0,2024-02-13 00:01:00,9.7,21.2,,,,,,,
2024-02-14,1018.2,1020.1,1020.3,2024-02-14 09:36:00,1016.2,2024-02-14 16:31:00,23.3,27.2,2024-02-14 12:19:00,19.4,2024-02-14 05:09:00,14.3,57,46,2024-02-14 12:22:00,6.8,70.0,15.7,50.0,2024-02-14 19:08:00,0.0,0.0,2024-02-14 00:01:00,0.0,2024-02-14 00:01:00,9.7,21.01,,,,,,,
2024-02-15,1016.9,1018.8,1018.7,2024-02-15 08:44:00,1014.9,2024-02-15 16:08:00,24.1,26.9,2024-02-15 13:26:00,21.6,2024-02-16 00:00:00,17.5,66,47,2024-02-15 12:14:00,2.8,40.0,13.6,70.0,2024-02-15 01:20:00,0.0,0.0,2024-02-15 00:01:00,0.0,2024-02-15 00:01:00,9.7,20.77,,,,,,,
2024-02-16,1017.4,1019.3,1019.3,2024-02-16 09:10:00,1016.3,2024-02-16 03:30:00,22.5,25.7,2024-02-16 11:58:00,20.9,2024-02-16 01:48:00,17.3,72,57,2024-02-16 12:45:00,4.0,70.0,14.2,50.0,2024-02-16 21:26:00,0.0,0.0,2024-02-16 00:01:00,0.0,2024-02-16 00:01:00,7.8,14.42,,,,,,,
2024-02-17,1016.0,1017.9,1017.8,2024-02-17 10:13:00,1014.3,2024-02-17 15:03:00,22.7,25.8,2024-02-17 16:06:00,20.2,2024-02-17 05:51:00,16.8,69,58,2024-02-17 15:20:00,3.1,70.0,12.3,80.0,2024-02-17 22:08:00,0.0,0.0,2024-02-17 00:01:00,0.0,2024-02-17 00:01:00,9.3,12.78,,,,,,,
2024-02-18,1015.4,1017.3,1017.0,2024-02-18 10:52:00,1013.9,2024-02-18 15:05:00,24.6,27.6,2024-02-18 12:55:00,22.4,2024-02-18 03:16:00,19.0,71,59,2024-02-18 12:56:00,5.2,90.0,14.0,50.0,2024-02-18 09:19:00,0.0,0.0,2024-02-18 00:01:00,0.0,2024-02-18 00:01:00,9.2,19.51,,,,,,,
2024-02-19,1015.3,1017.1,1017.0,2024-02-19 09:10:00,1013.9,2024-02-19 15:23:00,25.5,29.6,2024-02-19 15:01:00,22.7,2024-02-19 05:21:00,20.6,74,57,2024-02-19 10:47:00,3.1,140.0,8.0,250.0,2024-02-19 13:36:00,0.0,0.0,2024-02-19 00:01:00,0.0,2024-02-19 00:01:00,9.6,19.83,,,,,,,
2024-02-20,1015.3,1017.2,1017.2,2024-02-20 09:53:00,1013.5,2024-02-20 15:28:00,25.7,29.2,2024-02-20 13:18:00,23.2,2024-02-20 05:34:00,20.3,72,56,2024-02-20 13:27:00,4.2,100.0,11.2,60.0,2024-02-20 22:06:00,0.0,0.0,2024-02-20 00:01:00,0.0,2024-02-20 00:01:00,8.8,16.49,,,,,,,
2024-02-21,1015.0,1016.8,1016.8,2024-02-21 09:30:00,1012.8,2024-02-21 15:52:00,25.8,29.0,2024-02-21 13:07:00,23.6,2024-02-21 23:49:00,19.6,69,52,2024-02-21 14:18:00,5.7,100.0,15.0,130.0,2024-02-21 13:17:00,0.0,0.0,2024-02-21 00:01:00,0.0,2024-02-21 00:01:00,9.5,22.07,,,,,,,
2024-02-22,1016.0,1017.9,1017.5,2024-02-22 10:26:00,1014.1,2024-02-22 04:00:00,25.7,29.4,2024-02-22 13:35:00,23.1,2024-02-22 03:07:00,19.6,69,50,2024-02-22 12:31:00,4.2,100.0,11.5,110.0,2024-02-22 09:31:00,0.0,0.0,2024-02-22 00:01:00,0.0,2024-02-22 00:01:00,9.6,22.33,,,,,,,
2024-02-23,1017.1,1019.0,1018.4,2024-02-23 10:01:00,1015.9,2024-02-23 04:05:00,23.0,24.5,2024-02-23 14:25:00,21.7,2024-02-23 22:54:00,17.6,71,63,2024-02-23 13:58:00,10.2,70.0,23.6,40.0,2024-02-23 21:14:00,0.0,0.0,2024-02-23 00:01:00,0.0,2024-02-23 00:01:00,9.5,21.82,,,,,,,
2024-02-24,1017.8,1019.7,1019.0,2024-02-24 10:13:00,1016.6,2024-02-24 03:08:00,23.3,26.6,2024-02-24 12:50:00,21.3,2024-02-24 05:06:00,16.8,67,56,2024-02-24 12:40:00,8.3,70.0,20.9,50.0,2024-02-24 08:55:00,0.0,0.0,2024-02-24 00:01:00,0.0,2024-02-24 00:01:00,9.2,20.43,,,,,,,
2024-02-25,1017.3,1019.2,1019.2,2024-02-25 08:59:00,1015.8,2024-02-25 12:57:00,22.3,25.2,2024-02-25 13:13:00,20.2,2024-02-26 00:00:00,16.7,71,61,2024-02-25 13:13:00,8.0,70.0,21.2,70.0,2024-02-25 22:22:00,0.0,0.0,2024-02-25 00:01:00,0.0,2024-02-25 00:01:00,8.7,19.29,,,,,,,
2024-02-26,1017.9,1019.8,1020.3,2024-02-26 10:01:00,1016.6,2024-02-26 02:01:00,20.9,23.9,2024-02-26 13:24:00,19.4,2024-02-26 06:29:00,14.7,67,56,2024-02-26 13:25:00,9.9,70.0,22.9,50.0,2024-02-26 07:23:00,0.0,0.0,2024-02-26 00:01:00,0.0,2024-02-26 00:01:00,8.4,17.43,,,,,,,
2024-02-27,1017.9,1019.8,1020.1,2024-02-27 09:35:00,1016.8,2024-02-27 02:51:00,21.5,24.5,2024-02-27 14:00:00,20.0,2024-02-27 00:03:00,14.9,66,54,2024-02-27 14:01:00,8.2,70.0,17.1,60.0,2024-02-27 23:37:00,0.0,0.0,2024-02-27 00:01:00,0.0,2024-02-27 00:01:00,9.4,14.82,,,,,,,
2024-02-28,1016.2,1018.1,1018.2,2024-02-28 07:33:00,1014.2,2024-02-28 15:41:00,23.0,26.2,2024-02-28 12:35:00,20.4,2024-02-28 00:01:00,16.0,65,52,2024-02-28 12:05:00,8.3,70.0,17.7,70.0,2024-02-28 00:49:00,0.0,0.0,2024-02-28 00:01:00,0.0,2024-02-28 00:01:00,9.6,22.39,,,,,,,
2024-02-29,1014.7,1016.6,1016.5,2024-02-29 09:07:00,1012.5,2024-02-29 16:19:00,25.0,29.0,2024-02-29 13:58:00,21.9,2024-02-29 23:20:00,18.5,67,48,2024-02-29 13:58:00,3.6,110.0,12.0,50.0,2024-02-29 00:07:00,0.0,0.0,2024-02-29 00:01:00,0.0,2024-02-29 00:01:00,10.2,20.24,,,,,,,
2024-03-01,1015.3,1017.2,1017.7,2024-03-01 22:57:00,1013.1,2024-03-01 04:14:00,20.9,24.4,2024-03-01 01:17:00,18.9,2024-03-01 23:53:00,15.4,71,66,2024-03-01 23:40:00,10.1,70.0,21.9,50.0,2024-03-01 07:41:00,0.0,0.0,2024-03-01 00:01:00,0.0,2024-03-01 00:01:00,8.3,10.65,,,,,,,
2024-03-02,1016.7,1018.7,1018.5,2024-03-02 09:36:00,1015.3,2024-03-02 03:38:00,19.6,22.3,2024-03-02 12:26:00,18.1,2024-03-02 06:33:00,11.9,61,49,2024-03-02 12:20:00,9.0,70.0,20.8,50.0,2024-03-02 06:40:00,0.0,0.0,2024-03-02 00:01:00,0.0,2024-03-02 00:01:00,9.0,14.89,,,,,,,
2024-03-03,1015.7,1017.6,1018.3,2024-03-03 09:54:00,1013.8,2024-03-03 19:26:00,21.3,24.6,2024-03-03 11:04:00,18.9,2024-03-03 02:31:00,14.4,64,51,2024-03-03 11:07:00,5.7,70.0,16.8,60.0,2024-03-03 21:39:00,0.0,0.0,2024-03-03 00:01:00,0.0,2024-03-03 00:01:00,9.3,21.04,,,,,,,
2024-03-04,1012.6,1014.5,1015.0,2024-03-04 07:05:00,1009.5,2024-03-04 16:54:00,24.0,27.4,2024-03-04 13:10:00,19.2,2024-03-04 06:09:00,16.8,64,50,2024-03-04 09:16:00,5.3,90.0,16.4,90.0,2024-03-04 01:11:00,0.0,0.0,2024-03-04 00:01:00,0.0,2024-03-04 00:01:00,9.9,20.12,,,,,,,
2024-03-05,1009.6,1011.5,1012.1,2024-03-05 08:20:00,1007.2,2024-03-05 16:29:00,26.0,28.2,2024-03-05 15:00:00,23.3,2024-03-05 05:00:00,22.0,78,69,2024-03-05 15:16:00,3.0,270.0,8.5,300.0,2024-03-05 23:03:00,0.0,0.0,2024-03-05 00:01:00,0.0,2024-03-05 00:01:00,9.7,21.67,,,,,,,
2024-03-06,1009.5,1011.3,1011.7,2024-03-06 21:37:00,1006.9,2024-03-06 03:23:00,25.5,28.8,2024-03-06 11:55:00,21.5,2024-03-06 23:49:00,20.0,71,60,2024-03-06 11:50:00,5.6,20.0,19.1,90.0,2024-03-06 22:47:00,0.0,0.0,2024-03-06 00:01:00,0.0,2024-03-06 00:01:00,9.6,21.33,,,,,,,
2024-03-07,1012.8,1014.7,1014.7,2024-03-07 22:06:00,1010.5,2024-03-07 03:25:00,21.1,22.2,2024-03-07 10:49:00,20.3,2024-03-07 06:22:00,15.0,68,62,2024-03-07 09:44:00,10.6,70.0,20.7,50.0,2024-03-07 09:01:00,0.0,0.0,2024-03-07 00:01:00,0.0,2024-03-07 00:01:00,7.4,7.97,,,,,,,
2024-03-08,1015.2,1017.1,1017.9,2024-03-08 23:47:00,1013.3,2024-03-08 03:52:00,19.5,21.2,2024-03-08 00:01:00,17.6,2024-03-08 22:29:00,12.8,65,59,2024-03-08 15:09:00,12.6,70.0,24.4,50.0,2024-03-08 11:24:00,0.0,0.0,2024-03-08 00:01:00,0.0,2024-03-08 00:01:00,8.1,14.18,,,,,,,
2024-03-09,1017.5,1019.4,1019.8,2024-03-09 09:55:00,1015.9,2024-03-09 18:46:00,18.5,21.1,2024-03-09 13:44:00,17.0,2024-03-09 05:54:00,9.9,57,47,2024-03-09 13:12:00,12.3,70.0,23.6,60.0,2024-03-09 06:25:00,0.0,0.0,2024-03-09 00:01:00,0.0,2024-03-09 00:01:00,6.7,13.78,,,,,,,
2024-03-10,1019.3,1021.2,1022.2,2024-03-10 09:35:00,1017.4,2024-03-10 15:09:00,20.2,22.3,2024-03-10 13:49:00,17.4,2024-03-10 00:54:00,12.0,59,49,2024-03-10 12:15:00,10.2,70.0,21.9,50.0,2024-03-10 02:54:00,0.0,0.0,2024-03-10 00:01:00,0.0,2024-03-10 00:01:00,9.1,11.99,,,,,,,
2024-03-11,1015.4,1017.2,1019.7,2024-03-11 00:37:00,1012.6,2024-03-11 17:25:00,23.6,27.2,2024-03-11 12:25:00,20.5,2024-03-11 01:04:00,16.0,63,50,2024-03-11 12:25:00,6.0,70.0,18.5,50.0,2024-03-11 07:12:00,0.0,0.0,2024-03-11 00:01:00,0.0,2024-03-11 00:01:00,7.5,15.98,,,,,,,
2024-03-12,1015.1,1017.0,1017.5,2024-03-12 23:20:00,1011.5,2024-03-12 02:55:00,21.7,23.4,2024-03-12 12:21:00,20.3,2024-03-12 07:28:00,14.6,64,51,2024-03-12 23:24:00,8.5,60.0,23.0,50.0,2024-03-12 11:47:00,0.0,0.0,2024-03-12 00:01:00,0.0,2024-03-12 00:01:00,9.3,23.91,,,,,,,
2024-03-13,1017.4,1019.3,1019.1,2024-03-13 10:51:00,1016.0,2024-03-13 15:36:00,21.3,23.9,2024-03-13 13:35:00,19.9,2024-03-13 05:35:00,11.7,54,45,2024-03-13 13:48:00,11.1,70.0,23.2,70.0,2024-03-13 09:15:00,0.0,0.0,2024-03-13 00:01:00,0.0,2024-03-13 00:01:00,9.7,23.31,,,,,,,
2024-03-14,1016.3,1018.2,1018.8,2024-03-14 09:38:00,1013.8,2024-03-14 16:16:00,21.8,24.2,2024-03-14 13:51:00,20.1,2024-03-14 03:39:00,14.1,61,53,2024-03-14 10:48:00,8.7,70.0,17.4,50.0,2024-03-14 01:11:00,0.0,0.0,2024-03-14 00:01:00,0.0,2024-03-14 00:01:00,9.4,15.16,,,,,,,
2024-03-15,1016.2,1018.1,1017.8,2024-03-15 08:53:00,1014.4,2024-03-15 14:46:00,23.0,26.1,2024-03-15 12:13:00,21.4,2024-03-15 02:32:00,15.0,60,49,2024-03-15 13:04:00,10.5,70.0,18.2,60.0,2024-03-15 05:25:00,0.0,0.0,2024-03-15 00:01:00,0.0,2024-03-15 00:01:00,9.8,19.94,,,,,,,
2024-03-16,1016.2,1018.1,1018.5,2024-03-16 09:04:00,1014.2,2024-03-16 15:20:00,25.1,29.4,2024-03-16 13:33:00,22.5,2024-03-16 03:49:00,16.1,57,44,2024-03-16 10:47:00,6.0,70.0,16.8,70.0,2024-03-16 00:03:00,0.0,0.0,2024-03-16 00:01:00,0.0,2024-03-16 00:01:00,10.0,22.29,,,,,,,
2024-03-17,1014.9,1016.7,1017.3,2024-03-17 08:34:00,1012.7,2024-03-17 16:48:00,24.6,27.5,2024-03-17 14:43:00,20.8,2024-03-17 06:27:00,18.8,70,54,2024-03-17 09:52:00,1.7,200.0,6.5,280.0,2024-03-17 11:59:00,0.0,0.0,2024-03-17 00:01:00,0.0,2024-03-17 00:01:00,9.0,14.79,,,,,,,
2024-03-18,1014.1,1016.0,1016.7,2024-03-18 10:09:00,1011.9,2024-03-18 17:12:00,23.5,26.4,2024-03-18 14:01:00,21.9,2024-03-18 07:22:00,18.7,74,60,2024-03-18 14:49:00,5.8,80.0,17.7,70.0,2024-03-18 17:26:00,1.5,1.0,2024-03-18 07:10:00,1.5,2024-03-18 06:28:00,9.5,18.55,,,,,,,
2024-03-19,1015.6,1017.5,1017.8,2024-03-19 23:17:00,1013.8,2024-03-19 14:38:00,22.5,26.9,2024-03-19 12:41:00,19.8,2024-03-19 23:53:00,17.5,73,60,2024-03-19 12:44:00,5.5,70.0,20.7,70.0,2024-03-19 22:11:00,0.0,0.0,2024-03-19 00:01:00,0.0,2024-03-19 00:01:00,8.6,17.01,,,,,,,
2024-03-20,1018.6,1020.5,1020.6,2024-03-20 21:22:00,1016.3,2024-03-20 02:00:00,19.9,22.1,2024-03-20 13:44:00,18.5,2024-03-20 22:12:00,10.5,55,39,2024-03-20 14:17:00,14.1,70.0,28.4,60.0,2024-03-20 09:33:00,0.0,0.0,2024-03-20 00:01:00,0.0,2024-03-20 00:01:00,9.9,22.24,,,,,,,
2024-03-21,1016.4,1018.3,1019.3,2024-03-21 00:05:00,1013.7,2024-03-21 16:22:00,20.4,23.3,2024-03-21 13:00:00,18.2,2024-03-21 02:14:00,10.2,52,44,2024-03-21 11:30:00,9.5,70.0,19.7,60.0,2024-03-21 00:10:00,0.0,0.0,2024-03-21 00:01:00,0.0,2024-03-21 00:01:00,10.4,24.85,,,,,,,
2024-03-22,1013.0,1014.9,1015.4,2024-03-22 08:51:00,1011.0,2024-03-22 15:57:00,23.5,26.8,2024-03-22 12:35:00,19.9,2024-03-22 00:07:00,15.9,62,51,2024-03-22 12:36:00,7.9,80.0,15.4,60.0,2024-03-22 05:25:00,0.0,0.0,2024-03-22 00:01:00,0.0,2024-03-22 00:01:00,10.2,23.03,,,,,,,
2024-03-23,1013.5,1015.3,1015.2,2024-03-23 09:13:00,1011.5,2024-03-23 03:58:00,26.2,29.2,2024-03-23 11:37:00,23.8,2024-03-23 00:05:00,21.0,73,62,2024-03-23 10:32:00,4.0,130.0,11.1,160.0,2024-03-23 11:26:00,0.0,0.0,2024-03-23 00:01:00,0.0,2024-03-23 00:01:00,9.9,16.88,,,,,,,
2024-03-24,1014.8,1016.6,1016.9,2024-03-24 09:02:00,1012.7,2024-03-24 16:36:00,27.3,31.5,2024-03-24 14:00:00,24.3,2024-03-24 02:31:00,21.7,72,54,2024-03-24 14:01:00,3.9,120.0,9.9,130.0,2024-03-24 10:01:00,0.0,0.0,2024-03-24 00:01:00,0.0,2024-03-24 00:01:00,10.1,22.99,,,,,,,
2024-03-25,1013.6,1015.5,1015.5,2024-03-25 08:44:00,1011.6,2024-03-25 16:31:00,27.6,30.9,2024-03-25 12:14:00,25.3,2024-03-25 04:52:00,21.8,71,51,2024-03-25 12:08:00,3.2,140.0,10.3,120.0,2024-03-25 09:30:00,0.0,0.0,2024-03-25 00:01:00,0.0,2024-03-25 00:01:00,10.1,22.89,,,,,,,
2024-03-26,1015.3,1017.1,1017.3,2024-03-26 21:46:00,1012.9,2024-03-26 02:39:00,26.3,30.0,2024-03-26 13:47:00,22.5,2024-03-26 23:59:00,20.8,72,58,2024-03-26 13:47:00,5.7,60.0,25.0,50.0,2024-03-26 23:21:00,0.0,0.0,2024-03-26 00:01:00,0.0,2024-03-26 00:01:00,10.0,24.39,,,,,,,
2024-03-27,1016.3,1018.2,1018.1,2024-03-27 09:44:00,1014.7,2024-03-27 17:20:00,24.5,28.6,2024-03-27 12:53:00,22.0,2024-03-27 06:19:00,17.5,65,50,2024-03-27 11:18:00,9.7,70.0,20.5,70.0,2024-03-27 00:02:00,0.0,0.0,2024-03-27 00:01:00,0.0,2024-03-27 00:01:00,10.2,25.0,,,,,,,
2024-03-28,1011.6,1013.4,1014.9,2024-03-28 00:01:00,1009.5,2024-03-28 17:23:00,26.4,30.1,2024-03-28 10:53:00,24.3,2024-03-28 00:39:00,21.2,73,61,2024-03-28 10:54:00,3.9,40.0,15.4,60.0,2024-03-28 01:57:00,0.0,0.0,2024-03-28 00:01:00,0.0,2024-03-28 00:01:00,9.0,16.77,,,,,,,
2024-03-29,1012.3,1014.1,1014.3,2024-03-29 22:05:00,1010.3,2024-03-29 04:57:00,25.9,28.1,2024-03-29 15:14:00,24.1,2024-03-29 22:42:00,20.8,73,64,2024-03-29 15:15:00,4.1,30.0,14.4,60.0,2024-03-29 23:18:00,0.0,0.0,2024-03-29 00:01:00,0.0,2024-03-29 00:01:00,9.8,18.04,,,,,,,
2024-03-30,1013.3,1015.2,1015.8,2024-03-30 09:00:00,1011.7,2024-03-30 16:16:00,26.1,29.6,2024-03-30 12:49:00,22.5,2024-03-30 05:21:00,20.5,71,57,2024-03-30 11:23:00,2.0,230.0,10.9,70.0,2024-03-30 00:21:00,0.0,0.0,2024-03-30 00:01:00,0.0,2024-03-30 00:01:00,9.3,20.07,,,,,,,
2024-03-31,1011.2,1013.1,1012.9,2024-03-31 09:01:00,1009.0,2024-03-31 17:57:00,26.7,29.4,2024-03-31 14:44:00,22.5,2024-03-31 03:18:00,22.4,77,64,2024-03-31 13:35:00,2.6,290.0,9.3,310.0,2024-03-31 16:24:00,0.0,0.0,2024-03-31 00:01:00,0.0,2024-03-31 00:01:00,9.9,24.33,,,,,,,
2024-04-01,1010.9,1012.8,1013.2,2024-04-01 08:27:00,1009.4,2024-04-01 16:06:00,26.3,28.8,2024-04-01 13:39:00,24.1,2024-04-01 22:30:00,19.8,67,57,2024-04-01 13:40:00,6.2,80.0,17.2,80.0,2024-04-01 10:36:00,0.0,0.0,2024-04-01 00:01:00,0.0,2024-04-01 00:01:00,10.0,24.13,,,,,,,
2024-04-02,1010.4,1012.2,1012.4,2024-04-02 08:51:00,1009.0,2024-04-02 03:02:00,27.5,31.5,2024-04-02 13:14:00,22.8,2024-04-02 05:02:00,20.6,66,54,2024-04-02 12:46:00,3.6,130.0,10.5,180.0,2024-04-02 13:14:00,0.0,0.0,2024-04-02 00:01:00,0.0,2024-04-02 00:01:00,10.4,21.73,,,,,,,
2024-04-03,1010.6,1012.4,1013.3,2024-04-03 09:13:00,1008.5,2024-04-03 15:52:00,27.6,29.8,2024-04-03 12:05:00,24.8,2024-04-03 01:29:00,23.2,77,63,2024-04-03 12:05:00,3.6,290.0,8.7,300.0,2024-04-03 07:43:00,0.0,0.0,2024-04-03 00:01:00,0.0,2024-04-03 00:01:00,10.3,25.77,,,,,,,
2024-04-04,1011.1,1012.9,1013.4,2024-04-04 22:29:00,1009.0,2024-04-04 15:44:00,27.2,29.8,2024-04-04 15:11:00,23.4,2024-04-04 06:18:00,21.0,68,56,2024-04-04 09:08:00,2.2,290.0,9.8,300.0,2024-04-04 01:05:00,0.0,0.0,2024-04-04 00:01:00,0.0,2024-04-04 00:01:00,10.8,26.37,,,,,,,
2024-04-05,1011.3,1013.2,1013.2,2024-04-05 23:56:00,1009.3,2024-04-05 14:41:00,27.4,31.9,2024-04-05 11:49:00,22.8,2024-04-05 03:18:00,20.6,67,49,2024-04-05 10:57:00,6.0,80.0,17.4,90.0,2024-04-05 22:18:00,0.0,0.0,2024-04-05 00:01:00,0.0,2024-04-05 00:01:00,10.6,26.14,,,,,,,
2024-04-06,1011.7,1013.6,1013.2,2024-04-06 09:42:00,1009.7,2024-04-06 15:10:00,27.4,31.0,2024-04-06 14:35:00,24.8,2024-04-06 04:43:00,20.6,66,51,2024-04-06 13:58:00,5.9,80.0,14.8,50.0,2024-04-06 10:39:00,0.0,0.0,2024-04-06 00:01:00,0.0,2024-04-06 00:01:00,10.3,25.15,,,,,,,
2024-04-07,1009.8,1011.6,1011.9,2024-04-07 08:31:00,1007.7,2024-04-07 15:14:00,28.1,31.7,2024-04-07 11:46:00,25.5,2024-04-07 05:08:00,21.7,68,54,2024-04-07 13:55:00,4.6,100.0,15.0,60.0,2024-04-07 00:50:00,0.0,0.0,2024-04-07 00:01:00,0.0,2024-04-07 00:01:00,9.1,16.47,,,,,,,
2024-04-08,1010.1,1011.9,1011.8,2024-04-08 09:34:00,1008.1,2024-04-08 16:54:00,27.6,29.8,2024-04-08 12:25:00,24.9,2024-04-08 05:58:00,22.7,75,66,2024-04-08 20:56:00,3.7,320.0,13.3,70.0,2024-04-08 23:25:00,0.0,0.0,2024-04-08 00:01:00,0.0,2024-04-08 00:01:00,10.2,21.62,,,,,,,
2024-04-09,1012.4,1014.3,1014.5,2024-04-09 21:41:00,1010.1,2024-04-09 02:53:00,25.3,27.4,2024-04-09 12:42:00,23.5,2024-04-09 18:47:00,19.1,68,62,2024-04-09 23:22:00,10.7,70.0,24.1,50.0,2024-04-09 17:41:00,0.0,0.0,2024-04-09 00:01:00,0.0,2024-04-09 00:01:00,10.1,22.35,,,,,,,
2024-04-10,1014.3,1016.2,1016.4,2024-04-10 09:52:00,1012.3,2024-04-10 03:35:00,25.6,29.4,2024-04-10 12:39:00,23.4,2024-04-10 02:28:00,18.1,63,51,2024-04-10 12:28:00,7.5,70.0,19.4,50.0,2024-04-10 00:51:00,0.0,0.0,2024-04-10 00:01:00,0.0,2024-04-10 00:01:00,7.2,15.54,,,,,,,
2024-04-11,1013.9,1015.7,1015.7,2024-04-11 10:22:00,1012.5,2024-04-11 15:28:00,26.7,29.4,2024-04-11 09:42:00,23.8,2024-04-11 06:25:00,19.8,65,53,2024-04-11 09:42:00,3.3,50.0,13.1,70.0,2024-04-11 01:02:00,0.0,0.0,2024-04-11 00:01:00,0.0,2024-04-11 00:01:00,9.7,19.24,,,,,,,
2024-04-12,1011.9,1013.8,1013.5,2024-04-12 00:01:00,1010.0,2024-04-12 16:43:00,27.1,29.4,2024-04-12 15:04:00,24.3,2024-04-12 06:14:00,21.6,72,61,2024-04-12 10:42:00,1.6,230.0,8.1,240.0,2024-04-12 13:20:00,0.0,0.0,2024-04-12 00:01:00,0.0,2024-04-12 00:01:00,10.5,16.79,,,,,,,
2024-04-13,1010.8,1012.7,1012.0,2024-04-13 08:26:00,1009.6,2024-04-13 03:11:00,27.0,30.3,2024-04-13 16:35:00,24.0,2024-04-13 03:57:00,22.2,75,56,2024-04-13 16:20:00,2.1,160.0,9.9,180.0,2024-04-13 12:27:00,0.0,0.0,2024-04-13 00:01:00,0.0,2024-04-13 00:01:00,9.1,11.47,,,,,,,
2024-04-14,1011.2,1013.0,1013.0,2024-04-14 09:46:00,1010.0,2024-04-14 15:16:00,28.0,31.7,2024-04-14 11:31:00,24.5,2024-04-14 05:27:00,23.8,78,59,2024-04-14 10:22:00,2.9,240.0,8.4,240.0,2024-04-14 12:42:00,0.0,0.0,2024-04-14 00:01:00,0.0,2024-04-14 00:01:00,10.4,23.11,,,,,,,
2024-04-15,1011.3,1013.1,1012.7,2024-04-15 20:50:00,1009.5,2024-04-15 03:01:00,27.8,30.0,2024-04-15 14:31:00,25.1,2024-04-16 00:00:00,23.6,77,66,2024-04-15 14:25:00,3.5,300.0,11.6,310.0,2024-04-15 07:58:00,0.0,0.0,2024-04-15 00:01:00,0.0,2024-04-15 00:01:00,10.4,25.12,,,,,,,
2024-04-16,1010.5,1012.3,1012.1,2024-04-16 08:21:00,1008.8,2024-04-16 17:08:00,27.1,29.6,2024-04-16 13:13:00,24.0,2024-04-16 03:36:00,23.2,79,70,2024-04-16 12:48:00,2.3,310.0,9.6,310.0,2024-04-16 19:36:00,0.0,0.0,2024-04-16 00:01:00,0.0,2024-04-16 00:01:00,10.7,21.18,,,,,,,
2024-04-17,1008.9,1010.7,1011.7,2024-04-17 08:19:00,1006.5,2024-04-17 15:58:00,27.5,30.3,2024-04-17 11:50:00,24.6,2024-04-17 05:04:00,22.9,76,60,2024-04-17 11:52:00,3.0,310.0,12.1,310.0,2024-04-17 19:41:00,0.0,0.0,2024-04-17 00:01:00,0.0,2024-04-17 00:01:00,10.6,25.17,,,,,,,
2024-04-18,1007.8,1009.7,1010.1,2024-04-18 20:49:00,1005.9,2024-04-18 03:06:00,27.3,29.9,2024-04-18 12:47:00,25.2,2024-04-18 22:54:00,21.8,72,65,2024-04-18 21:11:00,6.0,20.0,17.3,70.0,2024-04-18 22:43:00,0.0,0.0,2024-04-18 00:01:00,0.0,2024-04-18 00:01:00,9.9,19.03,,,,,,,
2024-04-19,1008.5,1010.3,1010.3,2024-04-19 08:45:00,1006.4,2024-04-19 15:28:00,27.4,31.0,2024-04-19 12:09:00,25.1,2024-04-19 02:40:00,19.8,63,52,2024-04-19 12:10:00,7.9,70.0,18.3,50.0,2024-04-19 00:57:00,0.0,0.0,2024-04-19 00:01:00,0.0,2024-04-19 00:01:00,10.7,27.65,,,,,,,
