,StnPres,SeaPres,Tx,Td,RH,WS,WD,WSGust,WDGust,Precp,SunShine,GloblRad,EvapA,TxSoil0cm,TxSoil5cm,TxSoil10cm,TxSoil20cm,TxSoil50cm,TxSoil100cm,H_VMC010,H_VMC020,H_VMC030,H_VMC040,H_VMC050,H_VMC060,H_VMC070,H_VMC080,H_VMC090,H_VMC100,H_VMC110,H_VMC120
2025-01-01 01:00:00,963.6,1018.7,13.5,10.3,81.0,0.5,40.0,1.8,50.0,0.0,0.0,0.0,,15.3,16.4,16.8,17.5,18.6,20.8,24.9,32.0,35.8,38.7,35.6,33.3,37.3,37.4,37.0,32.1,38.7,44.9
2025-01-01 02:00:00,963.4,1018.4,13.5,10.7,83.0,0.9,30.0,1.4,10.0,0.0,0.0,0.0,,15.2,16.3,16.7,17.4,18.6,20.8,24.8,32.0,35.8,38.7,35.6,33.3,37.3,37.4,37.0,32.1,38.7,44.9
2025-01-01 03:00:00,963.3,1018.5,12.9,10.0,82.0,0.5,350.0,1.9,40.0,0.0,0.0,0.0,,15.0,16.3,16.7,17.4,18.6,20.8,24.8,31.9,35.8,38.7,35.6,33.3,37.3,37.4,37.0,32.1,38.7,44.9
2025-01-01 04:00:00,963.0,1018.1,13.2,10.1,81.0,0.5,70.0,1.4,320.0,0.0,0.0,0.0,,15.1,16.2,16.6,17.4,18.6,20.8,24.8,31.9,35.7,38.7,35.6,33.3,37.4,37.4,37.0,32.1,38.7,44.9
2025-01-01 05:00:00,963.3,1018.4,13.0,10.6,85.0,1.0,20.0,1.8,330.0,0.0,0.0,0.0,,15.1,16.2,16.6,17.4,18.6,20.8,24.8,31.9,35.8,38.7,35.6,33.3,37.4,37.4,37.0,32.1,38.7,44.9
2025-01-01 06:00:00,963.4,1018.5,12.9,11.0,88.0,0.0,0.0,2.3,340.0,0.0,0.0,0.0,,14.5,16.0,16.5,17.3,18.6,20.8,24.8,31.8,35.8,38.7,35.6,33.3,37.4,37.4,37.0,32.1,38.7,44.9
2025-01-01 07:00:00,963.9,1019.0,13.2,11.9,91.0,0.0,0.0,1.2,330.0,0.0,0.0,0.01,,14.9,16.1,16.5,17.3,18.7,20.8,24.7,31.8,35.8,38.7,35.6,33.3,37.4,37.4,37.0,32.1,38.7,44.9
2025-01-01 08:00:00,964.4,1019.4,13.6,13.0,95.0,0.6,330.0,1.2,10.0,0.0,0.0,0.15,,15.9,16.3,16.5,17.3,18.6,20.8,24.7,31.8,35.8,38.9,35.6,33.3,37.4,37.4,37.0,32.1,38.7,44.9
2025-01-01 09:00:00,964.7,1019.7,14.1,14.1,99.0,0.6,60.0,1.8,50.0,0.0,0.1,0.3,,16.3,16.5,16.6,17.3,18.6,20.8,24.7,31.8,35.8,38.9,35.6,33.3,37.4,37.4,37.0,32.1,38.7,44.9
2025-01-01 10:00:00,964.7,1019.5,15.4,14.4,93.0,0.7,10.0,1.3,30.0,0.0,0.8,0.52,,17.7,16.9,16.7,17.3,18.6,20.8,24.7,31.8,35.8,38.9,35.6,33.4,37.4,37.4,37.0,32.1,38.7,44.9
2025-01-01 11:00:00,964.4,1018.9,16.6,15.6,93.0,0.0,0.0,1.5,10.0,0.0,1.0,0.62,,18.4,17.2,16.9,17.3,18.6,20.8,24.7,31.8,35.8,38.9,35.7,33.4,37.4,37.4,36.9,32.1,38.7,44.9
2025-01-01 12:00:00,963.3,1017.7,17.0,15.0,87.0,1.0,80.0,2.7,90.0,0.0,1.0,0.75,,19.0,17.5,17.1,17.3,18.6,20.8,24.7,31.8,35.8,38.8,35.7,33.4,37.4,37.4,36.9,32.1,38.7,44.9
2025-01-01 13:00:00,962.7,1017.0,17.0,17.0,99.0,1.4,210.0,3.2,230.0,0.5,1.0,0.64,,19.2,17.7,17.2,17.4,18.6,20.8,24.7,31.8,35.8,38.8,35.7,33.4,37.4,37.4,36.9,32.1,38.7,44.9
2025-01-01 14:00:00,962.3,1016.8,16.0,14.5,90.0,1.6,280.0,4.2,310.0,0.0,0.7,0.62,,18.5,17.8,17.4,17.5,18.6,20.8,24.7,31.8,35.8,38.8,35.7,33.4,37.4,37.4,36.9,32.0,38.7,44.9
2025-01-01 15:00:00,962.3,1017.0,15.0,15.0,99.0,0.9,30.0,3.6,290.0,0.0,0.0,0.3,,17.6,17.6,17.4,17.6,18.6,20.8,24.7,31.8,35.8,38.8,35.7,33.4,37.4,37.4,36.9,32.0,38.7,44.9
2025-01-01 16:00:00,962.5,1017.2,14.6,14.6,99.0,0.0,0.0,1.6,20.0,0.0,0.0,0.2,,17.0,17.4,17.4,17.7,18.6,20.8,24.7,31.8,35.8,38.9,35.7,33.4,37.4,37.4,36.9,32.0,38.7,44.9
2025-01-01 17:00:00,963.0,1017.7,14.6,14.6,99.0,0.5,40.0,1.2,30.0,0.5,0.0,0.09,,16.6,17.3,17.4,17.7,18.6,20.8,24.7,31.8,35.8,38.9,35.7,33.4,37.4,37.4,36.9,32.0,38.7,44.9
2025-01-01 18:00:00,963.4,1018.2,14.7,14.7,99.0,0.4,230.0,1.6,150.0,0.0,0.0,0.0,,16.6,17.2,17.3,17.7,18.6,20.8,24.8,31.7,35.8,38.9,35.7,33.4,37.4,37.4,36.9,32.0,38.7,44.9
2025-01-01 19:00:00,964.0,1018.8,15.0,14.9,99.0,2.1,220.0,3.4,220.0,0.5,0.0,0.0,,16.5,17.2,17.3,17.7,18.6,20.8,24.8,31.7,35.8,38.9,35.7,33.3,37.4,37.4,36.9,32.0,38.7,44.9
2025-01-01 20:00:00,964.7,1019.6,14.6,14.6,99.0,0.0,0.0,3.7,230.0,2.0,0.0,0.0,,16.2,17.0,17.2,17.7,18.6,20.8,24.9,31.7,35.8,38.8,35.7,33.3,37.4,37.4,36.9,32.0,38.7,44.8
2025-01-01 21:00:00,964.4,1019.3,14.5,14.5,99.0,0.0,0.0,2.6,70.0,1.5,0.0,0.0,,16.2,17.0,17.2,17.7,18.7,20.8,25.3,31.7,35.8,38.8,35.8,33.4,37.3,37.4,36.9,32.0,38.7,44.8
2025-01-01 22:00:00,964.4,1019.2,14.7,14.6,99.0,0.9,220.0,1.9,220.0,1.0,0.0,0.0,,16.1,17.0,17.2,17.7,18.7,20.8,25.9,31.7,35.8,38.8,35.8,33.4,37.3,37.4,36.9,32.0,38.7,44.8
2025-01-01 23:00:00,964.3,1019.2,14.5,14.5,99.0,0.4,40.0,2.2,220.0,1.5,0.0,0.0,,16.1,16.9,17.1,17.7,18.7,20.8,26.9,31.7,35.8,38.7,35.8,33.4,37.3,37.4,36.9,32.0,38.7,44.8
2025-01-02 00:00:00,964.5,1019.4,14.4,14.4,99.0,0.0,0.0,1.7,50.0,1.0,0.0,0.0,,16.1,16.9,17.1,17.7,18.7,20.8,,,,,,,,,,,,
2025-01-02 01:00:00,964.5,1019.5,14.5,14.4,99.0,0.9,100.0,1.3,110.0,1.5,0.0,0.0,,16.1,16.9,17.1,17.7,18.7,20.8,29.8,31.6,35.8,38.7,35.8,33.4,37.3,37.4,36.9,32.0,38.7,44.8
2025-01-02 02:00:00,964.2,1019.2,14.2,14.2,99.0,1.1,40.0,2.4,50.0,2.5,0.0,0.0,,15.8,16.7,17.0,17.6,18.7,20.8,32.0,31.7,35.8,38.7,35.8,33.4,37.3,37.4,36.9,32.0,38.7,44.8
2025-01-02 03:00:00,964.1,1019.0,14.2,14.2,99.0,0.8,360.0,2.8,100.0,0.5,0.0,0.0,,15.9,16.8,17.0,17.6,18.7,20.8,32.8,32.4,35.8,38.7,35.8,33.4,37.3,37.4,36.9,32.0,38.7,44.8
2025-01-02 04:00:00,963.9,1018.8,14.2,14.1,99.0,0.9,20.0,2.5,20.0,1.0,0.0,0.0,,15.8,16.7,17.0,17.6,18.7,20.8,33.5,33.3,35.9,38.7,35.8,33.4,37.3,37.4,36.9,32.0,38.7,44.8
2025-01-02 05:00:00,963.4,1018.4,14.0,14.0,99.0,1.8,20.0,4.3,40.0,1.5,0.0,0.0,,15.6,16.6,16.9,17.6,18.7,20.8,34.3,34.0,35.8,38.7,35.8,33.4,37.3,37.4,36.9,32.0,38.7,44.8
2025-01-02 06:00:00,964.1,1019.2,13.9,13.9,99.0,1.8,360.0,4.0,30.0,0.0,0.0,0.0,,15.6,16.6,16.9,17.5,18.7,20.8,34.3,34.7,35.9,38.8,35.8,33.4,37.3,37.4,36.9,32.0,38.6,44.8
2025-01-02 07:00:00,964.5,1019.6,13.6,13.6,99.0,1.2,10.0,3.8,40.0,0.5,0.0,0.0,,15.5,16.6,16.8,17.5,18.7,20.8,34.3,35.2,35.9,38.8,35.8,33.4,37.3,37.4,36.9,32.0,38.6,44.8
2025-01-02 08:00:00,964.7,1019.7,13.7,13.7,99.0,1.1,10.0,3.4,50.0,0.0,0.0,0.07,,15.8,16.6,16.8,17.5,18.7,20.8,34.1,35.5,36.0,38.8,35.8,33.4,37.3,37.4,36.9,32.0,38.6,44.8
2025-01-02 09:00:00,965.0,1020.1,13.8,13.8,99.0,2.0,40.0,4.3,40.0,0.0,0.0,0.2,,15.9,16.6,16.8,17.4,18.7,20.8,34.0,35.7,36.2,38.8,35.8,33.4,37.3,37.4,36.9,32.0,38.6,44.8
2025-01-02 10:00:00,965.4,1020.4,14.3,14.3,99.0,1.6,30.0,4.0,30.0,0.0,0.5,0.43,,16.7,16.8,16.8,17.4,18.7,20.8,33.9,35.8,36.4,38.8,35.8,33.4,37.4,37.4,36.9,32.0,38.6,44.8
2025-01-02 11:00:00,964.5,1019.3,15.4,15.4,99.0,1.1,10.0,3.8,70.0,0.0,0.9,0.67,,17.9,17.1,16.9,17.4,18.7,20.8,33.7,36.0,36.6,38.8,35.8,33.4,37.4,37.4,36.9,32.0,38.6,44.8
2025-01-02 12:00:00,963.5,1018.1,15.9,15.8,99.0,1.3,350.0,2.7,10.0,0.0,1.0,0.83,,18.6,17.4,17.1,17.5,18.7,20.8,33.7,36.1,36.9,38.8,35.8,33.4,37.4,37.4,36.9,32.0,38.6,44.8
2025-01-02 13:00:00,962.3,1016.7,16.6,16.4,99.0,1.7,20.0,3.4,10.0,0.0,1.0,0.99,,18.8,17.6,17.2,17.5,18.7,20.8,33.6,36.2,37.1,38.8,35.8,33.4,37.4,37.4,36.9,32.0,38.6,44.8
2025-01-02 14:00:00,961.7,1016.1,16.4,15.7,95.0,1.2,30.0,3.9,20.0,0.0,1.0,0.73,,18.5,17.7,17.4,17.6,18.7,20.8,33.5,36.3,37.3,38.8,35.8,33.4,37.4,37.4,36.9,32.0,38.6,44.8
2025-01-02 15:00:00,961.7,1016.2,15.9,15.8,99.0,2.7,30.0,5.0,30.0,0.0,0.6,0.48,,17.7,17.6,17.4,17.6,18.7,20.8,33.4,36.4,37.6,38.8,35.8,33.4,37.4,37.4,36.9,32.0,38.6,44.8
2025-01-02 16:00:00,961.7,1016.2,15.8,15.7,99.0,2.0,50.0,4.4,40.0,0.0,0.6,0.45,,17.6,17.5,17.4,17.7,18.7,20.8,33.3,36.4,37.9,38.8,35.8,33.4,37.4,37.4,36.9,32.0,38.6,44.8
2025-01-02 17:00:00,961.9,1016.5,15.3,15.3,99.0,1.9,30.0,3.7,40.0,0.0,0.0,0.19,,16.9,17.4,17.4,17.7,18.7,20.8,33.3,36.5,38.0,38.8,35.8,33.4,37.4,37.4,36.9,32.0,38.6,44.8
2025-01-02 18:00:00,962.6,1017.3,14.9,14.8,99.0,1.4,40.0,3.2,30.0,0.0,0.0,0.01,,16.2,17.2,17.4,17.8,18.7,20.7,33.2,36.5,38.2,38.9,35.8,33.4,37.3,37.4,36.9,32.0,38.6,44.8
2025-01-02 19:00:00,963.1,1017.9,14.7,14.7,99.0,0.8,30.0,3.9,30.0,0.0,0.0,0.0,,16.1,17.1,17.3,17.8,18.7,20.7,33.1,36.6,38.4,38.9,35.8,33.4,37.3,37.4,36.9,32.0,38.6,44.8
2025-01-02 20:00:00,963.2,1018.2,14.4,14.4,99.0,2.0,40.0,3.8,40.0,0.0,0.0,0.0,,15.9,17.0,17.2,17.8,18.7,20.7,33.0,36.6,38.5,38.9,35.8,33.4,37.3,37.4,36.9,32.0,38.6,44.8
2025-01-02 21:00:00,964.0,1018.9,14.3,14.3,99.0,2.1,40.0,4.0,40.0,0.0,0.0,0.0,,15.9,16.9,17.2,17.7,18.7,20.7,33.0,36.6,38.6,38.9,35.8,33.4,37.3,37.4,36.9,32.0,38.6,44.8
2025-01-02 22:00:00,964.1,1019.1,14.0,14.0,99.0,1.8,40.0,4.6,50.0,0.0,0.0,0.0,,15.6,16.8,17.1,17.7,18.7,20.7,32.9,36.6,38.8,38.9,35.8,33.4,37.3,37.4,36.9,32.0,38.6,44.8
2025-01-02 23:00:00,964.0,1019.0,14.0,14.0,99.0,1.8,40.0,4.6,40.0,0.0,0.0,0.0,,15.5,16.7,17.1,17.7,18.7,20.7,32.9,36.6,38.9,38.8,35.9,33.4,37.3,37.4,36.9,32.0,38.6,44.8
2025-01-03 00:00:00,963.9,1018.9,13.9,13.9,99.0,1.8,40.0,3.6,40.0,0.0,0.0,0.0,,15.6,16.7,17.0,17.7,18.7,20.7,,,,,,,,,,,,
2025-01-03 01:00:00,964.0,1019.0,13.9,13.9,99.0,2.7,40.0,4.9,50.0,0.0,0.0,0.0,,15.4,16.6,17.0,17.6,18.7,20.7,32.8,36.6,39.2,38.8,35.9,33.4,37.3,37.4,36.9,32.0,38.5,44.8
2025-01-03 02:00:00,963.7,1018.7,13.9,13.9,99.0,2.6,40.0,6.6,50.0,0.0,0.0,0.0,,15.3,16.5,16.9,17.6,18.7,20.7,32.7,36.6,39.3,38.9,35.9,33.4,37.3,37.4,36.9,32.0,38.5,44.8
2025-01-03 03:00:00,963.4,1018.4,13.7,13.7,99.0,3.0,40.0,6.9,40.0,0.0,0.0,0.0,,15.1,16.4,16.8,17.6,18.7,20.7,32.8,36.6,39.4,39.0,35.9,33.4,37.3,37.4,36.9,32.0,38.5,44.8
2025-01-03 04:00:00,963.0,1018.1,13.5,13.5,99.0,3.0,40.0,7.3,50.0,0.0,0.0,0.0,,15.0,16.3,16.8,17.5,18.7,20.7,32.7,36.6,39.5,39.0,35.9,33.4,37.3,37.4,36.9,31.9,38.5,44.8
2025-01-03 05:00:00,963.1,1018.2,13.2,13.2,99.0,2.8,40.0,7.8,70.0,0.0,0.0,0.0,,14.7,16.2,16.7,17.5,18.7,20.7,32.7,36.6,39.6,39.0,35.9,33.4,37.3,37.4,36.9,32.0,38.5,44.8
2025-01-03 06:00:00,963.5,1018.6,12.8,12.8,99.0,2.9,40.0,7.9,50.0,0.0,0.0,0.0,,14.5,16.1,16.6,17.5,18.7,20.7,32.6,36.6,39.7,39.0,35.9,33.4,37.3,37.4,36.9,31.9,38.5,44.8
2025-01-03 07:00:00,963.8,1019.1,12.4,12.3,99.0,3.6,40.0,6.9,60.0,0.0,0.0,0.01,,14.1,16.0,16.5,17.4,18.7,20.7,32.5,36.6,39.7,39.0,35.9,33.4,37.3,37.4,36.9,31.9,38.5,44.7
2025-01-03 08:00:00,964.6,1019.8,12.9,11.9,93.0,2.4,40.0,5.6,40.0,0.0,0.1,0.17,,14.7,16.0,16.4,17.3,18.7,20.7,32.6,36.6,39.8,39.0,35.9,33.4,37.4,37.4,36.9,31.9,38.5,44.7
2025-01-03 09:00:00,964.9,1020.0,13.9,11.0,82.0,3.0,40.0,6.7,30.0,0.0,0.8,0.73,,16.1,16.2,16.4,17.3,18.7,20.7,32.5,36.6,39.9,39.0,35.9,33.4,37.4,37.4,36.9,31.9,38.5,44.7
2025-01-03 10:00:00,965.0,1019.8,14.8,11.2,78.0,2.6,40.0,6.0,50.0,0.0,1.0,0.9,,16.8,16.5,16.5,17.3,18.7,20.7,32.5,36.6,40.0,39.0,35.9,33.4,37.4,37.4,36.9,31.9,38.5,44.7
2025-01-03 11:00:00,964.6,1019.3,15.9,11.0,72.0,3.7,50.0,6.7,40.0,0.0,1.0,1.52,,18.3,16.9,16.6,17.3,18.7,20.7,32.5,36.6,40.1,39.0,35.9,33.4,37.4,37.4,36.9,31.9,38.5,44.7
2025-01-03 12:00:00,963.8,1018.3,16.3,11.0,70.0,4.5,40.0,8.9,40.0,0.0,1.0,1.98,,19.0,17.3,16.8,17.3,18.7,20.7,32.4,36.6,40.1,39.0,35.9,33.4,37.4,37.4,36.9,31.9,38.5,44.7
2025-01-03 13:00:00,962.9,1017.4,16.7,10.8,68.0,4.7,40.0,9.0,60.0,0.0,1.0,2.41,,20.1,17.8,17.1,17.4,18.7,20.7,32.3,36.6,40.2,39.0,35.9,33.4,37.4,37.4,36.9,31.9,38.5,44.7
2025-01-03 14:00:00,962.6,1017.1,16.0,10.6,69.0,4.5,30.0,11.3,40.0,0.0,1.0,2.13,,19.6,17.8,17.3,17.4,18.7,20.7,32.3,36.6,40.2,39.0,35.9,33.4,37.4,37.4,36.9,31.9,38.5,44.7
2025-01-03 15:00:00,962.3,1016.8,16.3,10.6,69.0,4.0,30.0,9.7,40.0,0.0,1.0,1.47,,18.6,17.5,17.3,17.5,18.7,20.7,32.2,36.6,40.2,39.0,35.9,33.4,37.4,37.4,36.9,31.9,38.5,44.7
2025-01-03 16:00:00,962.6,1017.3,14.8,9.6,70.0,4.2,30.0,9.6,50.0,0.0,1.0,1.13,,17.5,17.3,17.3,17.6,18.7,20.7,32.1,36.6,40.3,39.0,35.9,33.4,37.3,37.4,36.9,31.9,38.5,44.7
2025-01-03 17:00:00,962.8,1017.7,14.0,9.1,72.0,3.0,30.0,8.0,40.0,0.0,0.6,0.57,,15.4,16.7,17.1,17.6,18.7,20.7,32.1,36.6,40.3,39.1,35.9,33.4,37.4,37.4,36.9,31.9,38.5,44.7
2025-01-03 18:00:00,963.2,1018.4,12.5,8.6,77.0,2.8,40.0,6.4,30.0,0.0,0.0,0.02,,13.8,16.2,16.9,17.6,18.7,20.7,31.9,36.6,40.3,39.1,35.9,33.4,37.3,37.4,36.9,31.9,38.5,44.7
2025-01-03 19:00:00,963.2,1018.6,11.4,8.7,83.0,1.4,50.0,4.9,40.0,0.0,0.0,0.0,,13.1,15.9,16.7,17.5,18.7,20.7,31.9,36.6,40.3,39.1,35.9,33.4,37.3,37.4,36.9,31.9,38.5,44.7
2025-01-03 20:00:00,963.6,1019.1,11.1,8.7,85.0,1.5,50.0,3.6,50.0,0.0,0.0,0.0,,12.6,15.6,16.5,17.4,18.7,20.7,31.9,36.5,40.4,39.2,35.9,33.4,37.3,37.4,36.9,31.9,38.5,44.7
2025-01-03 21:00:00,963.8,1019.6,9.6,9.3,97.0,0.4,10.0,2.5,70.0,0.0,0.0,0.0,,11.7,15.2,16.3,17.4,18.7,20.7,31.8,36.5,40.4,39.2,35.9,33.4,37.3,37.4,36.8,31.9,38.5,44.7
2025-01-03 22:00:00,964.0,1020.0,8.8,8.8,99.0,0.0,0.0,0.6,210.0,0.0,0.0,0.0,,11.0,14.8,16.0,17.3,18.7,20.7,31.8,36.5,40.4,39.2,35.9,33.4,37.3,37.4,36.8,31.9,38.5,44.7
2025-01-03 23:00:00,963.6,1019.7,8.6,8.6,99.0,0.4,220.0,1.1,230.0,0.0,0.0,0.0,,10.7,14.6,15.8,17.1,18.7,20.7,31.7,36.5,40.4,39.2,35.9,33.4,37.3,37.4,36.8,31.9,38.5,44.7
2025-01-04 00:00:00,963.6,1019.6,8.8,8.7,99.0,0.0,0.0,1.4,20.0,0.0,0.0,0.0,,10.8,14.4,15.6,17.0,18.7,20.7,,,,,,,,,,,,
2025-01-04 01:00:00,963.6,1019.5,9.0,8.9,99.0,0.3,220.0,1.1,200.0,0.0,0.0,0.0,,11.1,14.4,15.5,16.9,18.7,20.7,31.6,36.5,40.5,39.2,35.9,33.4,37.3,37.5,36.8,31.9,38.5,44.6
2025-01-04 02:00:00,963.3,1018.8,11.3,10.9,96.0,0.7,360.0,1.9,330.0,0.0,0.0,0.0,,13.2,14.8,15.5,16.8,18.7,20.7,31.6,36.4,40.5,39.2,35.9,33.4,37.4,37.4,36.8,31.9,38.5,44.6
2025-01-04 03:00:00,963.4,1018.9,11.2,11.2,99.0,0.0,0.0,2.0,30.0,0.0,0.0,0.0,,13.0,14.9,15.6,16.7,18.7,20.7,31.6,36.4,40.5,39.2,35.9,33.4,37.3,37.5,36.8,31.9,38.5,44.6
2025-01-04 04:00:00,963.4,1019.0,10.6,10.6,99.0,0.5,10.0,1.2,90.0,0.0,0.0,0.0,,12.5,14.8,15.6,16.7,18.6,20.7,31.5,36.4,40.5,39.2,35.9,33.4,37.3,37.4,36.8,31.9,38.5,44.6
2025-01-04 05:00:00,963.4,1019.3,9.4,9.4,99.0,0.5,240.0,1.3,180.0,0.0,0.0,0.0,,11.3,14.5,15.5,16.6,18.6,20.7,31.5,36.4,40.5,39.2,35.9,33.4,37.3,37.4,36.8,31.8,38.5,44.6
2025-01-04 06:00:00,964.3,1019.9,10.6,10.2,97.0,1.2,90.0,2.1,80.0,0.0,0.0,0.0,,11.2,14.3,15.3,16.6,18.6,20.7,31.5,36.4,40.5,39.2,35.9,33.4,37.3,37.4,36.8,31.8,38.5,44.6
2025-01-04 07:00:00,964.5,1020.5,9.2,9.2,99.0,0.0,0.0,2.3,100.0,0.0,0.0,0.01,,11.0,14.2,15.2,16.5,18.6,20.7,31.5,36.4,40.6,39.2,35.9,33.4,37.4,37.4,36.8,31.8,38.5,44.6
2025-01-04 08:00:00,965.4,1020.5,13.8,9.2,73.0,0.5,30.0,2.1,60.0,0.0,0.6,0.55,,13.7,14.6,15.1,16.4,18.6,20.7,31.5,36.4,40.6,39.3,35.9,33.5,37.4,37.5,36.8,31.8,38.5,44.6
2025-01-04 09:00:00,965.7,1020.0,17.3,10.1,62.0,1.4,40.0,2.8,40.0,0.0,1.0,1.65,,17.5,15.5,15.4,16.4,18.5,20.7,31.4,36.4,40.6,39.3,35.9,33.4,37.4,37.5,36.8,31.8,38.5,44.6
2025-01-04 10:00:00,966.2,1020.6,17.4,10.2,62.0,1.4,360.0,3.0,20.0,0.0,0.9,1.06,,19.1,16.1,15.7,16.4,18.5,20.7,31.5,36.4,40.6,39.3,35.9,33.4,37.4,37.5,36.8,31.8,38.5,44.6
2025-01-04 11:00:00,965.7,1019.5,20.2,12.9,62.0,1.4,80.0,3.9,30.0,0.0,1.0,2.43,,22.4,17.2,16.1,16.5,18.5,20.7,31.5,36.4,40.6,39.3,35.9,33.4,37.4,37.5,36.8,31.8,38.5,44.6
2025-01-04 12:00:00,964.8,1018.2,22.4,12.3,52.0,0.9,120.0,3.1,180.0,0.0,1.0,2.75,,34.0,0.0,0.0,0.0,0.0,0.0,31.5,36.4,40.7,39.3,35.9,33.4,37.4,37.4,36.8,31.8,38.5,44.6
2025-01-04 13:00:00,963.9,1017.5,21.0,14.3,65.0,2.6,300.0,5.8,260.0,0.0,1.0,2.76,,0.0,0.0,0.0,0.0,0.0,0.0,31.5,36.4,40.6,39.4,35.9,33.5,37.4,37.4,36.8,31.8,38.4,44.6
2025-01-04 14:00:00,963.2,1016.7,21.4,13.9,62.0,2.2,290.0,5.3,280.0,0.0,1.0,2.43,,30.5,26.6,19.9,17.9,17.1,0.0,31.5,36.3,40.6,39.4,35.9,33.5,37.3,37.4,36.8,31.8,38.5,44.6
2025-01-04 15:00:00,963.0,1016.6,21.2,13.3,60.0,2.1,290.0,4.8,300.0,0.0,1.0,1.9,,23.6,19.5,18.2,17.4,18.4,20.7,31.4,36.3,40.7,39.4,35.9,33.5,37.3,37.4,36.8,31.8,38.5,44.6
2025-01-04 16:00:00,962.7,1016.4,20.7,13.1,61.0,1.9,280.0,4.0,320.0,0.0,1.0,1.27,,21.7,19.1,18.2,17.6,18.4,20.7,31.3,36.3,40.7,39.4,35.9,33.4,37.3,37.4,36.8,31.8,38.5,44.6
2025-01-04 17:00:00,962.8,1016.8,18.9,12.7,67.0,1.1,290.0,3.4,310.0,0.0,0.6,0.49,,18.7,18.4,18.1,17.8,18.4,20.7,31.2,36.3,40.7,39.4,35.9,33.4,37.3,37.4,36.8,31.8,38.5,44.6
2025-01-04 18:00:00,963.1,1017.8,15.2,13.3,88.0,0.7,220.0,2.0,290.0,0.0,0.0,0.02,,15.6,17.5,17.8,17.8,18.4,20.7,31.1,36.3,40.7,39.4,35.9,33.4,37.3,37.4,36.8,31.8,38.5,44.6
2025-01-04 19:00:00,963.6,1018.6,13.3,13.3,99.0,0.3,230.0,1.3,240.0,0.0,0.0,0.0,,14.3,16.8,17.4,17.8,18.4,20.7,31.0,36.3,40.7,39.4,35.9,33.4,37.3,37.4,36.8,31.8,38.5,44.6
2025-01-04 20:00:00,964.7,1019.9,12.9,12.9,99.0,1.1,170.0,1.3,170.0,0.0,0.0,0.0,,13.8,16.4,17.1,17.7,18.4,20.7,31.0,36.3,40.7,39.5,35.9,33.4,37.3,37.4,36.9,31.8,38.4,44.5
2025-01-04 21:00:00,964.9,1020.1,13.2,13.2,99.0,1.9,160.0,2.2,150.0,0.0,0.0,0.0,,13.6,16.1,16.9,17.6,18.4,20.7,30.9,36.2,40.7,39.5,36.0,33.4,37.3,37.4,36.9,31.8,38.4,44.5
2025-01-04 22:00:00,964.9,1020.1,13.3,13.3,99.0,1.8,190.0,2.5,190.0,0.0,0.0,0.0,,13.4,15.9,16.7,17.5,18.5,20.7,30.9,36.3,40.7,39.5,36.0,33.4,37.3,37.4,36.8,31.8,38.4,44.5
2025-01-04 23:00:00,964.3,1019.4,13.6,13.5,99.0,1.3,200.0,3.5,170.0,0.0,0.0,0.0,,13.6,15.9,16.6,17.4,18.5,20.7,30.9,36.2,40.7,39.6,36.0,33.5,37.3,37.4,36.8,31.8,38.4,44.5
2025-01-05 00:00:00,965.5,1020.2,15.8,13.8,87.0,1.2,260.0,3.9,260.0,0.0,0.0,0.0,,14.2,15.8,16.4,17.4,18.5,20.7,,,,,,,,,,,,
2025-01-05 01:00:00,966.2,1021.1,14.8,14.6,98.0,1.9,210.0,3.6,220.0,0.0,0.0,0.0,,15.4,16.1,16.4,17.3,18.5,20.7,30.8,36.2,40.7,39.6,36.0,33.5,37.3,37.4,36.8,31.8,38.4,44.5
2025-01-05 02:00:00,966.1,1021.2,13.9,13.9,99.0,2.1,230.0,4.1,260.0,0.0,0.0,0.0,,15.3,16.2,16.5,17.2,18.5,20.7,30.8,36.1,40.7,39.6,35.9,33.4,37.3,37.4,36.8,31.8,38.4,44.5
2025-01-05 03:00:00,965.4,1020.7,13.3,13.3,99.0,1.2,180.0,3.8,220.0,0.0,0.0,0.0,,14.3,16.0,16.5,17.2,18.5,20.7,30.8,36.1,40.7,39.6,36.0,33.5,37.3,37.4,36.8,31.8,38.4,44.5
2025-01-05 04:00:00,964.9,1020.0,14.0,14.0,99.0,1.7,210.0,2.5,230.0,0.0,0.0,0.0,,14.7,15.9,16.4,17.2,18.5,20.6,30.8,36.1,40.7,39.6,36.0,33.5,37.3,37.4,36.8,31.8,38.4,44.5
2025-01-05 05:00:00,965.3,1020.3,14.1,14.1,99.0,0.6,140.0,2.3,220.0,0.0,0.0,0.0,,15.1,16.1,16.4,17.1,18.5,20.6,30.8,36.1,40.7,39.6,36.0,33.5,37.3,37.4,36.8,31.8,38.4,44.5
2025-01-05 06:00:00,965.7,1020.9,13.6,13.5,99.0,0.4,160.0,1.9,190.0,0.0,0.0,0.0,,14.8,16.0,16.4,17.1,18.5,20.6,30.7,36.1,40.8,39.6,36.0,33.5,37.3,37.4,36.8,31.8,38.4,44.5
2025-01-05 07:00:00,966.4,1021.6,13.1,13.1,99.0,0.6,130.0,1.9,340.0,0.0,0.0,0.01,,14.6,16.0,16.4,17.1,18.5,20.6,30.7,36.1,40.8,39.6,36.0,33.5,37.3,37.4,36.8,31.8,38.4,44.5
2025-01-05 08:00:00,966.4,1021.6,13.7,13.7,99.0,1.5,80.0,2.6,100.0,0.0,0.0,0.17,,15.7,16.1,16.4,17.1,18.5,20.6,30.7,36.0,40.7,39.6,36.0,33.5,37.3,37.4,36.8,31.8,38.4,44.5
2025-01-05 09:00:00,966.0,1020.8,15.7,14.4,91.0,0.6,310.0,1.6,130.0,0.0,0.7,0.52,,17.5,16.6,16.5,17.1,18.5,20.6,30.7,36.1,40.7,39.6,36.0,33.5,37.3,37.4,36.8,31.8,38.4,44.5
2025-01-05 10:00:00,966.0,1020.0,20.0,12.3,61.0,1.6,190.0,3.1,170.0,0.0,1.0,0.95,,19.9,17.3,16.7,17.1,18.5,20.6,30.7,36.0,40.7,39.6,36.0,33.5,37.3,37.4,36.8,31.8,38.4,44.5
2025-01-05 11:00:00,965.7,1019.9,18.7,13.7,72.0,1.4,50.0,2.8,160.0,0.0,1.0,0.87,,20.3,17.8,17.0,17.2,18.5,20.6,30.7,36.1,40.7,39.6,36.0,33.5,37.3,37.4,36.8,31.8,38.4,44.5
2025-01-05 12:00:00,964.8,1018.8,19.4,13.2,67.0,1.5,40.0,2.6,10.0,0.0,1.0,1.01,,21.2,18.1,17.2,17.3,18.5,20.6,30.7,36.0,40.7,39.6,36.1,33.5,37.3,37.4,36.8,31.8,38.4,44.5
2025-01-05 13:00:00,963.7,1017.5,19.8,14.0,69.0,1.1,10.0,3.2,340.0,0.0,1.0,1.61,,23.4,18.8,17.5,17.4,18.5,20.6,30.7,36.0,40.8,39.6,36.1,33.5,37.3,37.4,36.8,31.8,38.4,44.5
2025-01-05 14:00:00,963.0,1016.4,22.0,15.2,65.0,1.1,140.0,5.2,310.0,0.0,1.0,2.16,,30.3,26.2,19.6,17.9,17.5,0.0,30.7,36.0,40.8,39.7,36.1,33.5,37.3,37.4,36.8,31.8,38.4,44.5
2025-01-05 15:00:00,962.7,1016.6,18.9,14.8,77.0,2.7,340.0,6.0,290.0,0.0,1.0,1.54,,23.0,19.4,18.2,17.7,18.5,20.6,30.7,36.1,40.7,39.7,36.1,33.5,37.3,37.4,36.8,31.8,38.4,44.5
2025-01-05 16:00:00,963.1,1017.5,16.8,13.7,82.0,2.4,20.0,5.7,20.0,0.0,1.0,0.79,,20.0,18.8,18.2,17.9,18.5,20.6,30.6,36.0,40.8,39.7,36.1,33.5,37.3,37.4,36.8,31.8,38.4,44.4
2025-01-05 17:00:00,963.3,1017.9,15.7,14.7,93.0,1.1,340.0,4.0,60.0,0.0,0.2,0.27,,18.0,18.2,18.1,18.0,18.5,20.6,30.5,36.0,40.8,39.7,36.1,33.5,37.4,37.4,36.8,31.8,38.4,44.5
2025-01-05 18:00:00,963.8,1018.7,14.6,14.6,99.0,0.6,40.0,3.9,30.0,0.0,0.0,0.01,,16.5,17.7,17.9,18.0,18.5,20.6,30.4,36.0,40.7,39.7,36.1,33.5,37.3,37.4,36.8,31.8,38.4,44.4
2025-01-05 19:00:00,964.4,1019.3,14.7,14.7,99.0,0.0,0.0,1.3,40.0,0.0,0.0,0.0,,16.1,17.4,17.7,18.0,18.5,20.6,30.3,36.0,40.8,39.8,36.1,33.5,37.3,37.4,36.8,31.8,38.4,44.4
2025-01-05 20:00:00,964.3,1019.2,14.2,14.2,99.0,0.0,0.0,2.6,40.0,0.0,0.0,0.0,,15.6,17.2,17.5,18.0,18.5,20.6,30.3,35.9,40.8,39.8,36.1,33.5,37.4,37.4,36.8,31.8,38.4,44.4
2025-01-05 21:00:00,964.8,1019.7,14.5,14.5,99.0,1.7,20.0,2.7,10.0,0.0,0.0,0.0,,15.7,17.0,17.4,17.9,18.5,20.6,30.3,36.0,40.7,39.9,36.1,33.5,37.4,37.4,36.7,31.8,38.3,44.4
2025-01-05 22:00:00,965.1,1020.1,14.2,14.2,99.0,2.0,40.0,3.6,50.0,0.0,0.0,0.0,,15.5,17.0,17.3,17.9,18.5,20.6,30.3,35.9,40.7,39.9,36.1,33.5,37.4,37.4,36.7,31.7,38.3,44.4
2025-01-05 23:00:00,965.0,1020.1,13.7,13.7,99.0,0.9,50.0,3.7,40.0,0.0,0.0,0.0,,15.3,16.8,17.2,17.8,18.5,20.6,30.2,35.9,40.8,39.8,36.1,33.5,37.3,37.4,36.7,31.8,38.3,44.4
2025-01-06 00:00:00,964.8,1019.8,13.9,11.5,85.0,1.9,30.0,3.9,30.0,0.0,0.0,0.0,,14.9,16.6,17.1,17.8,18.6,20.6,,,,,,,,,,,,
2025-01-06 01:00:00,965.1,1020.2,13.7,10.3,80.0,1.5,40.0,3.3,30.0,0.0,0.0,0.0,,14.5,16.5,17.0,17.7,18.6,20.6,30.2,35.9,40.7,39.8,36.2,33.5,37.4,37.4,36.7,31.8,38.3,44.4
2025-01-06 02:00:00,964.6,1020.1,11.7,10.3,90.0,0.9,30.0,3.1,30.0,0.0,0.0,0.0,,12.9,16.0,16.9,17.7,18.6,20.6,30.2,35.9,40.7,39.8,36.2,33.5,37.3,37.4,36.7,31.7,38.3,44.4
2025-01-06 03:00:00,964.2,1019.7,11.8,11.3,97.0,1.3,40.0,3.0,20.0,0.0,0.0,0.0,,12.6,15.7,16.6,17.6,18.6,20.6,30.2,35.8,40.7,39.8,36.2,33.5,37.3,37.4,36.7,31.7,38.3,44.4
2025-01-06 04:00:00,964.1,1019.5,11.9,11.7,98.0,1.9,40.0,4.5,40.0,0.0,0.0,0.0,,13.2,15.7,16.5,17.5,18.6,20.6,30.1,35.8,40.7,39.8,36.2,33.5,37.3,37.4,36.7,31.7,38.3,44.4
2025-01-06 05:00:00,964.2,1019.7,11.6,11.6,99.0,1.8,50.0,3.9,50.0,0.0,0.0,0.0,,13.1,15.6,16.4,17.4,18.6,20.6,30.1,35.8,40.7,39.9,36.2,33.5,37.3,37.4,36.7,31.7,38.3,44.4
2025-01-06 06:00:00,964.6,1020.2,11.1,11.0,99.0,1.5,10.0,2.8,20.0,0.0,0.0,0.0,,12.0,15.2,16.2,17.3,18.6,20.6,30.1,35.8,40.7,40.0,36.2,33.5,37.3,37.4,36.7,31.7,38.3,44.4
2025-01-06 07:00:00,965.1,1020.9,9.9,9.9,99.0,0.4,350.0,2.9,70.0,0.0,0.0,0.01,,11.5,15.0,16.1,17.2,18.6,20.6,30.1,35.8,40.7,39.9,36.2,33.5,37.3,37.4,36.7,31.7,38.3,44.4
2025-01-06 08:00:00,965.5,1020.9,12.3,11.6,95.0,1.2,30.0,2.1,20.0,0.0,0.6,0.52,,12.6,15.0,15.9,17.1,18.6,20.6,30.0,35.8,40.7,39.9,36.2,33.5,37.4,37.4,36.7,31.7,38.3,44.4
2025-01-06 09:00:00,965.6,1020.5,15.2,10.5,73.0,1.2,30.0,3.0,40.0,0.0,1.0,1.32,,15.5,15.5,15.9,17.0,18.6,20.6,30.0,35.7,40.7,39.9,36.2,33.5,37.4,37.4,36.7,31.7,38.3,44.4
2025-01-06 10:00:00,965.4,1019.6,18.7,9.9,56.0,1.7,20.0,4.4,40.0,0.0,1.0,2.04,,19.4,16.5,16.1,17.0,18.6,20.6,30.0,35.7,40.7,39.9,36.2,33.5,37.4,37.4,36.7,31.7,38.3,44.4
2025-01-06 11:00:00,965.2,1019.2,19.1,9.9,55.0,3.7,30.0,6.2,30.0,0.0,1.0,2.52,,21.6,17.4,16.5,17.0,18.6,20.6,30.0,35.6,40.6,39.9,36.2,33.5,37.4,37.4,36.7,31.7,38.3,44.4
2025-01-06 12:00:00,964.3,1018.3,19.4,10.6,57.0,3.3,20.0,6.9,20.0,0.0,1.0,2.82,,,,,,,,30.0,35.7,40.7,39.9,36.2,33.5,37.4,37.4,36.7,31.7,38.3,44.4
2025-01-06 13:00:00,962.9,1016.9,19.1,10.3,56.0,3.6,10.0,7.3,350.0,0.0,1.0,2.79,,29.4,25.4,19.1,17.5,17.2,18.6,30.0,35.7,40.6,39.9,36.2,33.5,37.4,37.4,36.7,31.7,38.3,44.4
2025-01-06 14:00:00,962.1,1016.0,19.5,9.7,53.0,3.0,10.0,6.8,50.0,0.0,1.0,2.54,,24.1,19.1,17.7,17.4,18.5,20.6,30.0,35.7,40.7,39.9,36.2,33.5,37.4,37.4,36.7,31.7,38.3,44.4
2025-01-06 15:00:00,962.2,1016.1,19.1,10.0,55.0,3.2,360.0,5.7,30.0,0.0,1.0,2.02,,21.8,18.7,17.8,17.6,18.5,20.6,29.9,35.7,40.6,39.9,36.2,33.5,37.4,37.4,36.7,31.7,38.3,44.4
2025-01-06 16:00:00,962.5,1016.5,18.6,9.9,57.0,2.6,30.0,5.9,40.0,0.0,1.0,1.3,,19.7,18.2,17.8,17.7,18.5,20.6,29.8,35.6,40.7,39.9,36.2,33.5,37.4,37.4,36.7,31.7,38.3,44.4
2025-01-06 17:00:00,962.2,1016.6,16.5,9.5,63.0,2.2,20.0,4.8,60.0,0.0,0.6,0.53,,17.3,17.6,17.6,17.7,18.5,20.6,29.7,35.7,40.6,40.0,36.2,33.6,37.4,37.4,36.7,31.7,38.3,44.4
2025-01-06 18:00:00,963.7,1018.7,13.8,8.6,70.0,1.9,30.0,4.1,20.0,0.0,0.0,0.03,,14.7,16.9,17.4,17.8,18.5,20.6,29.6,35.7,40.6,40.0,36.2,33.6,37.4,37.4,36.7,31.7,38.3,44.4
2025-01-06 19:00:00,963.9,1019.1,12.8,8.0,72.0,2.2,30.0,5.6,40.0,0.0,0.0,0.0,,13.5,16.3,17.1,17.7,18.5,20.6,29.5,35.6,40.6,40.0,36.2,33.6,37.3,37.4,36.7,31.7,38.3,44.4
2025-01-06 20:00:00,964.3,1019.9,10.9,8.2,83.0,1.2,90.0,2.6,30.0,0.0,0.0,0.0,,11.7,15.6,16.7,17.6,18.5,20.6,29.4,35.5,40.6,40.1,36.2,33.6,37.3,37.4,36.7,31.7,38.3,44.4
2025-01-06 21:00:00,964.2,1019.9,10.8,8.0,82.0,1.0,10.0,2.6,10.0,0.0,0.0,0.0,,11.2,15.2,16.4,17.5,18.5,20.6,29.4,35.6,40.6,40.1,36.2,33.6,37.3,37.4,36.7,31.7,38.3,44.4
2025-01-06 22:00:00,964.4,1020.4,9.1,8.6,97.0,0.4,360.0,1.7,20.0,0.0,0.0,0.0,,11.0,14.9,16.1,17.3,18.5,20.6,29.3,35.5,40.6,40.1,36.2,33.6,37.3,37.4,36.7,31.7,38.3,44.4
2025-01-06 23:00:00,963.9,1020.0,8.5,8.2,98.0,0.0,0.0,1.4,330.0,0.0,0.0,0.0,,10.6,14.5,15.9,17.2,18.5,20.5,29.3,35.5,40.5,40.1,36.2,33.5,37.3,37.4,36.7,31.7,38.2,44.4
2025-01-07 00:00:00,964.0,1020.1,8.7,8.5,98.0,0.0,0.0,1.5,190.0,0.0,0.0,0.0,,10.2,14.3,15.6,17.0,18.5,20.5,,,,,,,,,,,,
2025-01-07 01:00:00,964.5,1020.5,9.1,9.1,99.0,0.5,30.0,1.7,100.0,0.0,0.0,0.0,,10.5,14.2,15.5,16.9,18.5,20.5,29.2,35.4,40.6,40.1,36.3,33.5,37.3,37.4,36.7,31.7,38.2,44.4
2025-01-07 02:00:00,964.1,1020.0,9.7,9.7,99.0,0.3,180.0,1.1,200.0,0.0,0.0,0.0,,11.3,14.1,15.3,16.8,18.5,20.5,29.1,35.4,40.5,40.1,36.3,33.5,37.4,37.4,36.7,31.7,38.2,44.4
2025-01-07 03:00:00,964.0,1019.8,9.8,9.7,99.0,0.0,0.0,0.6,230.0,0.0,0.0,0.0,,11.7,14.4,15.3,16.6,18.5,20.5,29.1,35.4,40.6,40.1,36.3,33.5,37.4,37.4,36.7,31.7,38.2,44.4
2025-01-07 04:00:00,963.8,1019.7,9.8,9.7,99.0,0.0,0.0,0.7,250.0,0.0,0.0,0.0,,11.5,14.3,15.3,16.6,18.5,20.5,29.1,35.4,40.5,40.0,36.3,33.5,37.4,37.4,36.7,31.7,38.2,44.4
2025-01-07 05:00:00,963.8,1019.7,9.2,8.9,97.0,0.0,0.0,1.0,60.0,0.0,0.0,0.0,,11.0,14.1,15.2,16.5,18.5,20.5,29.1,35.4,40.5,40.0,36.3,33.5,37.4,37.4,36.7,31.7,38.2,44.4
2025-01-07 06:00:00,964.0,1020.0,8.9,8.8,99.0,0.0,0.0,0.8,110.0,0.0,0.0,0.0,,10.6,14.0,15.1,16.4,18.5,20.5,29.0,35.4,40.5,40.0,36.3,33.5,37.4,37.4,36.7,31.7,38.2,44.4
2025-01-07 07:00:00,964.6,1020.8,8.4,7.9,96.0,0.0,0.0,1.0,330.0,0.0,0.0,0.01,,10.2,13.8,14.9,16.3,18.5,20.5,29.0,35.4,40.5,40.0,36.3,33.6,37.4,37.4,36.7,31.7,38.2,44.4
2025-01-07 08:00:00,965.3,1020.6,12.5,8.8,77.0,0.0,0.0,0.8,290.0,0.0,0.2,0.32,,12.8,14.1,14.9,16.3,18.4,20.5,29.0,35.4,40.5,40.0,36.3,33.6,37.4,37.4,36.7,31.7,38.2,44.4
2025-01-07 09:00:00,965.8,1020.4,16.3,6.2,51.0,1.4,160.0,2.3,170.0,0.0,1.0,0.8,,15.7,15.0,15.1,16.2,18.4,20.5,29.0,35.4,40.4,40.1,36.3,33.6,37.4,37.4,36.7,31.7,38.2,44.4
2025-01-07 10:00:00,966.0,1020.4,18.0,7.5,50.0,2.2,160.0,3.6,160.0,0.0,1.0,1.01,,18.2,15.8,15.4,16.2,18.4,20.5,29.0,35.4,40.5,40.1,36.3,33.6,37.4,37.4,36.7,31.7,38.2,44.4
2025-01-07 11:00:00,965.8,1019.8,20.1,11.0,55.0,3.3,200.0,6.8,210.0,0.0,1.0,2.29,,23.0,17.2,15.9,16.3,18.4,20.5,29.0,35.3,40.4,40.1,36.3,33.6,37.4,37.4,36.7,31.7,38.2,44.4
2025-01-07 12:00:00,964.8,1018.6,20.3,9.1,48.0,3.1,230.0,7.1,200.0,0.0,1.0,2.87,,33.5,0.0,0.0,0.0,0.0,0.0,29.0,35.4,40.4,40.1,36.3,33.6,37.4,37.4,36.7,31.7,38.2,44.4
2025-01-07 13:00:00,964.2,1018.0,19.8,9.9,52.0,3.6,240.0,8.1,230.0,0.0,1.0,2.77,,31.9,0.0,0.0,0.0,0.0,0.0,29.0,35.3,40.5,40.1,36.3,33.6,37.4,37.4,36.7,31.6,38.2,44.4
2025-01-07 14:00:00,963.9,1017.7,20.1,10.4,53.0,2.7,270.0,6.5,240.0,0.0,1.0,2.48,,29.5,25.9,19.5,17.7,17.0,0.0,29.0,35.2,40.4,40.1,36.3,33.6,37.4,37.4,36.7,31.7,38.2,44.4
2025-01-07 15:00:00,964.0,1017.8,19.9,10.4,54.0,2.2,260.0,5.3,280.0,0.0,1.0,1.92,,23.1,19.2,17.9,17.2,18.3,20.5,28.9,35.2,40.5,40.1,36.3,33.6,37.4,37.4,36.7,31.7,38.2,44.4
2025-01-07 16:00:00,964.3,1018.6,18.1,10.1,59.0,1.5,320.0,6.0,310.0,0.0,1.0,1.03,,20.6,18.6,17.9,17.4,18.3,20.5,28.8,35.3,40.4,40.1,36.3,33.6,37.4,37.4,36.7,31.7,38.2,44.4
2025-01-07 17:00:00,964.9,1019.3,17.2,10.8,65.0,1.5,10.0,3.9,350.0,0.0,0.0,0.21,,18.2,18.0,17.7,17.5,18.3,20.5,28.7,35.3,40.5,40.2,36.3,33.6,37.4,37.4,36.7,31.7,38.2,44.4
2025-01-07 18:00:00,965.3,1020.0,16.0,10.2,68.0,0.6,10.0,2.2,340.0,0.0,0.0,0.01,,16.7,17.4,17.5,17.6,18.3,20.5,28.7,35.3,40.5,40.1,36.3,33.6,37.4,37.4,36.7,31.7,38.1,44.4
2025-01-07 19:00:00,965.6,1020.4,15.5,10.5,71.0,0.3,330.0,1.6,340.0,0.0,0.0,0.0,,16.0,17.1,17.3,17.6,18.3,20.5,28.6,35.3,40.4,40.1,36.3,33.6,37.4,37.4,36.7,31.7,38.1,44.4
2025-01-07 20:00:00,966.1,1021.2,14.3,9.7,73.0,1.3,20.0,3.0,30.0,0.0,0.0,0.0,,15.6,16.8,17.1,17.6,18.3,20.5,28.5,35.2,40.4,40.1,36.3,33.6,37.4,37.4,36.7,31.7,38.1,44.4
2025-01-07 21:00:00,965.7,1020.7,13.9,9.6,75.0,1.0,350.0,2.6,310.0,0.0,0.0,0.0,,14.9,16.5,17.0,17.5,18.3,20.5,28.5,35.2,40.4,40.2,36.3,33.6,37.4,37.4,36.7,31.7,38.1,44.4
2025-01-07 22:00:00,965.5,1020.7,13.5,9.4,76.0,0.8,20.0,2.1,330.0,0.0,0.0,0.0,,14.5,16.3,16.8,17.5,18.3,20.5,28.4,35.1,40.4,40.1,36.3,33.6,37.4,37.4,36.7,31.7,38.1,44.4
2025-01-07 23:00:00,965.2,1020.4,13.2,9.3,77.0,0.9,40.0,2.0,50.0,0.0,0.0,0.0,,14.4,16.1,16.7,17.4,18.3,20.5,28.4,35.1,40.4,40.2,36.3,33.6,37.4,37.4,36.7,31.7,38.1,44.4
2025-01-08 00:00:00,964.9,1020.2,12.9,9.5,80.0,0.5,170.0,3.2,290.0,0.0,0.0,0.0,,14.2,16.0,16.6,17.3,18.3,20.5,,,,,,,,,,,,
2025-01-08 01:00:00,964.6,1019.9,12.6,10.0,84.0,0.4,270.0,1.4,290.0,0.0,0.0,0.0,,14.0,15.9,16.5,17.3,18.3,20.5,28.3,35.1,40.4,40.2,36.4,33.6,37.4,37.4,36.7,31.7,38.1,44.3
2025-01-08 02:00:00,964.3,1019.6,12.8,10.3,84.0,0.9,210.0,1.7,260.0,0.0,0.0,0.0,,14.1,15.8,16.4,17.2,18.3,20.5,28.3,35.0,40.4,40.2,36.4,33.6,37.4,37.4,36.7,31.7,38.1,44.4
2025-01-08 03:00:00,964.4,1019.6,13.0,11.3,89.0,0.0,0.0,1.7,110.0,0.0,0.0,0.0,,14.4,15.8,16.3,17.2,18.4,20.5,28.2,35.0,40.4,40.2,36.4,33.6,37.4,37.4,36.7,31.7,38.1,44.3
2025-01-08 04:00:00,964.7,1019.8,13.3,10.7,84.0,0.0,0.0,1.5,200.0,0.0,0.0,0.0,,14.4,15.8,16.3,17.1,18.4,20.5,28.2,35.0,40.4,40.2,36.4,33.6,37.4,37.4,36.7,31.7,38.1,44.3
2025-01-08 05:00:00,964.5,1019.7,13.2,11.0,86.0,0.9,110.0,2.1,340.0,0.0,0.0,0.0,,14.6,15.8,16.3,17.1,18.4,20.5,28.2,35.0,40.4,40.2,36.4,33.6,37.4,37.4,36.7,31.7,38.1,44.3
2025-01-08 06:00:00,965.1,1020.2,13.3,10.5,83.0,1.8,190.0,2.7,170.0,0.0,0.0,0.0,,14.5,15.8,16.2,17.0,18.4,20.5,28.2,35.0,40.4,40.2,36.4,33.6,37.4,37.4,36.7,31.7,38.1,44.3
2025-01-08 07:00:00,965.8,1021.1,13.0,11.9,92.0,0.9,20.0,2.3,210.0,0.0,0.0,0.0,,14.5,15.8,16.2,17.0,18.4,20.5,28.2,35.0,40.4,40.2,36.4,33.6,37.4,37.4,36.7,31.6,38.2,44.3
2025-01-08 08:00:00,966.2,1021.4,13.6,11.7,88.0,0.7,60.0,1.5,340.0,0.0,0.0,0.17,,15.4,15.9,16.2,17.0,18.4,20.5,28.1,35.0,40.3,40.2,36.4,33.6,37.4,37.4,36.7,31.6,38.2,44.3
2025-01-08 09:00:00,966.5,1021.6,14.6,10.5,75.0,0.0,0.0,2.0,50.0,0.0,0.2,0.42,,16.7,16.3,16.3,17.0,18.3,20.5,28.1,35.0,40.3,40.2,36.4,33.6,37.4,37.4,36.7,31.6,38.2,44.3
2025-01-08 10:00:00,966.3,1021.1,15.5,10.5,72.0,1.1,30.0,1.9,40.0,0.0,0.5,0.47,,17.3,16.6,16.4,17.0,18.3,20.5,28.1,34.9,40.3,40.2,36.4,33.6,37.4,37.4,36.7,31.6,38.2,44.3
2025-01-08 11:00:00,966.0,1020.4,17.6,10.8,64.0,1.5,40.0,3.0,50.0,0.0,1.0,1.6,,20.6,17.3,16.6,17.0,18.3,20.5,28.1,34.9,40.3,40.2,36.4,33.6,37.4,37.4,36.7,31.6,38.2,44.3
2025-01-08 12:00:00,965.0,1018.9,19.8,10.4,54.0,0.7,280.0,3.4,40.0,0.0,1.0,2.63,,31.6,0.0,0.0,0.0,0.0,0.0,28.0,34.9,40.3,40.2,36.4,33.7,37.4,37.4,36.7,31.6,38.2,44.3
2025-01-08 13:00:00,964.0,1017.7,20.6,11.4,55.0,2.3,230.0,4.5,210.0,0.0,1.0,2.54,,0.0,0.0,0.0,0.0,0.0,0.0,28.1,34.9,40.3,40.2,36.4,33.7,37.4,37.4,36.7,31.6,38.1,44.3
2025-01-08 14:00:00,963.6,1017.3,20.6,10.9,53.0,1.9,300.0,4.4,240.0,0.0,1.0,2.08,,28.8,25.5,19.8,18.1,17.4,0.0,28.1,34.9,40.3,40.3,36.4,33.7,37.4,37.4,36.7,31.6,38.2,44.3
2025-01-08 15:00:00,963.7,1017.6,19.1,12.8,67.0,2.7,310.0,5.6,320.0,0.0,1.0,1.83,,22.6,19.3,18.2,17.6,18.3,20.5,28.0,34.8,40.3,40.2,36.4,33.7,37.4,37.4,36.7,31.6,38.2,44.3
2025-01-08 16:00:00,964.2,1018.3,18.4,12.1,67.0,2.3,360.0,5.9,320.0,0.0,1.0,1.27,,20.6,18.8,18.2,17.8,18.3,20.5,27.9,34.8,40.3,40.2,36.4,33.7,37.4,37.4,36.7,31.6,38.2,44.3
2025-01-08 17:00:00,964.6,1019.2,16.3,12.3,76.0,1.7,10.0,4.0,330.0,0.0,0.2,0.35,,18.0,18.1,18.0,17.9,18.3,20.5,27.8,34.9,40.3,40.2,36.4,33.7,37.4,37.4,36.6,31.6,38.2,44.3
2025-01-08 18:00:00,965.2,1020.0,15.3,12.9,85.0,1.6,10.0,2.9,10.0,0.0,0.0,0.02,,16.7,17.6,17.8,17.9,18.3,20.4,27.7,34.9,40.2,40.2,36.4,33.7,37.4,37.4,36.6,31.6,38.1,44.3
2025-01-08 19:00:00,965.7,1020.7,14.7,13.1,90.0,0.6,30.0,2.6,30.0,0.0,0.0,0.0,,16.1,17.3,17.6,17.9,18.3,20.4,27.6,34.8,40.3,40.3,36.4,33.7,37.4,37.4,36.6,31.6,38.2,44.3
2025-01-08 20:00:00,966.3,1021.2,14.6,13.3,91.0,0.7,360.0,1.5,10.0,0.0,0.0,0.0,,15.7,17.1,17.4,17.8,18.4,20.4,27.6,34.7,40.3,40.3,36.4,33.7,37.4,37.4,36.7,31.6,38.1,44.3
2025-01-08 21:00:00,966.7,1021.7,14.5,13.4,93.0,0.0,0.0,1.6,340.0,0.0,0.0,0.0,,15.6,16.9,17.3,17.8,18.4,20.4,27.5,34.8,40.3,40.3,36.5,33.7,37.4,37.4,36.7,31.6,38.1,44.3
2025-01-08 22:00:00,966.9,1022.0,14.2,13.8,97.0,0.0,0.0,1.1,40.0,0.0,0.0,0.0,,15.5,16.8,17.2,17.7,18.4,20.4,27.5,34.7,40.3,40.3,36.5,33.6,37.4,37.4,36.6,31.6,38.1,44.2
2025-01-08 23:00:00,967.0,1022.1,13.8,13.8,99.0,0.4,240.0,1.0,260.0,0.0,0.0,0.0,,15.0,16.6,17.1,17.7,18.4,20.4,27.4,34.8,40.3,40.4,36.4,33.6,37.4,37.4,36.6,31.6,38.1,44.2
2025-01-09 00:00:00,966.7,1021.9,13.9,13.8,99.0,0.4,50.0,1.2,30.0,0.0,0.0,0.0,,15.1,16.5,17.0,17.6,18.4,20.4,,,,,,,,,,,,
2025-01-09 01:00:00,966.4,1021.7,13.3,13.2,99.0,0.9,30.0,1.9,40.0,0.0,0.0,0.0,,14.9,16.5,16.9,17.6,18.4,20.4,27.4,34.7,40.2,40.3,36.5,33.6,37.4,37.4,36.6,31.6,38.1,44.2
2025-01-09 02:00:00,966.0,1021.4,12.8,12.8,99.0,0.9,20.0,1.9,10.0,0.0,0.0,0.0,,14.6,16.3,16.8,17.5,18.4,20.4,27.4,34.7,40.2,40.4,36.5,33.6,37.4,37.4,36.6,31.6,38.1,44.2
2025-01-09 03:00:00,965.8,1021.2,12.5,12.5,99.0,1.4,40.0,3.4,40.0,0.0,0.0,0.0,,14.7,16.2,16.7,17.5,18.5,20.4,27.3,34.6,40.1,40.4,36.5,33.7,37.4,37.4,36.6,31.6,38.1,44.2
2025-01-09 04:00:00,965.8,1021.2,12.4,12.4,99.0,1.0,60.0,2.6,50.0,0.0,0.0,0.0,,14.7,16.2,16.7,17.4,18.5,20.4,27.3,34.6,40.1,40.4,36.5,33.7,37.4,37.4,36.6,31.6,38.1,44.2
2025-01-09 05:00:00,965.7,1021.1,12.4,12.4,99.0,1.7,50.0,3.3,40.0,0.0,0.0,0.0,,14.5,16.1,16.6,17.4,18.5,20.4,27.3,34.6,40.2,40.4,36.5,33.7,37.4,37.4,36.6,31.6,38.1,44.2
2025-01-09 06:00:00,966.0,1021.4,12.3,12.3,99.0,1.8,50.0,3.4,20.0,0.0,0.0,0.0,,14.3,16.0,16.5,17.3,18.5,20.4,27.2,34.6,40.1,40.4,36.5,33.7,37.4,37.4,36.6,31.6,38.1,44.2
2025-01-09 07:00:00,966.4,1021.8,12.4,12.3,99.0,2.1,40.0,3.6,30.0,0.0,0.0,0.01,,14.3,15.9,16.4,17.3,18.5,20.4,27.2,34.6,40.2,40.4,36.5,33.7,37.4,37.4,36.7,31.6,38.1,44.2
2025-01-09 08:00:00,966.8,1022.1,12.9,12.6,97.0,1.1,30.0,3.5,40.0,0.0,0.0,0.16,,15.1,16.0,16.4,17.2,18.5,20.4,27.2,34.6,40.1,40.4,36.5,33.7,37.4,37.4,36.6,31.6,38.1,44.2
2025-01-09 09:00:00,967.4,1022.7,13.9,10.7,81.0,2.6,30.0,4.7,50.0,0.0,0.7,0.63,,16.3,16.3,16.4,17.2,18.5,20.4,27.1,34.5,40.2,40.4,36.5,33.7,37.4,37.4,36.6,31.6,38.1,44.2
2025-01-09 10:00:00,967.3,1022.2,15.3,10.7,73.0,1.3,20.0,4.0,20.0,0.0,1.0,1.06,,18.8,16.9,16.6,17.2,18.5,20.4,27.2,34.5,40.1,40.3,36.5,33.7,37.5,37.4,36.6,31.6,38.1,44.2
2025-01-09 11:00:00,966.8,1021.4,16.6,10.0,64.0,2.6,360.0,4.9,30.0,0.0,1.0,1.56,,20.8,17.6,16.8,17.2,18.5,20.4,27.1,34.5,40.2,40.3,36.5,33.7,37.5,37.4,36.6,31.6,38.1,44.2
2025-01-09 12:00:00,965.8,1020.2,17.9,10.9,63.0,2.6,40.0,5.0,50.0,0.0,1.0,1.44,,21.1,17.9,17.1,17.3,18.5,20.4,27.1,34.5,40.2,40.4,36.5,33.7,37.5,37.4,36.6,31.6,38.1,44.2
2025-01-09 13:00:00,965.3,1019.7,17.0,10.8,66.0,2.6,20.0,4.4,20.0,0.0,1.0,1.23,,21.0,18.1,17.3,17.4,18.4,20.4,27.1,34.5,40.1,40.3,36.5,33.7,37.5,37.4,36.6,31.6,38.1,44.2
2025-01-09 14:00:00,964.8,1019.2,17.5,10.6,63.0,3.4,40.0,5.9,40.0,0.0,1.0,1.45,,21.4,18.3,17.4,17.5,18.4,20.4,27.1,34.5,40.1,40.3,36.5,33.7,37.5,37.4,36.6,31.6,38.1,44.2
2025-01-09 15:00:00,964.9,1019.5,16.0,10.0,67.0,3.4,40.0,5.9,40.0,0.0,1.0,0.95,,19.1,17.9,17.5,17.6,18.4,20.4,27.0,34.5,40.1,40.3,36.5,33.7,37.5,37.4,36.6,31.6,38.1,44.2
2025-01-09 16:00:00,965.5,1020.2,15.3,9.6,68.0,3.3,30.0,6.6,30.0,0.0,1.0,0.73,,17.9,17.6,17.4,17.6,18.4,20.4,27.0,34.5,40.1,40.4,36.5,33.7,37.5,37.4,36.6,31.6,38.1,44.2
2025-01-09 17:00:00,966.4,1021.6,13.3,8.8,74.0,2.9,30.0,6.7,30.0,0.0,0.1,0.27,,15.9,17.0,17.3,17.6,18.4,20.4,26.9,34.4,40.1,40.3,36.5,33.7,37.4,37.4,36.6,31.6,38.1,44.2
2025-01-09 18:00:00,967.0,1022.6,12.1,8.4,77.0,2.0,30.0,6.4,40.0,0.0,0.0,0.01,,14.7,16.5,17.1,17.6,18.4,20.4,26.8,34.4,40.0,40.4,36.5,33.7,37.4,37.4,36.6,31.6,38.1,44.2
2025-01-09 19:00:00,967.8,1023.5,11.5,8.4,81.0,1.8,30.0,6.1,50.0,0.0,0.0,0.0,,13.9,16.2,16.8,17.6,18.4,20.4,26.7,34.4,40.0,40.4,36.5,33.7,37.4,37.4,36.6,31.6,38.1,44.2
2025-01-09 20:00:00,969.0,1024.9,10.9,8.7,86.0,2.9,40.0,7.1,30.0,0.0,0.0,0.0,,13.6,15.9,16.6,17.5,18.4,20.4,26.6,34.4,40.0,40.4,36.5,33.7,37.4,37.4,36.6,31.6,38.1,44.2
2025-01-09 21:00:00,969.1,1025.0,10.6,8.7,88.0,3.6,40.0,7.3,20.0,0.0,0.0,0.0,,13.0,15.6,16.4,17.4,18.5,20.4,26.6,34.4,40.0,40.4,36.5,33.7,37.4,37.4,36.6,31.6,38.1,44.2
2025-01-09 22:00:00,969.6,1025.6,10.5,8.6,87.0,2.9,40.0,5.9,40.0,0.0,0.0,0.0,,13.0,15.4,16.3,17.3,18.5,20.4,26.5,34.3,40.0,40.4,36.5,33.7,37.4,37.4,36.6,31.6,38.1,44.2
2025-01-09 23:00:00,969.7,1025.9,9.5,7.9,89.0,2.8,40.0,5.9,70.0,0.0,0.0,0.0,,12.3,15.1,16.1,17.2,18.5,20.4,26.6,34.3,40.0,40.4,36.5,33.7,37.5,37.4,36.6,31.6,38.1,44.2
2025-01-10 00:00:00,970.2,1026.4,9.4,7.5,87.0,3.0,40.0,5.9,50.0,0.0,0.0,0.0,,12.2,15.0,15.9,17.1,18.5,20.4,,,,,,,,,,,,
2025-01-10 01:00:00,970.0,1026.3,9.3,7.0,85.0,4.4,40.0,8.3,50.0,0.0,0.0,0.0,,11.7,14.7,15.8,17.0,18.5,20.4,26.4,34.2,40.0,40.4,36.6,33.7,37.5,37.4,36.6,31.6,38.1,44.2
2025-01-10 02:00:00,969.8,1026.1,9.0,6.7,85.0,3.8,50.0,7.9,30.0,0.0,0.0,0.0,,11.5,14.5,15.6,16.9,18.5,20.4,26.4,34.2,40.0,40.4,36.6,33.7,37.5,37.4,36.6,31.6,38.1,44.2
2025-01-10 03:00:00,969.9,1026.3,8.9,6.8,86.0,2.9,50.0,7.3,60.0,0.0,0.0,0.0,,11.6,14.4,15.4,16.8,18.5,20.4,26.3,34.2,40.0,40.3,36.6,33.8,37.5,37.4,36.6,31.6,38.1,44.2
2025-01-10 04:00:00,969.6,1026.0,8.7,6.4,85.0,3.0,40.0,6.6,40.0,0.0,0.0,0.0,,11.3,14.2,15.3,16.7,18.5,20.4,26.3,34.2,40.0,40.3,36.6,33.7,37.5,37.4,36.6,31.6,38.1,44.2
2025-01-10 05:00:00,970.6,1027.0,8.5,5.9,83.0,3.7,40.0,7.2,30.0,0.0,0.0,0.0,,11.2,14.1,15.2,16.6,18.4,20.4,26.2,34.2,39.9,40.4,36.6,33.8,37.5,37.4,36.6,31.6,38.1,44.2
2025-01-10 06:00:00,970.9,1027.6,7.7,5.1,83.0,3.6,40.0,8.3,50.0,0.0,0.0,0.0,,10.5,13.9,15.0,16.5,18.4,20.4,26.2,34.2,39.9,40.3,36.6,33.8,37.5,37.4,36.6,31.5,38.1,44.2
2025-01-10 07:00:00,971.6,1028.3,7.6,4.9,82.0,3.5,40.0,6.8,40.0,0.0,0.0,0.01,,10.0,13.6,14.9,16.4,18.4,20.4,26.1,34.2,39.9,40.4,36.6,33.7,37.5,37.4,36.6,31.6,38.1,44.2
2025-01-10 08:00:00,972.3,1028.8,8.6,5.0,78.0,4.9,40.0,8.8,30.0,0.0,0.5,0.41,,10.4,13.5,14.7,16.3,18.4,20.4,26.0,34.1,39.9,40.3,36.6,33.8,37.5,37.4,36.6,31.5,38.1,44.2
2025-01-10 09:00:00,972.4,1028.7,10.4,5.6,72.0,3.6,40.0,9.4,40.0,0.0,1.0,1.24,,12.6,13.8,14.6,16.2,18.4,20.4,26.0,34.1,39.9,40.4,36.6,33.8,37.5,37.4,36.6,31.5,38.1,44.2
2025-01-10 10:00:00,972.4,1028.2,12.2,6.2,67.0,3.7,40.0,8.2,60.0,0.0,1.0,1.95,,15.8,14.6,14.8,16.1,18.4,20.4,26.1,34.1,39.9,40.4,36.6,33.7,37.5,37.4,36.6,31.5,38.1,44.2
2025-01-10 11:00:00,971.6,1027.1,13.5,6.6,63.0,3.4,30.0,8.2,40.0,0.0,1.0,2.45,,17.5,15.3,15.1,16.0,18.3,20.4,26.1,34.1,39.8,40.4,36.6,33.7,37.5,37.4,36.6,31.5,38.1,44.2
2025-01-10 12:00:00,970.6,1026.0,14.2,7.2,62.0,4.7,40.0,8.4,40.0,0.0,1.0,2.76,,20.3,16.2,15.4,16.1,18.3,20.4,26.2,34.1,39.9,40.4,36.6,33.7,37.5,37.4,36.6,31.6,38.1,44.2
2025-01-10 13:00:00,969.8,1024.9,15.2,7.1,58.0,4.3,40.0,8.9,40.0,0.0,1.0,2.76,,20.9,16.7,15.8,16.2,18.3,20.4,26.1,34.0,39.8,40.3,36.6,33.8,37.5,37.4,36.6,31.5,38.1,44.2
2025-01-10 14:00:00,969.0,1024.0,15.4,7.2,58.0,4.1,40.0,7.6,50.0,0.0,1.0,2.52,,19.9,16.7,16.0,16.3,18.2,20.4,26.1,34.0,39.8,40.4,36.6,33.8,37.5,37.4,36.6,31.5,38.1,44.1
2025-01-10 15:00:00,968.7,1023.8,14.6,6.9,59.0,3.4,30.0,7.6,50.0,0.0,1.0,2.01,,18.1,16.5,16.2,16.5,18.2,20.4,26.1,34.0,39.8,40.4,36.6,33.7,37.5,37.4,36.6,31.5,38.1,44.1
2025-01-10 16:00:00,969.1,1024.6,12.5,6.6,67.0,3.5,40.0,7.5,30.0,0.0,1.0,1.31,,15.4,15.9,16.2,16.6,18.2,20.4,26.0,34.0,39.9,40.3,36.6,33.7,37.5,37.4,36.6,31.5,38.1,44.1
2025-01-10 17:00:00,969.9,1026.0,10.3,6.0,74.0,2.7,30.0,8.3,40.0,0.0,0.6,0.53,,12.9,15.2,16.0,16.7,18.2,20.4,25.9,34.0,39.9,40.4,36.6,33.7,37.5,37.4,36.6,31.5,38.1,44.1
2025-01-10 18:00:00,970.4,1026.8,8.9,5.6,80.0,2.5,30.0,6.6,50.0,0.0,0.0,0.03,,11.1,14.5,15.7,16.7,18.2,20.4,25.8,34.0,39.9,40.4,36.6,33.8,37.5,37.4,36.6,31.5,38.1,44.1
2025-01-10 19:00:00,970.7,1027.2,8.6,5.8,82.0,3.1,50.0,6.5,60.0,0.0,0.0,0.0,,10.9,14.2,15.4,16.6,18.2,20.4,25.8,33.9,39.9,40.4,36.6,33.7,37.5,37.4,36.6,31.5,38.0,44.1
2025-01-10 20:00:00,971.3,1027.8,8.5,6.0,83.0,2.0,30.0,5.6,50.0,0.0,0.0,0.0,,10.9,14.0,15.1,16.5,18.1,20.4,25.6,33.9,39.8,40.4,36.6,33.7,37.5,37.4,36.6,31.5,38.0,44.1
2025-01-10 21:00:00,971.6,1028.2,8.5,6.0,83.0,2.2,40.0,4.8,50.0,0.0,0.0,0.0,,10.6,13.8,15.0,16.3,18.1,20.4,25.6,33.9,39.8,40.4,36.6,33.7,37.5,37.4,36.6,31.5,38.0,44.1
2025-01-10 22:00:00,971.7,1028.2,8.6,6.2,84.0,1.7,40.0,3.7,70.0,0.0,0.0,0.0,,10.8,13.7,14.8,16.2,18.1,20.4,25.5,33.9,39.8,40.4,36.6,33.7,37.4,37.4,36.7,31.5,38.0,44.1
2025-01-10 23:00:00,971.7,1028.1,8.7,6.5,86.0,1.4,40.0,3.0,50.0,0.0,0.0,0.0,,11.3,13.8,14.7,16.1,18.1,20.4,25.5,33.9,39.8,40.4,36.6,33.7,37.4,37.4,36.7,31.5,38.0,44.1
2025-01-11 00:00:00,971.3,1027.8,8.7,7.0,88.0,1.2,50.0,3.0,80.0,0.0,0.0,0.0,,11.2,13.7,14.7,16.0,18.1,20.4,,,,,,,,,,,,
2025-01-11 01:00:00,971.2,1027.6,8.8,7.0,88.0,1.0,70.0,2.1,30.0,0.0,0.0,0.0,,11.2,13.7,14.6,16.0,18.1,20.4,25.4,33.9,39.7,40.4,36.6,33.7,37.4,37.4,36.7,31.5,38.0,44.1
2025-01-11 02:00:00,971.2,1027.6,8.9,7.0,88.0,1.3,40.0,2.6,60.0,0.0,0.0,0.0,,11.3,13.7,14.6,15.9,18.1,20.4,25.3,33.8,39.7,40.3,36.6,33.7,37.4,37.4,36.7,31.5,38.0,44.1
2025-01-11 03:00:00,971.1,1027.5,8.7,7.3,90.0,1.7,60.0,3.2,20.0,0.0,0.0,0.0,,11.2,13.7,14.5,15.8,18.1,20.4,25.3,33.8,39.7,40.3,36.6,33.7,37.4,37.4,36.7,31.5,38.0,44.1
2025-01-11 04:00:00,970.8,1027.3,8.7,7.8,94.0,1.4,30.0,2.9,70.0,0.0,0.0,0.0,,11.0,13.6,14.5,15.8,18.1,20.4,25.3,33.7,39.7,40.4,36.6,33.7,37.4,37.4,36.7,31.5,38.0,44.1
2025-01-11 05:00:00,971.1,1027.6,8.7,7.5,92.0,1.2,20.0,2.3,10.0,0.0,0.0,0.0,,10.9,13.6,14.4,15.7,18.0,20.4,25.2,33.7,39.6,40.4,36.6,33.7,37.4,37.4,36.6,31.5,38.0,44.1
2025-01-11 06:00:00,971.1,1027.5,8.8,6.6,85.0,2.1,50.0,3.9,40.0,0.0,0.0,0.0,,10.6,13.4,14.4,15.7,18.0,20.3,25.2,33.7,39.7,40.4,36.6,33.7,37.5,37.4,36.6,31.5,38.0,44.1
2025-01-11 07:00:00,971.2,1027.6,8.6,6.3,85.0,1.8,50.0,3.2,60.0,0.0,0.0,0.01,,10.3,13.3,14.3,15.6,18.0,20.3,25.1,33.7,39.7,40.3,36.6,33.7,37.5,37.3,36.6,31.5,38.0,44.1
2025-01-11 08:00:00,971.9,1028.2,9.5,6.4,80.0,1.1,50.0,3.3,60.0,0.0,0.0,0.18,,11.6,13.4,14.2,15.6,18.0,20.3,25.1,33.6,39.7,40.4,36.6,33.7,37.5,37.3,36.6,31.5,38.0,44.1
2025-01-11 09:00:00,972.5,1028.7,10.6,7.1,78.0,1.4,50.0,3.8,50.0,0.0,0.8,0.47,,13.1,13.8,14.3,15.5,17.9,20.3,25.1,33.7,39.7,40.4,36.6,33.8,37.5,37.3,36.6,31.5,38.0,44.1
2025-01-11 10:00:00,972.4,1028.3,11.9,7.6,75.0,2.9,50.0,5.2,60.0,0.0,1.0,0.85,,14.8,14.2,14.4,15.5,17.9,20.3,25.1,33.6,39.7,40.4,36.6,33.8,37.5,37.4,36.6,31.5,38.0,44.1
2025-01-11 11:00:00,971.8,1027.3,14.0,8.2,68.0,1.8,20.0,4.9,20.0,0.0,1.0,2.32,,18.7,15.3,14.7,15.5,17.9,20.3,25.3,33.6,39.7,40.4,36.6,33.8,37.4,37.4,36.6,31.5,38.0,44.1
2025-01-11 12:00:00,971.0,1026.2,14.7,8.5,66.0,2.1,360.0,4.8,10.0,0.0,1.0,2.55,,22.0,16.5,15.3,15.6,17.9,20.3,25.4,33.7,39.7,40.4,36.6,33.8,37.4,37.4,36.6,31.5,38.0,44.1
2025-01-11 13:00:00,970.3,1025.5,14.6,8.3,65.0,3.0,10.0,6.6,20.0,0.0,1.0,2.22,,21.2,16.9,15.7,15.8,17.8,20.3,25.4,33.7,39.7,40.4,36.6,33.8,37.4,37.4,36.6,31.5,38.0,44.1
2025-01-11 14:00:00,970.2,1025.7,13.2,7.8,69.0,3.1,10.0,7.0,20.0,0.0,1.0,1.46,,18.2,16.4,15.9,16.0,17.8,20.3,25.3,33.7,39.7,40.4,36.6,33.8,37.5,37.4,36.6,31.5,38.0,44.1
2025-01-11 15:00:00,969.7,1025.2,12.9,7.4,69.0,2.8,30.0,8.1,50.0,0.0,1.0,1.47,,16.5,16.0,15.9,16.2,17.8,20.3,25.3,33.6,39.7,40.4,36.6,33.8,37.5,37.4,36.6,31.5,38.0,44.1
2025-01-11 16:00:00,969.7,1025.3,12.3,7.6,72.0,2.4,30.0,5.4,20.0,0.0,0.8,0.87,,15.9,15.9,15.9,16.3,17.8,20.3,25.2,33.6,39.6,40.4,36.6,33.8,37.5,37.4,36.6,31.5,38.0,44.1
2025-01-11 17:00:00,970.3,1026.1,11.5,7.3,75.0,2.0,30.0,4.8,30.0,0.0,0.0,0.18,,13.9,15.3,15.8,16.4,17.8,20.3,25.1,33.6,39.6,40.4,36.6,33.8,37.5,37.4,36.6,31.5,38.0,44.1
2025-01-11 18:00:00,970.9,1027.0,10.4,8.0,85.0,2.9,20.0,5.6,10.0,0.0,0.0,0.01,,12.8,14.9,15.6,16.4,17.8,20.3,25.1,33.6,39.6,40.4,36.6,33.7,37.5,37.4,36.6,31.5,38.0,44.1
2025-01-11 19:00:00,971.2,1027.4,9.9,8.5,90.0,2.2,20.0,6.2,10.0,0.0,0.0,0.0,,12.3,14.6,15.4,16.4,17.8,20.3,25.1,33.6,39.6,40.4,36.7,33.7,37.5,37.4,36.6,31.5,38.0,44.1
2025-01-11 20:00:00,971.7,1028.0,9.7,8.4,91.0,2.8,50.0,6.3,20.0,0.0,0.0,0.0,,12.0,14.4,15.3,16.3,17.8,20.3,25.0,33.5,39.6,40.4,36.7,33.8,37.5,37.4,36.6,31.5,38.0,44.1
2025-01-11 21:00:00,971.7,1028.1,9.5,8.5,93.0,2.8,30.0,6.7,40.0,0.0,0.0,0.0,,11.8,14.2,15.1,16.2,17.8,20.3,24.9,33.5,39.6,40.4,36.7,33.8,37.5,37.4,36.6,31.5,38.0,44.1
2025-01-11 22:00:00,971.9,1028.3,9.3,8.5,94.0,2.8,40.0,6.0,50.0,0.0,0.0,0.0,,11.5,14.0,15.0,16.1,17.8,20.3,24.8,33.5,39.6,40.4,36.6,33.8,37.5,37.4,36.6,31.5,38.0,44.1
2025-01-11 23:00:00,972.0,1028.4,9.0,8.4,96.0,2.6,50.0,6.1,30.0,0.0,0.0,0.0,,11.4,13.9,14.8,16.0,17.8,20.3,24.8,33.5,39.6,40.4,36.6,33.8,37.5,37.4,36.6,31.5,38.0,44.1
2025-01-12 00:00:00,971.5,1027.9,8.9,8.5,97.0,2.4,30.0,5.0,60.0,0.0,0.0,0.0,,11.3,13.8,14.7,16.0,17.8,20.3,,,,,,,,,,,,
2025-01-12 01:00:00,971.0,1027.5,8.7,8.4,97.0,1.7,50.0,4.7,40.0,0.0,0.0,0.0,,11.1,13.7,14.6,15.9,17.8,20.3,24.7,33.4,39.5,40.4,36.6,33.8,37.5,37.4,36.6,31.5,37.9,44.1
2025-01-12 02:00:00,970.5,1026.9,8.6,8.5,99.0,2.2,40.0,4.1,50.0,0.0,0.0,0.0,,11.0,13.6,14.6,15.8,17.8,20.3,24.6,33.4,39.5,40.4,36.6,33.8,37.5,37.4,36.6,31.5,37.9,44.1
2025-01-12 03:00:00,970.0,1026.4,8.3,8.2,99.0,0.0,0.0,3.7,70.0,0.0,0.0,0.0,,10.8,13.5,14.5,15.7,17.8,20.3,24.6,33.4,39.5,40.4,36.6,33.8,37.5,37.4,36.6,31.5,37.9,44.1
2025-01-12 04:00:00,970.1,1026.6,8.2,8.2,99.0,0.9,50.0,2.5,20.0,0.0,0.0,0.0,,10.9,13.5,14.4,15.7,17.8,20.3,24.5,33.4,39.5,40.4,36.6,33.8,37.5,37.4,36.6,31.5,37.9,44.1
2025-01-12 05:00:00,970.3,1026.9,8.1,7.7,97.0,1.9,50.0,3.4,50.0,0.0,0.0,0.0,,10.1,13.2,14.3,15.6,17.8,20.3,24.5,33.3,39.6,40.4,36.6,33.8,37.5,37.4,36.6,31.5,37.9,44.1
2025-01-12 06:00:00,970.7,1027.2,8.3,5.3,80.0,2.9,40.0,6.0,30.0,0.0,0.0,0.0,,9.7,13.0,14.2,15.5,17.7,20.2,24.5,33.3,39.5,40.4,36.7,33.8,37.5,37.4,36.6,31.5,37.9,44.1
2025-01-12 07:00:00,970.8,1027.4,8.0,5.5,84.0,1.8,40.0,6.0,60.0,0.0,0.0,0.01,,9.4,12.8,14.0,15.5,17.7,20.2,24.4,33.3,39.5,40.4,36.7,33.8,37.5,37.4,36.6,31.5,37.9,44.1
2025-01-12 08:00:00,971.4,1027.7,9.4,5.6,77.0,2.4,60.0,4.8,60.0,0.0,0.4,0.37,,10.4,12.8,13.9,15.4,17.7,20.2,24.4,33.2,39.5,40.4,36.7,33.8,37.5,37.4,36.6,31.5,37.9,44.0
2025-01-12 09:00:00,971.5,1027.5,11.2,6.1,70.0,3.1,40.0,6.0,40.0,0.0,1.0,1.13,,12.7,13.2,13.9,15.3,17.7,20.2,24.4,33.2,39.5,40.4,36.7,33.8,37.5,37.4,36.6,31.5,37.9,44.0
2025-01-12 10:00:00,971.4,1027.0,13.4,6.4,62.0,3.7,40.0,7.3,40.0,0.0,1.0,2.0,,16.5,14.1,14.1,15.2,17.7,20.2,24.4,33.2,39.6,40.4,36.7,33.8,37.5,37.4,36.6,31.5,37.9,44.0
2025-01-12 11:00:00,970.8,1026.1,14.1,5.7,56.0,3.4,360.0,7.2,20.0,0.0,1.0,2.52,,17.9,14.8,14.4,15.2,17.7,20.2,24.6,33.2,39.6,40.4,36.7,33.8,37.5,37.4,36.6,31.5,37.9,44.1
2025-01-12 12:00:00,969.9,1024.9,15.8,5.9,51.0,3.5,30.0,7.3,30.0,0.0,1.0,2.85,,22.0,16.1,14.9,15.3,17.6,20.2,24.7,33.2,39.6,40.4,36.7,33.8,37.5,37.4,36.6,31.5,37.9,44.1
2025-01-12 13:00:00,968.8,1023.5,16.9,3.0,39.0,3.2,30.0,7.4,40.0,0.0,1.0,2.88,,22.6,16.8,15.4,15.5,17.6,20.2,24.7,33.3,39.6,40.4,36.6,33.8,37.5,37.4,36.6,31.5,37.9,44.1
2025-01-12 14:00:00,967.9,1022.6,16.7,3.3,40.0,3.0,10.0,6.0,20.0,0.0,1.0,2.65,,22.4,17.1,15.8,15.7,17.6,20.2,24.7,33.4,39.5,40.4,36.7,33.8,37.5,37.4,36.6,31.5,37.9,44.1
2025-01-12 15:00:00,967.4,1022.1,16.4,3.6,42.0,2.8,20.0,6.4,10.0,0.0,1.0,2.16,,20.3,17.0,16.1,16.0,17.6,20.2,24.7,33.3,39.5,40.4,36.7,33.8,37.5,37.4,36.6,31.5,37.9,44.1
2025-01-12 16:00:00,967.7,1022.5,15.5,3.6,45.0,2.8,10.0,6.0,20.0,0.0,1.0,1.44,,18.1,16.6,16.2,16.2,17.6,20.2,24.6,33.3,39.5,40.5,36.7,33.8,37.5,37.4,36.7,31.5,37.9,44.1
2025-01-12 17:00:00,968.4,1023.6,13.6,1.2,42.0,3.2,20.0,6.1,20.0,0.0,0.7,0.62,,15.2,15.9,16.1,16.3,17.5,20.2,24.4,33.2,39.5,40.4,36.7,33.7,37.5,37.4,36.6,31.5,37.9,44.1
2025-01-12 18:00:00,969.2,1025.0,11.0,1.9,53.0,1.6,30.0,4.6,20.0,0.0,0.0,0.04,,11.6,14.8,15.7,16.4,17.5,20.2,24.3,33.2,39.4,40.5,36.7,33.7,37.5,37.4,36.6,31.5,37.9,44.1
2025-01-12 19:00:00,970.0,1026.1,9.7,2.0,58.0,2.0,40.0,4.0,20.0,0.0,0.0,0.0,,10.5,14.2,15.4,16.3,17.5,20.2,24.3,33.2,39.5,40.4,36.7,33.7,37.5,37.4,36.6,31.5,37.9,44.1
2025-01-12 20:00:00,969.9,1026.4,8.2,1.9,64.0,0.9,20.0,4.1,30.0,0.0,0.0,0.0,,9.2,13.5,15.0,16.2,17.6,20.2,24.2,33.1,39.5,40.5,36.7,33.7,37.5,37.4,36.6,31.4,37.9,44.1
2025-01-12 21:00:00,969.9,1026.8,6.4,2.3,75.0,0.7,30.0,1.4,10.0,0.0,0.0,0.0,,8.2,13.0,14.6,16.0,17.6,20.2,24.1,33.1,39.5,40.4,36.7,33.7,37.5,37.4,36.6,31.4,37.9,44.1
2025-01-12 22:00:00,969.7,1026.8,5.2,3.2,86.0,0.0,0.0,1.3,30.0,0.0,0.0,0.0,,7.7,12.6,14.3,15.8,17.6,20.2,24.0,33.1,39.4,40.4,36.7,33.7,37.5,37.4,36.6,31.4,37.9,44.1
2025-01-12 23:00:00,969.5,1026.7,4.8,3.5,91.0,0.0,0.0,0.7,210.0,0.0,0.0,0.0,,7.3,12.2,14.0,15.7,17.6,20.2,23.9,33.1,39.3,40.4,36.7,33.8,37.5,37.4,36.6,31.4,37.9,44.1
2025-01-13 00:00:00,969.1,1026.2,5.1,4.1,92.0,0.4,50.0,0.9,30.0,0.0,0.0,0.0,,7.0,11.9,13.7,15.5,17.6,20.2,,,,,,,,,,,,
2025-01-13 01:00:00,969.0,1026.2,5.0,4.3,94.0,0.0,0.0,1.3,20.0,0.0,0.0,0.0,,7.0,11.7,13.5,15.3,17.6,20.2,23.8,32.9,39.4,40.4,36.7,33.8,37.5,37.3,36.6,31.4,37.9,44.1
2025-01-13 02:00:00,968.8,1025.8,5.2,3.8,90.0,0.3,110.0,2.4,230.0,0.0,0.0,0.0,,7.0,11.6,13.3,15.1,17.6,20.1,23.8,32.9,39.4,40.4,36.7,33.8,37.5,37.3,36.6,31.4,37.9,44.1
2025-01-13 03:00:00,968.5,1025.2,6.9,3.2,77.0,1.1,230.0,3.0,170.0,0.0,0.0,0.0,,7.2,11.5,13.1,15.0,17.5,20.1,23.7,32.9,39.4,40.5,36.7,33.8,37.5,37.4,36.6,31.4,37.9,44.1
2025-01-13 04:00:00,968.4,1025.2,6.4,2.9,77.0,0.3,50.0,2.5,210.0,0.0,0.0,0.0,,7.2,11.4,13.0,14.8,17.5,20.1,23.6,32.8,39.4,40.5,36.7,33.8,37.5,37.4,36.6,31.4,37.9,44.1
2025-01-13 05:00:00,968.4,1025.3,6.0,2.2,76.0,0.3,160.0,1.4,180.0,0.0,0.0,0.0,,6.9,11.3,12.9,14.7,17.5,20.1,23.6,32.8,39.4,40.4,36.7,33.8,37.5,37.4,36.6,31.4,37.9,44.1
2025-01-13 06:00:00,968.7,1025.5,6.2,1.4,71.0,0.0,0.0,1.3,150.0,0.0,0.0,0.0,,6.7,11.1,12.7,14.6,17.5,20.1,23.5,32.8,39.4,40.4,36.7,33.8,37.5,37.4,36.6,31.4,37.9,44.0
2025-01-13 07:00:00,969.3,1026.2,6.2,0.0,63.0,1.0,160.0,2.1,150.0,0.0,0.0,0.01,,6.4,10.9,12.6,14.4,17.5,20.1,23.5,32.7,39.4,40.4,36.7,33.8,37.5,37.4,36.6,31.4,37.9,44.0
2025-01-13 08:00:00,969.9,1025.5,12.8,0.7,43.0,1.3,150.0,2.9,150.0,0.0,0.6,0.52,,7.9,11.1,12.5,14.3,17.4,20.1,23.5,32.7,39.3,40.5,36.7,33.8,37.5,37.4,36.6,31.4,37.9,44.0
2025-01-13 09:00:00,970.1,1025.0,16.3,2.5,39.0,1.2,160.0,2.9,150.0,0.0,1.0,1.37,,12.4,11.9,12.6,14.2,17.4,20.1,23.4,32.7,39.3,40.5,36.7,33.8,37.5,37.4,36.6,31.4,37.9,44.0
2025-01-13 10:00:00,969.9,1024.5,17.9,4.5,41.0,1.0,60.0,2.6,20.0,0.0,1.0,2.1,,19.1,13.8,13.0,14.2,17.3,20.1,23.7,32.6,39.2,40.4,36.7,33.8,37.5,37.4,36.6,31.4,37.9,44.0
2025-01-13 11:00:00,969.4,1023.9,18.4,6.1,44.0,1.3,340.0,3.5,260.0,0.0,1.0,2.57,,21.2,15.2,13.8,14.3,17.3,20.1,23.9,32.7,39.1,40.4,36.7,33.9,37.6,37.4,36.6,31.4,37.9,44.0
2025-01-13 12:00:00,968.5,1022.9,18.6,6.5,45.0,1.6,260.0,4.3,90.0,0.0,1.0,2.82,,30.7,25.7,16.8,14.5,0.0,0.0,24.1,32.8,39.1,40.4,36.6,33.8,37.5,37.4,36.6,31.4,37.9,44.0
2025-01-13 13:00:00,967.6,1022.0,18.6,6.2,44.0,1.7,270.0,4.2,220.0,0.0,1.0,2.82,,30.9,26.3,0.0,30.9,0.0,0.0,24.1,32.8,39.1,40.4,36.6,33.8,37.5,37.4,36.6,31.4,37.9,44.0
2025-01-13 14:00:00,967.1,1021.2,19.5,6.2,41.0,1.6,320.0,5.5,340.0,0.0,1.0,2.58,,29.0,25.1,18.0,16.0,0.0,0.0,24.1,33.0,39.2,40.4,36.6,33.8,37.5,37.4,36.6,31.4,37.9,44.0
2025-01-13 15:00:00,966.5,1020.5,19.7,6.7,42.0,2.0,350.0,4.5,340.0,0.0,1.0,2.1,,23.2,18.0,16.4,15.6,17.2,20.1,24.1,32.9,39.3,40.4,36.7,33.8,37.5,37.4,36.6,31.4,37.9,44.0
2025-01-13 16:00:00,966.4,1020.6,18.9,7.4,47.0,2.1,340.0,4.6,310.0,0.0,1.0,1.41,,20.6,17.6,16.6,15.9,17.1,20.1,24.0,32.9,39.3,40.4,36.6,33.8,37.5,37.4,36.6,31.4,37.9,43.9
2025-01-13 17:00:00,966.9,1021.4,17.0,7.4,53.0,1.9,340.0,4.2,340.0,0.0,0.7,0.62,,17.6,16.8,16.5,16.1,17.1,20.1,23.9,32.8,39.3,40.5,36.6,33.8,37.5,37.4,36.6,31.4,37.9,43.9
2025-01-13 18:00:00,967.4,1022.8,12.7,7.8,71.0,0.0,0.0,2.6,360.0,0.0,0.0,0.04,,13.9,15.8,16.2,16.2,17.1,20.1,23.8,32.8,39.3,40.4,36.7,33.8,37.5,37.3,36.6,31.4,37.9,43.9
2025-01-13 19:00:00,967.8,1023.6,10.9,8.4,84.0,0.4,170.0,1.0,160.0,0.0,0.0,0.0,,12.3,15.0,15.8,16.2,17.1,20.1,23.7,32.8,39.2,40.4,36.6,33.8,37.5,37.4,36.6,31.4,37.9,43.9
2025-01-13 20:00:00,968.1,1024.0,10.4,8.3,86.0,0.3,190.0,0.8,240.0,0.0,0.0,0.0,,11.8,14.6,15.5,16.2,17.1,20.1,23.7,32.8,39.2,40.4,36.6,33.8,37.5,37.4,36.6,31.4,37.9,43.9
2025-01-13 21:00:00,968.1,1024.2,9.5,7.8,88.0,0.0,0.0,1.4,170.0,0.0,0.0,0.0,,10.9,14.2,15.2,16.0,17.2,20.0,23.6,32.7,39.2,40.4,36.6,33.8,37.5,37.4,36.6,31.4,37.9,43.9
2025-01-13 22:00:00,968.3,1024.5,9.0,8.2,94.0,0.5,210.0,1.0,210.0,0.0,0.0,0.0,,10.7,13.8,14.9,15.9,17.2,20.0,23.5,32.7,39.2,40.4,36.6,33.8,37.5,37.4,36.6,31.4,37.9,43.9
2025-01-13 23:00:00,968.2,1024.3,9.4,8.1,91.0,0.9,210.0,1.6,190.0,0.0,0.0,0.0,,10.9,13.7,14.7,15.8,17.2,20.0,23.4,32.7,39.1,40.4,36.7,33.8,37.5,37.4,36.6,31.4,37.8,43.9
2025-01-14 00:00:00,967.9,1024.3,8.2,7.9,97.0,0.7,220.0,1.3,220.0,0.0,0.0,0.0,,10.0,13.4,14.5,15.7,17.2,20.0,,,,,,,,,,,,
2025-01-14 01:00:00,967.9,1024.3,8.0,7.6,97.0,0.0,0.0,1.6,170.0,0.0,0.0,0.0,,9.6,13.1,14.3,15.5,17.2,20.0,23.3,32.6,39.1,40.4,36.7,33.8,37.5,37.4,36.6,31.4,37.8,43.9
2025-01-14 02:00:00,967.8,1024.3,8.0,7.4,96.0,0.5,190.0,1.5,160.0,0.0,0.0,0.0,,9.5,12.9,14.1,15.4,17.2,20.0,23.3,32.5,39.1,40.4,36.7,33.8,37.5,37.4,36.6,31.4,37.8,43.9
2025-01-14 03:00:00,967.7,1024.3,7.5,7.3,99.0,0.0,0.0,1.3,190.0,0.0,0.0,0.0,,9.3,12.7,13.9,15.3,17.2,20.0,23.2,32.6,39.1,40.4,36.7,33.8,37.5,37.4,36.6,31.4,37.8,43.9
2025-01-14 04:00:00,967.7,1024.3,7.3,7.2,99.0,0.6,220.0,1.2,170.0,0.0,0.0,0.0,,9.1,12.5,13.8,15.2,17.2,20.0,23.1,32.5,39.1,40.4,36.7,33.9,37.5,37.4,36.6,31.4,37.8,43.9
2025-01-14 05:00:00,967.8,1024.4,7.1,7.1,99.0,0.5,230.0,1.4,180.0,0.0,0.0,0.0,,8.8,12.4,13.6,15.1,17.2,20.0,23.1,32.5,39.1,40.4,36.7,33.9,37.5,37.4,36.6,31.4,37.8,43.9
2025-01-14 06:00:00,968.1,1024.7,7.3,7.2,99.0,0.6,300.0,1.1,300.0,0.0,0.0,0.0,,8.8,12.2,13.5,14.9,17.2,20.0,23.1,32.4,39.2,40.4,36.7,33.9,37.5,37.4,36.6,31.4,37.8,43.9
2025-01-14 07:00:00,968.5,1025.1,7.3,7.1,98.0,0.4,250.0,1.4,220.0,0.0,0.0,0.01,,8.6,12.1,13.3,14.8,17.2,20.0,23.1,32.4,39.1,40.4,36.7,33.9,37.5,37.4,36.6,31.4,37.8,43.9
2025-01-14 08:00:00,969.2,1024.8,12.6,7.8,72.0,0.6,50.0,1.0,80.0,0.0,0.6,0.49,,9.9,12.3,13.3,14.7,17.2,20.0,23.0,32.3,39.1,40.4,36.7,33.9,37.5,37.4,36.6,31.4,37.8,43.9
2025-01-14 09:00:00,969.5,1024.0,18.0,7.4,49.0,0.3,320.0,1.3,180.0,0.0,1.0,1.31,,14.0,13.0,13.3,14.7,17.2,20.0,23.1,32.4,39.1,40.5,36.7,33.9,37.5,37.4,36.6,31.4,37.8,43.9
2025-01-14 10:00:00,969.5,1023.5,20.9,7.4,41.0,0.9,110.0,2.2,220.0,0.0,1.0,2.02,,20.8,14.9,13.8,14.6,17.1,20.0,23.2,32.4,39.0,40.4,36.7,33.9,37.5,37.4,36.6,31.4,37.8,43.9
2025-01-14 11:00:00,969.1,1023.3,20.0,9.9,52.0,1.4,260.0,4.3,220.0,0.0,1.0,2.5,,23.0,16.3,14.6,14.7,17.1,20.0,23.4,32.4,39.0,40.4,36.7,33.8,37.5,37.4,36.6,31.4,37.8,43.9
2025-01-14 12:00:00,968.3,1022.2,20.9,9.0,46.0,2.2,300.0,4.7,320.0,0.0,1.0,2.74,,32.1,0.0,0.0,0.0,0.0,0.0,23.5,32.5,39.0,40.4,36.7,33.8,37.5,37.4,36.6,31.4,37.8,43.9
2025-01-14 13:00:00,967.4,1021.2,20.8,9.1,47.0,2.6,300.0,5.2,280.0,0.0,1.0,2.68,,31.2,0.0,0.0,0.0,0.0,0.0,23.6,32.6,39.1,40.4,36.6,33.8,37.5,37.4,36.6,31.4,37.8,43.9
2025-01-14 14:00:00,966.6,1020.5,20.6,9.7,49.0,2.8,300.0,5.1,340.0,0.0,1.0,2.37,,28.8,25.5,18.7,16.6,0.0,0.0,23.6,32.5,39.1,40.4,36.7,33.8,37.5,37.4,36.6,31.4,37.8,43.9
2025-01-14 15:00:00,966.0,1019.8,20.5,9.6,49.0,2.2,330.0,4.8,300.0,0.0,1.0,2.01,,23.9,18.7,17.0,16.0,17.0,19.9,23.6,32.5,39.1,40.5,36.7,33.9,37.5,37.4,36.6,31.4,37.8,43.9
2025-01-14 16:00:00,966.5,1020.7,18.9,9.6,54.0,2.1,310.0,5.1,330.0,0.0,1.0,1.34,,21.5,18.3,17.2,16.3,17.0,19.9,23.5,32.5,39.0,40.4,36.7,33.9,37.5,37.4,36.6,31.4,37.8,43.9
2025-01-14 17:00:00,967.8,1022.5,16.8,11.8,72.0,0.7,360.0,5.5,320.0,0.0,0.3,0.41,,18.6,17.5,17.0,16.5,17.0,19.9,23.3,32.5,39.0,40.5,36.7,33.8,37.5,37.4,36.6,31.4,37.8,43.9
2025-01-14 18:00:00,968.1,1022.9,16.0,11.9,76.0,0.7,20.0,2.0,10.0,0.0,0.0,0.02,,16.9,17.0,16.9,16.7,17.0,19.9,23.3,32.5,39.0,40.4,36.7,33.8,37.5,37.4,36.6,31.4,37.8,43.9
2025-01-14 19:00:00,968.3,1023.3,14.8,12.5,85.0,0.5,150.0,1.5,30.0,0.0,0.0,0.0,,15.4,16.5,16.7,16.7,17.0,19.9,23.2,32.4,39.0,40.4,36.7,33.8,37.5,37.4,36.6,31.4,37.9,44.0
2025-01-14 20:00:00,968.6,1023.8,14.8,12.8,87.0,0.0,0.0,1.2,70.0,0.0,0.0,0.0,,15.6,16.3,16.4,16.7,17.1,19.9,23.1,32.4,39.0,40.4,36.7,33.8,37.5,37.3,36.6,31.4,37.9,43.9
2025-01-14 21:00:00,969.0,1024.1,15.0,13.4,90.0,0.9,180.0,1.4,200.0,0.0,0.0,0.0,,15.7,16.2,16.3,16.6,17.1,19.9,23.1,32.4,39.1,40.5,36.7,33.9,37.5,37.3,36.6,31.4,37.9,43.9
2025-01-14 22:00:00,969.6,1024.8,14.2,14.2,99.0,1.9,240.0,7.4,220.0,0.0,0.0,0.0,,15.0,15.9,16.2,16.6,17.1,19.9,23.0,32.3,39.1,40.4,36.7,33.9,37.5,37.3,36.6,31.4,37.9,43.9
2025-01-14 23:00:00,969.1,1024.4,14.1,14.0,99.0,1.1,190.0,3.5,220.0,0.0,0.0,0.0,,14.9,15.8,16.1,16.5,17.2,19.9,23.0,32.3,39.1,40.5,36.8,33.9,37.5,37.3,36.6,31.4,37.8,43.9
2025-01-15 00:00:00,969.3,1024.7,13.4,11.5,88.0,0.6,280.0,1.8,320.0,0.0,0.0,0.0,,14.8,15.7,16.0,16.5,17.2,19.9,,,,,,,,,,,,
2025-01-15 01:00:00,969.4,1025.2,11.5,9.9,89.0,0.5,210.0,2.8,240.0,1.0,0.0,0.0,,13.4,15.3,15.9,16.4,17.2,19.9,23.0,32.3,39.0,40.4,36.7,33.8,37.5,37.3,36.6,31.4,37.8,43.9
2025-01-15 02:00:00,969.4,1025.2,11.5,11.4,99.0,0.7,100.0,1.8,90.0,2.0,0.0,0.0,,13.3,15.0,15.7,16.4,17.2,19.9,23.0,32.3,39.0,40.4,36.7,33.9,37.5,37.3,36.6,31.3,37.8,43.9
2025-01-15 03:00:00,969.3,1025.2,10.9,10.9,99.0,1.6,70.0,2.8,60.0,1.5,0.0,0.0,,13.1,14.9,15.5,16.3,17.3,19.8,23.1,32.3,39.0,40.4,36.8,33.9,37.5,37.4,36.6,31.3,37.8,43.9
2025-01-15 04:00:00,968.9,1024.9,10.8,10.6,98.0,0.4,80.0,1.9,60.0,0.5,0.0,0.0,,12.9,14.8,15.4,16.2,17.3,19.8,23.2,32.3,39.0,40.4,36.8,33.9,37.5,37.4,36.6,31.3,37.8,43.9
2025-01-15 05:00:00,967.8,1023.6,11.2,11.2,99.0,1.5,50.0,2.9,80.0,0.5,0.0,0.0,,13.0,14.7,15.2,16.1,17.3,19.8,23.2,32.2,39.0,40.4,36.8,33.9,37.5,37.3,36.6,31.4,37.8,43.9
2025-01-15 06:00:00,967.0,1022.6,11.8,11.8,99.0,0.9,90.0,2.8,80.0,0.0,0.0,0.0,,13.3,14.7,15.2,16.1,17.3,19.8,23.3,32.2,38.9,40.4,36.8,33.8,37.5,37.3,36.6,31.4,37.8,43.9
2025-01-15 07:00:00,968.6,1024.2,12.7,12.6,99.0,1.5,30.0,3.3,70.0,0.0,0.0,0.0,,13.5,14.7,15.1,16.0,17.3,19.8,23.3,32.3,38.9,40.4,36.8,33.8,37.5,37.4,36.6,31.3,37.8,43.9
2025-01-15 08:00:00,968.8,1024.3,12.6,12.6,99.0,0.0,0.0,3.9,70.0,0.0,0.0,0.09,,14.2,14.8,15.1,15.9,17.3,19.8,23.4,32.2,38.9,40.4,36.8,33.8,37.5,37.4,36.6,31.4,37.8,43.9
2025-01-15 09:00:00,969.5,1025.1,12.4,12.4,99.0,2.5,20.0,5.4,20.0,0.5,0.0,0.25,,13.7,14.8,15.1,15.9,17.3,19.8,23.4,32.3,38.9,40.4,36.8,33.8,37.5,37.4,36.6,31.4,37.8,43.9
2025-01-15 10:00:00,969.9,1025.5,12.9,12.8,99.0,3.7,40.0,6.6,20.0,0.0,0.3,0.4,,14.1,14.9,15.1,15.9,17.3,19.8,23.5,32.3,38.9,40.3,36.8,33.8,37.5,37.4,36.6,31.4,37.8,43.9
2025-01-15 11:00:00,969.5,1025.2,12.3,12.3,99.0,3.2,30.0,7.7,40.0,0.0,0.3,0.34,,13.7,14.8,15.1,15.9,17.3,19.8,23.6,32.2,38.9,40.4,36.8,33.8,37.5,37.4,36.6,31.4,37.8,43.9
2025-01-15 12:00:00,968.7,1024.4,11.8,11.7,99.0,3.9,30.0,9.1,30.0,0.0,0.4,0.43,,13.2,14.7,15.1,15.9,17.3,19.8,23.6,32.2,38.9,40.4,36.8,33.8,37.5,37.4,36.6,31.4,37.8,43.9
2025-01-15 13:00:00,967.9,1023.6,11.6,11.5,99.0,3.0,30.0,7.8,70.0,0.0,0.5,0.44,,13.3,14.7,15.1,15.8,17.3,19.8,23.7,32.2,38.9,40.4,36.8,33.8,37.5,37.4,36.6,31.4,37.8,43.9
2025-01-15 14:00:00,967.6,1023.2,11.8,10.9,94.0,4.1,40.0,8.8,40.0,0.0,0.9,0.62,,13.1,14.6,15.0,15.8,17.3,19.8,23.8,32.2,38.9,40.4,36.8,33.9,37.5,37.4,36.6,31.4,37.8,43.9
2025-01-15 15:00:00,967.1,1022.7,12.0,10.3,89.0,4.2,40.0,9.1,30.0,0.0,1.0,0.61,,13.1,14.5,15.0,15.8,17.3,19.8,23.8,32.2,38.9,40.4,36.8,33.9,37.5,37.4,36.6,31.4,37.8,43.9
2025-01-15 16:00:00,967.8,1023.5,11.3,9.7,90.0,4.4,30.0,9.4,40.0,0.0,0.6,0.45,,12.3,14.3,14.9,15.8,17.3,19.8,23.8,32.2,38.9,40.4,36.8,33.9,37.5,37.4,36.6,31.4,37.8,43.9
2025-01-15 17:00:00,967.7,1023.5,10.7,9.7,93.0,3.5,30.0,9.4,50.0,0.0,0.4,0.37,,12.1,14.2,14.8,15.8,17.3,19.8,23.8,32.2,38.9,40.4,36.8,33.9,37.5,37.4,36.6,31.4,37.8,43.9
2025-01-15 18:00:00,968.2,1024.2,10.0,9.5,96.0,3.4,40.0,6.7,30.0,0.0,0.0,0.05,,11.1,13.9,14.7,15.7,17.3,19.8,23.8,32.1,38.9,40.4,36.8,33.9,37.5,37.4,36.6,31.4,37.8,43.9
2025-01-15 19:00:00,968.5,1024.6,9.6,8.8,94.0,2.7,40.0,6.2,50.0,0.0,0.0,0.0,,10.6,13.6,14.5,15.7,17.3,19.8,23.8,32.2,38.8,40.4,36.8,33.9,37.5,37.4,36.6,31.4,37.8,43.9
2025-01-15 20:00:00,968.7,1024.9,9.3,8.0,91.0,2.2,30.0,5.0,60.0,0.0,0.0,0.0,,10.4,13.4,14.4,15.6,17.3,19.8,23.8,32.1,38.9,40.4,36.8,33.9,37.5,37.4,36.6,31.4,37.8,43.9
2025-01-15 21:00:00,969.1,1025.4,9.2,7.0,86.0,2.7,40.0,6.6,60.0,0.0,0.0,0.0,,10.0,13.1,14.2,15.5,17.3,19.8,23.8,32.0,38.9,40.4,36.8,33.9,37.5,37.4,36.6,31.4,37.8,43.9
2025-01-15 22:00:00,969.3,1025.6,8.6,6.9,89.0,2.8,30.0,5.7,50.0,0.0,0.0,0.0,,9.4,12.9,14.0,15.4,17.3,19.8,23.8,32.0,38.8,40.3,36.9,33.9,37.5,37.4,36.6,31.4,37.8,43.9
2025-01-15 23:00:00,968.8,1025.2,8.5,7.0,90.0,2.1,40.0,6.1,30.0,0.0,0.0,0.0,,9.6,12.7,13.8,15.3,17.3,19.8,23.9,32.0,38.8,40.3,36.8,33.9,37.5,37.4,36.6,31.4,37.8,43.9
2025-01-16 00:00:00,969.0,1025.3,8.7,7.0,88.0,1.6,40.0,4.2,40.0,0.0,0.0,0.0,,10.0,12.8,13.7,15.2,17.2,19.8,,,,,,,,,,,,
2025-01-16 01:00:00,968.7,1025.1,8.7,6.9,88.0,2.5,30.0,4.8,30.0,0.0,0.0,0.0,,10.3,12.8,13.7,15.1,17.2,19.8,23.9,31.9,38.9,40.3,36.8,33.9,37.5,37.4,36.7,31.4,37.8,43.9
2025-01-16 02:00:00,968.1,1024.6,8.1,6.7,90.0,2.0,50.0,4.3,20.0,0.0,0.0,0.0,,9.7,12.6,13.6,15.0,17.2,19.8,23.9,31.9,38.8,40.4,36.8,33.9,37.5,37.4,36.7,31.4,37.8,43.9
2025-01-16 03:00:00,967.9,1024.4,7.8,6.4,90.0,0.5,30.0,3.3,60.0,0.0,0.0,0.0,,9.6,12.5,13.5,14.9,17.2,19.8,24.0,31.9,38.9,40.4,36.8,33.9,37.5,37.4,36.7,31.4,37.8,43.9
2025-01-16 04:00:00,967.9,1024.4,7.6,5.7,88.0,1.7,50.0,3.4,40.0,0.0,0.0,0.0,,9.0,12.3,13.4,14.8,17.2,19.7,23.9,31.9,38.8,40.4,36.8,33.9,37.5,37.4,36.7,31.4,37.8,43.9
2025-01-16 05:00:00,968.1,1024.6,7.6,5.5,86.0,1.7,40.0,3.7,40.0,0.0,0.0,0.0,,9.3,12.3,13.3,14.7,17.2,19.7,23.9,31.9,38.8,40.4,36.7,33.9,37.5,37.4,36.6,31.4,37.8,43.9
2025-01-16 06:00:00,968.7,1025.2,8.0,5.2,82.0,1.7,40.0,4.2,40.0,0.0,0.0,0.0,,9.6,12.2,13.2,14.7,17.1,19.7,23.9,31.9,38.7,40.3,36.8,33.9,37.5,37.4,36.7,31.4,37.8,43.9
2025-01-16 07:00:00,969.3,1025.8,8.1,5.3,82.0,1.5,40.0,4.0,60.0,0.0,0.0,0.01,,9.7,12.2,13.1,14.6,17.1,19.7,23.9,31.8,38.7,40.3,36.8,33.9,37.5,37.3,36.6,31.4,37.8,43.9
2025-01-16 08:00:00,969.6,1026.0,8.5,5.2,79.0,2.6,50.0,4.5,40.0,0.0,0.0,0.11,,10.2,12.3,13.1,14.5,17.1,19.7,23.9,31.8,38.6,40.3,36.8,33.9,37.5,37.4,36.6,31.4,37.8,43.8
2025-01-16 09:00:00,969.7,1026.0,9.3,4.9,73.0,1.9,20.0,4.2,40.0,0.0,0.0,0.29,,11.2,12.5,13.1,14.5,17.1,19.7,23.9,31.8,38.6,40.3,36.7,33.9,37.5,37.4,36.6,31.4,37.8,43.8
2025-01-16 10:00:00,969.4,1025.3,11.1,5.5,68.0,2.0,40.0,4.7,60.0,0.0,1.0,0.7,,12.6,12.8,13.2,14.4,17.0,19.7,24.0,31.8,38.6,40.4,36.7,33.9,37.6,37.4,36.6,31.4,37.8,43.8
2025-01-16 11:00:00,968.9,1024.6,12.2,6.0,65.0,1.9,10.0,3.1,30.0,0.0,1.0,1.11,,14.8,13.5,13.4,14.4,17.0,19.7,24.1,31.8,38.6,40.4,36.7,33.9,37.6,37.4,36.6,31.4,37.8,43.8
2025-01-16 12:00:00,968.5,1024.1,12.7,6.7,66.0,1.8,10.0,4.2,50.0,0.0,1.0,0.84,,14.9,13.8,13.7,14.5,17.0,19.7,24.2,31.9,38.6,40.3,36.7,33.9,37.6,37.4,36.6,31.4,37.8,43.8
2025-01-16 13:00:00,968.0,1023.4,13.1,7.0,66.0,2.8,40.0,5.8,60.0,0.0,1.0,0.88,,15.1,13.9,13.8,14.6,17.0,19.7,24.2,31.9,38.6,40.3,36.7,33.9,37.5,37.4,36.6,31.4,37.7,43.8
2025-01-16 14:00:00,967.2,1022.6,13.0,7.4,68.0,2.8,40.0,6.7,30.0,0.0,1.0,0.73,,14.6,14.0,14.0,14.7,16.9,19.7,24.2,31.9,38.6,40.4,36.8,33.9,37.5,37.4,36.6,31.4,37.8,43.8
2025-01-16 15:00:00,966.9,1022.4,12.2,6.6,68.0,3.8,20.0,7.8,40.0,0.0,0.9,0.51,,13.8,13.9,14.1,14.7,16.9,19.7,24.3,31.9,38.6,40.4,36.8,33.9,37.5,37.4,36.6,31.4,37.7,43.8
2025-01-16 16:00:00,967.3,1023.0,11.3,7.1,75.0,3.0,30.0,8.1,20.0,0.0,0.1,0.34,,12.9,13.7,14.1,14.8,16.9,19.7,24.3,31.9,38.6,40.4,36.8,33.8,37.5,37.4,36.6,31.3,37.7,43.8
2025-01-16 17:00:00,968.0,1024.0,10.4,7.0,79.0,3.5,30.0,7.5,30.0,0.0,0.0,0.18,,12.1,13.5,14.0,14.9,16.9,19.7,24.2,31.9,38.6,40.3,36.7,33.9,37.5,37.4,36.6,31.3,37.7,43.8
2025-01-16 18:00:00,968.4,1024.5,9.9,7.3,83.0,1.9,40.0,7.0,30.0,0.0,0.0,0.02,,11.5,13.3,13.9,14.9,16.9,19.7,24.2,31.9,38.6,40.4,36.7,33.9,37.5,37.4,36.6,31.3,37.7,43.8
2025-01-16 19:00:00,968.8,1025.0,8.7,7.8,93.0,2.5,30.0,4.2,20.0,0.0,0.0,0.0,,10.3,13.0,13.8,14.8,16.8,19.7,24.2,31.9,38.6,40.4,36.7,33.8,37.6,37.4,36.6,31.3,37.7,43.8
2025-01-16 20:00:00,969.1,1025.6,7.8,7.7,98.0,0.5,10.0,4.0,40.0,0.0,0.0,0.0,,9.7,12.7,13.7,14.8,16.8,19.7,24.2,31.9,38.6,40.3,36.7,33.8,37.6,37.5,36.6,31.3,37.7,43.8
2025-01-16 21:00:00,969.2,1026.0,6.7,6.6,99.0,0.0,0.0,1.1,320.0,0.0,0.0,0.0,,8.7,12.3,13.5,14.7,16.8,19.7,24.1,31.9,38.6,40.3,36.7,33.8,37.6,37.5,36.6,31.3,37.7,43.8
2025-01-16 22:00:00,969.3,1026.1,6.7,6.7,99.0,0.3,30.0,0.9,80.0,0.0,0.0,0.0,,8.6,12.1,13.3,14.7,16.8,19.7,24.2,31.9,38.6,40.3,36.7,33.8,37.6,37.5,36.6,31.3,37.7,43.8
2025-01-16 23:00:00,969.3,1026.0,7.5,7.5,99.0,1.5,40.0,2.9,40.0,0.0,0.0,0.0,,8.8,12.0,13.1,14.5,16.8,19.7,24.0,31.9,38.6,40.3,36.7,33.8,37.6,37.5,36.6,31.3,37.7,43.8
2025-01-17 00:00:00,969.0,1025.6,7.6,7.6,99.0,0.0,0.0,2.6,20.0,0.0,0.0,0.0,,9.6,12.2,13.1,14.4,16.8,19.7,,,,,,,,,,,,
2025-01-17 01:00:00,968.8,1025.2,8.4,8.3,99.0,0.6,30.0,2.2,20.0,0.0,0.0,0.0,,10.3,12.3,13.0,14.4,16.8,19.7,24.0,31.8,38.6,40.4,36.7,33.9,37.5,37.5,36.7,31.3,37.7,43.9
2025-01-17 02:00:00,968.4,1025.0,7.8,7.8,99.0,1.7,50.0,3.0,50.0,0.0,0.0,0.0,,9.3,12.1,13.0,14.3,16.8,19.7,24.0,31.8,38.5,40.3,36.7,33.9,37.5,37.5,36.7,31.3,37.7,43.9
2025-01-17 03:00:00,968.0,1024.5,8.0,8.0,99.0,0.9,40.0,2.9,40.0,0.0,0.0,0.0,,9.8,12.1,12.9,14.3,16.8,19.7,24.0,31.8,38.5,40.3,36.8,33.8,37.5,37.5,36.7,31.3,37.7,43.9
2025-01-17 04:00:00,968.0,1024.4,8.1,7.8,98.0,2.1,60.0,4.6,40.0,0.0,0.0,0.0,,9.7,12.1,12.9,14.2,16.7,19.7,24.0,31.8,38.5,40.3,36.7,33.8,37.5,37.5,36.7,31.3,37.7,43.9
2025-01-17 05:00:00,968.1,1024.8,7.1,7.1,99.0,1.4,50.0,3.1,60.0,0.0,0.0,0.0,,8.9,11.9,12.8,14.2,16.7,19.7,24.0,31.8,38.5,40.3,36.7,33.8,37.5,37.4,36.7,31.3,37.7,43.9
2025-01-17 06:00:00,968.7,1025.4,6.9,6.9,99.0,1.4,40.0,4.1,30.0,0.0,0.0,0.0,,8.5,11.7,12.7,14.1,16.7,19.6,24.0,31.7,38.4,40.4,36.7,33.8,37.5,37.4,36.6,31.3,37.7,43.9
2025-01-17 07:00:00,968.9,1025.5,7.1,7.1,99.0,1.3,50.0,3.4,40.0,0.0,0.0,0.01,,8.7,11.6,12.6,14.0,16.7,19.6,24.0,31.8,38.5,40.3,36.7,33.8,37.5,37.4,36.6,31.3,37.7,43.9
2025-01-17 08:00:00,968.7,1025.1,8.4,8.3,99.0,0.9,90.0,2.5,60.0,0.0,0.5,0.44,,9.5,11.7,12.6,14.0,16.7,19.6,24.0,31.7,38.4,40.3,36.7,33.8,37.5,37.4,36.6,31.3,37.7,43.9
2025-01-17 09:00:00,968.6,1024.5,10.5,7.8,83.0,1.5,40.0,3.2,80.0,0.0,1.0,1.27,,11.6,12.0,12.6,13.9,16.6,19.6,24.0,31.8,38.4,40.3,36.7,33.8,37.6,37.4,36.6,31.3,37.7,43.9
2025-01-17 10:00:00,968.0,1023.5,13.1,7.2,67.0,2.3,30.0,4.6,40.0,0.0,1.0,2.04,,15.7,13.1,12.8,13.9,16.6,19.6,24.2,31.7,38.3,40.4,36.7,33.8,37.6,37.4,36.6,31.3,37.7,43.9
2025-01-17 11:00:00,967.4,1022.4,14.8,7.4,61.0,2.8,20.0,5.0,10.0,0.0,1.0,2.56,,17.7,14.0,13.3,13.9,16.6,19.6,24.3,31.8,38.4,40.4,36.7,33.8,37.6,37.4,36.6,31.3,37.7,43.9
2025-01-17 12:00:00,966.5,1021.3,15.5,7.3,58.0,2.7,350.0,5.2,330.0,0.0,1.0,2.86,,22.1,15.4,13.9,14.1,16.6,19.6,24.5,31.8,38.4,40.3,36.7,33.8,37.6,37.4,36.6,31.3,37.7,43.9
2025-01-17 13:00:00,965.2,1019.7,16.9,7.6,54.0,2.5,10.0,5.4,330.0,0.0,1.0,2.87,,23.4,16.4,14.6,14.3,16.5,19.6,24.6,32.0,38.4,40.2,36.7,33.8,37.6,37.4,36.6,31.3,37.7,43.8
2025-01-17 14:00:00,964.6,1018.9,17.3,7.9,53.0,2.7,360.0,5.0,50.0,0.0,1.0,2.64,,22.4,16.6,15.1,14.6,16.5,19.6,24.6,32.0,38.5,40.2,36.7,33.8,37.6,37.4,36.6,31.3,37.7,43.8
2025-01-17 15:00:00,964.7,1019.1,16.8,7.3,53.0,2.7,350.0,5.4,30.0,0.0,1.0,2.14,,20.5,16.6,15.4,14.9,16.5,19.6,24.6,32.1,38.5,40.3,36.7,33.8,37.6,37.4,36.6,31.3,37.7,43.8
2025-01-17 16:00:00,964.9,1019.6,16.1,7.1,55.0,2.6,10.0,5.2,320.0,0.0,1.0,1.42,,18.4,16.3,15.6,15.2,16.5,19.6,24.5,32.2,38.6,40.3,36.7,33.8,37.6,37.4,36.6,31.3,37.7,43.8
2025-01-17 17:00:00,965.4,1020.3,14.6,7.4,61.0,2.2,20.0,4.6,30.0,0.0,0.7,0.6,,15.8,15.7,15.5,15.4,16.5,19.6,24.5,32.1,38.6,40.3,36.7,33.8,37.6,37.4,36.6,31.4,37.7,43.8
2025-01-17 18:00:00,965.5,1021.0,11.8,7.4,74.0,1.1,30.0,3.3,20.0,0.0,0.0,0.05,,12.6,14.8,15.3,15.5,16.5,19.6,24.5,32.1,38.6,40.3,36.7,33.8,37.6,37.4,36.6,31.4,37.7,43.8
2025-01-17 19:00:00,965.9,1021.9,9.3,7.1,86.0,0.3,20.0,1.8,30.0,0.0,0.0,0.0,,10.9,14.1,14.9,15.5,16.5,19.6,24.4,32.1,38.6,40.4,36.7,33.8,37.6,37.4,36.6,31.4,37.7,43.8
2025-01-17 20:00:00,966.0,1022.2,8.2,7.6,96.0,0.0,0.0,0.8,330.0,0.0,0.0,0.0,,9.7,13.5,14.6,15.4,16.5,19.6,24.3,32.1,38.6,40.3,36.7,33.8,37.6,37.4,36.6,31.4,37.7,43.8
2025-01-17 21:00:00,965.9,1022.3,7.6,7.2,97.0,0.0,0.0,0.6,200.0,0.0,0.0,0.0,,9.2,13.1,14.2,15.3,16.5,19.6,24.2,32.0,38.6,40.4,36.7,33.8,37.6,37.4,36.6,31.4,37.7,43.8
2025-01-17 22:00:00,965.6,1022.1,7.2,7.1,99.0,0.6,190.0,1.2,170.0,0.0,0.0,0.0,,8.9,12.7,13.9,15.1,16.5,19.6,24.1,31.9,38.6,40.4,36.7,33.8,37.5,37.4,36.6,31.4,37.7,43.8
2025-01-17 23:00:00,965.5,1022.0,6.9,6.8,99.0,0.3,170.0,1.2,170.0,0.0,0.0,0.0,,8.7,12.4,13.7,15.0,16.6,19.5,24.1,31.9,38.6,40.4,36.7,33.8,37.5,37.4,36.6,31.4,37.7,43.8
2025-01-18 00:00:00,965.7,1022.0,7.7,7.5,98.0,0.0,0.0,2.5,170.0,0.0,0.0,0.0,,9.3,12.4,13.5,14.8,16.6,19.5,,,,,,,,,,,,
2025-01-18 01:00:00,965.6,1021.8,8.4,7.8,95.0,0.3,120.0,3.2,170.0,0.0,0.0,0.0,,9.1,12.2,13.3,14.7,16.6,19.5,24.1,31.9,38.5,40.4,36.7,33.8,37.5,37.4,36.6,31.4,37.7,43.8
2025-01-18 02:00:00,964.8,1021.1,8.2,7.8,97.0,0.9,50.0,1.8,340.0,0.0,0.0,0.0,,9.2,12.2,13.2,14.6,16.6,19.5,24.1,31.8,38.5,40.4,36.7,33.8,37.5,37.4,36.6,31.4,37.7,43.8
2025-01-18 03:00:00,964.9,1021.2,7.8,7.8,99.0,0.4,220.0,1.5,290.0,0.0,0.0,0.0,,9.2,12.0,13.1,14.4,16.6,19.5,24.0,31.9,38.5,40.3,36.7,33.8,37.5,37.4,36.6,31.4,37.7,43.8
2025-01-18 04:00:00,965.0,1020.7,11.0,8.3,83.0,1.0,220.0,2.6,200.0,0.0,0.0,0.0,,11.1,12.4,13.0,14.3,16.6,19.5,23.9,31.8,38.4,40.4,36.7,33.8,37.5,37.4,36.6,31.4,37.7,43.8
2025-01-18 05:00:00,965.2,1020.9,10.9,9.6,91.0,0.0,0.0,2.6,110.0,0.0,0.0,0.0,,11.6,12.6,13.1,14.3,16.6,19.5,24.0,31.8,38.5,40.3,36.7,33.8,37.5,37.4,36.6,31.3,37.7,43.8
2025-01-18 06:00:00,965.4,1021.1,10.9,9.5,91.0,0.0,0.0,2.1,110.0,0.0,0.0,0.0,,11.6,12.8,13.2,14.2,16.6,19.5,24.0,31.8,38.5,40.3,36.7,33.8,37.5,37.4,36.6,31.3,37.7,43.8
2025-01-18 07:00:00,965.0,1020.6,11.0,9.9,92.0,0.3,70.0,1.5,290.0,0.0,0.0,0.01,,11.7,12.8,13.2,14.2,16.5,19.5,24.1,31.8,38.4,40.3,36.7,33.8,37.5,37.4,36.6,31.3,37.7,43.8
2025-01-18 08:00:00,965.3,1020.5,13.1,8.3,72.0,0.6,350.0,1.5,330.0,0.0,0.2,0.24,,13.0,13.1,13.3,14.2,16.5,19.5,24.1,31.8,38.4,40.4,36.7,33.8,37.5,37.4,36.6,31.3,37.6,43.8
2025-01-18 09:00:00,965.6,1020.4,15.7,8.3,61.0,1.5,60.0,2.7,50.0,0.0,1.0,0.85,,14.6,13.5,13.4,14.2,16.5,19.5,24.1,31.8,38.4,40.3,36.7,33.8,37.6,37.4,36.6,31.3,37.6,43.7
2025-01-18 10:00:00,965.6,1020.1,17.1,7.4,52.0,0.9,350.0,2.4,60.0,0.0,1.0,1.17,,18.2,14.5,13.7,14.3,16.5,19.5,24.1,31.8,38.4,40.3,36.7,33.8,37.5,37.4,36.6,31.3,37.6,43.7
2025-01-18 11:00:00,965.3,1019.6,18.2,8.1,51.0,1.1,10.0,3.4,340.0,0.0,1.0,1.42,,20.3,15.3,14.2,14.4,16.5,19.5,24.3,31.9,38.4,40.3,36.7,33.8,37.5,37.4,36.6,31.3,37.6,43.7
2025-01-18 12:00:00,964.5,1018.5,19.7,9.4,51.0,1.1,360.0,2.6,40.0,0.0,1.0,1.79,,23.2,16.3,14.7,14.6,16.5,19.5,24.4,31.9,38.4,40.3,36.7,33.8,37.5,37.4,36.6,31.3,37.6,43.7
2025-01-18 13:00:00,963.7,1017.7,19.3,10.4,56.0,1.9,240.0,4.7,200.0,0.0,1.0,1.55,,21.6,16.6,15.2,14.8,16.4,19.5,24.4,32.0,38.5,40.3,36.7,33.8,37.5,37.4,36.6,31.3,37.6,43.7
2025-01-18 14:00:00,963.1,1017.4,17.3,9.3,59.0,0.9,290.0,4.6,270.0,0.0,1.0,0.68,,19.0,16.3,15.4,15.0,16.4,19.5,24.3,32.0,38.5,40.3,36.7,33.8,37.6,37.4,36.6,31.3,37.6,43.7
2025-01-18 15:00:00,962.6,1017.0,16.7,10.5,66.0,1.4,310.0,3.4,280.0,0.0,0.7,0.48,,18.3,16.2,15.5,15.2,16.4,19.5,24.3,32.0,38.5,40.3,36.7,33.8,37.6,37.4,36.6,31.3,37.6,43.7
2025-01-18 16:00:00,962.6,1017.0,16.5,10.9,69.0,0.8,320.0,2.4,320.0,0.0,0.0,0.34,,17.6,16.1,15.6,15.4,16.4,19.4,24.2,32.1,38.5,40.4,36.7,33.8,37.6,37.4,36.6,31.3,37.6,43.7
2025-01-18 17:00:00,962.8,1017.3,15.8,11.3,74.0,0.8,320.0,2.0,330.0,0.0,0.0,0.18,,16.7,15.9,15.6,15.5,16.4,19.4,24.3,32.1,38.6,40.4,36.7,33.8,37.6,37.4,36.6,31.3,37.6,43.7
2025-01-18 18:00:00,963.1,1017.8,15.1,11.7,80.0,0.6,30.0,2.0,320.0,0.0,0.0,0.02,,15.6,15.6,15.5,15.6,16.4,19.4,24.2,32.1,38.6,40.4,36.7,33.8,37.6,37.4,36.6,31.3,37.6,43.7
2025-01-18 19:00:00,963.5,1018.4,14.5,11.4,81.0,0.6,10.0,1.3,30.0,0.0,0.0,0.0,,14.9,15.4,15.5,15.6,16.4,19.4,24.2,32.1,38.6,40.4,36.7,33.8,37.6,37.5,36.6,31.3,37.7,43.7
2025-01-18 20:00:00,963.9,1018.8,13.9,12.9,93.0,1.1,340.0,2.1,310.0,0.0,0.0,0.0,,14.7,15.2,15.4,15.7,16.5,19.4,24.2,32.1,38.7,40.4,36.7,33.8,37.6,37.5,36.6,31.3,37.7,43.7
2025-01-18 21:00:00,964.0,1019.2,13.3,13.2,99.0,0.7,20.0,2.4,330.0,0.0,0.0,0.0,,14.4,15.1,15.3,15.7,16.5,19.4,24.2,32.1,38.7,40.4,36.7,33.8,37.6,37.5,36.6,31.3,37.7,43.7
2025-01-18 22:00:00,964.4,1019.5,13.1,13.1,99.0,0.9,40.0,2.1,40.0,0.0,0.0,0.0,,14.3,15.0,15.2,15.6,16.5,19.4,24.1,32.1,38.7,40.4,36.7,33.8,37.6,37.5,36.6,31.3,37.7,43.7
2025-01-18 23:00:00,964.0,1019.1,13.1,13.1,99.0,1.0,20.0,2.6,10.0,0.0,0.0,0.0,,14.2,14.9,15.1,15.6,16.5,19.4,24.1,32.0,38.7,40.3,36.7,33.8,37.6,37.4,36.6,31.3,37.7,43.7
2025-01-19 00:00:00,963.5,1018.6,13.2,13.1,99.0,0.9,30.0,2.3,10.0,0.0,0.0,0.0,,14.2,14.9,15.1,15.6,16.6,19.4,,,,,,,,,,,,
2025-01-19 01:00:00,963.3,1018.5,12.8,12.8,99.0,0.9,30.0,3.1,40.0,0.0,0.0,0.0,,13.9,14.8,15.0,15.6,16.6,19.4,24.0,32.0,38.7,40.4,36.7,33.8,37.6,37.4,36.6,31.3,37.7,43.7
2025-01-19 02:00:00,962.9,1018.1,12.7,12.6,99.0,1.5,20.0,2.5,30.0,0.0,0.0,0.0,,13.9,14.7,15.0,15.6,16.6,19.4,24.0,32.0,38.7,40.4,36.8,33.8,37.6,37.5,36.6,31.3,37.7,43.7
2025-01-19 03:00:00,962.4,1017.5,12.6,12.5,99.0,2.5,50.0,4.8,60.0,0.0,0.0,0.0,,13.6,14.6,14.9,15.5,16.6,19.4,24.0,32.0,38.6,40.4,36.7,33.8,37.6,37.4,36.6,31.3,37.7,43.7
2025-01-19 04:00:00,962.5,1017.7,12.6,12.2,97.0,1.0,60.0,2.1,10.0,0.0,0.0,0.0,,13.5,14.5,14.9,15.5,16.6,19.4,24.0,32.0,38.6,40.4,36.7,33.8,37.6,37.4,36.6,31.3,37.7,43.7
2025-01-19 05:00:00,963.0,1018.3,12.0,12.0,99.0,0.4,270.0,1.5,320.0,2.0,0.0,0.0,,13.3,14.4,14.8,15.5,16.6,19.4,24.0,32.0,38.6,40.4,36.7,33.8,37.6,37.5,36.6,31.3,37.6,43.7
2025-01-19 06:00:00,963.0,1018.2,12.1,12.1,99.0,0.7,90.0,2.3,310.0,1.0,0.0,0.0,,13.5,14.4,14.7,15.4,16.6,19.4,24.2,32.0,38.6,40.3,36.7,33.8,37.6,37.5,36.6,31.3,37.6,43.7
2025-01-19 07:00:00,963.0,1018.2,12.4,12.4,99.0,0.4,170.0,2.3,270.0,0.0,0.0,0.0,,13.6,14.4,14.7,15.4,16.7,19.4,24.2,32.0,38.6,40.3,36.7,33.8,37.6,37.5,36.6,31.3,37.6,43.7
2025-01-19 08:00:00,962.8,1018.0,12.7,12.7,99.0,0.8,240.0,3.3,100.0,1.0,0.0,0.14,,14.1,14.5,14.7,15.4,16.7,19.4,24.3,32.0,38.5,40.3,36.7,33.8,37.6,37.5,36.6,31.3,37.6,43.7
2025-01-19 09:00:00,963.3,1018.4,13.5,13.4,99.0,0.7,190.0,4.0,220.0,0.0,0.9,0.49,,15.2,14.8,14.7,15.3,16.7,19.4,24.5,32.0,38.6,40.3,36.7,33.8,37.6,37.5,36.6,31.3,37.6,43.7
2025-01-19 10:00:00,963.3,1018.4,13.6,13.6,99.0,1.4,20.0,3.1,50.0,0.0,0.1,0.36,,15.0,14.9,14.8,15.4,16.7,19.4,24.6,32.0,38.6,40.3,36.7,33.8,37.6,37.5,36.6,31.3,37.6,43.7
2025-01-19 11:00:00,963.0,1017.9,13.9,13.9,99.0,2.0,20.0,4.3,10.0,0.0,1.0,0.72,,15.7,15.1,15.0,15.4,16.7,19.4,24.6,32.0,38.5,40.3,36.7,33.8,37.5,37.5,36.6,31.3,37.6,43.7
2025-01-19 12:00:00,962.0,1016.9,13.8,13.8,99.0,1.8,20.0,4.9,30.0,0.0,1.0,0.62,,15.2,15.1,15.1,15.4,16.7,19.3,24.7,32.0,38.6,40.3,36.7,33.8,37.6,37.5,36.6,31.3,37.6,43.6
2025-01-19 13:00:00,960.8,1015.6,14.5,13.6,93.0,2.0,30.0,4.8,30.0,0.0,1.0,0.86,,16.0,15.4,15.2,15.5,16.7,19.3,24.8,32.1,38.6,40.3,36.7,33.8,37.6,37.5,36.6,31.3,37.6,43.7
2025-01-19 14:00:00,960.2,1014.6,15.7,12.5,81.0,2.0,60.0,4.8,50.0,0.0,1.0,1.36,,17.3,15.7,15.3,15.6,16.7,19.3,24.9,32.0,38.6,40.3,36.7,33.8,37.5,37.5,36.6,31.3,37.6,43.7
2025-01-19 15:00:00,959.6,1013.8,16.8,12.0,73.0,2.2,20.0,4.2,330.0,0.0,1.0,1.77,,18.3,16.2,15.6,15.7,16.7,19.3,25.0,32.1,38.6,40.3,36.7,33.8,37.5,37.5,36.6,31.3,37.6,43.7
2025-01-19 16:00:00,959.3,1013.6,15.9,12.1,78.0,2.1,20.0,4.8,30.0,0.0,1.0,1.4,,17.4,16.2,15.8,15.8,16.7,19.3,24.9,32.1,38.6,40.4,36.7,33.8,37.5,37.5,36.6,31.3,37.6,43.7
2025-01-19 17:00:00,959.6,1014.3,14.3,12.2,87.0,2.4,30.0,4.7,30.0,0.0,0.7,0.62,,15.4,15.9,15.9,15.9,16.7,19.3,24.9,32.1,38.6,40.4,36.7,33.8,37.5,37.5,36.6,31.3,37.6,43.7
2025-01-19 18:00:00,960.2,1015.3,12.4,12.3,99.0,1.4,40.0,4.3,360.0,0.0,0.0,0.06,,13.3,15.3,15.7,16.0,16.7,19.3,25.0,32.1,38.6,40.3,36.7,33.8,37.5,37.5,36.6,31.3,37.6,43.7
2025-01-19 19:00:00,960.6,1015.9,11.5,11.4,99.0,0.0,0.0,3.9,40.0,0.0,0.0,0.0,,12.6,15.0,15.5,16.0,16.7,19.3,25.0,32.1,38.6,40.4,36.8,33.8,37.5,37.5,36.6,31.3,37.6,43.7
2025-01-19 20:00:00,961.0,1016.5,10.7,10.7,99.0,0.9,40.0,1.5,30.0,0.0,0.0,0.0,,11.8,14.6,15.3,16.0,16.7,19.3,25.0,32.1,38.6,40.4,36.8,33.8,37.5,37.5,36.6,31.3,37.6,43.7
2025-01-19 21:00:00,960.9,1016.5,10.0,10.0,99.0,0.0,0.0,1.4,20.0,0.0,0.0,0.0,,11.4,14.2,15.1,15.9,16.8,19.3,24.9,32.1,38.6,40.4,36.8,33.8,37.5,37.5,36.6,31.3,37.6,43.7
2025-01-19 22:00:00,961.1,1016.7,10.1,10.0,99.0,0.8,20.0,1.3,30.0,0.0,0.0,0.0,,10.9,13.9,14.8,15.8,16.8,19.3,24.9,32.0,38.6,40.4,36.8,33.8,37.5,37.5,36.6,31.3,37.6,43.7
2025-01-19 23:00:00,961.2,1016.9,9.8,9.8,99.0,0.9,200.0,1.9,20.0,0.0,0.0,0.0,,11.2,13.8,14.7,15.7,16.8,19.3,24.9,32.0,38.5,40.4,36.8,33.8,37.5,37.5,36.6,31.3,37.6,43.7
2025-01-20 00:00:00,961.0,1016.7,9.5,9.5,99.0,0.0,0.0,1.0,180.0,0.0,0.0,0.0,,10.8,13.6,14.5,15.6,16.8,19.3,,,,,,,,,,,,
2025-01-20 01:00:00,960.8,1016.5,9.7,9.6,99.0,0.0,0.0,1.1,10.0,0.0,0.0,0.0,,11.3,13.6,14.4,15.5,16.8,19.3,24.8,31.9,38.6,40.4,36.8,33.9,37.5,37.5,36.6,31.3,37.6,43.7
2025-01-20 02:00:00,960.4,1016.3,8.4,8.4,99.0,0.0,0.0,0.7,190.0,0.0,0.0,0.0,,10.4,13.3,14.2,15.3,16.8,19.3,24.8,31.9,38.6,40.4,36.8,33.9,37.5,37.5,36.6,31.3,37.6,43.7
2025-01-20 03:00:00,960.1,1016.1,7.7,7.7,99.0,0.0,0.0,0.9,340.0,0.0,0.0,0.0,,9.8,13.0,14.0,15.2,16.8,19.3,24.8,31.9,38.5,40.4,36.8,33.9,37.5,37.5,36.6,31.3,37.6,43.7
2025-01-20 04:00:00,959.9,1015.8,7.9,7.8,99.0,0.0,0.0,0.6,350.0,0.0,0.0,0.0,,9.5,12.8,13.8,15.1,16.8,19.3,24.8,31.9,38.6,40.4,36.8,33.9,37.6,37.5,36.6,31.3,37.6,43.7
2025-01-20 05:00:00,959.9,1016.0,7.3,7.3,99.0,0.0,0.0,0.6,200.0,0.0,0.0,0.0,,9.3,12.6,13.7,15.0,16.8,19.3,24.8,31.9,38.6,40.3,36.8,33.9,37.6,37.5,36.6,31.3,37.6,43.7
2025-01-20 06:00:00,960.1,1016.2,7.6,7.5,99.0,0.0,0.0,1.5,220.0,0.0,0.0,0.0,,9.4,12.5,13.5,14.9,16.8,19.3,24.9,31.9,38.5,40.4,36.8,33.9,37.6,37.5,36.6,31.3,37.6,43.7
2025-01-20 07:00:00,960.4,1016.4,7.9,7.9,99.0,0.5,340.0,0.7,340.0,0.0,0.0,0.01,,9.3,12.4,13.4,14.8,16.8,19.3,24.8,31.9,38.5,40.3,36.8,33.9,37.6,37.5,36.6,31.3,37.6,43.7
2025-01-20 08:00:00,960.6,1015.2,15.2,9.2,67.0,1.9,170.0,3.3,160.0,0.0,0.4,0.58,,11.6,12.7,13.3,14.7,16.8,19.3,24.8,31.9,38.4,40.4,36.8,33.9,37.6,37.5,36.6,31.3,37.6,43.7
2025-01-20 09:00:00,961.3,1015.6,16.7,11.1,69.0,1.3,30.0,3.9,150.0,0.0,1.0,1.27,,14.4,13.4,13.5,14.6,16.8,19.3,24.8,31.8,38.4,40.4,36.8,33.9,37.6,37.5,36.6,31.3,37.6,43.7
2025-01-20 10:00:00,961.5,1015.4,19.1,9.8,55.0,1.2,20.0,3.2,100.0,0.0,1.0,1.98,,19.1,14.6,13.9,14.6,16.8,19.3,25.0,31.9,38.4,40.4,36.8,33.9,37.6,37.5,36.6,31.3,37.6,43.7
2025-01-20 11:00:00,961.1,1014.7,20.2,11.5,57.0,2.9,240.0,5.3,250.0,0.0,1.0,2.51,,21.2,15.9,14.5,14.7,16.8,19.3,25.3,32.1,38.5,40.4,36.8,33.9,37.6,37.5,36.6,31.3,37.6,43.7
2025-01-20 12:00:00,960.6,1014.2,20.0,12.0,60.0,2.3,280.0,6.3,200.0,0.0,1.0,2.96,,30.9,0.0,0.0,0.0,0.0,0.0,25.3,32.0,38.4,40.4,36.8,33.8,37.6,37.5,36.6,31.3,37.6,43.7
2025-01-20 13:00:00,960.0,1013.6,19.6,11.9,61.0,2.4,280.0,5.3,300.0,0.0,1.0,2.61,,29.5,25.5,18.3,16.1,0.0,0.0,25.4,32.1,38.5,40.4,36.8,33.8,37.6,37.5,36.6,31.3,37.6,43.7
2025-01-20 14:00:00,959.6,1013.3,19.8,11.6,59.0,2.3,20.0,5.1,300.0,0.0,1.0,1.54,,22.3,18.0,16.5,15.6,16.7,19.3,25.4,32.2,38.5,40.4,36.8,33.8,37.6,37.5,36.6,31.3,37.6,43.7
2025-01-20 15:00:00,959.6,1013.1,20.4,10.7,53.0,2.6,50.0,6.0,50.0,0.0,1.0,1.69,,22.0,17.8,16.7,16.0,16.7,19.3,25.3,32.2,38.6,40.4,36.7,33.8,37.6,37.5,36.6,31.3,37.6,43.7
2025-01-20 16:00:00,959.8,1013.5,19.0,10.5,58.0,2.4,10.0,4.3,40.0,0.0,1.0,1.46,,20.8,17.8,16.8,16.2,16.7,19.3,25.3,32.2,38.7,40.4,36.8,33.8,37.5,37.5,36.6,31.3,37.6,43.7
2025-01-20 17:00:00,960.3,1014.4,17.3,10.1,62.0,1.7,10.0,4.9,30.0,0.0,0.7,0.61,,18.1,17.2,16.8,16.4,16.7,19.3,25.3,32.2,38.6,40.4,36.8,33.8,37.5,37.5,36.6,31.3,37.6,43.7
2025-01-20 18:00:00,961.2,1015.9,14.5,9.4,71.0,1.2,20.0,3.0,30.0,0.0,0.0,0.06,,14.9,16.3,16.6,16.5,16.7,19.3,25.2,32.2,38.6,40.4,36.8,33.8,37.5,37.5,36.6,31.3,37.6,43.7
2025-01-20 19:00:00,962.0,1017.1,12.8,9.0,78.0,0.8,40.0,2.8,20.0,0.0,0.0,0.0,,13.4,15.7,16.2,16.5,16.7,19.3,25.1,32.1,38.6,40.4,36.8,33.8,37.5,37.5,36.6,31.3,37.6,43.7
2025-01-20 20:00:00,962.3,1017.8,11.1,9.6,90.0,0.0,0.0,1.1,10.0,0.0,0.0,0.0,,12.3,15.1,15.9,16.4,16.7,19.3,25.1,32.1,38.6,40.4,36.7,33.8,37.5,37.5,36.6,31.3,37.6,43.7
2025-01-20 21:00:00,962.4,1018.0,10.6,9.4,92.0,0.6,60.0,0.9,70.0,0.0,0.0,0.0,,11.6,14.7,15.6,16.3,16.8,19.3,25.1,32.1,38.6,40.5,36.8,33.8,37.5,37.5,36.6,31.3,37.6,43.7
2025-01-20 22:00:00,962.4,1018.1,9.8,9.7,99.0,0.7,350.0,1.3,40.0,0.0,0.0,0.0,,11.2,14.3,15.3,16.2,16.8,19.3,25.1,32.1,38.6,40.4,36.8,33.8,37.6,37.5,36.6,31.3,37.6,43.7
2025-01-20 23:00:00,963.0,1018.8,9.5,9.5,99.0,0.5,20.0,1.2,330.0,0.0,0.0,0.0,,10.9,14.0,15.0,16.0,16.8,19.3,25.0,32.2,38.6,40.4,36.8,33.8,37.5,37.5,36.6,31.3,37.6,43.6
2025-01-21 00:00:00,962.5,1018.3,9.5,9.4,99.0,0.4,170.0,0.6,160.0,0.0,0.0,0.0,,10.9,13.9,14.8,15.9,16.8,19.3,,,,,,,,,,,,
2025-01-21 01:00:00,962.6,1018.5,8.7,8.6,99.0,0.0,0.0,0.9,160.0,0.0,0.0,0.0,,10.3,13.6,14.6,15.7,16.9,19.3,24.9,32.1,38.6,40.4,36.8,33.9,37.5,37.5,36.6,31.3,37.6,43.6
2025-01-21 02:00:00,962.4,1018.3,9.0,8.9,99.0,0.0,0.0,1.2,320.0,0.0,0.0,0.0,,10.2,13.4,14.4,15.6,16.9,19.3,24.8,32.1,38.6,40.4,36.8,33.9,37.5,37.5,36.6,31.3,37.6,43.6
2025-01-21 03:00:00,962.6,1018.5,8.8,8.8,99.0,0.0,0.0,1.3,110.0,0.0,0.0,0.0,,10.1,13.2,14.2,15.5,16.9,19.3,24.8,32.0,38.6,40.4,36.8,33.9,37.5,37.5,36.6,31.3,37.6,43.6
2025-01-21 04:00:00,962.7,1018.8,8.4,8.4,99.0,0.0,0.0,0.9,280.0,0.0,0.0,0.0,,9.8,13.0,14.1,15.3,16.9,19.3,24.8,32.0,38.6,40.5,36.8,33.9,37.6,37.5,36.6,31.3,37.6,43.6
2025-01-21 05:00:00,962.6,1018.7,8.0,8.0,99.0,0.0,0.0,0.9,320.0,0.0,0.0,0.0,,9.6,12.8,13.9,15.2,16.9,19.2,24.8,32.0,38.6,40.5,36.8,33.9,37.6,37.5,36.6,31.2,37.6,43.6
2025-01-21 06:00:00,962.8,1019.0,8.0,8.0,99.0,0.8,70.0,1.2,60.0,0.0,0.0,0.0,,9.2,12.6,13.7,15.1,16.9,19.2,24.8,32.0,38.5,40.4,36.8,33.9,37.6,37.5,36.6,31.2,37.6,43.6
2025-01-21 07:00:00,963.0,1019.1,7.8,7.7,99.0,0.0,0.0,0.9,270.0,0.0,0.0,0.01,,9.0,12.4,13.6,15.0,16.9,19.2,24.7,31.9,38.5,40.4,36.8,33.9,37.6,37.5,36.6,31.3,37.6,43.6
2025-01-21 08:00:00,963.1,1018.5,11.9,8.8,81.0,0.0,0.0,0.9,280.0,0.0,0.5,0.44,,10.3,12.6,13.5,14.8,16.9,19.2,24.7,31.9,38.5,40.4,36.8,33.9,37.6,37.5,36.6,31.2,37.6,43.6
2025-01-21 09:00:00,963.4,1017.8,16.9,8.8,58.0,0.9,10.0,1.4,70.0,0.0,1.0,1.25,,13.8,13.2,13.5,14.7,16.9,19.2,24.8,32.0,38.5,40.4,36.8,33.9,37.6,37.5,36.6,31.2,37.6,43.6
2025-01-21 10:00:00,963.6,1017.5,19.3,6.2,42.0,1.2,10.0,2.3,330.0,0.0,1.0,1.99,,19.6,14.8,13.9,14.7,16.8,19.3,24.9,32.0,38.5,40.4,36.8,33.9,37.6,37.5,36.6,31.2,37.6,43.6
2025-01-21 11:00:00,963.2,1016.9,20.6,8.2,44.0,0.8,270.0,3.5,220.0,0.0,1.0,2.5,,21.9,16.0,14.6,14.8,16.8,19.2,25.1,32.0,38.4,40.5,36.8,33.9,37.6,37.5,36.6,31.2,37.6,43.6
2025-01-21 12:00:00,962.3,1015.7,21.9,9.5,45.0,1.4,50.0,3.8,330.0,0.0,1.0,2.8,,32.2,0.0,0.0,0.0,0.0,0.0,25.2,32.1,38.5,40.4,36.8,33.9,37.6,37.5,36.6,31.2,37.6,43.6
2025-01-21 13:00:00,961.3,1014.6,21.9,9.4,44.0,1.5,310.0,4.8,350.0,0.0,1.0,2.75,,0.0,0.0,0.0,0.0,0.0,0.0,25.3,32.2,38.5,40.4,36.8,33.9,37.6,37.5,36.6,31.2,37.6,43.6
2025-01-21 14:00:00,960.8,1014.2,21.7,10.1,47.0,2.5,310.0,5.0,330.0,0.0,1.0,2.52,,30.0,0.0,0.0,0.0,0.0,0.0,25.3,32.2,38.6,40.4,36.8,33.9,37.6,37.5,36.6,31.2,37.6,43.6
2025-01-21 15:00:00,960.6,1014.1,20.8,10.6,52.0,2.8,300.0,5.9,320.0,0.0,1.0,2.01,,23.5,18.6,17.1,16.1,16.7,19.2,25.2,32.3,38.6,40.4,36.8,33.9,37.6,37.5,36.6,31.2,37.6,43.6
2025-01-21 16:00:00,961.1,1014.7,20.1,11.3,56.0,2.3,310.0,5.2,310.0,0.0,1.0,1.35,,21.6,18.4,17.3,16.4,16.7,19.2,25.2,32.2,38.6,40.4,36.8,33.9,37.6,37.5,36.6,31.2,37.6,43.6
2025-01-21 17:00:00,961.9,1015.9,18.1,11.0,63.0,0.8,250.0,3.7,290.0,0.0,0.4,0.5,,18.9,17.8,17.2,16.6,16.7,19.2,25.0,32.2,38.6,40.5,36.7,33.9,37.6,37.5,36.6,31.2,37.6,43.6
2025-01-21 18:00:00,962.2,1016.5,16.6,11.8,72.0,0.5,110.0,1.1,220.0,0.0,0.0,0.03,,16.6,17.0,17.0,16.7,16.7,19.2,25.0,32.3,38.6,40.4,36.8,33.8,37.6,37.5,36.6,31.2,37.6,43.6
2025-01-21 19:00:00,962.8,1017.5,14.7,11.6,81.0,0.7,210.0,1.8,250.0,0.0,0.0,0.0,,15.1,16.5,16.8,16.8,16.8,19.2,24.9,32.2,38.6,40.5,36.8,33.9,37.6,37.5,36.6,31.2,37.6,43.6
2025-01-21 20:00:00,963.4,1018.3,14.4,11.1,80.0,0.9,150.0,1.5,190.0,0.0,0.0,0.0,,14.4,16.1,16.5,16.7,16.8,19.2,24.8,32.2,38.6,40.4,36.8,33.9,37.6,37.5,36.6,31.2,37.6,43.6
2025-01-21 21:00:00,963.5,1018.5,13.6,11.8,88.0,0.0,0.0,1.9,110.0,0.0,0.0,0.0,,14.4,15.9,16.3,16.7,16.8,19.2,24.8,32.2,38.6,40.5,36.8,33.9,37.6,37.5,36.6,31.2,37.6,43.6
2025-01-21 22:00:00,963.7,1018.9,12.7,12.4,97.0,0.8,210.0,1.4,220.0,0.0,0.0,0.0,,13.7,15.5,16.0,16.6,16.9,19.2,24.8,32.2,38.6,40.4,36.8,33.9,37.6,37.5,36.6,31.2,37.6,43.6
2025-01-21 23:00:00,963.6,1018.5,14.1,12.2,88.0,0.5,90.0,1.1,210.0,0.0,0.0,0.0,,14.1,15.4,15.9,16.5,16.9,19.2,24.8,32.2,38.6,40.4,36.8,33.9,37.6,37.5,36.6,31.2,37.6,43.6
2025-01-22 00:00:00,963.6,1018.6,13.8,12.7,93.0,0.0,0.0,1.1,120.0,0.0,0.0,0.0,,14.4,15.4,15.8,16.4,16.9,19.2,,,,,,,,,,,,
2025-01-22 01:00:00,963.7,1018.7,13.7,13.4,97.0,0.0,0.0,0.8,50.0,0.0,0.0,0.0,,14.5,15.4,15.7,16.3,16.9,19.2,24.8,32.1,38.6,40.5,36.8,33.9,37.6,37.5,36.6,31.2,37.6,43.6
2025-01-22 02:00:00,963.5,1018.6,13.7,13.2,96.0,0.5,240.0,1.0,240.0,0.0,0.0,0.0,,14.4,15.4,15.6,16.2,17.0,19.2,24.7,32.2,38.5,40.5,36.9,33.9,37.6,37.5,36.6,31.2,37.6,43.6
2025-01-22 03:00:00,963.1,1018.0,14.1,12.3,89.0,0.3,170.0,1.6,160.0,0.0,0.0,0.0,,14.3,15.3,15.6,16.2,17.0,19.2,24.7,32.2,38.6,40.5,36.8,33.9,37.6,37.5,36.6,31.2,37.6,43.6
2025-01-22 04:00:00,962.7,1017.4,15.2,10.8,75.0,1.7,220.0,3.8,180.0,0.0,0.0,0.0,,14.3,15.2,15.5,16.1,17.0,19.2,24.7,32.1,38.5,40.5,36.8,33.9,37.6,37.5,36.6,31.2,37.5,43.6
2025-01-22 05:00:00,963.1,1017.7,15.4,11.1,75.0,1.7,150.0,3.3,230.0,0.0,0.0,0.0,,14.6,15.2,15.4,16.1,17.0,19.2,24.7,32.2,38.6,40.5,36.8,33.9,37.6,37.5,36.6,31.2,37.5,43.6
2025-01-22 06:00:00,963.9,1018.7,14.5,11.8,83.0,0.0,0.0,1.8,320.0,0.0,0.0,0.0,,14.5,15.2,15.4,16.0,17.0,19.2,24.6,32.2,38.6,40.4,36.8,33.9,37.6,37.5,36.6,31.2,37.6,43.6
2025-01-22 07:00:00,964.7,1019.7,14.0,12.8,92.0,0.5,120.0,1.6,270.0,0.0,0.0,0.0,,14.3,15.1,15.4,16.0,17.0,19.2,24.6,32.1,38.6,40.4,36.8,33.9,37.6,37.5,36.6,31.2,37.5,43.6
2025-01-22 08:00:00,964.9,1019.9,14.5,12.9,90.0,0.0,0.0,1.3,160.0,0.0,0.0,0.09,,15.0,15.2,15.4,16.0,17.0,19.2,24.6,32.2,38.6,40.4,36.8,33.9,37.6,37.5,36.6,31.2,37.5,43.6
2025-01-22 09:00:00,965.3,1019.7,17.4,11.5,68.0,1.2,170.0,2.0,170.0,0.0,0.2,0.34,,16.5,15.6,15.4,16.0,17.0,19.2,24.6,32.2,38.6,40.5,36.8,33.9,37.6,37.5,36.6,31.2,37.6,43.6
2025-01-22 10:00:00,965.3,1019.4,19.2,10.9,58.0,1.5,170.0,3.2,170.0,0.0,1.0,0.73,,18.5,16.1,15.6,16.0,17.0,19.2,24.6,32.2,38.6,40.4,36.8,33.9,37.6,37.5,36.6,31.2,37.5,43.6
2025-01-22 11:00:00,964.7,1018.6,20.3,10.7,54.0,1.4,180.0,4.1,150.0,0.0,1.0,1.19,,21.3,16.8,15.9,16.0,17.0,19.2,24.6,32.2,38.6,40.4,36.8,33.9,37.7,37.5,36.6,31.2,37.5,43.6
2025-01-22 12:00:00,964.1,1017.8,20.7,12.3,58.0,1.4,250.0,3.1,230.0,0.0,1.0,1.76,,,,,,,,24.7,32.2,38.6,40.5,36.8,33.9,37.7,37.5,36.6,31.2,37.5,43.6
2025-01-22 13:00:00,963.3,1017.0,20.3,13.1,63.0,2.0,220.0,4.5,210.0,0.0,1.0,1.09,,21.8,17.8,16.7,16.3,17.0,19.2,24.7,32.2,38.6,40.5,36.8,33.9,37.7,37.5,36.6,31.2,37.5,43.6
2025-01-22 14:00:00,962.7,1016.4,20.3,12.5,60.0,1.8,250.0,3.8,220.0,0.0,1.0,1.29,,22.8,18.2,16.9,16.5,17.0,19.2,24.7,32.2,38.6,40.4,36.8,33.9,37.7,37.5,36.6,31.2,37.5,43.6
2025-01-22 15:00:00,962.3,1016.0,20.2,14.3,68.0,1.4,300.0,4.1,290.0,0.0,1.0,1.2,,22.9,18.5,17.2,16.7,17.0,19.2,24.7,32.2,38.6,40.5,36.8,33.9,37.7,37.4,36.6,31.2,37.5,43.6
2025-01-22 16:00:00,962.4,1016.5,18.1,14.3,78.0,1.8,30.0,3.7,50.0,0.0,0.8,0.62,,19.9,18.2,17.4,16.9,17.0,19.2,24.7,32.2,38.6,40.5,36.8,33.9,37.6,37.4,36.6,31.2,37.5,43.6
2025-01-22 17:00:00,963.0,1017.3,17.3,15.4,88.0,1.1,330.0,2.8,300.0,0.0,0.0,0.24,,18.5,17.8,17.4,17.0,17.1,19.2,24.6,32.2,38.7,40.5,36.8,33.9,37.7,37.4,36.6,31.2,37.5,43.6
2025-01-22 18:00:00,963.7,1018.3,15.8,15.8,99.0,1.1,30.0,2.6,40.0,0.0,0.0,0.02,,17.1,17.4,17.3,17.1,17.1,19.2,24.6,32.2,38.6,40.5,36.9,33.9,37.6,37.4,36.6,31.2,37.5,43.6
2025-01-22 19:00:00,963.9,1018.7,14.9,14.9,99.0,1.1,10.0,2.8,40.0,0.0,0.0,0.0,,16.1,17.0,17.1,17.2,17.1,19.2,24.6,32.2,38.6,40.5,36.9,33.9,37.6,37.4,36.6,31.2,37.5,43.6
2025-01-22 20:00:00,963.9,1018.7,14.8,14.8,99.0,0.0,0.0,1.7,10.0,0.0,0.0,0.0,,16.1,16.8,17.0,17.1,17.1,19.2,24.5,32.2,38.7,40.5,36.9,33.9,37.6,37.4,36.6,31.2,37.5,43.6
2025-01-22 21:00:00,964.3,1019.0,15.1,15.1,99.0,0.4,70.0,1.2,310.0,0.0,0.0,0.0,,16.1,16.7,16.9,17.1,17.1,19.2,24.4,32.2,38.6,40.5,36.9,34.0,37.6,37.4,36.6,31.2,37.5,43.6
2025-01-22 22:00:00,964.4,1019.2,15.0,15.0,99.0,0.3,210.0,2.7,90.0,0.0,0.0,0.0,,16.1,16.7,16.8,17.1,17.2,19.2,24.5,32.2,38.7,40.5,36.9,33.9,37.6,37.4,36.6,31.2,37.5,43.6
2025-01-22 23:00:00,964.3,1019.1,15.0,15.0,99.0,0.4,40.0,1.4,330.0,1.5,0.0,0.0,,15.9,16.5,16.7,17.0,17.2,19.2,24.5,32.2,38.6,40.5,37.0,33.9,37.7,37.4,36.6,31.2,37.5,43.6
2025-01-23 00:00:00,964.3,1019.2,14.5,14.5,99.0,0.9,50.0,1.3,80.0,0.0,0.0,0.0,,15.5,16.4,16.6,17.0,17.2,19.2,,,,,,,,,,,,
2025-01-23 01:00:00,964.4,1019.3,14.7,14.7,99.0,0.0,0.0,1.7,20.0,0.0,0.0,0.0,,15.9,16.4,16.5,17.0,17.3,19.2,24.4,32.1,38.6,40.5,36.9,33.9,37.6,37.4,36.6,31.2,37.5,43.6
2025-01-23 02:00:00,964.3,1019.2,14.2,14.2,99.0,0.3,80.0,3.0,220.0,0.0,0.0,0.0,,15.4,16.2,16.5,16.9,17.3,19.2,24.5,32.1,38.6,40.5,36.9,33.9,37.6,37.4,36.6,31.2,37.5,43.6
2025-01-23 03:00:00,963.7,1018.6,14.5,14.5,99.0,1.6,100.0,2.8,80.0,0.0,0.0,0.0,,15.5,16.2,16.4,16.9,17.3,19.2,,,,,,,,,,,,
2025-01-01 00:00:00,,,,,,,,,,,,,,,,,,,,24.9,32.0,35.8,38.7,35.7,33.3,37.3,37.4,37.0,32.1,38.7,45.0
2025-01-02 00:00:00,,,,,,,,,,,,,,,,,,,,28.3,31.7,35.8,38.7,35.8,33.4,37.3,37.4,36.9,32.0,38.7,44.8
2025-01-03 00:00:00,,,,,,,,,,,,,,,,,,,,32.8,36.6,39.1,38.8,35.9,33.4,37.3,37.4,36.9,32.0,38.6,44.8
2025-01-04 00:00:00,,,,,,,,,,,,,,,,,,,,31.7,36.4,40.4,39.2,35.9,33.4,37.4,37.5,36.8,31.9,38.5,44.6
2025-01-05 00:00:00,,,,,,,,,,,,,,,,,,,,30.9,36.2,40.7,39.6,36.0,33.5,37.3,37.4,36.8,31.8,38.4,44.5
2025-01-06 00:00:00,,,,,,,,,,,,,,,,,,,,30.2,36.0,40.7,39.8,36.1,33.5,37.4,37.4,36.7,31.8,38.3,44.4
2025-01-07 00:00:00,,,,,,,,,,,,,,,,,,,,29.3,35.4,40.6,40.1,36.3,33.5,37.3,37.4,36.7,31.7,38.2,44.4
2025-01-08 00:00:00,,,,,,,,,,,,,,,,,,,,28.3,35.1,40.4,40.2,36.3,33.6,37.4,37.4,36.7,31.7,38.1,44.3
2025-01-09 00:00:00,,,,,,,,,,,,,,,,,,,,27.5,34.7,40.2,40.4,36.4,33.6,37.4,37.4,36.6,31.6,38.1,44.2
2025-01-10 00:00:00,,,,,,,,,,,,,,,,,,,,26.5,34.2,40.0,40.4,36.6,33.7,37.4,37.4,36.6,31.6,38.1,44.2
2025-01-11 00:00:00,,,,,,,,,,,,,,,,,,,,25.4,33.8,39.7,40.4,36.6,33.7,37.4,37.4,36.7,31.5,38.0,44.1
2025-01-12 00:00:00,,,,,,,,,,,,,,,,,,,,24.8,33.5,39.6,40.4,36.6,33.8,37.5,37.4,36.6,31.5,37.9,44.1
2025-01-13 00:00:00,,,,,,,,,,,,,,,,,,,,23.8,33.0,39.3,40.4,36.7,33.8,37.5,37.4,36.6,31.4,37.9,44.1
2025-01-14 00:00:00,,,,,,,,,,,,,,,,,,,,23.4,32.7,39.2,40.4,36.7,33.8,37.5,37.4,36.6,31.4,37.8,43.9
2025-01-15 00:00:00,,,,,,,,,,,,,,,,,,,,23.0,32.3,39.0,40.4,36.8,33.8,37.5,37.3,36.6,31.4,37.8,43.9
2025-01-16 00:00:00,,,,,,,,,,,,,,,,,,,,23.8,32.0,38.8,40.3,36.8,33.9,37.5,37.4,36.6,31.4,37.8,43.9
2025-01-17 00:00:00,,,,,,,,,,,,,,,,,,,,24.1,31.9,38.5,40.4,36.7,33.8,37.5,37.5,36.6,31.3,37.7,43.8
2025-01-18 00:00:00,,,,,,,,,,,,,,,,,,,,24.1,31.9,38.6,40.4,36.7,33.8,37.5,37.4,36.6,31.4,37.7,43.8
2025-01-19 00:00:00,,,,,,,,,,,,,,,,,,,,24.1,32.1,38.7,40.3,36.7,33.8,37.6,37.4,36.6,31.3,37.7,43.7
2025-01-20 00:00:00,,,,,,,,,,,,,,,,,,,,24.8,32.0,38.6,40.4,36.8,33.9,37.5,37.5,36.6,31.3,37.6,43.7
2025-01-21 00:00:00,,,,,,,,,,,,,,,,,,,,25.0,32.1,38.6,40.4,36.8,33.9,37.5,37.5,36.6,31.3,37.6,43.6
2025-01-22 00:00:00,,,,,,,,,,,,,,,,,,,,24.8,32.2,38.5,40.5,36.8,33.9,37.6,37.5,36.6,31.2,37.6,43.6
2025-01-23 00:00:00,,,,,,,,,,,,,,,,,,,,24.5,32.2,38.6,40.4,37.0,33.9,37.7,37.4,36.6,31.2,37.5,43.6
