,StnPres,StnPresMax,StnPresMaxTime,StnPresMin,StnPresMinTime,Tx,TxMaxAbs,TxMaxAbsTime,TxMinAbs,TxMinAbsTime,RH,RHMin,RHMinTime,WS,WD,WSGust,WDGust,WGustTime,Precp,SunShine,GloblRad,TxSoil0cm,TxSoil5cm,TxSoil10cm,TxSoil20cm,TxSoil50cm,TxSoil100cm,AirTemperature.MaximumTimef,AirTemperature.Maximumf,AirTemperature.Meanf,AirTemperature.MinimumTimef,AirTemperature.Minimumf,GlobalSolarRadiation.Accumulationf,GlobalSolarRadiation.HourlyMaximumTimef,GlobalSolarRadiation.HourlyMaximumf,GloblRadMax,GloblRadMaxTime,PeakGust.Directionf,PeakGust.MaximumTimef,PeakGust.Maximumf,Precipitation.Accumulationf,Precipitation.DailyMaximum,Precipitation.DailyMaximumDate,Precipitation.DailyMaximumDatef,Precipitation.DailyMaximumFlag,Precipitation.DailyMaximumFlagf,Precipitation.DailyMaximumf,Precipitation.Flag,Precipitation.Flagf,Precipitation.HourlyMaximum,Precipitation.HourlyMaximumFlag,Precipitation.HourlyMaximumFlagf,Precipitation.HourlyMaximumTime,Precipitation.HourlyMaximumTimef,Precipitation.HourlyMaximumf,Precipitation.MeltFlag,Precipitation.MeltFlagf,Precipitation.PrecipitationDays,Precipitation.PrecipitationDaysFlag,Precipitation.PrecipitationDaysFlagf,Precipitation.PrecipitationDaysf,RelativeHumidity.Maximum,RelativeHumidity.MaximumTime,RelativeHumidity.MaximumTimef,RelativeHumidity.Maximumf,RelativeHumidity.Meanf,RelativeHumidity.MinimumTimef,RelativeHumidity.Minimumf,SoilTemperatureAt0cm.Maximum,SoilTemperatureAt0cm.MaximumTime,SoilTemperatureAt0cm.MaximumTimef,SoilTemperatureAt0cm.Maximumf,SoilTemperatureAt0cm.Meanf,SoilTemperatureAt0cm.Minimum,SoilTemperatureAt0cm.MinimumTime,SoilTemperatureAt0cm.MinimumTimef,SoilTemperatureAt0cm.Minimumf,SoilTemperatureAt100cm.Maximum,SoilTemperatureAt100cm.MaximumTime,SoilTemperatureAt100cm.MaximumTimef,SoilTemperatureAt100cm.Maximumf,SoilTemperatureAt100cm.Meanf,SoilTemperatureAt100cm.Minimum,SoilTemperatureAt100cm.MinimumTime,SoilTemperatureAt100cm.MinimumTimef,SoilTemperatureAt100cm.Minimumf,SoilTemperatureAt10cm.Maximum,SoilTemperatureAt10cm.MaximumTime,SoilTemperatureAt10cm.MaximumTimef,SoilTemperatureAt10cm.Maximumf,SoilTemperatureAt10cm.Meanf,SoilTemperatureAt10cm.Minimum,SoilTemperatureAt10cm.MinimumTime,SoilTemperatureAt10cm.MinimumTimef,SoilTemperatureAt10cm.Minimumf,SoilTemperatureAt20cm.Maximum,SoilTemperatureAt20cm.MaximumTime,SoilTemperatureAt20cm.MaximumTimef,SoilTemperatureAt20cm.Maximumf,SoilTemperatureAt20cm.Meanf,SoilTemperatureAt20cm.Minimum,SoilTemperatureAt20cm.MinimumTime,SoilTemperatureAt20cm.MinimumTimef,SoilTemperatureAt20cm.Minimumf,SoilTemperatureAt50cm.Maximum,SoilTemperatureAt50cm.MaximumTime,SoilTemperatureAt50cm.MaximumTimef,SoilTemperatureAt50cm.Maximumf,SoilTemperatureAt50cm.Meanf,SoilTemperatureAt50cm.Minimum,SoilTemperatureAt50cm.MinimumTime,SoilTemperatureAt50cm.MinimumTimef,SoilTemperatureAt50cm.Minimumf,SoilTemperatureAt5cm.Maximum,SoilTemperatureAt5cm.MaximumTime,SoilTemperatureAt5cm.MaximumTimef,SoilTemperatureAt5cm.Maximumf,SoilTemperatureAt5cm.Meanf,SoilTemperatureAt5cm.Minimum,SoilTemperatureAt5cm.MinimumTime,SoilTemperatureAt5cm.MinimumTimef,SoilTemperatureAt5cm.Minimumf,StationPressure.MaximumTimef,StationPressure.Maximumf,StationPressure.Meanf,StationPressure.MinimumTimef,StationPressure.Minimumf,SunshineDuration.Flag,SunshineDuration.Flagf,SunshineDuration.Totalf,WindDirection.Prevailingf,WindSpeed.Flag,WindSpeed.Flagf,WindSpeed.Meanf
2026-01-01,-99.8,-99.8,-99.8,-99.8,-99.8,-99.8,-99.8,-99.8,-99.8,-99.8,-99.8,-99.8,-99.8,-99.8,-99.8,-99.8,-99.8,-99.8,4.5,-99.8,-99.8,-99.8,-99.8,-99.8,-99.8,-99.8,-99.8,,,,,,,,,,,,,,,,,,,,,,,,,,,,,,,,,,,,,,,,,,,,,,,,,,,,,,,,,,,,,,,,,,,,,,,,,,,,,,,,,,,,,,,,,,,,,,,,,,,,,,,,,,,
2026-02-01,,,,,,,,,,,,,,,,,,,24.5,,,,,,,,,,,,,,,,,,,,,,,10.0,2026-02-28T00:00:00,,1,,,1,,2.0,1,,2026-02-02T02:00:00,,,0,,5,1,,,,,,,,,,,,,,,,,,,,,,,,,,,,,,,,,,,,,,,,,,,,,,,,,,,,,,,,,,,,,,,,,,,,,1,,,,1,,
2026-03-01,,,,,,,,,,,,,,,,,,,82.0,,,,,,,,,,,,,,,,,,,,,,,26.5,2026-03-03T00:00:00,,1,,,1,,6.5,1,,2026-03-04T03:00:00,,,0,,11,1,,,,,,,,,,,,,,,,,,,,,,,,,,,,,,,,,,,,,,,,,,,,,,,,,,,,,,,,,,,,,,,,,,,,,1,,,,1,,
2026-04-01,,,,,,,,,,,,,,,,,,,384.5,,,,,,,,,,,,,,,,,,,,,,,133.5,2026-04-04T00:00:00,,1,,,1,,18,1,,2026-04-04T04:00:00,,,0,,13,1,,,,,,,,,,,,,,,,,,,,,,,,,,,,,,,,,,,,,,,,,,,,,,,,,,,,,,,,,,,,,,,,,,,,,1,,,,1,,
2026-05-01,,,,,,,,,,,,,,,,,,,142.5,,,,,,,,,,,744,,,744,744,744,,,744,744,744,43,63.5,2026-05-05T00:00:00,43,1,,43,1,,8,1,,2026-05-05T17:00:00,43,43,0,,14,1,,43,,,,,744,,,,,,,744,,,,,,,,,744,,,,,,,,,744,,,,,,,,,744,,,,,,,,,744,,,,,,,,,744,,,,,,744,744,,744,1,,744,744,1,,744
2026-06-01,,,,,,,,,,,,,,,,,,,397.0,,,,,,,,,,,720,,,720,720,720,,,720,720,720,292,107.5,2026-06-09T00:00:00,292,1,,292,1,,20,1,,2026-06-11T12:00:00,292,292,0,,13,1,,292,,,,,720,,,,,,,720,,,,,,,,,720,,,,,,,,,720,,,,,,,,,720,,,,,,,,,720,,,,,,,,,720,,,,,,720,720,,720,1,,720,720,1,,720
2026-07-01,,,,,,,,,,,,,,,,,,,227,,,,,,,,,,,744,,,744,744,744,,,744,744,744,17,115.5,2026-07-11T00:00:00,17,1,,17,1,,18,1,,2026-07-19T20:00:00,17,17,0,,16,1,,17,,,,,744,,,,,,,744,,,,,,,,,744,,,,,,,,,744,,,,,,,,,744,,,,,,,,,744,,,,,,,,,744,,,,,,744,744,,744,1,,744,744,1,,744
2026-08-01,,,,,,,,,,,,,,,,,,,373.5,,,,,,,,,,,744,,,744,744,744,,,744,744,744,49,80,2026-08-22T00:00:00,49,1,,49,1,,22,1,,2026-08-24T18:00:00,49,49,0,,20,1,,49,,,,,744,,,,,,,744,,,,,,,,,744,,,,,,,,,744,,,,,,,,,744,,,,,,,,,744,,,,,,,,,744,,,,,,744,744,,744,1,,744,744,1,,744
2026-12-01,-99.8,-99.8,-99.8,-99.8,-99.8,-99.8,-99.8,-99.8,-99.8,-99.8,-99.8,-99.8,-99.8,-99.8,-99.8,-99.8,-99.8,-99.8,-99.8,-99.8,-99.8,-99.8,-99.8,-99.8,-99.8,-99.8,-99.8,,,,,,,,,,,,,,,,,,,,,,,,,,,,,,,,,,,,,,,,,,,,,,,,,,,,,,,,,,,,,,,,,,,,,,,,,,,,,,,,,,,,,,,,,,,,,,,,,,,,,,,,,,,
